/*******************************************************************************
 * Size: 14 px
 * Bpp: 4
 * Opts: --font fonts/NotoSansSC-Regular.ttf --size 14 --bpp 4 --format lvgl --range 0x20-0x7e --symbols ±·θ…、。一上下不与中串为主举于交仅仍令以仪件份会但体作使供保信修值偏停元先入关具内准出击切列初判别到制刷前副力功动化参发取变口号同名后启命和响器回围固在地均型基声备复外大失好如始存完定容将小尚就差已常平并序应度建开式当录待态息成或择持按换据接控推描提摸操支收改效数整文断新无时明显暂更替最有未本机条来板构枚果查格检模次止正此步比求法流测消清源满点版状率用由电界的知码硬确示禁程稳空立符等简算系结统继绪续置考联能自致范表要规触言计认记设识试话询语误说请读调败超跟路身较近返进连述退送选通速配采重量锁错闭间队随隔集零需非面页频额默（），：； --no-compress --lv-include lvgl.h -o fonts/panel_cjk_14.c
 ******************************************************************************/

#ifdef LV_LVGL_H_INCLUDE_SIMPLE
#include "lvgl.h"
#else
#include "lvgl.h"
#endif

#ifndef PANEL_CJK_14
#define PANEL_CJK_14 1
#endif

#if PANEL_CJK_14

/*-----------------
 *    BITMAPS
 *----------------*/

/*Store the image of the glyphs*/
static LV_ATTRIBUTE_LARGE_CONST const uint8_t glyph_bitmap[] = {
    /* U+0020 " " */

    /* U+0021 "!" */
    0x6f, 0x5, 0xf0, 0x5f, 0x4, 0xf0, 0x4e, 0x3,
    0xe0, 0x3d, 0x1, 0x60, 0x1, 0x8, 0xf3, 0x7f,
    0x20,

    /* U+0022 "\"" */
    0xbc, 0xd, 0xab, 0xb0, 0xca, 0x9a, 0xb, 0x88,
    0x80, 0x96, 0x22, 0x2, 0x10,

    /* U+0023 "#" */
    0x0, 0x68, 0x7, 0x70, 0x0, 0x86, 0x9, 0x50,
    0x0, 0xa4, 0xb, 0x30, 0x2f, 0xff, 0xff, 0xf6,
    0x0, 0xd1, 0xe, 0x0, 0x0, 0xe0, 0xe, 0x0,
    0x0, 0xd0, 0x2c, 0x0, 0x7f, 0xff, 0xff, 0xf1,
    0x4, 0xa0, 0x59, 0x0, 0x6, 0x80, 0x77, 0x0,
    0x8, 0x60, 0x95, 0x0,

    /* U+0024 "$" */
    0x0, 0x8, 0x80, 0x0, 0x9, 0xff, 0xb1, 0x7,
    0xf5, 0x4b, 0x70, 0xc9, 0x0, 0x0, 0xb, 0xc0,
    0x0, 0x0, 0x4f, 0xc3, 0x0, 0x0, 0x3d, 0xfa,
    0x0, 0x0, 0x7, 0xf8, 0x0, 0x0, 0x9, 0xe0,
    0x10, 0x0, 0x8e, 0xe, 0x94, 0x5e, 0x90, 0x4b,
    0xff, 0x90, 0x0, 0x8, 0x80, 0x0, 0x0, 0x44,
    0x0,

    /* U+0025 "%" */
    0x6, 0xed, 0x40, 0x0, 0x68, 0x0, 0x2, 0xe1,
    0x3e, 0x0, 0xd, 0x10, 0x0, 0x6a, 0x0, 0xe3,
    0x6, 0x80, 0x0, 0x7, 0x90, 0xd, 0x40, 0xd1,
    0x0, 0x0, 0x6a, 0x0, 0xe3, 0x77, 0x3d, 0xd6,
    0x1, 0xe1, 0x4e, 0x1d, 0xd, 0x41, 0xe2, 0x5,
    0xdd, 0x37, 0x72, 0xe0, 0xa, 0x60, 0x0, 0x1,
    0xd0, 0x3d, 0x0, 0x97, 0x0, 0x0, 0x86, 0x2,
    0xe0, 0xa, 0x60, 0x0, 0x1d, 0x0, 0xe, 0x41,
    0xe2, 0x0, 0x8, 0x60, 0x0, 0x4d, 0xe7, 0x0,

    /* U+0026 "&" */
    0x0, 0x4d, 0xf9, 0x0, 0x0, 0x0, 0xe6, 0x1e,
    0x40, 0x0, 0x2, 0xf1, 0xe, 0x50, 0x0, 0x0,
    0xf3, 0x7e, 0x0, 0x0, 0x0, 0xbe, 0xd2, 0x0,
    0x0, 0x4, 0xef, 0x50, 0x2, 0xf2, 0x1f, 0x99,
    0xe1, 0x8, 0xd0, 0x7f, 0x0, 0xcd, 0x3f, 0x50,
    0x7f, 0x0, 0xc, 0xfc, 0x0, 0x2f, 0xa3, 0x4c,
    0xff, 0xa2, 0x4, 0xcf, 0xe9, 0x15, 0xc3,

    /* U+0027 "'" */
    0xbc, 0xbb, 0x9a, 0x88, 0x22,

    /* U+0028 "(" */
    0x0, 0x80, 0x5, 0xc0, 0xc, 0x50, 0x2f, 0x0,
    0x6c, 0x0, 0x99, 0x0, 0xb8, 0x0, 0xb7, 0x0,
    0xb8, 0x0, 0x99, 0x0, 0x6c, 0x0, 0x2f, 0x0,
    0xc, 0x50, 0x5, 0xc0, 0x0, 0xa1,

    /* U+0029 ")" */
    0x27, 0x0, 0xe, 0x30, 0x8, 0xa0, 0x2, 0xf0,
    0x0, 0xe4, 0x0, 0xc7, 0x0, 0xa8, 0x0, 0x99,
    0x0, 0xa8, 0x0, 0xb7, 0x0, 0xe4, 0x2, 0xf0,
    0x7, 0xa0, 0xe, 0x30, 0x29, 0x0,

    /* U+002A "*" */
    0x0, 0x2c, 0x0, 0x8, 0x7e, 0x65, 0x7, 0xef,
    0xc3, 0x0, 0xec, 0xa0, 0x3, 0x70, 0x90,

    /* U+002B "+" */
    0x0, 0x3, 0x20, 0x0, 0x0, 0xa, 0x80, 0x0,
    0x0, 0xa, 0x80, 0x0, 0x0, 0xa, 0x80, 0x0,
    0x7f, 0xff, 0xff, 0xf5, 0x12, 0x2a, 0x92, 0x20,
    0x0, 0xa, 0x80, 0x0, 0x0, 0xa, 0x80, 0x0,

    /* U+002C "," */
    0xb, 0xd0, 0xc, 0xf3, 0x0, 0xe2, 0x9, 0xb0,
    0x18, 0x0,

    /* U+002D "-" */
    0x5f, 0xff, 0x40, 0x22, 0x20,

    /* U+002E "." */
    0x0, 0xd, 0xe0, 0xcc, 0x0,

    /* U+002F "/" */
    0x0, 0x0, 0xe1, 0x0, 0x3, 0xc0, 0x0, 0x8,
    0x80, 0x0, 0xc, 0x30, 0x0, 0x1e, 0x0, 0x0,
    0x6a, 0x0, 0x0, 0xa5, 0x0, 0x0, 0xe1, 0x0,
    0x3, 0xc0, 0x0, 0x8, 0x70, 0x0, 0xd, 0x30,
    0x0, 0x1e, 0x0, 0x0, 0x69, 0x0, 0x0, 0xb5,
    0x0, 0x0,

    /* U+0030 "0" */
    0x0, 0x9f, 0xe7, 0x0, 0x7, 0xe4, 0x5f, 0x50,
    0xe, 0x70, 0x9, 0xd0, 0x2f, 0x30, 0x5, 0xf0,
    0x4f, 0x10, 0x3, 0xf2, 0x5f, 0x10, 0x3, 0xf3,
    0x4f, 0x10, 0x3, 0xf2, 0x2f, 0x30, 0x5, 0xf0,
    0xe, 0x70, 0x9, 0xc0, 0x7, 0xf4, 0x5f, 0x50,
    0x0, 0x8f, 0xe7, 0x0,

    /* U+0031 "1" */
    0x16, 0xcf, 0x0, 0x4d, 0xef, 0x0, 0x0, 0x8f,
    0x0, 0x0, 0x8f, 0x0, 0x0, 0x8f, 0x0, 0x0,
    0x8f, 0x0, 0x0, 0x8f, 0x0, 0x0, 0x8f, 0x0,
    0x0, 0x8f, 0x0, 0x23, 0x9f, 0x33, 0xcf, 0xff,
    0xff,

    /* U+0032 "2" */
    0x4, 0xdf, 0xe6, 0x0, 0x3f, 0x73, 0x8f, 0x40,
    0x2, 0x0, 0xd, 0x90, 0x0, 0x0, 0xc, 0xa0,
    0x0, 0x0, 0xf, 0x70, 0x0, 0x0, 0x6f, 0x20,
    0x0, 0x1, 0xf8, 0x0, 0x0, 0xc, 0xd0, 0x0,
    0x0, 0xbe, 0x10, 0x0, 0xb, 0xf6, 0x44, 0x40,
    0x6f, 0xff, 0xff, 0xf2,

    /* U+0033 "3" */
    0x4, 0xcf, 0xe8, 0x0, 0x1e, 0x83, 0x7f, 0x70,
    0x1, 0x0, 0xc, 0xb0, 0x0, 0x0, 0xd, 0xa0,
    0x0, 0x0, 0x7f, 0x40, 0x0, 0x7f, 0xf6, 0x0,
    0x0, 0x13, 0x7f, 0x70, 0x0, 0x0, 0x7, 0xf0,
    0x1, 0x0, 0x7, 0xf0, 0x5e, 0x63, 0x6e, 0xb0,
    0x6, 0xdf, 0xe9, 0x0,

    /* U+0034 "4" */
    0x0, 0x0, 0xdf, 0x10, 0x0, 0x6, 0xff, 0x10,
    0x0, 0x1e, 0x9f, 0x10, 0x0, 0x9d, 0x4f, 0x10,
    0x2, 0xf4, 0x4f, 0x10, 0xb, 0xa0, 0x4f, 0x10,
    0x5f, 0x10, 0x4f, 0x10, 0xbf, 0xff, 0xff, 0xf7,
    0x22, 0x22, 0x6f, 0x41, 0x0, 0x0, 0x4f, 0x10,
    0x0, 0x0, 0x4f, 0x10,

    /* U+0035 "5" */
    0x8, 0xff, 0xff, 0xa0, 0x9, 0xd4, 0x44, 0x20,
    0xa, 0xa0, 0x0, 0x0, 0xb, 0x90, 0x0, 0x0,
    0xc, 0xde, 0xe9, 0x0, 0x6, 0x62, 0x5f, 0xa0,
    0x0, 0x0, 0x8, 0xf0, 0x0, 0x0, 0x5, 0xf1,
    0x1, 0x0, 0x9, 0xf0, 0x6e, 0x63, 0x7f, 0x80,
    0x6, 0xdf, 0xe7, 0x0,

    /* U+0036 "6" */
    0x0, 0x4c, 0xfe, 0x60, 0x3, 0xf9, 0x36, 0xa0,
    0xb, 0xb0, 0x0, 0x0, 0xf, 0x50, 0x0, 0x0,
    0x2f, 0x5b, 0xeb, 0x20, 0x3f, 0xd4, 0x2c, 0xd0,
    0x3f, 0x40, 0x3, 0xf3, 0x1f, 0x40, 0x1, 0xf4,
    0xd, 0x80, 0x4, 0xf2, 0x5, 0xf5, 0x3c, 0xb0,
    0x0, 0x6e, 0xfa, 0x10,

    /* U+0037 "7" */
    0x5f, 0xff, 0xff, 0xf3, 0x14, 0x44, 0x4b, 0xc0,
    0x0, 0x0, 0x2f, 0x20, 0x0, 0x0, 0xaa, 0x0,
    0x0, 0x1, 0xf3, 0x0, 0x0, 0x7, 0xe0, 0x0,
    0x0, 0xb, 0xa0, 0x0, 0x0, 0xe, 0x80, 0x0,
    0x0, 0x1f, 0x60, 0x0, 0x0, 0x2f, 0x40, 0x0,
    0x0, 0x3f, 0x40, 0x0,

    /* U+0038 "8" */
    0x0, 0x9f, 0xf9, 0x0, 0x9, 0xd2, 0x3d, 0x80,
    0xd, 0x70, 0x6, 0xd0, 0xb, 0xa0, 0x7, 0xb0,
    0x3, 0xfa, 0x4e, 0x40, 0x1, 0xcd, 0xfc, 0x0,
    0xd, 0x70, 0x4e, 0xb0, 0x4f, 0x0, 0x4, 0xf2,
    0x5f, 0x0, 0x3, 0xf3, 0x1e, 0xa2, 0x2b, 0xd0,
    0x2, 0xbf, 0xfb, 0x20,

    /* U+0039 "9" */
    0x2, 0xbf, 0xd5, 0x0, 0xd, 0xb3, 0x6f, 0x40,
    0x3f, 0x20, 0xa, 0xb0, 0x6f, 0x0, 0x5, 0xf0,
    0x5f, 0x0, 0x4, 0xf1, 0x1f, 0x80, 0x2d, 0xf1,
    0x5, 0xff, 0xd8, 0xf0, 0x0, 0x1, 0x7, 0xe0,
    0x0, 0x0, 0xd, 0x90, 0xa, 0x64, 0xaf, 0x10,
    0x7, 0xef, 0xc3, 0x0,

    /* U+003A ":" */
    0xcc, 0xd, 0xe0, 0x0, 0x0, 0x0, 0x0, 0x0,
    0x0, 0xde, 0xc, 0xc0,

    /* U+003B ";" */
    0xc, 0xc0, 0xd, 0xe0, 0x0, 0x0, 0x0, 0x0,
    0x0, 0x0, 0x0, 0x0, 0xb, 0xd0, 0xc, 0xf3,
    0x0, 0xe2, 0x9, 0xb0, 0x18, 0x0,

    /* U+003C "<" */
    0x0, 0x0, 0x0, 0x42, 0x0, 0x1, 0x7d, 0xf3,
    0x4, 0xaf, 0xb5, 0x0, 0x7f, 0x91, 0x0, 0x0,
    0x2a, 0xfb, 0x50, 0x0, 0x0, 0x16, 0xdf, 0x92,
    0x0, 0x0, 0x3, 0xa4,

    /* U+003D "=" */
    0x7f, 0xff, 0xff, 0xf5, 0x1, 0x11, 0x11, 0x10,
    0x0, 0x0, 0x0, 0x0, 0x7f, 0xff, 0xff, 0xf5,
    0x12, 0x22, 0x22, 0x20,

    /* U+003E ">" */
    0x33, 0x0, 0x0, 0x0, 0x5f, 0xc6, 0x0, 0x0,
    0x0, 0x6c, 0xfa, 0x30, 0x0, 0x0, 0x2a, 0xf5,
    0x0, 0x16, 0xcf, 0x91, 0x2a, 0xfc, 0x60, 0x0,
    0x69, 0x20, 0x0, 0x0,

    /* U+003F "?" */
    0x6, 0xef, 0xc2, 0x2, 0xd6, 0x4d, 0xd0, 0x0,
    0x0, 0x6f, 0x0, 0x0, 0x9, 0xd0, 0x0, 0x4,
    0xf3, 0x0, 0x1, 0xe7, 0x0, 0x0, 0x7e, 0x0,
    0x0, 0x4, 0x60, 0x0, 0x0, 0x1, 0x0, 0x0,
    0xb, 0xf1, 0x0, 0x0, 0x9e, 0x0, 0x0,

    /* U+0040 "@" */
    0x0, 0x0, 0x4b, 0xef, 0xe9, 0x20, 0x0, 0x0,
    0xad, 0x50, 0x1, 0x7e, 0x30, 0x0, 0xaa, 0x0,
    0x0, 0x0, 0x4e, 0x0, 0x5d, 0x0, 0x5d, 0xca,
    0x40, 0xb5, 0xc, 0x50, 0x3e, 0x35, 0xf2, 0x7,
    0x80, 0xf0, 0xb, 0x70, 0x2f, 0x0, 0x5a, 0x3d,
    0x0, 0xf2, 0x4, 0xc0, 0x6, 0x93, 0xd0, 0x1f,
    0x10, 0x6a, 0x0, 0xb5, 0x1f, 0x0, 0xe5, 0x2d,
    0xc0, 0x6c, 0x0, 0xd5, 0x5, 0xec, 0x2b, 0xfb,
    0x10, 0x5, 0xe1, 0x0, 0x0, 0x0, 0x0, 0x0,
    0x8, 0xe6, 0x10, 0x16, 0x10, 0x0, 0x0, 0x4,
    0xbe, 0xfd, 0x91, 0x0, 0x0,

    /* U+0041 "A" */
    0x0, 0xb, 0xf4, 0x0, 0x0, 0x0, 0xfd, 0x90,
    0x0, 0x0, 0x5f, 0x6e, 0x0, 0x0, 0xa, 0xa1,
    0xf3, 0x0, 0x0, 0xe6, 0xd, 0x80, 0x0, 0x4f,
    0x10, 0x8d, 0x0, 0x9, 0xd0, 0x4, 0xf2, 0x0,
    0xef, 0xff, 0xff, 0x70, 0x3f, 0x52, 0x22, 0xbc,
    0x8, 0xe0, 0x0, 0x6, 0xf1, 0xda, 0x0, 0x0,
    0x1f, 0x60,

    /* U+0042 "B" */
    0x9f, 0xff, 0xea, 0x10, 0x9d, 0x22, 0x5e, 0xc0,
    0x9d, 0x0, 0x6, 0xf0, 0x9d, 0x0, 0x6, 0xf0,
    0x9d, 0x0, 0x2d, 0xa0, 0x9f, 0xff, 0xfe, 0x20,
    0x9d, 0x22, 0x39, 0xf3, 0x9d, 0x0, 0x0, 0xd9,
    0x9d, 0x0, 0x0, 0xe9, 0x9d, 0x22, 0x4a, 0xf3,
    0x9f, 0xff, 0xfb, 0x40,

    /* U+0043 "C" */
    0x0, 0x8, 0xef, 0xd5, 0x0, 0xd, 0xe7, 0x59,
    0xf1, 0x8, 0xf2, 0x0, 0x1, 0x0, 0xea, 0x0,
    0x0, 0x0, 0x2f, 0x60, 0x0, 0x0, 0x3, 0xf5,
    0x0, 0x0, 0x0, 0x2f, 0x60, 0x0, 0x0, 0x0,
    0xfa, 0x0, 0x0, 0x0, 0x9, 0xf2, 0x0, 0x3,
    0x0, 0x1d, 0xe7, 0x58, 0xf4, 0x0, 0x19, 0xef,
    0xd5, 0x0,

    /* U+0044 "D" */
    0x9f, 0xff, 0xd7, 0x0, 0x9e, 0x34, 0x8f, 0xa0,
    0x9d, 0x0, 0x5, 0xf5, 0x9d, 0x0, 0x0, 0xda,
    0x9d, 0x0, 0x0, 0xad, 0x9d, 0x0, 0x0, 0x9e,
    0x9d, 0x0, 0x0, 0xad, 0x9d, 0x0, 0x0, 0xea,
    0x9d, 0x0, 0x6, 0xf4, 0x9e, 0x34, 0x9f, 0xa0,
    0x9f, 0xff, 0xd7, 0x0,

    /* U+0045 "E" */
    0x9f, 0xff, 0xff, 0x69, 0xe4, 0x44, 0x41, 0x9d,
    0x0, 0x0, 0x9, 0xd0, 0x0, 0x0, 0x9d, 0x0,
    0x0, 0x9, 0xff, 0xff, 0xa0, 0x9e, 0x33, 0x32,
    0x9, 0xd0, 0x0, 0x0, 0x9d, 0x0, 0x0, 0x9,
    0xe4, 0x44, 0x42, 0x9f, 0xff, 0xff, 0x80,

    /* U+0046 "F" */
    0x9f, 0xff, 0xff, 0x69, 0xe4, 0x44, 0x41, 0x9d,
    0x0, 0x0, 0x9, 0xd0, 0x0, 0x0, 0x9d, 0x0,
    0x0, 0x9, 0xff, 0xff, 0xb0, 0x9e, 0x33, 0x32,
    0x9, 0xd0, 0x0, 0x0, 0x9d, 0x0, 0x0, 0x9,
    0xd0, 0x0, 0x0, 0x9d, 0x0, 0x0, 0x0,

    /* U+0047 "G" */
    0x0, 0x8, 0xef, 0xe8, 0x0, 0xc, 0xf8, 0x57,
    0xe4, 0x8, 0xf3, 0x0, 0x0, 0x0, 0xea, 0x0,
    0x0, 0x0, 0x2f, 0x60, 0x0, 0x0, 0x3, 0xf5,
    0x0, 0xbf, 0xfb, 0x2f, 0x60, 0x2, 0x3b, 0xb0,
    0xfa, 0x0, 0x0, 0xab, 0x8, 0xf2, 0x0, 0xa,
    0xb0, 0xd, 0xf7, 0x57, 0xeb, 0x0, 0x8, 0xef,
    0xe9, 0x10,

    /* U+0048 "H" */
    0x9d, 0x0, 0x0, 0x8e, 0x9d, 0x0, 0x0, 0x8e,
    0x9d, 0x0, 0x0, 0x8e, 0x9d, 0x0, 0x0, 0x8e,
    0x9d, 0x0, 0x0, 0x9e, 0x9f, 0xff, 0xff, 0xfe,
    0x9e, 0x33, 0x33, 0xae, 0x9d, 0x0, 0x0, 0x8e,
    0x9d, 0x0, 0x0, 0x8e, 0x9d, 0x0, 0x0, 0x8e,
    0x9d, 0x0, 0x0, 0x8e,

    /* U+0049 "I" */
    0x9d, 0x9d, 0x9d, 0x9d, 0x9d, 0x9d, 0x9d, 0x9d,
    0x9d, 0x9d, 0x9d,

    /* U+004A "J" */
    0x0, 0x0, 0x3f, 0x40, 0x0, 0x3, 0xf4, 0x0,
    0x0, 0x3f, 0x40, 0x0, 0x3, 0xf4, 0x0, 0x0,
    0x3f, 0x40, 0x0, 0x3, 0xf4, 0x0, 0x0, 0x3f,
    0x40, 0x0, 0x3, 0xf4, 0x3, 0x0, 0x5f, 0x25,
    0xf7, 0x5d, 0xd0, 0x7, 0xef, 0xc2, 0x0,

    /* U+004B "K" */
    0x9d, 0x0, 0x6, 0xf4, 0x9, 0xd0, 0x3, 0xf7,
    0x0, 0x9d, 0x1, 0xdb, 0x0, 0x9, 0xd0, 0xbe,
    0x10, 0x0, 0x9d, 0x7f, 0x90, 0x0, 0x9, 0xff,
    0xcf, 0x20, 0x0, 0x9f, 0xb0, 0xea, 0x0, 0x9,
    0xe1, 0x6, 0xf3, 0x0, 0x9d, 0x0, 0xd, 0xc0,
    0x9, 0xd0, 0x0, 0x4f, 0x40, 0x9d, 0x0, 0x0,
    0xcd, 0x0,

    /* U+004C "L" */
    0x9d, 0x0, 0x0, 0x9, 0xd0, 0x0, 0x0, 0x9d,
    0x0, 0x0, 0x9, 0xd0, 0x0, 0x0, 0x9d, 0x0,
    0x0, 0x9, 0xd0, 0x0, 0x0, 0x9d, 0x0, 0x0,
    0x9, 0xd0, 0x0, 0x0, 0x9d, 0x0, 0x0, 0x9,
    0xe4, 0x44, 0x41, 0x9f, 0xff, 0xff, 0x40,

    /* U+004D "M" */
    0x9f, 0x40, 0x0, 0xc, 0xf2, 0x9f, 0x90, 0x0,
    0x1f, 0xf2, 0x9c, 0xe0, 0x0, 0x6c, 0xf2, 0x9a,
    0xe4, 0x0, 0xc8, 0xf2, 0x9a, 0x99, 0x1, 0xf4,
    0xf2, 0x9b, 0x4e, 0x6, 0xb3, 0xf2, 0x9b, 0xe,
    0x4b, 0x53, 0xf2, 0x9b, 0x9, 0xaf, 0x3, 0xf2,
    0x9b, 0x3, 0xfa, 0x3, 0xf2, 0x9b, 0x0, 0xd5,
    0x3, 0xf2, 0x9b, 0x0, 0x0, 0x3, 0xf2,

    /* U+004E "N" */
    0x9f, 0x20, 0x0, 0x9d, 0x9f, 0xb0, 0x0, 0x9d,
    0x9c, 0xf3, 0x0, 0x9d, 0x9b, 0xac, 0x0, 0x9d,
    0x9b, 0x2f, 0x40, 0x9d, 0x9c, 0xa, 0xd0, 0x9d,
    0x9c, 0x1, 0xf5, 0x8d, 0x9c, 0x0, 0x8d, 0x7d,
    0x9c, 0x0, 0x1f, 0xbd, 0x9c, 0x0, 0x7, 0xfd,
    0x9c, 0x0, 0x0, 0xed,

    /* U+004F "O" */
    0x0, 0x19, 0xef, 0xc5, 0x0, 0x1, 0xee, 0x75,
    0xaf, 0x70, 0x9, 0xf2, 0x0, 0x9, 0xf1, 0xf,
    0x90, 0x0, 0x1, 0xf6, 0x2f, 0x60, 0x0, 0x0,
    0xe9, 0x3f, 0x50, 0x0, 0x0, 0xda, 0x2f, 0x60,
    0x0, 0x0, 0xe9, 0xf, 0x90, 0x0, 0x2, 0xf6,
    0x9, 0xf2, 0x0, 0x9, 0xf1, 0x1, 0xde, 0x65,
    0xaf, 0x60, 0x0, 0x19, 0xef, 0xc5, 0x0,

    /* U+0050 "P" */
    0x9f, 0xff, 0xe9, 0x10, 0x9e, 0x33, 0x6e, 0xc0,
    0x9d, 0x0, 0x5, 0xf3, 0x9d, 0x0, 0x2, 0xf4,
    0x9d, 0x0, 0x4, 0xf3, 0x9d, 0x0, 0x3d, 0xd0,
    0x9f, 0xff, 0xfc, 0x20, 0x9e, 0x33, 0x10, 0x0,
    0x9d, 0x0, 0x0, 0x0, 0x9d, 0x0, 0x0, 0x0,
    0x9d, 0x0, 0x0, 0x0,

    /* U+0051 "Q" */
    0x0, 0x19, 0xef, 0xc5, 0x0, 0x1, 0xee, 0x75,
    0xaf, 0x70, 0x9, 0xf2, 0x0, 0x9, 0xf1, 0xf,
    0x90, 0x0, 0x1, 0xf6, 0x2f, 0x60, 0x0, 0x0,
    0xe9, 0x3f, 0x50, 0x0, 0x0, 0xda, 0x2f, 0x60,
    0x0, 0x0, 0xe9, 0xf, 0x90, 0x0, 0x2, 0xf6,
    0x9, 0xf1, 0x0, 0x9, 0xf1, 0x1, 0xdd, 0x54,
    0x9f, 0x60, 0x0, 0x19, 0xff, 0xd5, 0x0, 0x0,
    0x0, 0x2f, 0xb2, 0x0, 0x0, 0x0, 0x3, 0xcf,
    0xfd, 0x0, 0x0, 0x0, 0x1, 0x31,

    /* U+0052 "R" */
    0x9f, 0xff, 0xfb, 0x20, 0x9e, 0x33, 0x5c, 0xe0,
    0x9d, 0x0, 0x3, 0xf4, 0x9d, 0x0, 0x3, 0xf4,
    0x9d, 0x0, 0x2b, 0xe1, 0x9f, 0xff, 0xfd, 0x30,
    0x9e, 0x35, 0xf4, 0x0, 0x9d, 0x0, 0xcd, 0x0,
    0x9d, 0x0, 0x4f, 0x50, 0x9d, 0x0, 0xc, 0xd0,
    0x9d, 0x0, 0x3, 0xf6,

    /* U+0053 "S" */
    0x0, 0x7e, 0xfd, 0x60, 0x7, 0xf8, 0x58, 0xf3,
    0xd, 0xa0, 0x0, 0x10, 0xc, 0xd0, 0x0, 0x0,
    0x4, 0xfe, 0x71, 0x0, 0x0, 0x3c, 0xff, 0x70,
    0x0, 0x0, 0x3b, 0xf7, 0x0, 0x0, 0x0, 0xcc,
    0x5, 0x0, 0x0, 0xbc, 0x2f, 0xd6, 0x59, 0xf5,
    0x2, 0xae, 0xfd, 0x50,

    /* U+0054 "T" */
    0x9f, 0xff, 0xff, 0xff, 0x2, 0x44, 0xaf, 0x44,
    0x40, 0x0, 0x8, 0xf0, 0x0, 0x0, 0x0, 0x8f,
    0x0, 0x0, 0x0, 0x8, 0xf0, 0x0, 0x0, 0x0,
    0x8f, 0x0, 0x0, 0x0, 0x8, 0xf0, 0x0, 0x0,
    0x0, 0x8f, 0x0, 0x0, 0x0, 0x8, 0xf0, 0x0,
    0x0, 0x0, 0x8f, 0x0, 0x0, 0x0, 0x8, 0xf0,
    0x0, 0x0,

    /* U+0055 "U" */
    0xac, 0x0, 0x0, 0x8d, 0xac, 0x0, 0x0, 0x8d,
    0xac, 0x0, 0x0, 0x8d, 0xac, 0x0, 0x0, 0x8d,
    0xac, 0x0, 0x0, 0x8d, 0xac, 0x0, 0x0, 0x8d,
    0xac, 0x0, 0x0, 0x8d, 0x9e, 0x0, 0x0, 0xac,
    0x5f, 0x30, 0x0, 0xe8, 0xe, 0xd6, 0x5c, 0xf2,
    0x2, 0xbf, 0xfc, 0x30,

    /* U+0056 "V" */
    0xd, 0xa0, 0x0, 0x6, 0xf1, 0x9, 0xf0, 0x0,
    0xb, 0xc0, 0x4, 0xf3, 0x0, 0xf, 0x70, 0x0,
    0xf8, 0x0, 0x3f, 0x20, 0x0, 0xac, 0x0, 0x8e,
    0x0, 0x0, 0x6f, 0x10, 0xc9, 0x0, 0x0, 0x1f,
    0x51, 0xf4, 0x0, 0x0, 0xc, 0x95, 0xf0, 0x0,
    0x0, 0x7, 0xd9, 0xb0, 0x0, 0x0, 0x3, 0xfe,
    0x60, 0x0, 0x0, 0x0, 0xef, 0x10, 0x0,

    /* U+0057 "W" */
    0x8e, 0x0, 0x8, 0xf0, 0x0, 0x6f, 0x5, 0xf1,
    0x0, 0xcf, 0x40, 0x9, 0xc0, 0x2f, 0x40, 0xf,
    0xc7, 0x0, 0xc9, 0x0, 0xf7, 0x3, 0xe8, 0xb0,
    0xf, 0x60, 0xc, 0x90, 0x7b, 0x4f, 0x2, 0xf3,
    0x0, 0x9c, 0xa, 0x71, 0xf3, 0x5f, 0x0, 0x6,
    0xf0, 0xe4, 0xd, 0x67, 0xd0, 0x0, 0x3f, 0x4f,
    0x0, 0x99, 0xaa, 0x0, 0x0, 0xf9, 0xc0, 0x6,
    0xdc, 0x70, 0x0, 0xc, 0xf9, 0x0, 0x2f, 0xf4,
    0x0, 0x0, 0x9f, 0x50, 0x0, 0xef, 0x10, 0x0,

    /* U+0058 "X" */
    0x5f, 0x40, 0x1, 0xf8, 0xc, 0xc0, 0x7, 0xe1,
    0x4, 0xf4, 0xe, 0x70, 0x0, 0xcc, 0x6e, 0x0,
    0x0, 0x3f, 0xe7, 0x0, 0x0, 0xe, 0xf1, 0x0,
    0x0, 0x6e, 0xe9, 0x0, 0x0, 0xe7, 0x6f, 0x20,
    0x7, 0xf0, 0xe, 0xa0, 0xe, 0x80, 0x6, 0xf2,
    0x8f, 0x10, 0x0, 0xeb,

    /* U+0059 "Y" */
    0xc, 0xb0, 0x0, 0x1f, 0x60, 0x5f, 0x20, 0x8,
    0xe0, 0x0, 0xe8, 0x0, 0xe7, 0x0, 0x7, 0xe0,
    0x5f, 0x10, 0x0, 0xe, 0x6c, 0x80, 0x0, 0x0,
    0x8e, 0xf1, 0x0, 0x0, 0x1, 0xfa, 0x0, 0x0,
    0x0, 0xf, 0x80, 0x0, 0x0, 0x0, 0xf8, 0x0,
    0x0, 0x0, 0xf, 0x80, 0x0, 0x0, 0x0, 0xf8,
    0x0, 0x0,

    /* U+005A "Z" */
    0xd, 0xff, 0xff, 0xfc, 0x3, 0x44, 0x47, 0xf6,
    0x0, 0x0, 0xc, 0xc0, 0x0, 0x0, 0x5f, 0x30,
    0x0, 0x0, 0xe9, 0x0, 0x0, 0x9, 0xe1, 0x0,
    0x0, 0x2f, 0x60, 0x0, 0x0, 0xcc, 0x0, 0x0,
    0x5, 0xf3, 0x0, 0x0, 0xe, 0xc4, 0x44, 0x43,
    0x5f, 0xff, 0xff, 0xfd,

    /* U+005B "[" */
    0x8e, 0xd4, 0x88, 0x0, 0x88, 0x0, 0x88, 0x0,
    0x88, 0x0, 0x88, 0x0, 0x88, 0x0, 0x88, 0x0,
    0x88, 0x0, 0x88, 0x0, 0x88, 0x0, 0x88, 0x0,
    0x88, 0x0, 0x7d, 0xd4,

    /* U+005C "\\" */
    0x96, 0x0, 0x0, 0x5b, 0x0, 0x0, 0xf, 0x0,
    0x0, 0xb, 0x40, 0x0, 0x7, 0x90, 0x0, 0x2,
    0xd0, 0x0, 0x0, 0xe2, 0x0, 0x0, 0x97, 0x0,
    0x0, 0x4b, 0x0, 0x0, 0xf, 0x0, 0x0, 0xb,
    0x40, 0x0, 0x7, 0x90, 0x0, 0x2, 0xe0, 0x0,
    0x0, 0xd2,

    /* U+005D "]" */
    0x6d, 0xf6, 0x0, 0xb6, 0x0, 0xb6, 0x0, 0xb6,
    0x0, 0xb6, 0x0, 0xb6, 0x0, 0xb6, 0x0, 0xb6,
    0x0, 0xb6, 0x0, 0xb6, 0x0, 0xb6, 0x0, 0xb6,
    0x0, 0xb6, 0x6d, 0xe5,

    /* U+005E "^" */
    0x0, 0xe, 0xc0, 0x0, 0x4, 0xde, 0x20, 0x0,
    0xa7, 0x98, 0x0, 0x1f, 0x23, 0xe0, 0x7, 0xb0,
    0xd, 0x50, 0xd5, 0x0, 0x7c,

    /* U+005F "_" */
    0xcf, 0xff, 0xff, 0xfa,

    /* U+0060 "`" */
    0x3, 0x10, 0x0, 0xcc, 0x0, 0x1, 0xda, 0x0,
    0x1, 0x90,

    /* U+0061 "a" */
    0x3, 0xaf, 0xfb, 0x0, 0x99, 0x45, 0xf8, 0x0,
    0x0, 0xa, 0xd0, 0x5, 0xbe, 0xfe, 0xb, 0xd5,
    0x9, 0xe2, 0xf4, 0x0, 0x9e, 0x1f, 0x93, 0x7f,
    0xe0, 0x6e, 0xf9, 0x6e,

    /* U+0062 "b" */
    0xcb, 0x0, 0x0, 0x0, 0xcb, 0x0, 0x0, 0x0,
    0xcb, 0x0, 0x0, 0x0, 0xcb, 0x8e, 0xf9, 0x0,
    0xcf, 0x94, 0x7f, 0x80, 0xcb, 0x0, 0xb, 0xe0,
    0xcb, 0x0, 0x7, 0xf0, 0xcb, 0x0, 0x8, 0xf0,
    0xcb, 0x0, 0xc, 0xc0, 0xcf, 0x74, 0x9f, 0x50,
    0xc8, 0xaf, 0xe6, 0x0,

    /* U+0063 "c" */
    0x0, 0x7d, 0xfc, 0x30, 0x8f, 0x74, 0x83, 0x1f,
    0x80, 0x0, 0x4, 0xf3, 0x0, 0x0, 0x4f, 0x30,
    0x0, 0x1, 0xf8, 0x0, 0x0, 0x9, 0xf7, 0x38,
    0x70, 0x8, 0xef, 0xc4,

    /* U+0064 "d" */
    0x0, 0x0, 0x0, 0xf8, 0x0, 0x0, 0x0, 0xf8,
    0x0, 0x0, 0x0, 0xe8, 0x0, 0x8e, 0xf8, 0xe8,
    0x9, 0xf7, 0x49, 0xf8, 0x1f, 0x80, 0x0, 0xf8,
    0x4f, 0x40, 0x0, 0xf8, 0x4f, 0x40, 0x0, 0xf8,
    0x1f, 0x70, 0x0, 0xf8, 0xb, 0xf6, 0x4b, 0xf8,
    0x1, 0xaf, 0xe7, 0xb8,

    /* U+0065 "e" */
    0x0, 0x7e, 0xfb, 0x20, 0x8, 0xe5, 0x3b, 0xd0,
    0x1f, 0x40, 0x1, 0xf2, 0x4f, 0xee, 0xee, 0xf3,
    0x4f, 0x41, 0x11, 0x10, 0x1f, 0x70, 0x0, 0x0,
    0x9, 0xf7, 0x25, 0x70, 0x0, 0x7e, 0xfd, 0x60,

    /* U+0066 "f" */
    0x0, 0xaf, 0xe0, 0x5, 0xf5, 0x30, 0x8, 0xe0,
    0x0, 0x8f, 0xff, 0x80, 0x19, 0xf3, 0x10, 0x8,
    0xe0, 0x0, 0x8, 0xe0, 0x0, 0x8, 0xe0, 0x0,
    0x8, 0xe0, 0x0, 0x8, 0xe0, 0x0, 0x8, 0xe0,
    0x0,

    /* U+0067 "g" */
    0x2, 0xbf, 0xff, 0xfa, 0xd, 0xc1, 0x3e, 0x93,
    0xf, 0x60, 0x9, 0xa0, 0xc, 0xb1, 0x2e, 0x80,
    0x4, 0xee, 0xe9, 0x0, 0xc, 0x60, 0x0, 0x0,
    0xc, 0xa3, 0x32, 0x0, 0x6, 0xff, 0xff, 0xf5,
    0x2f, 0x10, 0x0, 0xbc, 0x3f, 0x50, 0x4, 0xe7,
    0x7, 0xdf, 0xfc, 0x50,

    /* U+0068 "h" */
    0xcb, 0x0, 0x0, 0xc, 0xb0, 0x0, 0x0, 0xcb,
    0x0, 0x0, 0xc, 0xa7, 0xef, 0x90, 0xcf, 0xb5,
    0x9f, 0x3c, 0xc0, 0x0, 0xf7, 0xcb, 0x0, 0xf,
    0x7c, 0xb0, 0x0, 0xf7, 0xcb, 0x0, 0xf, 0x7c,
    0xb0, 0x0, 0xf7, 0xcb, 0x0, 0xf, 0x70,

    /* U+0069 "i" */
    0xcb, 0x99, 0x0, 0xcb, 0xcb, 0xcb, 0xcb, 0xcb,
    0xcb, 0xcb, 0xcb,

    /* U+006A "j" */
    0x0, 0xcb, 0x0, 0xa9, 0x0, 0x0, 0x0, 0xbb,
    0x0, 0xbb, 0x0, 0xbb, 0x0, 0xbb, 0x0, 0xbb,
    0x0, 0xbb, 0x0, 0xbb, 0x0, 0xbb, 0x0, 0xbb,
    0x13, 0xe8, 0x7f, 0xc1,

    /* U+006B "k" */
    0xca, 0x0, 0x0, 0xc, 0xa0, 0x0, 0x0, 0xca,
    0x0, 0x0, 0xc, 0xa0, 0x8, 0xe2, 0xca, 0x5,
    0xf4, 0xc, 0xa2, 0xf7, 0x0, 0xcb, 0xdf, 0x10,
    0xc, 0xfc, 0xda, 0x0, 0xce, 0x14, 0xf3, 0xc,
    0xa0, 0xa, 0xd0, 0xca, 0x0, 0x2f, 0x70,

    /* U+006C "l" */
    0xcb, 0xc, 0xb0, 0xcb, 0xc, 0xb0, 0xcb, 0xc,
    0xb0, 0xcb, 0xc, 0xb0, 0xcb, 0xb, 0xc1, 0x5f,
    0x70,

    /* U+006D "m" */
    0xc8, 0x8f, 0xf7, 0x2b, 0xfd, 0x2c, 0xf8, 0x29,
    0xfd, 0x42, 0xea, 0xcb, 0x0, 0x3f, 0x50, 0x9,
    0xec, 0xb0, 0x2, 0xf5, 0x0, 0x8e, 0xcb, 0x0,
    0x2f, 0x50, 0x8, 0xec, 0xb0, 0x2, 0xf5, 0x0,
    0x8e, 0xcb, 0x0, 0x2f, 0x50, 0x8, 0xec, 0xb0,
    0x2, 0xf5, 0x0, 0x8e,

    /* U+006E "n" */
    0xc8, 0x8e, 0xf9, 0xc, 0xf8, 0x26, 0xf3, 0xcb,
    0x0, 0xf, 0x7c, 0xb0, 0x0, 0xf7, 0xcb, 0x0,
    0xf, 0x7c, 0xb0, 0x0, 0xf7, 0xcb, 0x0, 0xf,
    0x7c, 0xb0, 0x0, 0xf7,

    /* U+006F "o" */
    0x0, 0x8e, 0xfc, 0x30, 0x9, 0xf6, 0x4b, 0xf2,
    0x1f, 0x70, 0x0, 0xe9, 0x4f, 0x30, 0x0, 0xbc,
    0x4f, 0x30, 0x0, 0xbd, 0x1f, 0x70, 0x0, 0xe9,
    0x9, 0xf6, 0x4a, 0xf2, 0x0, 0x8e, 0xfc, 0x30,

    /* U+0070 "p" */
    0xc9, 0x9f, 0xf9, 0x0, 0xcf, 0x61, 0x4f, 0x80,
    0xcb, 0x0, 0xa, 0xe0, 0xcb, 0x0, 0x7, 0xf0,
    0xcb, 0x0, 0x8, 0xf0, 0xcb, 0x0, 0xc, 0xc0,
    0xcf, 0x74, 0x9f, 0x50, 0xcc, 0xaf, 0xe6, 0x0,
    0xcb, 0x0, 0x0, 0x0, 0xcb, 0x0, 0x0, 0x0,
    0xcb, 0x0, 0x0, 0x0,

    /* U+0071 "q" */
    0x0, 0x8e, 0xf9, 0xb8, 0x9, 0xf7, 0x49, 0xf8,
    0x1f, 0x80, 0x0, 0xf8, 0x4f, 0x40, 0x0, 0xf8,
    0x4f, 0x40, 0x0, 0xf8, 0x1f, 0x70, 0x0, 0xf8,
    0xb, 0xf6, 0x4b, 0xf8, 0x1, 0xaf, 0xe6, 0xe8,
    0x0, 0x0, 0x0, 0xf8, 0x0, 0x0, 0x0, 0xf8,
    0x0, 0x0, 0x0, 0xf8,

    /* U+0072 "r" */
    0x0, 0x0, 0xc, 0x78, 0xf7, 0xce, 0xa2, 0x1c,
    0xe0, 0x0, 0xcb, 0x0, 0xc, 0xb0, 0x0, 0xcb,
    0x0, 0xc, 0xb0, 0x0, 0xcb, 0x0, 0x0,

    /* U+0073 "s" */
    0x4, 0xdf, 0xd6, 0x0, 0xf9, 0x25, 0x70, 0x1f,
    0x60, 0x0, 0x0, 0x8f, 0xb5, 0x0, 0x0, 0x29,
    0xfa, 0x0, 0x0, 0x5, 0xf1, 0x4c, 0x42, 0x9e,
    0x1, 0x9e, 0xfd, 0x30,

    /* U+0074 "t" */
    0x5, 0xe0, 0x0, 0x6, 0xe0, 0x0, 0xaf, 0xff,
    0xf0, 0x19, 0xe2, 0x20, 0x8, 0xe0, 0x0, 0x8,
    0xe0, 0x0, 0x8, 0xe0, 0x0, 0x7, 0xf0, 0x0,
    0x5, 0xf6, 0x30, 0x0, 0xaf, 0xe1,

    /* U+0075 "u" */
    0xd9, 0x0, 0x1f, 0x5d, 0x90, 0x1, 0xf5, 0xd9,
    0x0, 0x1f, 0x5d, 0x90, 0x1, 0xf5, 0xd9, 0x0,
    0x1f, 0x5d, 0xa0, 0x3, 0xf5, 0x9f, 0x56, 0xdf,
    0x51, 0xcf, 0xc2, 0xe5,

    /* U+0076 "v" */
    0xad, 0x0, 0x4, 0xf1, 0x4f, 0x20, 0x9, 0xc0,
    0xf, 0x70, 0xe, 0x70, 0xa, 0xb0, 0x3f, 0x10,
    0x4, 0xf1, 0x8c, 0x0, 0x0, 0xe5, 0xd7, 0x0,
    0x0, 0x9c, 0xf1, 0x0, 0x0, 0x4f, 0xc0, 0x0,

    /* U+0077 "w" */
    0x7f, 0x0, 0x1f, 0x80, 0x7, 0xe0, 0x3f, 0x30,
    0x5e, 0xd0, 0xb, 0xa0, 0xf, 0x70, 0x98, 0xf1,
    0xe, 0x60, 0xb, 0xb0, 0xd4, 0xd5, 0x2f, 0x20,
    0x7, 0xe1, 0xf0, 0x99, 0x6e, 0x0, 0x2, 0xf6,
    0xc0, 0x5d, 0x9a, 0x0, 0x0, 0xed, 0x80, 0x1f,
    0xd6, 0x0, 0x0, 0xaf, 0x40, 0xd, 0xf2, 0x0,

    /* U+0078 "x" */
    0x4f, 0x30, 0x1e, 0x70, 0xbc, 0x8, 0xd0, 0x2,
    0xf7, 0xf5, 0x0, 0x8, 0xfc, 0x0, 0x0, 0xbf,
    0xc0, 0x0, 0x4f, 0x3f, 0x60, 0xd, 0x80, 0x8e,
    0x17, 0xe1, 0x0, 0xea,

    /* U+0079 "y" */
    0x9d, 0x0, 0x4, 0xf1, 0x3f, 0x30, 0x9, 0xc0,
    0xd, 0x90, 0xe, 0x60, 0x6, 0xe0, 0x3f, 0x10,
    0x1, 0xf4, 0x8b, 0x0, 0x0, 0xa9, 0xd6, 0x0,
    0x0, 0x3f, 0xf1, 0x0, 0x0, 0xd, 0xb0, 0x0,
    0x0, 0x1f, 0x50, 0x0, 0x3, 0xbd, 0x0, 0x0,
    0x5f, 0xc2, 0x0, 0x0,

    /* U+007A "z" */
    0x1f, 0xff, 0xff, 0x30, 0x33, 0x3d, 0xc0, 0x0,
    0x7, 0xf2, 0x0, 0x2, 0xf7, 0x0, 0x0, 0xbd,
    0x0, 0x0, 0x6f, 0x30, 0x0, 0x1f, 0xa3, 0x33,
    0x17, 0xff, 0xff, 0xf6,

    /* U+007B "{" */
    0x0, 0xbe, 0x40, 0x3f, 0x0, 0x4, 0xe0, 0x0,
    0x3f, 0x0, 0x2, 0xf0, 0x0, 0x5e, 0x0, 0x7f,
    0x60, 0x0, 0x6e, 0x0, 0x2, 0xf0, 0x0, 0x2f,
    0x0, 0x3, 0xf0, 0x0, 0x4e, 0x0, 0x3, 0xf1,
    0x0, 0xa, 0xd4,

    /* U+007C "|" */
    0x96, 0x96, 0x96, 0x96, 0x96, 0x96, 0x96, 0x96,
    0x96, 0x96, 0x96, 0x96, 0x96, 0x96, 0x96, 0x96,

    /* U+007D "}" */
    0x6e, 0x90, 0x0, 0x2f, 0x10, 0x1, 0xf1, 0x0,
    0x1f, 0x0, 0x2, 0xf0, 0x0, 0x1f, 0x30, 0x0,
    0x9f, 0x40, 0xf, 0x40, 0x2, 0xf0, 0x0, 0x1f,
    0x0, 0x1, 0xf1, 0x0, 0xf, 0x10, 0x3, 0xf0,
    0x6, 0xd7, 0x0,

    /* U+007E "~" */
    0xa, 0xeb, 0x30, 0x60, 0x27, 0x16, 0xef, 0xb0,
    0x0, 0x0, 0x1, 0x0,

    /* U+00B1 "±" */
    0x0, 0x0, 0x8, 0x80, 0x0, 0x0, 0x0, 0x0,
    0x8, 0x80, 0x0, 0x0, 0x0, 0x0, 0x8, 0x80,
    0x0, 0x0, 0x1f, 0xff, 0xff, 0xff, 0xff, 0xf1,
    0x1, 0x11, 0x19, 0x91, 0x11, 0x10, 0x0, 0x0,
    0x8, 0x80, 0x0, 0x0, 0x0, 0x0, 0x8, 0x80,
    0x0, 0x0, 0x0, 0x0, 0x8, 0x80, 0x0, 0x0,
    0x0, 0x0, 0x6, 0x60, 0x0, 0x0, 0x1, 0x11,
    0x11, 0x11, 0x11, 0x10, 0x1f, 0xff, 0xff, 0xff,
    0xff, 0xf2,

    /* U+00B7 "·" */
    0x1, 0x10, 0x3f, 0xf3, 0x8f, 0xf8, 0x2e, 0xe2,

    /* U+03B8 "θ" */
    0x0, 0x6e, 0xf9, 0x0, 0x4, 0xf6, 0x4e, 0x80,
    0xb, 0xb0, 0x7, 0xe0, 0xf, 0x70, 0x3, 0xf3,
    0xf, 0xfe, 0xef, 0xf4, 0x1f, 0x61, 0x12, 0xf5,
    0xf, 0x50, 0x1, 0xf4, 0xf, 0x70, 0x3, 0xf3,
    0xb, 0xb0, 0x7, 0xf0, 0x4, 0xf7, 0x5e, 0x80,
    0x0, 0x7e, 0xf9, 0x0,

    /* U+2026 "…" */
    0x6e, 0x20, 0xb, 0xb0, 0x2, 0xe6, 0x6f, 0x20,
    0xc, 0xc0, 0x2, 0xf6,

    /* U+3001 "、" */
    0x0, 0x0, 0x1, 0xe8, 0x0, 0x6, 0xf8, 0x0,
    0x6, 0xf7, 0x0, 0x7, 0x30,

    /* U+3002 "。" */
    0x5, 0xa6, 0x5, 0xa2, 0x96, 0xa2, 0x0, 0xb7,
    0x60, 0x49, 0xa, 0xcb, 0x10,

    /* U+4E00 "一" */
    0x1, 0x11, 0x11, 0x11, 0x11, 0x11, 0x11, 0x2f,
    0xff, 0xff, 0xff, 0xff, 0xff, 0xfa, 0x3, 0x33,
    0x33, 0x33, 0x33, 0x33, 0x32,

    /* U+4E0A "上" */
    0x0, 0x0, 0x4, 0xf0, 0x0, 0x0, 0x0, 0x0,
    0x0, 0x4, 0xf0, 0x0, 0x0, 0x0, 0x0, 0x0,
    0x4, 0xf0, 0x0, 0x0, 0x0, 0x0, 0x0, 0x4,
    0xf0, 0x0, 0x0, 0x0, 0x0, 0x0, 0x4, 0xf4,
    0x44, 0x44, 0x0, 0x0, 0x0, 0x4, 0xff, 0xff,
    0xff, 0x20, 0x0, 0x0, 0x4, 0xf0, 0x0, 0x0,
    0x0, 0x0, 0x0, 0x4, 0xf0, 0x0, 0x0, 0x0,
    0x0, 0x0, 0x4, 0xf0, 0x0, 0x0, 0x0, 0x0,
    0x0, 0x4, 0xf0, 0x0, 0x0, 0x0, 0x0, 0x0,
    0x4, 0xf0, 0x0, 0x0, 0x0, 0x5b, 0xbb, 0xbc,
    0xfb, 0xbb, 0xbb, 0xb1, 0x37, 0x77, 0x77, 0x77,
    0x77, 0x77, 0x71,

    /* U+4E0B "下" */
    0x3c, 0xcc, 0xcc, 0xcc, 0xcc, 0xcc, 0xc2, 0x17,
    0x77, 0x77, 0xfa, 0x77, 0x77, 0x71, 0x0, 0x0,
    0x0, 0xe5, 0x0, 0x0, 0x0, 0x0, 0x0, 0x0,
    0xe8, 0x0, 0x0, 0x0, 0x0, 0x0, 0x0, 0xef,
    0xe6, 0x0, 0x0, 0x0, 0x0, 0x0, 0xe5, 0x7f,
    0xc3, 0x0, 0x0, 0x0, 0x0, 0xe5, 0x1, 0xbf,
    0x40, 0x0, 0x0, 0x0, 0xe5, 0x0, 0x5, 0x0,
    0x0, 0x0, 0x0, 0xe5, 0x0, 0x0, 0x0, 0x0,
    0x0, 0x0, 0xe5, 0x0, 0x0, 0x0, 0x0, 0x0,
    0x0, 0xe5, 0x0, 0x0, 0x0, 0x0, 0x0, 0x0,
    0xe5, 0x0, 0x0, 0x0,

    /* U+4E0D "不" */
    0xf, 0xff, 0xff, 0xff, 0xff, 0xff, 0xf0, 0x4,
    0x44, 0x44, 0x6f, 0x84, 0x44, 0x40, 0x0, 0x0,
    0x0, 0xcd, 0x0, 0x0, 0x0, 0x0, 0x0, 0x9,
    0xfa, 0x41, 0x0, 0x0, 0x0, 0x0, 0x8f, 0xda,
    0xce, 0x30, 0x0, 0x0, 0xa, 0xf4, 0xaa, 0x8,
    0xf7, 0x0, 0x3, 0xde, 0x30, 0xaa, 0x0, 0x5f,
    0xa0, 0x2f, 0xb1, 0x0, 0xaa, 0x0, 0x3, 0xe3,
    0x2, 0x0, 0x0, 0xaa, 0x0, 0x0, 0x0, 0x0,
    0x0, 0x0, 0xaa, 0x0, 0x0, 0x0, 0x0, 0x0,
    0x0, 0xaa, 0x0, 0x0, 0x0, 0x0, 0x0, 0x0,
    0xaa, 0x0, 0x0, 0x0,

    /* U+4E0E "与" */
    0x0, 0x2, 0x70, 0x0, 0x0, 0x0, 0x0, 0x0,
    0x6c, 0x0, 0x0, 0x0, 0x0, 0x0, 0x9, 0xff,
    0xff, 0xff, 0xff, 0x60, 0x0, 0xd7, 0x22, 0x22,
    0x22, 0x21, 0x0, 0xf, 0x30, 0x0, 0x0, 0x0,
    0x0, 0x3, 0xf3, 0x22, 0x22, 0x22, 0x31, 0x0,
    0x7f, 0xff, 0xff, 0xff, 0xff, 0xa0, 0x0, 0x0,
    0x0, 0x0, 0x0, 0xb8, 0x3, 0x33, 0x33, 0x33,
    0x32, 0xd, 0x61, 0xff, 0xff, 0xff, 0xff, 0x90,
    0xf4, 0x0, 0x0, 0x0, 0x0, 0x0, 0x3f, 0x10,
    0x0, 0x0, 0x0, 0x22, 0x2a, 0xc0, 0x0, 0x0,
    0x0, 0xd, 0xff, 0xe3, 0x0, 0x0, 0x0, 0x0,
    0x0, 0x0, 0x0,

    /* U+4E2D "中" */
    0x0, 0x0, 0x6, 0xd0, 0x0, 0x0, 0x0, 0x0,
    0x6, 0xd0, 0x0, 0x0, 0x23, 0x33, 0x38, 0xe3,
    0x33, 0x31, 0xaf, 0xff, 0xff, 0xff, 0xff, 0xf8,
    0xa8, 0x0, 0x6, 0xd0, 0x0, 0xb8, 0xa8, 0x0,
    0x6, 0xd0, 0x0, 0xb8, 0xa8, 0x0, 0x6, 0xd0,
    0x0, 0xb8, 0xab, 0x55, 0x59, 0xe5, 0x55, 0xd8,
    0xae, 0xdd, 0xde, 0xfd, 0xdd, 0xf8, 0x65, 0x0,
    0x6, 0xd0, 0x0, 0x65, 0x0, 0x0, 0x6, 0xd0,
    0x0, 0x0, 0x0, 0x0, 0x6, 0xd0, 0x0, 0x0,
    0x0, 0x0, 0x6, 0xd0, 0x0, 0x0,

    /* U+4E32 "串" */
    0x0, 0x0, 0xe, 0x60, 0x0, 0x0, 0x1, 0x11,
    0x1e, 0x71, 0x11, 0x10, 0xf, 0xff, 0xff, 0xff,
    0xff, 0xf0, 0xf, 0x30, 0xe, 0x60, 0x4, 0xf0,
    0xf, 0x42, 0x2e, 0x72, 0x25, 0xf0, 0xf, 0xff,
    0xff, 0xff, 0xff, 0xf0, 0x12, 0x22, 0x2e, 0x72,
    0x22, 0x21, 0x9f, 0xff, 0xff, 0xff, 0xff, 0xfa,
    0x9a, 0x0, 0xe, 0x60, 0x0, 0xaa, 0x9b, 0x11,
    0x1e, 0x71, 0x11, 0xaa, 0x9f, 0xff, 0xff, 0xff,
    0xff, 0xfa, 0x45, 0x0, 0xe, 0x60, 0x0, 0x55,
    0x0, 0x0, 0xe, 0x60, 0x0, 0x0,

    /* U+4E3A "为" */
    0x0, 0x25, 0x3, 0xf0, 0x0, 0x0, 0x0, 0x4,
    0xf2, 0x3f, 0x0, 0x0, 0x0, 0x0, 0xa, 0xa3,
    0xf0, 0x0, 0x0, 0x0, 0x23, 0x54, 0x7f, 0x33,
    0x33, 0x32, 0xb, 0xff, 0xff, 0xff, 0xff, 0xff,
    0xb0, 0x0, 0x0, 0x8b, 0x0, 0x0, 0x8b, 0x0,
    0x0, 0xd, 0x73, 0x10, 0x9, 0xa0, 0x0, 0x3,
    0xf2, 0x8d, 0x0, 0xa9, 0x0, 0x0, 0xbb, 0x0,
    0xc8, 0xb, 0x80, 0x0, 0x5f, 0x30, 0x2, 0x50,
    0xd7, 0x0, 0x4f, 0x70, 0x0, 0x0, 0xf, 0x50,
    0x6f, 0x90, 0x0, 0x3, 0x36, 0xf2, 0x8, 0x60,
    0x0, 0x0, 0xbf, 0xf9, 0x0,

    /* U+4E3B "主" */
    0x0, 0x0, 0x6, 0x40, 0x0, 0x0, 0x0, 0x0,
    0x0, 0x6, 0xf7, 0x0, 0x0, 0x0, 0x0, 0x0,
    0x0, 0x4f, 0x30, 0x0, 0x0, 0xc, 0xff, 0xff,
    0xff, 0xff, 0xff, 0x50, 0x2, 0x33, 0x33, 0xe8,
    0x33, 0x33, 0x10, 0x0, 0x0, 0x0, 0xd6, 0x0,
    0x0, 0x0, 0x0, 0x0, 0x0, 0xd6, 0x0, 0x0,
    0x0, 0x1, 0xff, 0xff, 0xff, 0xff, 0xfb, 0x0,
    0x0, 0x33, 0x33, 0xe8, 0x33, 0x32, 0x0, 0x0,
    0x0, 0x0, 0xd6, 0x0, 0x0, 0x0, 0x0, 0x0,
    0x0, 0xd6, 0x0, 0x0, 0x0, 0x49, 0x99, 0x99,
    0xfc, 0x99, 0x99, 0x90, 0x49, 0x99, 0x99, 0x99,
    0x99, 0x99, 0x90,

    /* U+4E3E "举" */
    0x0, 0x32, 0x3, 0xa0, 0x0, 0x54, 0x0, 0x0,
    0x7e, 0x10, 0xe6, 0x2, 0xf5, 0x0, 0x1, 0x1c,
    0x71, 0x66, 0x1c, 0x91, 0x10, 0x1f, 0xff, 0xff,
    0xff, 0xff, 0xff, 0xf7, 0x0, 0x3, 0xe1, 0x0,
    0xe, 0x70, 0x0, 0x0, 0x2e, 0x50, 0x88, 0x3,
    0xf6, 0x0, 0x4, 0xe8, 0x22, 0xaa, 0x22, 0x6f,
    0xa1, 0x2e, 0x4a, 0xff, 0xff, 0xff, 0xb3, 0xd5,
    0x0, 0x0, 0x0, 0x99, 0x0, 0x0, 0x0, 0x9,
    0xdd, 0xdd, 0xff, 0xdd, 0xdd, 0xb0, 0x2, 0x44,
    0x44, 0xbb, 0x44, 0x44, 0x30, 0x0, 0x0, 0x0,
    0x99, 0x0, 0x0, 0x0, 0x0, 0x0, 0x0, 0x99,
    0x0, 0x0, 0x0,

    /* U+4E8E "于" */
    0x0, 0x0, 0x0, 0x0, 0x0, 0x0, 0x0, 0x1,
    0xff, 0xff, 0xff, 0xff, 0xff, 0x70, 0x0, 0x22,
    0x22, 0x6f, 0x22, 0x22, 0x10, 0x0, 0x0, 0x0,
    0x5e, 0x0, 0x0, 0x0, 0x0, 0x0, 0x0, 0x5e,
    0x0, 0x0, 0x0, 0x3, 0x33, 0x33, 0x7f, 0x33,
    0x33, 0x31, 0x1f, 0xff, 0xff, 0xff, 0xff, 0xff,
    0xf6, 0x0, 0x0, 0x0, 0x5e, 0x0, 0x0, 0x0,
    0x0, 0x0, 0x0, 0x5e, 0x0, 0x0, 0x0, 0x0,
    0x0, 0x0, 0x5e, 0x0, 0x0, 0x0, 0x0, 0x0,
    0x0, 0x5e, 0x0, 0x0, 0x0, 0x0, 0x0, 0x33,
    0x7e, 0x0, 0x0, 0x0, 0x0, 0x0, 0xef, 0xf8,
    0x0, 0x0, 0x0, 0x0, 0x0, 0x0, 0x0, 0x0,
    0x0, 0x0,

    /* U+4EA4 "交" */
    0x0, 0x0, 0x0, 0xc3, 0x0, 0x0, 0x0, 0x0,
    0x0, 0x0, 0x9c, 0x0, 0x0, 0x0, 0x1f, 0xff,
    0xff, 0xff, 0xff, 0xff, 0xf0, 0x3, 0x33, 0x74,
    0x33, 0x37, 0x33, 0x30, 0x0, 0x7, 0xf3, 0x0,
    0x2d, 0xb1, 0x0, 0x0, 0xae, 0x30, 0x0, 0x0,
    0xbe, 0x20, 0xb, 0xd2, 0xb3, 0x0, 0x2e, 0x1a,
    0xd0, 0x1, 0x0, 0x8c, 0x0, 0xbb, 0x0, 0x10,
    0x0, 0x0, 0xd, 0x86, 0xf2, 0x0, 0x0, 0x0,
    0x0, 0x2, 0xff, 0x40, 0x0, 0x0, 0x0, 0x0,
    0x3c, 0xee, 0xc4, 0x0, 0x0, 0x2, 0x7c, 0xf8,
    0x10, 0x8f, 0xd8, 0x40, 0x1e, 0xc7, 0x10, 0x0,
    0x1, 0x6b, 0xd1, 0x0, 0x0, 0x0, 0x0, 0x0,
    0x0, 0x0,

    /* U+4EC5 "仅" */
    0x0, 0x0, 0x62, 0x0, 0x0, 0x0, 0x0, 0x0,
    0x2, 0xf4, 0x22, 0x22, 0x22, 0x20, 0x0, 0xb,
    0xb8, 0xff, 0xff, 0xff, 0xf1, 0x0, 0x5f, 0x20,
    0xf2, 0x0, 0x4, 0xe0, 0x2, 0xfe, 0x0, 0xa7,
    0x0, 0x9, 0x90, 0x1d, 0xee, 0x0, 0x5d, 0x0,
    0xe, 0x40, 0x2c, 0x5e, 0x0, 0xe, 0x40, 0x6d,
    0x0, 0x0, 0x3e, 0x0, 0x8, 0xc1, 0xe6, 0x0,
    0x0, 0x3e, 0x0, 0x0, 0xed, 0xc0, 0x0, 0x0,
    0x3e, 0x0, 0x0, 0xaf, 0x50, 0x0, 0x0, 0x3e,
    0x0, 0x9, 0xe9, 0xf5, 0x0, 0x0, 0x3e, 0x5,
    0xec, 0x10, 0x5f, 0xb3, 0x0, 0x3e, 0x2d, 0x60,
    0x0, 0x1, 0xa8, 0x0, 0x0, 0x0, 0x0, 0x0,
    0x0, 0x0,

    /* U+4ECD "仍" */
    0x0, 0xc, 0x10, 0x0, 0x0, 0x0, 0x0, 0x5,
    0xd7, 0xff, 0xff, 0xff, 0x10, 0x0, 0xc7, 0x1,
    0xe5, 0x13, 0xe0, 0x0, 0x4f, 0x30, 0xe, 0x40,
    0x5b, 0x0, 0xd, 0xf2, 0x0, 0xf3, 0x9, 0x80,
    0x8, 0xdf, 0x20, 0xf, 0x20, 0xcf, 0xfc, 0x33,
    0xf2, 0x2, 0xf0, 0x2, 0x28, 0xc0, 0xf, 0x20,
    0x4e, 0x0, 0x0, 0x7b, 0x0, 0xf2, 0x8, 0xb0,
    0x0, 0x8, 0xa0, 0xf, 0x20, 0xd6, 0x0, 0x0,
    0x98, 0x0, 0xf2, 0x3f, 0x10, 0x0, 0xb, 0x60,
    0xf, 0x2c, 0x90, 0x1, 0x12, 0xf4, 0x0, 0xf5,
    0xd1, 0x0, 0x3f, 0xfb, 0x0, 0x1, 0x0, 0x0,
    0x0, 0x0, 0x0,

    /* U+4EE4 "令" */
    0x0, 0x0, 0x0, 0x28, 0x0, 0x0, 0x0, 0x0,
    0x0, 0x1, 0xdf, 0x20, 0x0, 0x0, 0x0, 0x0,
    0x3e, 0xa8, 0xe4, 0x0, 0x0, 0x0, 0x7, 0xf8,
    0x10, 0x6f, 0x91, 0x0, 0x5, 0xde, 0x42, 0xf5,
    0x3, 0xde, 0x71, 0x3f, 0x80, 0x0, 0x4f, 0x40,
    0x7, 0xe4, 0x0, 0x23, 0x33, 0x37, 0x33, 0x31,
    0x0, 0x0, 0xaf, 0xff, 0xff, 0xff, 0xfc, 0x0,
    0x0, 0x0, 0x0, 0x0, 0xb, 0xd1, 0x0, 0x0,
    0x0, 0x37, 0x0, 0xbd, 0x10, 0x0, 0x0, 0x0,
    0x4d, 0xdc, 0xd1, 0x0, 0x0, 0x0, 0x0, 0x0,
    0x9f, 0xa0, 0x0, 0x0, 0x0, 0x0, 0x0, 0x4,
    0xe7, 0x0, 0x0, 0x0, 0x0, 0x0, 0x0, 0x10,
    0x0, 0x0,

    /* U+4EE5 "以" */
    0x0, 0x0, 0x0, 0x0, 0x0, 0x0, 0x0, 0x72,
    0x0, 0x0, 0x0, 0x7c, 0x0, 0xe, 0x50, 0x9b,
    0x0, 0x8, 0xb0, 0x0, 0xe5, 0x1, 0xe6, 0x0,
    0x9a, 0x0, 0xe, 0x50, 0x6, 0xf1, 0xb, 0x80,
    0x0, 0xe5, 0x0, 0x6, 0x0, 0xe5, 0x0, 0xe,
    0x50, 0x0, 0x0, 0x2f, 0x20, 0x0, 0xe5, 0x0,
    0x0, 0x6, 0xe0, 0x0, 0xe, 0x50, 0x46, 0x0,
    0xd8, 0x0, 0x0, 0xe9, 0xdf, 0x60, 0x6f, 0xc1,
    0x0, 0x4f, 0xf8, 0x10, 0x4f, 0x7c, 0xc0, 0x7,
    0x81, 0x0, 0x7f, 0x80, 0x1d, 0xb0, 0x0, 0x0,
    0xde, 0x50, 0x0, 0x2f, 0x50, 0x0, 0x2, 0x10,
    0x0, 0x0, 0x10,

    /* U+4EEA "仪" */
    0x0, 0x8, 0x50, 0x2, 0x50, 0x0, 0x0, 0x0,
    0x1f, 0x3c, 0x23, 0xf1, 0x9, 0x90, 0x0, 0x9b,
    0xd, 0x50, 0xaa, 0xc, 0x60, 0x3, 0xf4, 0x9,
    0x90, 0x26, 0xf, 0x20, 0xd, 0xf3, 0x5, 0xd0,
    0x0, 0x5e, 0x0, 0xad, 0xf3, 0x0, 0xf3, 0x0,
    0xa9, 0x0, 0x52, 0xe3, 0x0, 0xa9, 0x1, 0xf2,
    0x0, 0x0, 0xe3, 0x0, 0x3f, 0x2a, 0xb0, 0x0,
    0x0, 0xe3, 0x0, 0xb, 0xdf, 0x20, 0x0, 0x0,
    0xe3, 0x0, 0x5, 0xfb, 0x0, 0x0, 0x0, 0xe3,
    0x0, 0x5f, 0x9f, 0xa0, 0x0, 0x0, 0xe3, 0x3b,
    0xe5, 0x3, 0xee, 0x60, 0x0, 0xe4, 0xd8, 0x10,
    0x0, 0x18, 0xd1, 0x0, 0x0, 0x0, 0x0, 0x0,
    0x0, 0x0,

    /* U+4EF6 "件" */
    0x0, 0x0, 0x0, 0x0, 0x0, 0x0, 0x0, 0x0,
    0xd, 0x41, 0x20, 0xe4, 0x0, 0x0, 0x0, 0x3f,
    0x7, 0xa0, 0xe4, 0x0, 0x0, 0x0, 0xb8, 0xb,
    0x70, 0xe4, 0x0, 0x0, 0x3, 0xf4, 0x1f, 0xff,
    0xff, 0xff, 0x60, 0xd, 0xf3, 0x6c, 0x33, 0xf7,
    0x33, 0x10, 0x8d, 0xf3, 0xc5, 0x0, 0xe4, 0x0,
    0x0, 0x43, 0xe3, 0x0, 0x0, 0xe4, 0x0, 0x0,
    0x0, 0xe3, 0xdf, 0xff, 0xff, 0xff, 0xf0, 0x0,
    0xe3, 0x23, 0x33, 0xf6, 0x33, 0x30, 0x0, 0xe3,
    0x0, 0x0, 0xe4, 0x0, 0x0, 0x0, 0xe3, 0x0,
    0x0, 0xe4, 0x0, 0x0, 0x0, 0xe3, 0x0, 0x0,
    0xe4, 0x0, 0x0, 0x0, 0xe3, 0x0, 0x0, 0xe4,
    0x0, 0x0,

    /* U+4EFD "份" */
    0x0, 0x7, 0x30, 0x13, 0x3, 0x30, 0x0, 0x0,
    0x1f, 0x20, 0x7b, 0x6, 0xb0, 0x0, 0x0, 0x8c,
    0x0, 0xd5, 0x2, 0xf1, 0x0, 0x1, 0xf5, 0x6,
    0xe0, 0x0, 0xb9, 0x0, 0xb, 0xf4, 0x1e, 0x50,
    0x0, 0x3f, 0x40, 0x6f, 0xf5, 0xde, 0x55, 0x55,
    0x6b, 0xf2, 0x45, 0xe4, 0x78, 0xcf, 0xdc, 0xdb,
    0x50, 0x0, 0xe4, 0x0, 0x1f, 0x10, 0x7b, 0x0,
    0x0, 0xe4, 0x0, 0x4e, 0x0, 0x8a, 0x0, 0x0,
    0xe4, 0x0, 0x99, 0x0, 0x99, 0x0, 0x0, 0xe4,
    0x2, 0xf3, 0x0, 0xb7, 0x0, 0x0, 0xe4, 0x2d,
    0x80, 0x22, 0xf4, 0x0, 0x0, 0xe4, 0x98, 0x0,
    0xae, 0xb0, 0x0, 0x0, 0x0, 0x0, 0x0, 0x0,
    0x0, 0x0,

    /* U+4F1A "会" */
    0x0, 0x0, 0x0, 0x16, 0x0, 0x0, 0x0, 0x0,
    0x0, 0x0, 0xcf, 0x10, 0x0, 0x0, 0x0, 0x0,
    0x1c, 0xca, 0xd2, 0x0, 0x0, 0x0, 0x5, 0xeb,
    0x0, 0x7f, 0x70, 0x0, 0x3, 0xbf, 0xa4, 0x44,
    0x47, 0xee, 0x71, 0x1e, 0x94, 0xdd, 0xdd, 0xdd,
    0x56, 0xd2, 0x0, 0x0, 0x0, 0x0, 0x0, 0x0,
    0x0, 0xa, 0xff, 0xff, 0xff, 0xff, 0xff, 0xe0,
    0x2, 0x33, 0x5f, 0x93, 0x36, 0x33, 0x30, 0x0,
    0x0, 0xcb, 0x0, 0x1e, 0x80, 0x0, 0x0, 0xc,
    0xc0, 0x0, 0x15, 0xf7, 0x0, 0x0, 0xdf, 0xde,
    0xff, 0xfe, 0xdf, 0x40, 0x0, 0x87, 0x54, 0x31,
    0x0, 0x8, 0x60,

    /* U+4F46 "但" */
    0x0, 0x7, 0x60, 0x0, 0x0, 0x0, 0x0, 0x0,
    0x1f, 0x4b, 0xff, 0xff, 0xff, 0x20, 0x0, 0x8d,
    0xc, 0x82, 0x22, 0x4f, 0x20, 0x2, 0xf6, 0xc,
    0x70, 0x0, 0x2f, 0x20, 0xc, 0xf5, 0xc, 0x71,
    0x11, 0x3f, 0x20, 0x9f, 0xf5, 0xc, 0xff, 0xff,
    0xff, 0x20, 0x74, 0xe5, 0xc, 0x70, 0x0, 0x2f,
    0x20, 0x0, 0xe5, 0xc, 0x70, 0x0, 0x2f, 0x20,
    0x0, 0xe5, 0xc, 0x82, 0x22, 0x4f, 0x20, 0x0,
    0xe5, 0xb, 0xff, 0xff, 0xff, 0x20, 0x0, 0xe5,
    0x0, 0x0, 0x0, 0x0, 0x0, 0x0, 0xe5, 0x44,
    0x44, 0x44, 0x44, 0x41, 0x0, 0xe5, 0xcd, 0xdd,
    0xdd, 0xdd, 0xd3,

    /* U+4F53 "体" */
    0x0, 0xb, 0x30, 0x0, 0xf2, 0x0, 0x0, 0x0,
    0x3f, 0x0, 0x0, 0xf2, 0x0, 0x0, 0x0, 0xaa,
    0x0, 0x1, 0xf2, 0x0, 0x0, 0x2, 0xf4, 0xef,
    0xff, 0xff, 0xff, 0xf4, 0xc, 0xf3, 0x11, 0x1d,
    0xff, 0x21, 0x10, 0x7f, 0xf3, 0x0, 0x3d, 0xfc,
    0x60, 0x0, 0x56, 0xe3, 0x0, 0xb6, 0xf5, 0xd0,
    0x0, 0x0, 0xe3, 0x4, 0xe0, 0xf2, 0xc6, 0x0,
    0x0, 0xe3, 0xd, 0x50, 0xf2, 0x3f, 0x20, 0x0,
    0xe3, 0xbc, 0x44, 0xf5, 0x4b, 0xd0, 0x0, 0xe6,
    0xd4, 0xdd, 0xfd, 0xd4, 0xc3, 0x0, 0xe3, 0x0,
    0x0, 0xf2, 0x0, 0x0, 0x0, 0xe3, 0x0, 0x0,
    0xf1, 0x0, 0x0,

    /* U+4F5C "作" */
    0x0, 0x4, 0x50, 0x6, 0x0, 0x0, 0x0, 0x0,
    0xc, 0x70, 0x4f, 0x0, 0x0, 0x0, 0x0, 0x4f,
    0x10, 0xbc, 0x66, 0x66, 0x61, 0x0, 0xd9, 0x3,
    0xfd, 0xfc, 0xcc, 0xc3, 0x8, 0xf6, 0xc, 0x83,
    0xf0, 0x0, 0x0, 0x4f, 0xf6, 0x8e, 0x3, 0xf3,
    0x33, 0x20, 0x78, 0xd6, 0x53, 0x3, 0xfe, 0xee,
    0xd0, 0x0, 0xd6, 0x0, 0x3, 0xf0, 0x0, 0x0,
    0x0, 0xd6, 0x0, 0x3, 0xf2, 0x22, 0x20, 0x0,
    0xd6, 0x0, 0x3, 0xff, 0xff, 0xf2, 0x0, 0xd6,
    0x0, 0x3, 0xf0, 0x0, 0x0, 0x0, 0xd6, 0x0,
    0x3, 0xf0, 0x0, 0x0, 0x0, 0xc6, 0x0, 0x3,
    0xf0, 0x0, 0x0,

    /* U+4F7F "使" */
    0x0, 0x7, 0x90, 0x0, 0xe4, 0x0, 0x0, 0x0,
    0xe, 0x62, 0x22, 0xf5, 0x22, 0x20, 0x0, 0x8c,
    0xbf, 0xff, 0xff, 0xff, 0xf3, 0x3, 0xf5, 0x0,
    0x0, 0xe4, 0x0, 0x0, 0x1d, 0xf4, 0x2e, 0xee,
    0xff, 0xee, 0xd0, 0xbd, 0xe4, 0x2e, 0x0, 0xe4,
    0x4, 0xe0, 0x52, 0xd4, 0x2e, 0x0, 0xe3, 0x3,
    0xe0, 0x0, 0xd4, 0x2f, 0xff, 0xff, 0xff, 0xe0,
    0x0, 0xd4, 0xa, 0x12, 0xf1, 0x0, 0x0, 0x0,
    0xd4, 0x8, 0xc9, 0xc0, 0x0, 0x0, 0x0, 0xd4,
    0x0, 0xaf, 0x90, 0x0, 0x0, 0x0, 0xd4, 0x29,
    0xf8, 0xce, 0x95, 0x20, 0x0, 0xd5, 0xca, 0x20,
    0x2, 0x7b, 0xd1,

    /* U+4F9B "供" */
    0x0, 0x0, 0x0, 0x0, 0x0, 0x0, 0x0, 0x0,
    0xd, 0x40, 0xe4, 0x0, 0xf3, 0x0, 0x0, 0x4e,
    0x0, 0xe4, 0x0, 0xf3, 0x0, 0x0, 0xc8, 0x0,
    0xe4, 0x0, 0xf3, 0x0, 0x5, 0xf4, 0xaf, 0xff,
    0xff, 0xff, 0xf2, 0x1e, 0xf4, 0x12, 0xe6, 0x22,
    0xf5, 0x20, 0xab, 0xe4, 0x0, 0xe4, 0x0, 0xf3,
    0x0, 0x41, 0xe4, 0x0, 0xe4, 0x0, 0xf3, 0x0,
    0x0, 0xe4, 0x99, 0xfb, 0x99, 0xfb, 0x93, 0x0,
    0xe4, 0x88, 0x88, 0x88, 0x88, 0x82, 0x0, 0xe4,
    0x0, 0x73, 0x0, 0x71, 0x0, 0x0, 0xe4, 0x6,
    0xe1, 0x0, 0xac, 0x0, 0x0, 0xe4, 0x4f, 0x40,
    0x0, 0xc, 0x90, 0x0, 0xe4, 0xa5, 0x0, 0x0,
    0x2, 0xc0, 0x0, 0x0, 0x0, 0x0, 0x0, 0x0,
    0x0,

    /* U+4FDD "保" */
    0x0, 0x5, 0x30, 0x0, 0x0, 0x0, 0x0, 0x0,
    0xe, 0x5e, 0xff, 0xff, 0xff, 0x40, 0x0, 0x7d,
    0xe, 0x41, 0x11, 0x1e, 0x40, 0x2, 0xf6, 0xe,
    0x30, 0x0, 0xe, 0x40, 0xc, 0xf4, 0xe, 0xba,
    0xaa, 0xaf, 0x40, 0xae, 0xe4, 0x6, 0x66, 0xf9,
    0x66, 0x10, 0x63, 0xd4, 0x0, 0x0, 0xe4, 0x0,
    0x0, 0x0, 0xd4, 0xdf, 0xff, 0xff, 0xff, 0xf2,
    0x0, 0xd4, 0x12, 0x2e, 0xff, 0x52, 0x20, 0x0,
    0xd4, 0x0, 0xaa, 0xe9, 0xe2, 0x0, 0x0, 0xd4,
    0x1b, 0xc0, 0xe4, 0x8e, 0x30, 0x0, 0xd6, 0xeb,
    0x0, 0xe4, 0x8, 0xf3, 0x0, 0xd4, 0x30, 0x0,
    0xe4, 0x0, 0x30,

    /* U+4FE1 "信" */
    0x0, 0x0, 0x0, 0x0, 0x0, 0x0, 0x0, 0x0,
    0xb, 0x30, 0x2, 0xd0, 0x0, 0x0, 0x0, 0x3f,
    0x0, 0x0, 0xc6, 0x0, 0x0, 0x0, 0xa9, 0x9b,
    0xbb, 0xdb, 0xbb, 0xb0, 0x2, 0xf4, 0x34, 0x44,
    0x44, 0x44, 0x40, 0xb, 0xf3, 0x2, 0x44, 0x44,
    0x44, 0x0, 0x6e, 0xe3, 0x7, 0xbb, 0xbb, 0xbb,
    0x20, 0x75, 0xe3, 0x2, 0x44, 0x44, 0x44, 0x0,
    0x0, 0xe3, 0x7, 0xbb, 0xbb, 0xbb, 0x20, 0x0,
    0xe3, 0x2, 0x33, 0x33, 0x33, 0x10, 0x0, 0xe3,
    0xd, 0xdc, 0xcc, 0xce, 0x60, 0x0, 0xe3, 0xd,
    0x30, 0x0, 0xb, 0x60, 0x0, 0xe3, 0xd, 0x42,
    0x22, 0x2b, 0x60, 0x0, 0xe3, 0xd, 0xdd, 0xdd,
    0xdf, 0x60, 0x0, 0x10, 0x0, 0x0, 0x0, 0x0,
    0x0,

    /* U+4FEE "修" */
    0x0, 0x5, 0x0, 0x3, 0x50, 0x0, 0x0, 0x0,
    0x3e, 0x0, 0xb, 0x91, 0x11, 0x10, 0x0, 0x98,
    0x0, 0x6f, 0xee, 0xef, 0xe0, 0x1, 0xf3, 0x5,
    0xfe, 0x40, 0x1d, 0x50, 0xa, 0xf3, 0xc8, 0x42,
    0xe9, 0xe7, 0x0, 0x5f, 0xf3, 0xe1, 0x15, 0xce,
    0xe7, 0x20, 0x76, 0xe3, 0xea, 0xfa, 0x42, 0x5a,
    0xf6, 0x0, 0xe3, 0xe2, 0x1, 0x8d, 0x30, 0x0,
    0x0, 0xe3, 0xe1, 0x5d, 0x60, 0x7a, 0x0, 0x0,
    0xe3, 0xe1, 0x1, 0x7d, 0x90, 0x40, 0x0, 0xe3,
    0xe1, 0x3c, 0x71, 0x2b, 0xc1, 0x0, 0xe3, 0x0,
    0x3, 0x7c, 0xd6, 0x0, 0x0, 0xe3, 0x1, 0xdb,
    0x73, 0x0, 0x0,

    /* U+503C "值" */
    0x0, 0x0, 0x0, 0x0, 0x0, 0x0, 0x0, 0x0,
    0x8, 0x50, 0x0, 0xb8, 0x0, 0x0, 0x0, 0xf,
    0x42, 0x22, 0xd7, 0x22, 0x20, 0x0, 0x7c, 0x6d,
    0xdd, 0xfe, 0xdd, 0xd0, 0x1, 0xe5, 0x0, 0x2,
    0xf0, 0x0, 0x0, 0xa, 0xf3, 0xa, 0xfe, 0xee,
    0xef, 0x30, 0x5f, 0xf3, 0xa, 0x60, 0x0, 0xd,
    0x30, 0x47, 0xe3, 0xa, 0xfe, 0xee, 0xef, 0x30,
    0x0, 0xe3, 0xa, 0x60, 0x0, 0xd, 0x30, 0x0,
    0xe3, 0xa, 0xed, 0xdd, 0xdf, 0x30, 0x0, 0xe3,
    0xa, 0x60, 0x0, 0xd, 0x30, 0x0, 0xe3, 0xa,
    0xed, 0xdd, 0xdf, 0x30, 0x0, 0xe3, 0x3c, 0x84,
    0x44, 0x4e, 0x61, 0x0, 0xe3, 0xff, 0xff, 0xff,
    0xff, 0xf7,

    /* U+504F "偏" */
    0x0, 0x3, 0x30, 0x1, 0x70, 0x0, 0x0, 0x0,
    0xd6, 0x11, 0x1e, 0x61, 0x10, 0x0, 0x6e, 0x4f,
    0xee, 0xee, 0xef, 0xb0, 0x1e, 0x63, 0xd0, 0x0,
    0x0, 0x7b, 0xb, 0xf4, 0x3f, 0xff, 0xff, 0xff,
    0xb9, 0xee, 0x43, 0xd0, 0x0, 0x0, 0x0, 0x53,
    0xd4, 0x4d, 0xbf, 0xff, 0xff, 0xe0, 0xd, 0x45,
    0xcc, 0xc, 0xd, 0xe, 0x0, 0xd4, 0x6a, 0xc0,
    0xc0, 0xd0, 0xe0, 0xd, 0x48, 0x8c, 0xff, 0xff,
    0xfe, 0x0, 0xd4, 0xc5, 0xc0, 0xc0, 0xd0, 0xe0,
    0xd, 0x5f, 0x1c, 0xc, 0xd, 0xe, 0x0, 0xd5,
    0x80, 0xc0, 0x90, 0x9c, 0xa0,

    /* U+505C "停" */
    0x0, 0x8, 0x20, 0x1, 0xb1, 0x0, 0x0, 0x0,
    0x1f, 0x79, 0x99, 0xfb, 0x99, 0x92, 0x0, 0x8b,
    0x46, 0x66, 0x66, 0x66, 0x61, 0x1, 0xf4, 0x9,
    0xdd, 0xdd, 0xdd, 0x10, 0xb, 0xf2, 0xb, 0x60,
    0x0, 0xf, 0x20, 0x6f, 0xf2, 0x9, 0xdd, 0xdd,
    0xde, 0x10, 0x47, 0xe2, 0x11, 0x11, 0x11, 0x11,
    0x10, 0x0, 0xe2, 0xee, 0xee, 0xee, 0xee, 0xf4,
    0x0, 0xe2, 0xe5, 0x55, 0x55, 0x54, 0xc4, 0x0,
    0xe2, 0x36, 0x99, 0xfb, 0x98, 0x31, 0x0, 0xe2,
    0x0, 0x0, 0xe4, 0x0, 0x0, 0x0, 0xe2, 0x0,
    0x0, 0xe4, 0x0, 0x0, 0x0, 0xe2, 0x0, 0xdf,
    0xe1, 0x0, 0x0, 0x0, 0x0, 0x0, 0x0, 0x0,
    0x0, 0x0,

    /* U+5143 "元" */
    0x0, 0xef, 0xff, 0xff, 0xff, 0xff, 0x0, 0x0,
    0x33, 0x33, 0x33, 0x33, 0x33, 0x0, 0x0, 0x0,
    0x0, 0x0, 0x0, 0x0, 0x0, 0x0, 0x0, 0x0,
    0x0, 0x0, 0x0, 0x0, 0x2d, 0xdd, 0xdd, 0xdd,
    0xdd, 0xdd, 0xd2, 0x15, 0x55, 0xda, 0x55, 0xf8,
    0x55, 0x51, 0x0, 0x0, 0xd6, 0x0, 0xe5, 0x0,
    0x0, 0x0, 0x0, 0xf3, 0x0, 0xe5, 0x0, 0x0,
    0x0, 0x5, 0xe0, 0x0, 0xe5, 0x0, 0x41, 0x0,
    0x1d, 0x80, 0x0, 0xe5, 0x0, 0xb6, 0x2, 0xcc,
    0x0, 0x0, 0xe6, 0x12, 0xd4, 0x1f, 0xa1, 0x0,
    0x0, 0x9f, 0xff, 0xc0, 0x1, 0x0, 0x0, 0x0,
    0x0, 0x0, 0x0,

    /* U+5148 "先" */
    0x0, 0x9, 0x20, 0xd6, 0x0, 0x0, 0x0, 0x0,
    0x3f, 0x10, 0xd6, 0x0, 0x0, 0x0, 0x0, 0x8f,
    0xee, 0xff, 0xee, 0xed, 0x0, 0x1, 0xf6, 0x44,
    0xd8, 0x44, 0x43, 0x0, 0x8, 0xc0, 0x0, 0xd6,
    0x0, 0x0, 0x0, 0x1, 0x20, 0x0, 0xd6, 0x0,
    0x0, 0x0, 0x5d, 0xdd, 0xdd, 0xfe, 0xdd, 0xdd,
    0xd2, 0x25, 0x55, 0xe9, 0x55, 0xf7, 0x55, 0x51,
    0x0, 0x0, 0xf3, 0x0, 0xf2, 0x0, 0x0, 0x0,
    0x4, 0xf0, 0x0, 0xf2, 0x0, 0x0, 0x0, 0xd,
    0x90, 0x0, 0xf2, 0x0, 0xe1, 0x2, 0xcd, 0x10,
    0x0, 0xf4, 0x23, 0xf0, 0x4f, 0xa1, 0x0, 0x0,
    0xaf, 0xff, 0x90, 0x2, 0x0, 0x0, 0x0, 0x0,
    0x0, 0x0,

    /* U+5165 "入" */
    0x0, 0x0, 0x31, 0x0, 0x0, 0x0, 0x0, 0x0,
    0x0, 0xbe, 0x20, 0x0, 0x0, 0x0, 0x0, 0x0,
    0xb, 0xd0, 0x0, 0x0, 0x0, 0x0, 0x0, 0x0,
    0xe9, 0x0, 0x0, 0x0, 0x0, 0x0, 0x0, 0xef,
    0x30, 0x0, 0x0, 0x0, 0x0, 0x3, 0xfd, 0xb0,
    0x0, 0x0, 0x0, 0x0, 0x9, 0xd2, 0xf4, 0x0,
    0x0, 0x0, 0x0, 0x1f, 0x70, 0x9c, 0x0, 0x0,
    0x0, 0x0, 0x9e, 0x0, 0x2f, 0x60, 0x0, 0x0,
    0x4, 0xf5, 0x0, 0x8, 0xf2, 0x0, 0x0, 0x4f,
    0x90, 0x0, 0x0, 0xde, 0x20, 0x7, 0xfa, 0x0,
    0x0, 0x0, 0x1e, 0xe3, 0x1c, 0x70, 0x0, 0x0,
    0x0, 0x1, 0xb2, 0x0, 0x0, 0x0, 0x0, 0x0,
    0x0, 0x0,

    /* U+5173 "关" */
    0x0, 0x5, 0x80, 0x0, 0x2, 0xd2, 0x0, 0x0,
    0x2, 0xf3, 0x0, 0x9, 0xc0, 0x0, 0x0, 0x0,
    0x97, 0x0, 0x3f, 0x30, 0x0, 0x0, 0xff, 0xff,
    0xff, 0xff, 0xff, 0x80, 0x0, 0x22, 0x22, 0x8f,
    0x22, 0x22, 0x10, 0x0, 0x0, 0x0, 0x6e, 0x0,
    0x0, 0x0, 0x3, 0x33, 0x33, 0x9e, 0x33, 0x33,
    0x31, 0xd, 0xff, 0xff, 0xff, 0xff, 0xff, 0xf4,
    0x0, 0x0, 0x0, 0xef, 0x90, 0x0, 0x0, 0x0,
    0x0, 0xa, 0xf4, 0xf5, 0x0, 0x0, 0x0, 0x1,
    0xbf, 0x40, 0x6f, 0x70, 0x0, 0x1, 0x8f, 0xd3,
    0x0, 0x5, 0xfd, 0x61, 0xc, 0xe7, 0x0, 0x0,
    0x0, 0x19, 0xf4, 0x0, 0x0, 0x0, 0x0, 0x0,
    0x0, 0x0,

    /* U+5177 "具" */
    0x0, 0x2f, 0xff, 0xff, 0xff, 0xf3, 0x0, 0x0,
    0x2f, 0x0, 0x0, 0x0, 0xf3, 0x0, 0x0, 0x2f,
    0xee, 0xee, 0xee, 0xf3, 0x0, 0x0, 0x2f, 0x0,
    0x0, 0x0, 0xf3, 0x0, 0x0, 0x2f, 0xee, 0xee,
    0xee, 0xf3, 0x0, 0x0, 0x2f, 0x0, 0x0, 0x0,
    0xf3, 0x0, 0x0, 0x2f, 0xee, 0xee, 0xee, 0xf3,
    0x0, 0x0, 0x2f, 0x0, 0x0, 0x0, 0xf3, 0x0,
    0x6f, 0xff, 0xff, 0xff, 0xff, 0xff, 0xf4, 0x1,
    0x14, 0xc4, 0x11, 0x6d, 0x61, 0x10, 0x2, 0xaf,
    0x90, 0x0, 0x7, 0xec, 0x40, 0x3f, 0xa2, 0x0,
    0x0, 0x0, 0x8, 0xe2, 0x0, 0x0, 0x0, 0x0,
    0x0, 0x0, 0x0,

    /* U+5185 "内" */
    0x0, 0x0, 0xe, 0x50, 0x0, 0x0, 0x0, 0x0,
    0xe, 0x50, 0x0, 0x0, 0x23, 0x33, 0x3f, 0x73,
    0x33, 0x31, 0xdf, 0xff, 0xff, 0xff, 0xff, 0xf7,
    0xd5, 0x0, 0xf, 0x30, 0x0, 0xb7, 0xd5, 0x0,
    0x3f, 0x20, 0x0, 0xb7, 0xd5, 0x0, 0x9e, 0xe2,
    0x0, 0xb7, 0xd5, 0x3, 0xf3, 0x8f, 0x30, 0xb7,
    0xd5, 0x3e, 0x80, 0x7, 0xf4, 0xb7, 0xd7, 0xf7,
    0x0, 0x0, 0x7a, 0xb7, 0xd5, 0x10, 0x0, 0x0,
    0x0, 0xb7, 0xd5, 0x0, 0x0, 0x0, 0x33, 0xc7,
    0xd5, 0x0, 0x0, 0x0, 0xff, 0xd3,

    /* U+51C6 "准" */
    0x0, 0x0, 0x0, 0x72, 0x27, 0x0, 0x0, 0xe,
    0x40, 0x1, 0xf1, 0x1f, 0x40, 0x0, 0x7, 0xe0,
    0x8, 0xd5, 0x5b, 0x95, 0x50, 0x0, 0xe7, 0x1f,
    0xcb, 0xbf, 0xcb, 0xb2, 0x0, 0x42, 0xaf, 0x40,
    0xe, 0x30, 0x0, 0x0, 0x6, 0xee, 0x84, 0x4f,
    0x74, 0x40, 0x0, 0x8, 0x4d, 0xdc, 0xcf, 0xcc,
    0xb0, 0x0, 0x27, 0xd, 0x40, 0xe, 0x30, 0x0,
    0x0, 0x9a, 0xd, 0xff, 0xff, 0xff, 0xd0, 0x1,
    0xf4, 0xd, 0x51, 0x1f, 0x41, 0x10, 0x8, 0xd0,
    0xd, 0x40, 0xe, 0x30, 0x0, 0x1f, 0x60, 0xd,
    0xee, 0xef, 0xee, 0xe6, 0x3, 0x0, 0xd, 0x62,
    0x22, 0x22, 0x21,

    /* U+51FA "出" */
    0x0, 0x0, 0x6, 0xe0, 0x0, 0x0, 0x8, 0x60,
    0x6, 0xe0, 0x0, 0xb2, 0xb, 0x80, 0x6, 0xe0,
    0x1, 0xf3, 0xb, 0x80, 0x6, 0xe0, 0x1, 0xf3,
    0xb, 0x80, 0x6, 0xe0, 0x1, 0xf3, 0xb, 0xff,
    0xff, 0xff, 0xff, 0xf3, 0x2, 0x33, 0x38, 0xf3,
    0x33, 0x30, 0x4b, 0x0, 0x6, 0xe0, 0x0, 0x69,
    0x6e, 0x0, 0x6, 0xe0, 0x0, 0x8c, 0x6e, 0x0,
    0x6, 0xe0, 0x0, 0x8c, 0x6e, 0x0, 0x6, 0xe0,
    0x0, 0x8c, 0x6f, 0xdd, 0xde, 0xfd, 0xdd, 0xec,
    0x25, 0x55, 0x55, 0x55, 0x55, 0xbc,

    /* U+51FB "击" */
    0x0, 0x0, 0x5, 0xe0, 0x0, 0x0, 0x0, 0x0,
    0x0, 0x5e, 0x0, 0x0, 0x0, 0xc, 0xee, 0xee,
    0xfe, 0xee, 0xe5, 0x0, 0x44, 0x44, 0x8e, 0x44,
    0x44, 0x20, 0x0, 0x0, 0x5, 0xe0, 0x0, 0x0,
    0x3, 0x33, 0x33, 0x8e, 0x33, 0x33, 0x31, 0xdf,
    0xff, 0xff, 0xff, 0xff, 0xff, 0x50, 0x30, 0x0,
    0x5e, 0x0, 0x3, 0x0, 0xf, 0x40, 0x5, 0xe0,
    0x0, 0xf3, 0x0, 0xf4, 0x0, 0x5e, 0x0, 0xf,
    0x30, 0xf, 0x40, 0x5, 0xe0, 0x0, 0xf3, 0x0,
    0xfd, 0xcc, 0xdf, 0xcc, 0xcf, 0x30, 0x6, 0x66,
    0x66, 0x66, 0x66, 0xf3, 0x0,

    /* U+5207 "切" */
    0x0, 0xe3, 0x1, 0x88, 0x88, 0x88, 0x82, 0x0,
    0xe3, 0x2, 0x9a, 0xfa, 0x99, 0xf4, 0x0, 0xe3,
    0x35, 0x1, 0xf1, 0x0, 0xf4, 0x49, 0xff, 0xea,
    0x1, 0xf1, 0x0, 0xf3, 0x68, 0xf4, 0x0, 0x2,
    0xf0, 0x0, 0xf3, 0x0, 0xe3, 0x0, 0x4, 0xe0,
    0x0, 0xf2, 0x0, 0xe3, 0x0, 0x7, 0xb0, 0x1,
    0xf2, 0x0, 0xe3, 0x5b, 0xb, 0x80, 0x2, 0xf1,
    0x1, 0xff, 0xd6, 0x2f, 0x20, 0x4, 0xf0, 0x5,
    0xc4, 0x0, 0xbb, 0x0, 0x6, 0xd0, 0x0, 0x0,
    0xa, 0xe1, 0x3, 0x2b, 0xa0, 0x0, 0x0, 0x6d,
    0x20, 0xf, 0xfe, 0x30, 0x0, 0x0, 0x0, 0x0,
    0x0, 0x0, 0x0,

    /* U+5217 "列" */
    0x0, 0x0, 0x0, 0x0, 0x0, 0x3, 0xf3, 0xff,
    0xff, 0xff, 0xf0, 0x0, 0x3f, 0x2, 0x3f, 0x32,
    0x22, 0x1f, 0x13, 0xf0, 0x5, 0xd0, 0x0, 0x1,
    0xf1, 0x3f, 0x0, 0xaf, 0xdd, 0xe7, 0x1f, 0x13,
    0xf0, 0x1f, 0x54, 0x4d, 0x61, 0xf1, 0x3f, 0xa,
    0xb0, 0x0, 0xf2, 0x1f, 0x13, 0xf2, 0xe5, 0xb1,
    0x6d, 0x1, 0xf1, 0x3f, 0x1, 0x1b, 0xed, 0x70,
    0x1f, 0x13, 0xf0, 0x0, 0xc, 0xd0, 0x1, 0xd1,
    0x3f, 0x0, 0x6, 0xf3, 0x0, 0x0, 0x3, 0xf0,
    0x19, 0xf5, 0x0, 0x0, 0x1, 0x4f, 0xa, 0xc2,
    0x0, 0x0, 0x0, 0xff, 0xa0, 0x0, 0x0, 0x0,
    0x0, 0x0, 0x0,

    /* U+521D "初" */
    0x0, 0x65, 0x0, 0x0, 0x0, 0x0, 0x0, 0x0,
    0x5e, 0x11, 0x99, 0x99, 0x99, 0xa1, 0x2, 0x2b,
    0x41, 0xbb, 0xfc, 0xbb, 0xf2, 0x3f, 0xff, 0xf7,
    0x0, 0xf3, 0x0, 0xf1, 0x0, 0x2, 0xf2, 0x1,
    0xf2, 0x1, 0xf1, 0x0, 0xc, 0x83, 0x2, 0xf0,
    0x1, 0xf0, 0x0, 0x9f, 0x7d, 0x14, 0xe0, 0x2,
    0xf0, 0x8, 0xff, 0xf3, 0x7, 0xb0, 0x3, 0xf0,
    0x5e, 0x7f, 0x6d, 0xb, 0x70, 0x4, 0xe0, 0x2,
    0x4f, 0x3, 0x1f, 0x20, 0x5, 0xd0, 0x0, 0x4f,
    0x0, 0xac, 0x0, 0x7, 0xb0, 0x0, 0x4f, 0x7,
    0xf3, 0x12, 0x1c, 0x80, 0x0, 0x4f, 0xb, 0x60,
    0x3f, 0xfd, 0x10, 0x0, 0x1, 0x0, 0x0, 0x0,
    0x0, 0x0,

    /* U+5224 "判" */
    0x1, 0x2, 0xf1, 0x1, 0x0, 0x4, 0xe0, 0xc6,
    0x2f, 0x15, 0xd0, 0x0, 0x4e, 0x5, 0xd2, 0xf1,
    0xc6, 0x3f, 0x4, 0xe0, 0xd, 0x5f, 0x5e, 0x3,
    0xf0, 0x4e, 0x7, 0x9a, 0xf9, 0xa5, 0x3f, 0x4,
    0xe0, 0x79, 0xaf, 0x99, 0x53, 0xf0, 0x4e, 0x0,
    0x2, 0xf0, 0x0, 0x3f, 0x4, 0xe1, 0x33, 0x5f,
    0x33, 0x23, 0xf0, 0x4e, 0x5e, 0xef, 0xfe, 0xee,
    0x3f, 0x4, 0xe0, 0x0, 0xb9, 0x0, 0x2, 0xb0,
    0x4e, 0x0, 0x3f, 0x30, 0x0, 0x0, 0x4, 0xe0,
    0x2e, 0x90, 0x0, 0x0, 0x22, 0x6e, 0xa, 0xa0,
    0x0, 0x0, 0x8, 0xff, 0x80, 0x0, 0x0, 0x0,
    0x0, 0x0, 0x0,

    /* U+522B "别" */
    0x0, 0x0, 0x0, 0x0, 0x0, 0x5, 0xd0, 0xef,
    0xff, 0xfe, 0x0, 0x0, 0x5d, 0xe, 0x31, 0x14,
    0xe0, 0x4d, 0x5, 0xd0, 0xe2, 0x0, 0x3e, 0x4,
    0xd0, 0x5d, 0xe, 0xa9, 0x9a, 0xe0, 0x4d, 0x5,
    0xd0, 0x78, 0xa8, 0x87, 0x4, 0xd0, 0x5d, 0x0,
    0xf, 0x30, 0x0, 0x4d, 0x5, 0xd3, 0xff, 0xff,
    0xff, 0x24, 0xd0, 0x5d, 0x1, 0x4f, 0x12, 0xf1,
    0x4d, 0x5, 0xd0, 0x6, 0xc0, 0x1f, 0x13, 0xa0,
    0x5d, 0x0, 0xd6, 0x3, 0xf0, 0x0, 0x5, 0xd0,
    0xad, 0x13, 0x8d, 0x0, 0x12, 0x7d, 0x4c, 0x11,
    0xed, 0x50, 0x6, 0xff, 0x80, 0x0, 0x0, 0x0,
    0x0, 0x0, 0x0,

    /* U+5230 "到" */
    0x0, 0x0, 0x0, 0x0, 0x0, 0x3, 0xe0, 0xff,
    0xff, 0xff, 0xf3, 0x80, 0x3e, 0x0, 0x2f, 0x34,
    0x30, 0x1f, 0x13, 0xe0, 0xa, 0x90, 0x5d, 0x1,
    0xf1, 0x3e, 0x6, 0xf8, 0x89, 0xf9, 0x1f, 0x13,
    0xe0, 0x6b, 0x98, 0x65, 0xd1, 0xf1, 0x3e, 0x0,
    0x0, 0xe2, 0x0, 0x1f, 0x13, 0xe0, 0x57, 0x7f,
    0x97, 0x71, 0xf1, 0x3e, 0x6, 0x99, 0xfa, 0x98,
    0x1f, 0x13, 0xe0, 0x0, 0xf, 0x20, 0x0, 0xf0,
    0x3e, 0x0, 0x0, 0xf8, 0x9c, 0x10, 0x3, 0xe0,
    0xad, 0xfe, 0xb7, 0x40, 0x12, 0x5e, 0x8, 0x52,
    0x0, 0x0, 0x2, 0xfe, 0x80,

    /* U+5236 "制" */
    0x4, 0x82, 0xf0, 0x0, 0x0, 0x3, 0xe0, 0x99,
    0x2f, 0x0, 0x0, 0xa2, 0x3e, 0xe, 0xff, 0xff,
    0xfb, 0xe, 0x33, 0xe5, 0xe1, 0x4f, 0x11, 0x0,
    0xe3, 0x3e, 0x5c, 0x8a, 0xf8, 0x88, 0x2e, 0x33,
    0xe4, 0x88, 0xaf, 0x88, 0x82, 0xe3, 0x3e, 0x1,
    0x24, 0xf2, 0x21, 0xe, 0x33, 0xe0, 0xef, 0xff,
    0xff, 0xa0, 0xe3, 0x3e, 0xe, 0x22, 0xf0, 0x7a,
    0xe, 0x33, 0xe0, 0xe2, 0x2f, 0x7, 0xa0, 0x0,
    0x3e, 0xe, 0x22, 0xf0, 0x7a, 0x0, 0x3, 0xe0,
    0xe2, 0x2f, 0x7f, 0x70, 0x13, 0x6e, 0x0, 0x2,
    0xf0, 0x0, 0x4, 0xfe, 0x80, 0x0, 0x0, 0x0,
    0x0, 0x0, 0x0,

    /* U+5237 "刷" */
    0x0, 0x0, 0x0, 0x0, 0x0, 0x3, 0xe0, 0x9f,
    0xff, 0xff, 0xf0, 0x20, 0x3e, 0x9, 0x81, 0x11,
    0x2f, 0xf, 0x13, 0xe0, 0x9a, 0x44, 0x45, 0xf0,
    0xf1, 0x3e, 0x9, 0xed, 0xdf, 0xdd, 0xf, 0x13,
    0xe0, 0x98, 0x1, 0xe0, 0x0, 0xf1, 0x3e, 0x9,
    0xbc, 0xcf, 0xcc, 0x1f, 0x13, 0xe0, 0x9c, 0xb5,
    0xf4, 0xe1, 0xf1, 0x3e, 0xa, 0xaa, 0x1e, 0xe,
    0x1f, 0x13, 0xe0, 0xd8, 0xa1, 0xe0, 0xe1, 0xd1,
    0x3e, 0xf, 0x6a, 0x1e, 0x2e, 0x10, 0x3, 0xe5,
    0xc4, 0x81, 0xe8, 0x90, 0x13, 0x6e, 0x24, 0x0,
    0x1e, 0x0, 0x1, 0xfe, 0x80,

    /* U+524D "前" */
    0x0, 0x0, 0x0, 0x0, 0x0, 0x0, 0x0, 0x0,
    0xc, 0x60, 0x0, 0x2, 0xe3, 0x0, 0x0, 0x5,
    0xf1, 0x0, 0xb, 0xa0, 0x0, 0x1d, 0xdd, 0xfd,
    0xdd, 0xdf, 0xed, 0xd6, 0x4, 0x44, 0x44, 0x44,
    0x44, 0x44, 0x42, 0x1, 0x33, 0x33, 0x30, 0x0,
    0x7, 0x60, 0x6, 0xfd, 0xde, 0xc0, 0x99, 0xa,
    0x90, 0x6, 0xb0, 0x5, 0xc0, 0x99, 0xa, 0x90,
    0x6, 0xfe, 0xef, 0xc0, 0x99, 0xa, 0x90, 0x6,
    0xb0, 0x6, 0xc0, 0x99, 0xa, 0x90, 0x6, 0xea,
    0xac, 0xc0, 0x99, 0xa, 0x90, 0x6, 0xc4, 0x48,
    0xc0, 0x66, 0xa, 0x90, 0x6, 0xb0, 0x5, 0xc0,
    0x1, 0x1b, 0x80, 0x6, 0xb0, 0xdf, 0x80, 0x8,
    0xfe, 0x40, 0x0, 0x0, 0x0, 0x0, 0x0, 0x0,
    0x0,

    /* U+526F "副" */
    0x0, 0x0, 0x0, 0x0, 0x0, 0x1, 0xf1, 0x1f,
    0xff, 0xff, 0xff, 0xa0, 0x1, 0xf1, 0x0, 0x0,
    0x0, 0x0, 0x7, 0x81, 0xf1, 0x3, 0xff, 0xff,
    0xfe, 0x8, 0x81, 0xf1, 0x3, 0xd0, 0x0, 0x3e,
    0x8, 0x81, 0xf1, 0x3, 0xff, 0xff, 0xfe, 0x8,
    0x81, 0xf1, 0x0, 0x0, 0x0, 0x0, 0x8, 0x81,
    0xf1, 0xb, 0xff, 0xff, 0xff, 0x78, 0x81, 0xf1,
    0xb, 0x50, 0xb6, 0xa, 0x78, 0x81, 0xf1, 0xb,
    0xfe, 0xff, 0xef, 0x74, 0x41, 0xf1, 0xb, 0x50,
    0xb6, 0xa, 0x70, 0x1, 0xf1, 0xb, 0xb8, 0xdb,
    0x8d, 0x70, 0x24, 0xf1, 0xb, 0x96, 0x66, 0x6c,
    0x71, 0xff, 0xb0,

    /* U+529B "力" */
    0x0, 0x0, 0x5, 0xe0, 0x0, 0x0, 0x0, 0x0,
    0x0, 0x5e, 0x0, 0x0, 0x0, 0x0, 0x0, 0x5,
    0xe0, 0x0, 0x0, 0x0, 0xcf, 0xff, 0xff, 0xff,
    0xff, 0xfb, 0x3, 0x44, 0x49, 0xe4, 0x44, 0x4a,
    0xa0, 0x0, 0x0, 0x9b, 0x0, 0x0, 0x99, 0x0,
    0x0, 0xc, 0x80, 0x0, 0xa, 0x80, 0x0, 0x1,
    0xf4, 0x0, 0x0, 0xc7, 0x0, 0x0, 0x9e, 0x0,
    0x0, 0xd, 0x60, 0x0, 0x3f, 0x60, 0x0, 0x0,
    0xf4, 0x0, 0x2e, 0xb0, 0x0, 0x0, 0x2f, 0x20,
    0x4e, 0xc0, 0x0, 0x13, 0x29, 0xe0, 0xd, 0x90,
    0x0, 0x1, 0xff, 0xe5, 0x0, 0x0, 0x0, 0x0,
    0x0, 0x0, 0x0,

    /* U+529F "功" */
    0x0, 0x0, 0x0, 0x0, 0xb7, 0x0, 0x0, 0x2,
    0x22, 0x22, 0x0, 0xb7, 0x0, 0x0, 0x3d, 0xdf,
    0xdc, 0x0, 0xc7, 0x0, 0x0, 0x0, 0x3e, 0x0,
    0xdd, 0xfe, 0xdd, 0xe3, 0x0, 0x3e, 0x0, 0x44,
    0xe8, 0x44, 0xf3, 0x0, 0x3e, 0x0, 0x0, 0xe4,
    0x0, 0xf3, 0x0, 0x3e, 0x0, 0x0, 0xf2, 0x0,
    0xf2, 0x0, 0x3e, 0x0, 0x4, 0xf0, 0x0, 0xf1,
    0x0, 0x5f, 0xbf, 0x29, 0xa0, 0x2, 0xf0, 0x4e,
    0xfc, 0x73, 0x1f, 0x50, 0x3, 0xf0, 0x15, 0x10,
    0x0, 0xad, 0x0, 0x5, 0xd0, 0x0, 0x0, 0x9,
    0xf3, 0x2, 0x2b, 0xa0, 0x0, 0x0, 0x4e, 0x30,
    0xf, 0xfe, 0x30, 0x0, 0x0, 0x0, 0x0, 0x0,
    0x0, 0x0,

    /* U+52A8 "动" */
    0x0, 0x0, 0x0, 0x0, 0xf, 0x30, 0x0, 0xa,
    0xee, 0xee, 0x90, 0xf, 0x20, 0x0, 0x2, 0x22,
    0x22, 0x10, 0xf, 0x20, 0x0, 0x0, 0x0, 0x0,
    0x9, 0xaf, 0xba, 0xb2, 0x2, 0x22, 0x22, 0x1a,
    0xcf, 0xbb, 0xf3, 0x4f, 0xff, 0xff, 0xe0, 0x2f,
    0x0, 0xf3, 0x0, 0x7b, 0x0, 0x0, 0x4e, 0x0,
    0xf2, 0x0, 0xb6, 0xc, 0x0, 0x6c, 0x0, 0xf1,
    0x1, 0xf1, 0xb, 0x60, 0x99, 0x1, 0xf0, 0x6,
    0xc3, 0x6c, 0xc0, 0xe5, 0x2, 0xf0, 0xe, 0xfd,
    0x96, 0xf6, 0xf0, 0x4, 0xe0, 0x5, 0x10, 0x0,
    0x1d, 0x82, 0x19, 0xb0, 0x0, 0x0, 0x0, 0x4d,
    0xa, 0xff, 0x40, 0x0, 0x0, 0x0, 0x0, 0x0,
    0x0, 0x0,

    /* U+5316 "化" */
    0x0, 0x0, 0x10, 0x0, 0x0, 0x0, 0x0, 0x0,
    0x1, 0xf3, 0xe, 0x50, 0x0, 0x0, 0x0, 0x8,
    0xd0, 0xe, 0x50, 0x0, 0x0, 0x0, 0x2f, 0x50,
    0xe, 0x50, 0x6, 0xc0, 0x0, 0xbf, 0x10, 0xe,
    0x50, 0x3f, 0x80, 0x8, 0xff, 0x10, 0xe, 0x52,
    0xeb, 0x0, 0x3f, 0x8f, 0x10, 0xe, 0x8e, 0xb0,
    0x0, 0x6, 0x2f, 0x10, 0xe, 0xfa, 0x0, 0x0,
    0x0, 0x2f, 0x10, 0x9f, 0x90, 0x0, 0x0, 0x0,
    0x2f, 0x4e, 0xdf, 0x50, 0x0, 0x10, 0x0, 0x2f,
    0x16, 0xe, 0x50, 0x0, 0xc5, 0x0, 0x2f, 0x10,
    0xe, 0x50, 0x0, 0xd5, 0x0, 0x2f, 0x10, 0xd,
    0x83, 0x34, 0xf2, 0x0, 0x2f, 0x10, 0x7, 0xff,
    0xff, 0xa0,

    /* U+53C2 "参" */
    0x0, 0x0, 0x0, 0x0, 0x0, 0x0, 0x0, 0x0,
    0x0, 0x7, 0xd0, 0x26, 0x0, 0x0, 0x0, 0x1,
    0xbc, 0x20, 0x3e, 0xb1, 0x0, 0x0, 0x5f, 0xfb,
    0xcc, 0xde, 0xfe, 0x20, 0x0, 0x36, 0x59, 0xe3,
    0x21, 0x1b, 0x60, 0x1, 0x11, 0x2d, 0x91, 0x11,
    0x12, 0x10, 0x1f, 0xff, 0xff, 0xff, 0xff, 0xff,
    0xf8, 0x0, 0x5, 0xf4, 0x3, 0x2d, 0x90, 0x0,
    0x0, 0x7f, 0x65, 0xbd, 0x41, 0xdb, 0x20, 0x1c,
    0xe5, 0xca, 0x40, 0x78, 0xa, 0xf6, 0x4, 0x10,
    0x15, 0x9e, 0x91, 0x10, 0x31, 0x0, 0x2, 0xeb,
    0x61, 0x6, 0xe7, 0x0, 0x0, 0x0, 0x1, 0x59,
    0xec, 0x30, 0x0, 0x0, 0x1c, 0xef, 0xc7, 0x20,
    0x0, 0x0, 0x0, 0x4, 0x20, 0x0, 0x0, 0x0,
    0x0,

    /* U+53D1 "发" */
    0x0, 0x0, 0x0, 0x0, 0x0, 0x0, 0x0, 0x0,
    0x8, 0x20, 0xc8, 0x3, 0x90, 0x0, 0x0, 0x4f,
    0x10, 0xf6, 0x1, 0xd8, 0x0, 0x0, 0xb9, 0x2,
    0xf3, 0x0, 0x28, 0x0, 0x3, 0xfe, 0xee, 0xfe,
    0xee, 0xee, 0xe1, 0x0, 0x64, 0x4c, 0xc4, 0x44,
    0x44, 0x40, 0x0, 0x0, 0xf, 0x71, 0x11, 0x10,
    0x0, 0x0, 0x0, 0x7f, 0xff, 0xff, 0xfc, 0x0,
    0x0, 0x1, 0xef, 0x61, 0x11, 0xe7, 0x0, 0x0,
    0xa, 0xe5, 0xe1, 0x9, 0xd0, 0x0, 0x0, 0x8f,
    0x30, 0x8d, 0x8f, 0x30, 0x0, 0x1a, 0xf4, 0x0,
    0x1e, 0xf9, 0x0, 0x0, 0x3d, 0x30, 0x29, 0xfb,
    0x6e, 0xd6, 0x20, 0x0, 0x5, 0xfa, 0x40, 0x0,
    0x7d, 0xf3, 0x0, 0x0, 0x0, 0x0, 0x0, 0x0,
    0x10,

    /* U+53D6 "取" */
    0x5f, 0xff, 0xff, 0xf4, 0x22, 0x22, 0x30, 0x7,
    0xb0, 0xf, 0x2c, 0xff, 0xff, 0xf1, 0x7, 0xb1,
    0x1f, 0x21, 0xf0, 0x3, 0xe0, 0x7, 0xff, 0xff,
    0x20, 0xd3, 0x6, 0xb0, 0x7, 0xb0, 0xf, 0x20,
    0xa7, 0xb, 0x70, 0x7, 0xb1, 0x1f, 0x20, 0x5b,
    0x1f, 0x20, 0x7, 0xff, 0xff, 0x20, 0x1f, 0x9c,
    0x0, 0x7, 0xb0, 0xf, 0x20, 0xa, 0xf5, 0x0,
    0x7, 0xb3, 0x5f, 0xb4, 0x9, 0xf2, 0x0, 0x5f,
    0xfd, 0xaf, 0x71, 0x5f, 0xbd, 0x0, 0x12, 0x0,
    0xf, 0x25, 0xf5, 0xc, 0xc2, 0x0, 0x0, 0xf,
    0x3b, 0x40, 0x0, 0xa3, 0x0, 0x0, 0x0, 0x0,
    0x0, 0x0, 0x0,

    /* U+53D8 "变" */
    0x0, 0x0, 0x0, 0xa6, 0x0, 0x0, 0x0, 0x6,
    0x66, 0x66, 0xae, 0x66, 0x66, 0x60, 0xa, 0xaa,
    0xcf, 0xaa, 0xfb, 0xaa, 0xa0, 0x0, 0x2a, 0x3f,
    0x0, 0xf4, 0x80, 0x0, 0x0, 0xb8, 0x3f, 0x0,
    0xf3, 0xac, 0x0, 0x7, 0xd0, 0x3f, 0x0, 0xf3,
    0xb, 0xa0, 0x1, 0x10, 0x3d, 0x0, 0xd2, 0x1,
    0x20, 0x2, 0xff, 0xff, 0xff, 0xff, 0xf5, 0x0,
    0x0, 0x1b, 0xb1, 0x11, 0x1a, 0xd1, 0x0, 0x0,
    0x1, 0xcb, 0x11, 0xad, 0x20, 0x0, 0x0, 0x0,
    0xb, 0xff, 0xb0, 0x0, 0x0, 0x2, 0x58, 0xdf,
    0x9a, 0xfc, 0x84, 0x20, 0xe, 0xc9, 0x40, 0x0,
    0x15, 0x9c, 0xe1,

    /* U+53E3 "口" */
    0x14, 0x44, 0x44, 0x44, 0x44, 0x41, 0x4f, 0xff,
    0xff, 0xff, 0xff, 0xf5, 0x4f, 0x0, 0x0, 0x0,
    0x0, 0xf5, 0x4f, 0x0, 0x0, 0x0, 0x0, 0xf5,
    0x4f, 0x0, 0x0, 0x0, 0x0, 0xf5, 0x4f, 0x0,
    0x0, 0x0, 0x0, 0xf5, 0x4f, 0x0, 0x0, 0x0,
    0x0, 0xf5, 0x4f, 0x0, 0x0, 0x0, 0x0, 0xf5,
    0x4f, 0x0, 0x0, 0x0, 0x0, 0xf5, 0x4f, 0x55,
    0x55, 0x55, 0x55, 0xf5, 0x4f, 0xdd, 0xdd, 0xdd,
    0xdd, 0xf5, 0x4f, 0x0, 0x0, 0x0, 0x0, 0xf5,
    0x1, 0x0, 0x0, 0x0, 0x0, 0x0,

    /* U+53F7 "号" */
    0x0, 0x7f, 0xff, 0xff, 0xff, 0xf7, 0x0, 0x0,
    0x7c, 0x11, 0x11, 0x11, 0xc7, 0x0, 0x0, 0x7c,
    0x33, 0x33, 0x33, 0xd7, 0x0, 0x0, 0x6d, 0xdd,
    0xdd, 0xdd, 0xd6, 0x0, 0x2, 0x22, 0x22, 0x22,
    0x22, 0x22, 0x20, 0x2f, 0xff, 0xff, 0xff, 0xff,
    0xff, 0xf1, 0x0, 0x8, 0xc0, 0x0, 0x0, 0x0,
    0x0, 0x0, 0xe, 0xfe, 0xee, 0xee, 0xe5, 0x0,
    0x0, 0x3, 0x33, 0x33, 0x33, 0xf4, 0x0, 0x0,
    0x0, 0x0, 0x0, 0x2, 0xf1, 0x0, 0x0, 0x0,
    0x0, 0x11, 0x9, 0xd0, 0x0, 0x0, 0x0, 0x0,
    0x8f, 0xfe, 0x40, 0x0, 0x0, 0x0, 0x0, 0x0,
    0x0, 0x0, 0x0,

    /* U+540C "同" */
    0xef, 0xff, 0xff, 0xff, 0xff, 0xf8, 0xe5, 0x22,
    0x22, 0x22, 0x22, 0xb8, 0xe4, 0xbd, 0xdd, 0xdd,
    0xd3, 0xa8, 0xe4, 0x33, 0x33, 0x33, 0x30, 0xa8,
    0xe4, 0x0, 0x0, 0x0, 0x0, 0xa8, 0xe4, 0xd,
    0xff, 0xff, 0x80, 0xa8, 0xe4, 0xd, 0x30, 0x8,
    0x80, 0xa8, 0xe4, 0xd, 0x30, 0x8, 0x80, 0xa8,
    0xe4, 0xd, 0xee, 0xef, 0x80, 0xa8, 0xe4, 0xd,
    0x41, 0x11, 0x0, 0xa8, 0xe4, 0x1, 0x0, 0x0,
    0x12, 0xb8, 0xe4, 0x0, 0x0, 0x0, 0x9f, 0xe3,

    /* U+540D "名" */
    0x0, 0x0, 0x6, 0x50, 0x0, 0x0, 0x0, 0x0,
    0x5f, 0x62, 0x22, 0x30, 0x0, 0x6, 0xfe, 0xee,
    0xee, 0xf8, 0x2, 0xae, 0x40, 0x0, 0x8, 0xd0,
    0xb, 0xa3, 0xb3, 0x0, 0x9e, 0x20, 0x0, 0x0,
    0x6f, 0x8c, 0xd2, 0x0, 0x0, 0x0, 0x2c, 0xf8,
    0x0, 0x0, 0x3, 0x7c, 0xff, 0xff, 0xff, 0xfc,
    0x1e, 0xbc, 0xb2, 0x22, 0x22, 0x8c, 0x0, 0x8,
    0xa0, 0x0, 0x0, 0x6c, 0x0, 0x8, 0xa0, 0x0,
    0x0, 0x6c, 0x0, 0x8, 0xfe, 0xee, 0xee, 0xfc,
    0x0, 0x8, 0xb3, 0x33, 0x33, 0x8c,

    /* U+540E "后" */
    0x0, 0x0, 0x0, 0x24, 0x68, 0xba, 0x0, 0x2,
    0xdd, 0xff, 0xfd, 0xb9, 0x63, 0x0, 0x2, 0xf4,
    0x10, 0x0, 0x0, 0x0, 0x0, 0x2, 0xf1, 0x0,
    0x0, 0x0, 0x0, 0x0, 0x2, 0xff, 0xff, 0xff,
    0xff, 0xff, 0xf2, 0x2, 0xf3, 0x22, 0x22, 0x22,
    0x22, 0x20, 0x3, 0xf0, 0x0, 0x0, 0x0, 0x0,
    0x0, 0x4, 0xf0, 0x9f, 0xff, 0xff, 0xff, 0x30,
    0x6, 0xd0, 0xaa, 0x22, 0x22, 0x2f, 0x40, 0x9,
    0xa0, 0xa9, 0x0, 0x0, 0xf, 0x40, 0xe, 0x60,
    0xa9, 0x0, 0x0, 0xf, 0x40, 0x6f, 0x10, 0xaf,
    0xee, 0xee, 0xef, 0x40, 0x58, 0x0, 0xaa, 0x44,
    0x44, 0x4f, 0x40, 0x0, 0x0, 0x0, 0x0, 0x0,
    0x0, 0x0,

    /* U+542F "启" */
    0x0, 0x0, 0x0, 0xc3, 0x0, 0x0, 0x0, 0x0,
    0x0, 0xa, 0xb0, 0x0, 0x0, 0x1, 0xff, 0xff,
    0xff, 0xff, 0xff, 0x0, 0x1f, 0x42, 0x22, 0x22,
    0x24, 0xf0, 0x1, 0xf2, 0x0, 0x0, 0x0, 0x3f,
    0x0, 0x1f, 0xff, 0xff, 0xff, 0xff, 0xf0, 0x1,
    0xf4, 0x22, 0x22, 0x22, 0x22, 0x0, 0x2f, 0x12,
    0x22, 0x22, 0x22, 0x20, 0x4, 0xe5, 0xfe, 0xee,
    0xee, 0xef, 0x40, 0x8c, 0x5d, 0x0, 0x0, 0x0,
    0xf4, 0xc, 0x85, 0xd0, 0x0, 0x0, 0xf, 0x44,
    0xf2, 0x5f, 0xff, 0xff, 0xff, 0xf4, 0x6a, 0x5,
    0xd2, 0x22, 0x22, 0x2f, 0x40, 0x0, 0x0, 0x0,
    0x0, 0x0, 0x0,

    /* U+547D "命" */
    0x0, 0x0, 0x0, 0x59, 0x0, 0x0, 0x0, 0x0,
    0x0, 0x5, 0xff, 0x40, 0x0, 0x0, 0x0, 0x0,
    0x9f, 0x55, 0xf8, 0x0, 0x0, 0x1, 0x7e, 0xe4,
    0x11, 0x4e, 0xe7, 0x10, 0x4f, 0xe6, 0xef, 0xff,
    0xfc, 0x7e, 0xf3, 0x4, 0x0, 0x0, 0x0, 0x0,
    0x0, 0x30, 0x4, 0xff, 0xff, 0x18, 0xff, 0xff,
    0x50, 0x4, 0xd1, 0x2f, 0x18, 0xa1, 0x1d, 0x50,
    0x4, 0xd0, 0xf, 0x18, 0xa0, 0xd, 0x50, 0x4,
    0xe4, 0x5f, 0x18, 0xa0, 0xd, 0x50, 0x4, 0xfc,
    0xcc, 0x18, 0xa7, 0xff, 0x30, 0x4, 0xd0, 0x0,
    0x8, 0xa0, 0x10, 0x0, 0x0, 0x10, 0x0, 0x8,
    0xa0, 0x0, 0x0,

    /* U+548C "和" */
    0x0, 0x0, 0x4, 0x0, 0x0, 0x0, 0x1, 0x69,
    0xcf, 0xd4, 0x44, 0x44, 0x42, 0x19, 0x7e, 0x60,
    0x1f, 0xed, 0xdf, 0x70, 0x0, 0xd5, 0x1, 0xf1,
    0x0, 0xb7, 0x7d, 0xdf, 0xed, 0xaf, 0x10, 0xb,
    0x72, 0x47, 0xf9, 0x43, 0xf1, 0x0, 0xb7, 0x0,
    0xaf, 0xf3, 0x1f, 0x10, 0xb, 0x70, 0x2e, 0xd9,
    0xe2, 0xf1, 0x0, 0xb7, 0xb, 0x7d, 0x58, 0x8f,
    0x10, 0xb, 0x77, 0xd0, 0xd5, 0x1, 0xf1, 0x0,
    0xb7, 0x73, 0xd, 0x50, 0x1f, 0xff, 0xff, 0x70,
    0x0, 0xd5, 0x1, 0xf4, 0x33, 0xc7, 0x0, 0xd,
    0x50, 0x5, 0x0, 0x2, 0x10,

    /* U+54CD "响" */
    0x0, 0x0, 0x0, 0x0, 0x46, 0x0, 0x0, 0x4,
    0x44, 0x30, 0x0, 0xba, 0x0, 0x0, 0xf, 0xde,
    0xb1, 0x34, 0xf6, 0x33, 0x30, 0xf, 0x4, 0xb5,
    0xfd, 0xdd, 0xdd, 0xf2, 0xf, 0x4, 0xb5, 0xb0,
    0x0, 0x0, 0xf2, 0xf, 0x4, 0xb5, 0xb4, 0xfe,
    0xc0, 0xf2, 0xf, 0x4, 0xb5, 0xb5, 0x80, 0xd0,
    0xf2, 0xf, 0x4, 0xb5, 0xb5, 0x80, 0xd0, 0xf2,
    0xf, 0x9b, 0xb5, 0xb5, 0x80, 0xd0, 0xf2, 0xf,
    0x88, 0x55, 0xb5, 0xed, 0xb0, 0xf2, 0xc, 0x0,
    0x5, 0xb3, 0x50, 0x0, 0xf2, 0x0, 0x0, 0x5,
    0xb0, 0x0, 0x1, 0xf2, 0x0, 0x0, 0x5, 0xa0,
    0x0, 0x7f, 0xc0,

    /* U+5668 "器" */
    0x0, 0xff, 0xff, 0x61, 0xff, 0xff, 0x80, 0x0,
    0xf1, 0xb, 0x61, 0xf0, 0xa, 0x80, 0x0, 0xf2,
    0x2c, 0x61, 0xf2, 0x2b, 0x80, 0x0, 0xee, 0xee,
    0x81, 0xef, 0xee, 0x70, 0x0, 0x0, 0x3, 0xf2,
    0x9, 0xc2, 0x0, 0x1f, 0xff, 0xff, 0xff, 0xff,
    0xff, 0xf8, 0x1, 0x14, 0xe9, 0x11, 0x5f, 0x71,
    0x10, 0x1, 0x8f, 0x81, 0x0, 0x15, 0xec, 0x40,
    0x1f, 0xff, 0xff, 0x60, 0xff, 0xff, 0xf8, 0x1,
    0xf1, 0xc, 0x60, 0xf0, 0xa, 0x80, 0x0, 0xf2,
    0xc, 0x60, 0xf1, 0xa, 0x80, 0x0, 0xff, 0xff,
    0x60, 0xff, 0xff, 0x80, 0x0, 0x10, 0x0, 0x0,
    0x10, 0x0, 0x0,

    /* U+56DE "回" */
    0xbf, 0xff, 0xff, 0xff, 0xff, 0xff, 0x4b, 0xa3,
    0x33, 0x33, 0x33, 0x33, 0xf4, 0xb8, 0x0, 0x0,
    0x0, 0x0, 0xf, 0x4b, 0x80, 0xcf, 0xff, 0xfe,
    0x0, 0xf4, 0xb8, 0xd, 0x51, 0x14, 0xe0, 0xf,
    0x4b, 0x80, 0xd4, 0x0, 0x4e, 0x0, 0xf4, 0xb8,
    0xd, 0x40, 0x4, 0xe0, 0xf, 0x4b, 0x80, 0xdf,
    0xff, 0xfe, 0x0, 0xf4, 0xb8, 0x1, 0x11, 0x11,
    0x10, 0xf, 0x4b, 0x80, 0x0, 0x0, 0x0, 0x0,
    0xf4, 0xbf, 0xff, 0xff, 0xff, 0xff, 0xff, 0x4b,
    0x92, 0x22, 0x22, 0x22, 0x22, 0xf4,

    /* U+56F4 "围" */
    0xbf, 0xff, 0xff, 0xff, 0xff, 0xff, 0x2b, 0x60,
    0x0, 0x4d, 0x0, 0x0, 0xf2, 0xb6, 0x6f, 0xff,
    0xff, 0xff, 0x3f, 0x2b, 0x60, 0x0, 0x4d, 0x0,
    0x0, 0xf2, 0xb6, 0xc, 0xee, 0xfe, 0xe7, 0xf,
    0x2b, 0x60, 0x0, 0x4d, 0x0, 0x0, 0xf2, 0xb6,
    0x9e, 0xee, 0xfe, 0xef, 0x2f, 0x2b, 0x60, 0x11,
    0x4e, 0x11, 0xf0, 0xf2, 0xb6, 0x0, 0x4, 0xd5,
    0xbc, 0xf, 0x2b, 0x60, 0x0, 0x3b, 0x13, 0x0,
    0xf2, 0xbd, 0xcc, 0xcc, 0xcc, 0xcc, 0xcf, 0x2b,
    0x84, 0x44, 0x44, 0x44, 0x44, 0xf2,

    /* U+56FA "固" */
    0xaf, 0xff, 0xff, 0xff, 0xff, 0xfc, 0xa9, 0x11,
    0x13, 0x81, 0x11, 0x8c, 0xa8, 0x0, 0x3, 0xe0,
    0x0, 0x7c, 0xa8, 0x6f, 0xff, 0xff, 0xff, 0xbc,
    0xa8, 0x0, 0x4, 0xe0, 0x0, 0x7c, 0xa8, 0x8,
    0x8a, 0xf8, 0x81, 0x7c, 0xa8, 0xe, 0x76, 0x66,
    0xf3, 0x7c, 0xa8, 0xe, 0x20, 0x0, 0xe3, 0x7c,
    0xa8, 0xe, 0xdd, 0xdd, 0xf3, 0x7c, 0xa8, 0x0,
    0x0, 0x0, 0x0, 0x7c, 0xae, 0xcc, 0xcc, 0xcc,
    0xcc, 0xec, 0xaa, 0x55, 0x55, 0x55, 0x55, 0xac,

    /* U+5728 "在" */
    0x0, 0x0, 0xb, 0x60, 0x0, 0x0, 0x0, 0x0,
    0x0, 0x1f, 0x30, 0x0, 0x0, 0x0, 0x2e, 0xee,
    0xef, 0xee, 0xee, 0xee, 0xe2, 0x4, 0x44, 0xf8,
    0x44, 0x44, 0x44, 0x40, 0x0, 0x7, 0xd0, 0x0,
    0x86, 0x0, 0x0, 0x0, 0x3f, 0x50, 0x0, 0xa8,
    0x0, 0x0, 0x1, 0xdd, 0x1, 0x22, 0xb9, 0x22,
    0x10, 0x2d, 0xfd, 0xb, 0xff, 0xff, 0xff, 0x90,
    0x2a, 0x6d, 0x0, 0x0, 0xa8, 0x0, 0x0, 0x0,
    0x5d, 0x0, 0x0, 0xa8, 0x0, 0x0, 0x0, 0x5d,
    0x0, 0x0, 0xa8, 0x0, 0x0, 0x0, 0x5d, 0x28,
    0x88, 0xdc, 0x88, 0x81, 0x0, 0x5d, 0x5f, 0xff,
    0xff, 0xff, 0xf2,

    /* U+5730 "地" */
    0x0, 0xe3, 0x0, 0x0, 0x3e, 0x0, 0x0, 0x0,
    0xe3, 0x2, 0x90, 0x3e, 0x0, 0x0, 0x0, 0xe3,
    0x3, 0xe0, 0x3e, 0x1, 0x30, 0x23, 0xe6, 0x23,
    0xe0, 0x3f, 0x9f, 0xc0, 0x9e, 0xfe, 0xb3, 0xf5,
    0xcf, 0xb9, 0xc0, 0x0, 0xe3, 0x29, 0xfe, 0xae,
    0x5, 0xc0, 0x0, 0xe3, 0x7c, 0xf0, 0x3e, 0x5,
    0xc0, 0x0, 0xe3, 0x13, 0xe0, 0x3e, 0x6, 0xb0,
    0x0, 0xec, 0xe3, 0xe0, 0x3e, 0x6e, 0x80, 0x5c,
    0xf8, 0x13, 0xe0, 0x2b, 0x12, 0x10, 0x79, 0x10,
    0x3, 0xe0, 0x0, 0x0, 0xa6, 0x0, 0x0, 0x2,
    0xf2, 0x11, 0x11, 0xd3, 0x0, 0x0, 0x0, 0xbf,
    0xff, 0xff, 0xb0,

    /* U+5747 "均" */
    0x0, 0x0, 0x0, 0x0, 0x0, 0x0, 0x0, 0xe,
    0x30, 0x0, 0x98, 0x0, 0x0, 0x0, 0xe3, 0x0,
    0xf, 0x30, 0x0, 0x0, 0xe, 0x30, 0x7, 0xf9,
    0x99, 0x96, 0x23, 0xf6, 0x31, 0xfc, 0xbb, 0xbd,
    0xb8, 0xef, 0xec, 0xba, 0x0, 0x0, 0x6a, 0x0,
    0xe3, 0xb, 0x48, 0x0, 0x7, 0xa0, 0xe, 0x30,
    0x0, 0xbb, 0x0, 0x7a, 0x0, 0xe3, 0x0, 0x0,
    0xa6, 0x8, 0x90, 0xe, 0x69, 0x20, 0x2, 0xac,
    0x98, 0x4, 0xff, 0x91, 0x3a, 0xe7, 0xa, 0x78,
    0xf8, 0x10, 0x6f, 0x81, 0x0, 0xc5, 0x10, 0x0,
    0x1, 0x10, 0x11, 0x2f, 0x20, 0x0, 0x0, 0x0,
    0xb, 0xff, 0xa0, 0x0, 0x0, 0x0, 0x0, 0x0,
    0x0, 0x0,

    /* U+578B "型" */
    0x0, 0x0, 0x0, 0x0, 0x0, 0x3, 0xe0, 0x6,
    0xdf, 0xde, 0xfb, 0xf, 0x13, 0xe0, 0x0, 0x3e,
    0x7, 0xa0, 0xf, 0x13, 0xe0, 0x2, 0x4f, 0x28,
    0xb2, 0xf, 0x13, 0xe0, 0xd, 0xff, 0xef, 0xfe,
    0x3f, 0x13, 0xe0, 0x0, 0x8a, 0x7, 0xa0, 0xb,
    0x3, 0xe0, 0x3, 0xf4, 0x7, 0xa0, 0x0, 0x25,
    0xe0, 0xb, 0x70, 0x6, 0xc7, 0x1, 0xed, 0x70,
    0x0, 0x12, 0x22, 0x7d, 0x22, 0x22, 0x0, 0x0,
    0xaf, 0xff, 0xff, 0xff, 0xff, 0x0, 0x0, 0x0,
    0x0, 0x6d, 0x0, 0x0, 0x0, 0x1a, 0xaa, 0xaa,
    0xcf, 0xaa, 0xaa, 0xa5, 0x17, 0x77, 0x77, 0x77,
    0x77, 0x77, 0x73,

    /* U+57FA "基" */
    0x0, 0xa, 0x80, 0x0, 0x8, 0xb0, 0x0, 0x3,
    0x4b, 0xa4, 0x44, 0x4a, 0xc4, 0x30, 0x8, 0xbe,
    0xeb, 0xbb, 0xbd, 0xeb, 0x90, 0x0, 0xa, 0xc8,
    0x88, 0x8c, 0xb0, 0x0, 0x0, 0xa, 0xb5, 0x55,
    0x5a, 0xb0, 0x0, 0x0, 0xa, 0xfe, 0xee, 0xef,
    0xb0, 0x0, 0x0, 0xa, 0x80, 0x0, 0x8, 0xb0,
    0x0, 0x6f, 0xff, 0xff, 0xff, 0xff, 0xff, 0xf6,
    0x0, 0x2e, 0x70, 0xc5, 0x6, 0xe4, 0x0, 0x18,
    0xfe, 0xcc, 0xfd, 0xcc, 0x8f, 0xb3, 0x2d, 0x41,
    0x33, 0xe7, 0x33, 0x2, 0xa1, 0x0, 0x0, 0x0,
    0xd5, 0x0, 0x0, 0x0, 0x7, 0xff, 0xff, 0xff,
    0xff, 0xff, 0x20,

    /* U+58F0 "声" */
    0x0, 0x0, 0x0, 0x4e, 0x0, 0x0, 0x0, 0x9,
    0xdd, 0xdd, 0xef, 0xdd, 0xdd, 0xd5, 0x1, 0x22,
    0x22, 0x6f, 0x22, 0x22, 0x21, 0x0, 0x79, 0x99,
    0xbf, 0x99, 0x99, 0x60, 0x0, 0x67, 0x77, 0x77,
    0x77, 0x77, 0x50, 0x0, 0x35, 0x55, 0x55, 0x55,
    0x55, 0x10, 0x0, 0xbd, 0xbb, 0xcf, 0xbb, 0xbf,
    0x50, 0x0, 0xb7, 0x0, 0x4e, 0x0, 0xd, 0x50,
    0x0, 0xcb, 0x88, 0xaf, 0x88, 0x8e, 0x50, 0x0,
    0xea, 0x88, 0x88, 0x88, 0x8e, 0x50, 0x3, 0xf1,
    0x0, 0x0, 0x0, 0x2, 0x10, 0xb, 0xa0, 0x0,
    0x0, 0x0, 0x0, 0x0, 0x1b, 0x20, 0x0, 0x0,
    0x0, 0x0, 0x0,

    /* U+5907 "备" */
    0x0, 0x0, 0x0, 0x0, 0x0, 0x0, 0x0, 0x0,
    0x0, 0x1e, 0x60, 0x0, 0x0, 0x0, 0x0, 0x1,
    0xcf, 0xdd, 0xdd, 0xd3, 0x0, 0x0, 0x3d, 0xf5,
    0x33, 0x3c, 0xc0, 0x0, 0x7, 0xf8, 0x9e, 0x42,
    0xcb, 0x0, 0x0, 0x1, 0x20, 0x9, 0xff, 0xc1,
    0x0, 0x0, 0x2, 0x59, 0xef, 0x87, 0xef, 0xb8,
    0x52, 0x3f, 0xea, 0x61, 0x0, 0x4, 0x8c, 0xe3,
    0x1, 0x8f, 0xff, 0xff, 0xff, 0xfa, 0x0, 0x0,
    0x8b, 0x0, 0x5e, 0x0, 0x8a, 0x0, 0x0, 0x8f,
    0xee, 0xff, 0xee, 0xfa, 0x0, 0x0, 0x8b, 0x0,
    0x5e, 0x0, 0x8a, 0x0, 0x0, 0x8e, 0x88, 0xbf,
    0x88, 0xca, 0x0, 0x0, 0x8d, 0x88, 0x88, 0x88,
    0xca, 0x0, 0x0, 0x0, 0x0, 0x0, 0x0, 0x0,
    0x0,

    /* U+590D "复" */
    0x0, 0x4, 0x30, 0x0, 0x0, 0x0, 0x0, 0x0,
    0x1e, 0x84, 0x44, 0x44, 0x44, 0x20, 0x0, 0xcd,
    0xbb, 0xbb, 0xbb, 0xbb, 0x80, 0x1d, 0xb8, 0x77,
    0x77, 0x77, 0x75, 0x0, 0x6, 0x1f, 0x54, 0x44,
    0x44, 0xab, 0x0, 0x0, 0x1f, 0xdc, 0xcc, 0xcc,
    0xeb, 0x0, 0x0, 0x1f, 0x65, 0x55, 0x55, 0xbb,
    0x0, 0x0, 0x6, 0xdb, 0x66, 0x66, 0x64, 0x0,
    0x0, 0x9, 0xfe, 0xdd, 0xdd, 0xd4, 0x0, 0x3,
    0xcc, 0xe4, 0x11, 0x3c, 0xb0, 0x0, 0x2, 0x70,
    0x3d, 0xba, 0xe7, 0x0, 0x0, 0x13, 0x58, 0xbe,
    0xdc, 0xfb, 0x86, 0x41, 0x4d, 0xb9, 0x52, 0x0,
    0x15, 0x8a, 0xc1,

    /* U+5916 "外" */
    0x0, 0x0, 0x0, 0x0, 0x0, 0x0, 0x0, 0x0,
    0xe, 0x30, 0x0, 0x5e, 0x0, 0x0, 0x0, 0x3f,
    0x0, 0x0, 0x5e, 0x0, 0x0, 0x0, 0x8f, 0xee,
    0xe5, 0x5e, 0x0, 0x0, 0x0, 0xe7, 0x34, 0xf5,
    0x5e, 0x0, 0x0, 0x5, 0xe0, 0x3, 0xf2, 0x5f,
    0x80, 0x0, 0x1e, 0x82, 0x7, 0xd0, 0x5f, 0xdc,
    0x0, 0x2b, 0x6f, 0x6d, 0x80, 0x5e, 0x1c, 0xc0,
    0x0, 0x4, 0xff, 0x20, 0x5e, 0x1, 0xd7, 0x0,
    0x0, 0xcb, 0x0, 0x5e, 0x0, 0x10, 0x0, 0x8,
    0xf2, 0x0, 0x5e, 0x0, 0x0, 0x0, 0x7f, 0x60,
    0x0, 0x5e, 0x0, 0x0, 0x1b, 0xf7, 0x0, 0x0,
    0x5e, 0x0, 0x0, 0x1a, 0x40, 0x0, 0x0, 0x5e,
    0x0, 0x0,

    /* U+5927 "大" */
    0x0, 0x0, 0x0, 0xaa, 0x0, 0x0, 0x0, 0x0,
    0x0, 0x0, 0xa9, 0x0, 0x0, 0x0, 0x0, 0x0,
    0x0, 0xb9, 0x0, 0x0, 0x0, 0x0, 0x0, 0x0,
    0xc7, 0x0, 0x0, 0x0, 0x2f, 0xff, 0xff, 0xff,
    0xff, 0xff, 0xf3, 0x4, 0x44, 0x46, 0xff, 0x54,
    0x44, 0x40, 0x0, 0x0, 0x6, 0xee, 0x70, 0x0,
    0x0, 0x0, 0x0, 0xc, 0x97, 0xe0, 0x0, 0x0,
    0x0, 0x0, 0x4f, 0x21, 0xe7, 0x0, 0x0, 0x0,
    0x1, 0xe9, 0x0, 0x6f, 0x40, 0x0, 0x0, 0x2d,
    0xc0, 0x0, 0xa, 0xf4, 0x0, 0x7, 0xfc, 0x10,
    0x0, 0x0, 0xaf, 0x91, 0x1c, 0x70, 0x0, 0x0,
    0x0, 0x6, 0xc0,

    /* U+5931 "失" */
    0x0, 0x8, 0x40, 0x9a, 0x0, 0x0, 0x0, 0x0,
    0xf, 0x40, 0x9a, 0x0, 0x0, 0x0, 0x0, 0x5f,
    0x43, 0xbb, 0x33, 0x33, 0x0, 0x0, 0xcf, 0xff,
    0xff, 0xff, 0xff, 0x10, 0x5, 0xf1, 0x0, 0x99,
    0x0, 0x0, 0x0, 0xa, 0x80, 0x0, 0xa9, 0x0,
    0x0, 0x0, 0x5, 0x55, 0x55, 0xca, 0x55, 0x55,
    0x52, 0x1e, 0xee, 0xee, 0xff, 0xee, 0xee, 0xe6,
    0x0, 0x0, 0x5, 0xfd, 0x70, 0x0, 0x0, 0x0,
    0x0, 0x1e, 0x95, 0xf2, 0x0, 0x0, 0x0, 0x1,
    0xcd, 0x0, 0xae, 0x20, 0x0, 0x0, 0x7e, 0xd1,
    0x0, 0xa, 0xf8, 0x10, 0xe, 0xe7, 0x0, 0x0,
    0x0, 0x6d, 0xf7, 0x2, 0x0, 0x0, 0x0, 0x0,
    0x0, 0x30,

    /* U+597D "好" */
    0x0, 0x68, 0x0, 0x0, 0x0, 0x0, 0x0, 0x0,
    0xa8, 0x0, 0xd, 0xdd, 0xdd, 0xb0, 0x0, 0xc5,
    0x0, 0x4, 0x44, 0x4e, 0x70, 0x5f, 0xff, 0xfd,
    0x0, 0x0, 0xb9, 0x0, 0x5, 0xf2, 0x4c, 0x0,
    0xc, 0xa0, 0x0, 0x6, 0xb0, 0x5a, 0x0, 0xe,
    0x50, 0x0, 0xa, 0x70, 0x98, 0xff, 0xff, 0xff,
    0xf5, 0xf, 0x80, 0xd3, 0x22, 0x2e, 0x72, 0x21,
    0x3, 0xdd, 0xd0, 0x0, 0xe, 0x50, 0x0, 0x0,
    0x1f, 0xd1, 0x0, 0xe, 0x50, 0x0, 0x0, 0x9c,
    0xbd, 0x0, 0xe, 0x50, 0x0, 0xa, 0xe1, 0x7,
    0x1, 0x1e, 0x50, 0x0, 0x3c, 0x10, 0x0, 0x7,
    0xfd, 0x20, 0x0, 0x0, 0x0, 0x0, 0x0, 0x0,
    0x0, 0x0,

    /* U+5982 "如" */
    0x0, 0x1c, 0x0, 0x0, 0x0, 0x0, 0x0, 0x0,
    0x3e, 0x0, 0x2, 0x55, 0x55, 0x50, 0x0, 0x6b,
    0x0, 0x9, 0xed, 0xdd, 0xf3, 0x5f, 0xff, 0xff,
    0xa9, 0x80, 0x0, 0xf3, 0x2, 0xd6, 0x29, 0x99,
    0x80, 0x0, 0xf3, 0x0, 0xf1, 0xb, 0x79, 0x80,
    0x0, 0xf3, 0x4, 0xd0, 0xe, 0x49, 0x80, 0x0,
    0xf3, 0x9, 0xc0, 0x3f, 0x9, 0x80, 0x0, 0xf3,
    0x3, 0xeb, 0xab, 0x9, 0x80, 0x0, 0xf3, 0x0,
    0x1c, 0xf5, 0x9, 0x80, 0x0, 0xf3, 0x0, 0xc,
    0xfe, 0x29, 0xa2, 0x22, 0xf3, 0x1, 0xbd, 0x1a,
    0x79, 0xff, 0xff, 0xf3, 0x2f, 0xb1, 0x0, 0x9,
    0x80, 0x0, 0xc2, 0x2, 0x0, 0x0, 0x0, 0x0,
    0x0, 0x0,

    /* U+59CB "始" */
    0x0, 0x0, 0x0, 0x0, 0x0, 0x0, 0x0, 0x0,
    0xa6, 0x0, 0x0, 0x99, 0x0, 0x0, 0x0, 0xd4,
    0x0, 0x1, 0xf4, 0x0, 0x0, 0x0, 0xf1, 0x0,
    0x9, 0xb0, 0x66, 0x0, 0x6f, 0xff, 0xf6, 0x3f,
    0x20, 0x2f, 0x20, 0x7, 0xc2, 0xc6, 0xdb, 0x56,
    0x7d, 0xc0, 0x9, 0x80, 0xd6, 0xfe, 0xcb, 0xa8,
    0xe4, 0xd, 0x40, 0xf0, 0x0, 0x0, 0x0, 0x30,
    0x1f, 0x64, 0xd0, 0x7d, 0xdd, 0xdd, 0x70, 0x4,
    0xfd, 0x80, 0x9a, 0x44, 0x4a, 0x90, 0x0, 0x4f,
    0x90, 0x98, 0x0, 0x9, 0x90, 0x0, 0x8c, 0xf6,
    0x98, 0x0, 0x9, 0x90, 0x5, 0xd1, 0x55, 0x9a,
    0x44, 0x4b, 0x90, 0x2c, 0x10, 0x0, 0x9e, 0xcc,
    0xce, 0x90, 0x0, 0x0, 0x0, 0x0, 0x0, 0x0,
    0x0,

    /* U+5B58 "存" */
    0x0, 0x0, 0x8, 0x40, 0x0, 0x0, 0x0, 0x0,
    0x0, 0x1f, 0x30, 0x0, 0x0, 0x0, 0x2f, 0xff,
    0xff, 0xff, 0xff, 0xff, 0xf2, 0x3, 0x33, 0xf7,
    0x33, 0x33, 0x33, 0x30, 0x0, 0x8, 0xd0, 0x22,
    0x22, 0x22, 0x0, 0x0, 0x4f, 0x31, 0xff, 0xff,
    0xff, 0x40, 0x2, 0xec, 0x0, 0x0, 0x19, 0xd3,
    0x0, 0x4e, 0xec, 0x0, 0x0, 0x7d, 0x0, 0x0,
    0x37, 0x6c, 0x4f, 0xff, 0xff, 0xff, 0xf6, 0x0,
    0x6c, 0x2, 0x22, 0x8c, 0x22, 0x21, 0x0, 0x6c,
    0x0, 0x0, 0x7c, 0x0, 0x0, 0x0, 0x6c, 0x0,
    0x11, 0x8b, 0x0, 0x0, 0x0, 0x6c, 0x0, 0x7f,
    0xf7, 0x0, 0x0, 0x0, 0x0, 0x0, 0x0, 0x0,
    0x0, 0x0,

    /* U+5B8C "完" */
    0x0, 0x0, 0x0, 0xb4, 0x0, 0x0, 0x0, 0x2,
    0x33, 0x33, 0xbc, 0x33, 0x33, 0x20, 0xe, 0xff,
    0xff, 0xff, 0xff, 0xff, 0xe0, 0xe, 0x40, 0x0,
    0x0, 0x0, 0x5, 0xe0, 0xe, 0x4b, 0xee, 0xee,
    0xee, 0xb5, 0xe0, 0x0, 0x2, 0x33, 0x33, 0x33,
    0x20, 0x0, 0x2, 0x22, 0x22, 0x22, 0x22, 0x22,
    0x20, 0x2f, 0xff, 0xff, 0xff, 0xff, 0xff, 0xf3,
    0x0, 0x0, 0x7b, 0x0, 0xf3, 0x0, 0x0, 0x0,
    0x0, 0xa9, 0x0, 0xf3, 0x0, 0x0, 0x0, 0x1,
    0xf4, 0x0, 0xf3, 0x0, 0x73, 0x0, 0x5d, 0xa0,
    0x0, 0xf5, 0x11, 0xc4, 0x1e, 0xe7, 0x0, 0x0,
    0xaf, 0xff, 0xd0, 0x1, 0x0, 0x0, 0x0, 0x0,
    0x0, 0x0,

    /* U+5B9A "定" */
    0x0, 0x0, 0x0, 0xa4, 0x0, 0x0, 0x0, 0x2,
    0x33, 0x33, 0xbc, 0x33, 0x33, 0x20, 0xe, 0xff,
    0xff, 0xff, 0xff, 0xff, 0xe0, 0xe, 0x30, 0x0,
    0x0, 0x0, 0x4, 0xe0, 0xe, 0x37, 0x77, 0x77,
    0x77, 0x75, 0xe0, 0x0, 0xa, 0xaa, 0xee, 0xaa,
    0xa1, 0x0, 0x0, 0x4, 0x0, 0x9a, 0x0, 0x0,
    0x0, 0x0, 0xf, 0x20, 0x9b, 0x22, 0x22, 0x0,
    0x0, 0x4f, 0x0, 0x9f, 0xff, 0xfa, 0x0, 0x0,
    0x8f, 0x50, 0x9a, 0x0, 0x0, 0x0, 0x0, 0xe9,
    0xe3, 0x9a, 0x0, 0x0, 0x0, 0xa, 0xd0, 0x7f,
    0xec, 0x32, 0x22, 0x31, 0x4e, 0x20, 0x3, 0xad,
    0xff, 0xff, 0xf3, 0x1, 0x0, 0x0, 0x0, 0x0,
    0x0, 0x0,

    /* U+5BB9 "容" */
    0x0, 0x0, 0x0, 0x74, 0x0, 0x0, 0x0, 0x4,
    0x55, 0x55, 0xce, 0x55, 0x55, 0x40, 0xe, 0xdc,
    0xcc, 0xcc, 0xcc, 0xcd, 0xe0, 0xe, 0x30, 0x73,
    0x0, 0x35, 0x4, 0xe0, 0x5, 0x2a, 0xc1, 0x13,
    0x2c, 0xb3, 0x50, 0x5, 0xea, 0x1, 0xde, 0x10,
    0x8e, 0x30, 0x2, 0x50, 0x2d, 0xa8, 0xe3, 0x4,
    0x10, 0x0, 0x7, 0xf8, 0x0, 0x5f, 0xa2, 0x0,
    0x17, 0xef, 0xfc, 0xcc, 0xce, 0xff, 0xb2, 0x2c,
    0x8f, 0x44, 0x44, 0x45, 0xf5, 0x90, 0x0, 0x2f,
    0x0, 0x0, 0x1, 0xf2, 0x0, 0x0, 0x2f, 0x22,
    0x22, 0x23, 0xf2, 0x0, 0x0, 0x2f, 0xee, 0xee,
    0xef, 0xf2, 0x0, 0x0, 0x0, 0x0, 0x0, 0x0,
    0x0, 0x0,

    /* U+5C06 "将" */
    0x0, 0xe, 0x30, 0x0, 0x8a, 0x0, 0x0, 0x0,
    0xe, 0x30, 0x9, 0xff, 0xee, 0xe1, 0x3c, 0x1e,
    0x34, 0xdc, 0x31, 0x1b, 0xb0, 0xb, 0xbe, 0x36,
    0x68, 0xb0, 0xad, 0x10, 0x1, 0xcf, 0x30, 0x0,
    0xdf, 0xb1, 0x0, 0x0, 0xe, 0x33, 0x7d, 0xd6,
    0x38, 0x0, 0x0, 0xf, 0x36, 0x94, 0x0, 0x5d,
    0x0, 0x0, 0xaf, 0x3e, 0xff, 0xff, 0xff, 0xf7,
    0x1c, 0xcf, 0x32, 0x74, 0x22, 0x7d, 0x21, 0x4b,
    0xe, 0x30, 0x8d, 0x0, 0x5d, 0x0, 0x0, 0xe,
    0x30, 0xb, 0x90, 0x5d, 0x0, 0x0, 0xe, 0x30,
    0x1, 0x11, 0x6d, 0x0, 0x0, 0xe, 0x30, 0x0,
    0x4f, 0xf8, 0x0, 0x0, 0x0, 0x0, 0x0, 0x0,
    0x0, 0x0,

    /* U+5C0F "小" */
    0x0, 0x0, 0x0, 0x6e, 0x0, 0x0, 0x0, 0x0,
    0x0, 0x0, 0x6e, 0x0, 0x0, 0x0, 0x0, 0x0,
    0x0, 0x6e, 0x0, 0x0, 0x0, 0x0, 0x18, 0x10,
    0x6e, 0x0, 0x74, 0x0, 0x0, 0x4f, 0x10, 0x6e,
    0x0, 0x9d, 0x0, 0x0, 0x8c, 0x0, 0x6e, 0x0,
    0x1f, 0x50, 0x0, 0xe7, 0x0, 0x6e, 0x0, 0x9,
    0xd0, 0x4, 0xf2, 0x0, 0x6e, 0x0, 0x3, 0xf3,
    0xd, 0xa0, 0x0, 0x6e, 0x0, 0x0, 0xd9, 0x1b,
    0x20, 0x0, 0x6e, 0x0, 0x0, 0x8b, 0x0, 0x0,
    0x0, 0x6e, 0x0, 0x0, 0x0, 0x0, 0x0, 0x22,
    0x8e, 0x0, 0x0, 0x0, 0x0, 0x0, 0xcf, 0xf8,
    0x0, 0x0, 0x0, 0x0, 0x0, 0x0, 0x0, 0x0,
    0x0, 0x0,

    /* U+5C1A "尚" */
    0x6, 0x0, 0x8, 0xc0, 0x0, 0x61, 0xc, 0x90,
    0x8, 0xc0, 0x3, 0xf1, 0x3, 0xf3, 0x8, 0xc0,
    0xc, 0x70, 0x0, 0x84, 0x8, 0xc0, 0x2a, 0x0,
    0x2b, 0xbb, 0xbd, 0xfb, 0xbb, 0xb5, 0x4f, 0x66,
    0x66, 0x66, 0x66, 0xd7, 0x4e, 0x0, 0x21, 0x11,
    0x10, 0xb7, 0x4e, 0x8, 0xff, 0xff, 0xe0, 0xb7,
    0x4e, 0x8, 0x90, 0x3, 0xe0, 0xb7, 0x4e, 0x8,
    0x90, 0x4, 0xe0, 0xb7, 0x4e, 0x8, 0xff, 0xff,
    0xd0, 0xb7, 0x4e, 0x6, 0x80, 0x0, 0x12, 0xc7,
    0x4e, 0x0, 0x0, 0x0, 0x5f, 0xd3,

    /* U+5C31 "就" */
    0x0, 0x0, 0x0, 0x0, 0x0, 0x0, 0x0, 0x0,
    0xb, 0x60, 0x0, 0xd, 0x42, 0x0, 0x1, 0x18,
    0xc1, 0x10, 0xd, 0x5d, 0x30, 0x4f, 0xff, 0xff,
    0xf1, 0xd, 0x44, 0xd0, 0x0, 0x0, 0x0, 0x2,
    0x3e, 0x53, 0x51, 0x8, 0xff, 0xff, 0x9a, 0xef,
    0xee, 0xe5, 0x8, 0x80, 0x8, 0x90, 0xf, 0x0,
    0x0, 0x8, 0xb7, 0x7c, 0x90, 0x2e, 0xd2, 0x0,
    0x4, 0x7b, 0xc7, 0x40, 0x5b, 0xf2, 0x0, 0x2,
    0x97, 0x9a, 0x30, 0x98, 0xf2, 0x0, 0x7, 0x97,
    0x96, 0xa0, 0xe2, 0xf2, 0x0, 0xd, 0x37, 0x91,
    0xb6, 0xc0, 0xf2, 0x36, 0x2b, 0x7, 0x90, 0x1e,
    0x40, 0xe2, 0x4a, 0x0, 0x8f, 0x60, 0x98, 0x0,
    0xae, 0xe5, 0x0, 0x0, 0x0, 0x0, 0x0, 0x0,
    0x0,

    /* U+5DEE "差" */
    0x0, 0x4, 0x70, 0x0, 0x7, 0x70, 0x0, 0x0,
    0x2, 0xf3, 0x0, 0x1f, 0x40, 0x0, 0x8, 0xff,
    0xff, 0xff, 0xff, 0xff, 0xa0, 0x1, 0x22, 0x22,
    0xf6, 0x22, 0x22, 0x10, 0x0, 0xcd, 0xde, 0xfe,
    0xdd, 0xdc, 0x0, 0x0, 0x12, 0x2a, 0xb2, 0x22,
    0x21, 0x0, 0x2d, 0xdd, 0xdf, 0xed, 0xdd, 0xdd,
    0xd2, 0x4, 0x44, 0xcd, 0x44, 0x44, 0x44, 0x40,
    0x0, 0x4, 0xf9, 0x55, 0x55, 0x55, 0x0, 0x0,
    0x3f, 0x9b, 0xbd, 0xfb, 0xbb, 0x10, 0x7, 0xf8,
    0x0, 0x4, 0xe0, 0x0, 0x0, 0x2d, 0x5a, 0xaa,
    0xac, 0xfa, 0xaa, 0xa1, 0x0, 0x6, 0x77, 0x77,
    0x77, 0x77, 0x71,

    /* U+5DF2 "已" */
    0xef, 0xff, 0xff, 0xff, 0xff, 0x60, 0x2, 0x22,
    0x22, 0x22, 0x22, 0xe6, 0x0, 0x17, 0x0, 0x0,
    0x0, 0xd, 0x60, 0x3, 0xf0, 0x0, 0x0, 0x0,
    0xd6, 0x0, 0x3f, 0x33, 0x33, 0x33, 0x3e, 0x60,
    0x3, 0xff, 0xff, 0xff, 0xff, 0xf6, 0x0, 0x3f,
    0x0, 0x0, 0x0, 0x8, 0x30, 0x3, 0xf0, 0x0,
    0x0, 0x0, 0x0, 0x0, 0x3f, 0x0, 0x0, 0x0,
    0x0, 0x1b, 0x13, 0xf0, 0x0, 0x0, 0x0, 0x3,
    0xf0, 0x2f, 0x62, 0x22, 0x22, 0x23, 0xbc, 0x0,
    0x8e, 0xff, 0xff, 0xff, 0xfc, 0x30,

    /* U+5E38 "常" */
    0x8, 0x50, 0xd, 0x60, 0x7, 0x70, 0x6, 0xf1,
    0xd, 0x60, 0x2f, 0x40, 0x9a, 0xea, 0xaf, 0xca,
    0xbe, 0xaa, 0xe8, 0x55, 0x55, 0x55, 0x55, 0x7f,
    0xe3, 0xde, 0xee, 0xee, 0xec, 0x3f, 0x61, 0xe3,
    0x0, 0x0, 0x4e, 0x16, 0x0, 0xea, 0x99, 0x99,
    0xbe, 0x0, 0x0, 0x33, 0x3c, 0xa3, 0x33, 0x0,
    0xc, 0xcc, 0xcf, 0xec, 0xcc, 0xd1, 0xf, 0x44,
    0x4c, 0xa4, 0x44, 0xf1, 0xf, 0x0, 0xb, 0x80,
    0x0, 0xf1, 0xf, 0x0, 0xb, 0x80, 0x44, 0xf1,
    0xb, 0x0, 0xb, 0x80, 0xac, 0x90,

    /* U+5E73 "平" */
    0x1, 0x11, 0x11, 0x11, 0x11, 0x11, 0x0, 0xc,
    0xff, 0xff, 0xff, 0xff, 0xff, 0x40, 0x1, 0x22,
    0x11, 0xe7, 0x11, 0x41, 0x0, 0x0, 0x99, 0x0,
    0xd6, 0x1, 0xf5, 0x0, 0x0, 0x3f, 0x10, 0xd6,
    0x7, 0xd0, 0x0, 0x0, 0xd, 0x60, 0xd6, 0xd,
    0x50, 0x0, 0x0, 0x2, 0x0, 0xd6, 0x4, 0x0,
    0x0, 0x7f, 0xff, 0xff, 0xff, 0xff, 0xff, 0xf1,
    0x13, 0x33, 0x33, 0xe8, 0x33, 0x33, 0x30, 0x0,
    0x0, 0x0, 0xd6, 0x0, 0x0, 0x0, 0x0, 0x0,
    0x0, 0xd6, 0x0, 0x0, 0x0, 0x0, 0x0, 0x0,
    0xd6, 0x0, 0x0, 0x0, 0x0, 0x0, 0x0, 0xd6,
    0x0, 0x0, 0x0,

    /* U+5E76 "并" */
    0x0, 0x0, 0x0, 0x0, 0x0, 0x0, 0x0, 0x0,
    0xa, 0x80, 0x0, 0x7, 0xc0, 0x0, 0x0, 0x4,
    0xf2, 0x0, 0xd, 0x80, 0x0, 0x1, 0x22, 0xc6,
    0x22, 0x6f, 0x32, 0x20, 0xc, 0xff, 0xff, 0xff,
    0xff, 0xff, 0xe0, 0x0, 0x1, 0xf3, 0x0, 0x2f,
    0x20, 0x0, 0x0, 0x1, 0xf2, 0x0, 0x1f, 0x20,
    0x0, 0x0, 0x1, 0xf2, 0x0, 0x1f, 0x20, 0x0,
    0x4f, 0xff, 0xff, 0xff, 0xff, 0xff, 0xf4, 0x3,
    0x36, 0xf3, 0x33, 0x4f, 0x53, 0x31, 0x0, 0x9,
    0xc0, 0x0, 0x1f, 0x20, 0x0, 0x0, 0x3f, 0x60,
    0x0, 0x1f, 0x20, 0x0, 0x4, 0xeb, 0x0, 0x0,
    0x1f, 0x20, 0x0, 0xd, 0x90, 0x0, 0x0, 0x1f,
    0x20, 0x0, 0x0, 0x0, 0x0, 0x0, 0x0, 0x0,
    0x0,

    /* U+5E8F "序" */
    0x0, 0x0, 0x0, 0x1a, 0x10, 0x0, 0x0, 0x0,
    0x32, 0x22, 0x2d, 0x92, 0x22, 0x20, 0x5, 0xff,
    0xff, 0xff, 0xff, 0xff, 0xf5, 0x5, 0xc0, 0x0,
    0x0, 0x0, 0x10, 0x0, 0x5, 0xc0, 0xee, 0xee,
    0xee, 0xfc, 0x0, 0x5, 0xc0, 0x2, 0x40, 0xa,
    0xd2, 0x0, 0x5, 0xc0, 0x3, 0xbd, 0xda, 0x10,
    0x0, 0x6, 0xb3, 0x77, 0x7b, 0xfc, 0x77, 0x70,
    0x7, 0xa4, 0x88, 0x8a, 0xf8, 0x8d, 0xc0, 0xa,
    0x80, 0x0, 0x4, 0xe0, 0x5d, 0x10, 0xd, 0x50,
    0x0, 0x4, 0xe0, 0x32, 0x0, 0x2f, 0x10, 0x1,
    0x15, 0xe0, 0x0, 0x0, 0x59, 0x0, 0xc, 0xff,
    0xa0, 0x0, 0x0, 0x0, 0x0, 0x0, 0x0, 0x0,
    0x0, 0x0,

    /* U+5E94 "应" */
    0x0, 0x0, 0x0, 0x3c, 0x0, 0x0, 0x0, 0x0,
    0x0, 0x0, 0x1f, 0x50, 0x0, 0x0, 0x5, 0xff,
    0xff, 0xff, 0xff, 0xff, 0xf3, 0x5, 0xe1, 0x11,
    0x11, 0x11, 0x11, 0x10, 0x5, 0xd0, 0x20, 0x2c,
    0x0, 0xb, 0x60, 0x5, 0xd2, 0xf1, 0xf, 0x30,
    0xf, 0x40, 0x5, 0xd0, 0xc6, 0xb, 0x70, 0x5e,
    0x0, 0x6, 0xc0, 0x7c, 0x7, 0xb0, 0xb8, 0x0,
    0x7, 0xb0, 0x2f, 0x14, 0xb2, 0xf1, 0x0, 0x9,
    0x90, 0x9, 0x10, 0x9, 0x90, 0x0, 0xd, 0x60,
    0x0, 0x0, 0x2f, 0x10, 0x0, 0x2f, 0x3d, 0xdd,
    0xdd, 0xef, 0xdd, 0xd5, 0x3b, 0x4, 0x44, 0x44,
    0x44, 0x44, 0x41, 0x0, 0x0, 0x0, 0x0, 0x0,
    0x0, 0x0,

    /* U+5EA6 "度" */
    0x0, 0x0, 0x0, 0x37, 0x0, 0x0, 0x0, 0x1,
    0x33, 0x33, 0x6f, 0x63, 0x33, 0x31, 0x4, 0xfe,
    0xef, 0xee, 0xee, 0xfe, 0xe4, 0x4, 0xe0, 0xd,
    0x50, 0x3, 0xe0, 0x0, 0x4, 0xee, 0xef, 0xfe,
    0xef, 0xfe, 0xe1, 0x4, 0xe0, 0xd, 0x50, 0x4,
    0xe0, 0x0, 0x4, 0xd0, 0xd, 0xba, 0xab, 0xe0,
    0x0, 0x5, 0xd0, 0x3, 0x44, 0x44, 0x40, 0x0,
    0x6, 0xb8, 0xee, 0xee, 0xee, 0xee, 0x0, 0x9,
    0x90, 0x3f, 0x50, 0x3, 0xe7, 0x0, 0xc, 0x60,
    0x4, 0xea, 0x8e, 0x60, 0x0, 0x1f, 0x23, 0x58,
    0xde, 0xfd, 0x85, 0x30, 0x3a, 0x1c, 0xa7, 0x30,
    0x4, 0x9c, 0xe2,

    /* U+5EFA "建" */
    0x0, 0x0, 0x0, 0x0, 0xf3, 0x0, 0x0, 0x2f,
    0xff, 0x96, 0xdd, 0xfe, 0xdd, 0x10, 0x0, 0x2f,
    0x20, 0x11, 0xf4, 0x1e, 0x20, 0x0, 0x99, 0x5e,
    0xee, 0xfe, 0xef, 0xe1, 0x3, 0xe1, 0x1, 0x11,
    0xf4, 0x1f, 0x40, 0xe, 0xff, 0xa7, 0xdd, 0xfd,
    0xdf, 0x20, 0x1, 0x19, 0x81, 0x22, 0xf4, 0x22,
    0x0, 0x9, 0xb, 0x69, 0xee, 0xfe, 0xee, 0x80,
    0x9, 0x6f, 0x20, 0x0, 0xf3, 0x0, 0x0, 0x2,
    0xfd, 0x4f, 0xff, 0xff, 0xff, 0xf1, 0x0, 0xdc,
    0x10, 0x0, 0xf3, 0x0, 0x0, 0x7, 0xd9, 0xe8,
    0x42, 0x52, 0x11, 0x10, 0x3f, 0x30, 0x39, 0xce,
    0xff, 0xff, 0xf2, 0x1, 0x0, 0x0, 0x0, 0x0,
    0x0, 0x0,

    /* U+5F00 "开" */
    0xc, 0xff, 0xff, 0xff, 0xff, 0xff, 0xe0, 0x0,
    0x0, 0xf4, 0x0, 0xf, 0x40, 0x0, 0x0, 0x0,
    0xf4, 0x0, 0xf, 0x30, 0x0, 0x0, 0x0, 0xf4,
    0x0, 0xf, 0x30, 0x0, 0x0, 0x0, 0xf3, 0x0,
    0xf, 0x30, 0x0, 0x4f, 0xff, 0xff, 0xff, 0xff,
    0xff, 0xf4, 0x2, 0x24, 0xf4, 0x22, 0x2f, 0x52,
    0x20, 0x0, 0x5, 0xf0, 0x0, 0xf, 0x30, 0x0,
    0x0, 0xb, 0xa0, 0x0, 0xf, 0x30, 0x0, 0x0,
    0x6f, 0x20, 0x0, 0xf, 0x30, 0x0, 0x6, 0xf7,
    0x0, 0x0, 0xf, 0x30, 0x0, 0xc, 0x70, 0x0,
    0x0, 0xf, 0x30, 0x0, 0x0, 0x0, 0x0, 0x0,
    0x0, 0x0, 0x0,

    /* U+5F0F "式" */
    0x0, 0x0, 0x0, 0x1, 0xf2, 0x97, 0x0, 0x0,
    0x0, 0x0, 0x1, 0xf2, 0x2e, 0x80, 0x3, 0x33,
    0x33, 0x33, 0xf5, 0x35, 0x81, 0x3f, 0xff, 0xff,
    0xff, 0xff, 0xff, 0xf4, 0x0, 0x0, 0x0, 0x0,
    0xe5, 0x0, 0x0, 0x1, 0x22, 0x22, 0x21, 0xc7,
    0x0, 0x0, 0xb, 0xff, 0xff, 0xf7, 0xa9, 0x0,
    0x0, 0x0, 0x4, 0xe0, 0x0, 0x8c, 0x0, 0x0,
    0x0, 0x4, 0xe0, 0x0, 0x4f, 0x0, 0x0, 0x0,
    0x4, 0xe0, 0x0, 0xf, 0x50, 0x34, 0x0, 0x5,
    0xf7, 0xac, 0xa, 0xb0, 0x5b, 0xb, 0xef, 0xda,
    0x62, 0x3, 0xf8, 0xa9, 0x7, 0x41, 0x0, 0x0,
    0x0, 0x5e, 0xe2,

    /* U+5F53 "当" */
    0x2, 0x0, 0xe, 0x60, 0x2, 0x34, 0xf2, 0x0,
    0xe6, 0x0, 0xab, 0xb, 0xa0, 0xe, 0x60, 0x1f,
    0x30, 0x3f, 0x20, 0xe6, 0x9, 0xa0, 0x0, 0x40,
    0xe, 0x60, 0x51, 0x4, 0xdd, 0xdd, 0xfe, 0xdd,
    0xda, 0x15, 0x55, 0x55, 0x55, 0x5a, 0xc0, 0x0,
    0x0, 0x0, 0x0, 0x7c, 0xd, 0xff, 0xff, 0xff,
    0xff, 0xc0, 0x23, 0x33, 0x33, 0x33, 0x8c, 0x0,
    0x0, 0x0, 0x0, 0x7, 0xc8, 0xdd, 0xdd, 0xdd,
    0xdd, 0xec, 0x35, 0x55, 0x55, 0x55, 0x5a, 0xc0,

    /* U+5F55 "录" */
    0x0, 0x0, 0x0, 0x0, 0x0, 0x0, 0x0, 0x5,
    0xff, 0xff, 0xff, 0xff, 0xf5, 0x0, 0x0, 0x11,
    0x11, 0x11, 0x11, 0xf5, 0x0, 0x0, 0xdf, 0xff,
    0xff, 0xff, 0xf4, 0x0, 0x0, 0x12, 0x22, 0x22,
    0x22, 0xf3, 0x0, 0x29, 0x99, 0x99, 0x99, 0x99,
    0xfa, 0x80, 0x28, 0x98, 0x88, 0xeb, 0x88, 0x89,
    0x80, 0x1, 0xe7, 0x0, 0xdb, 0x0, 0xac, 0x0,
    0x0, 0x2c, 0xb0, 0xdf, 0x8d, 0xb1, 0x0, 0x0,
    0x1, 0x8c, 0xf8, 0xfb, 0x0, 0x0, 0x3, 0x9f,
    0xc5, 0xd6, 0x3e, 0xa2, 0x0, 0x1e, 0xa3, 0x0,
    0xd6, 0x1, 0xaf, 0xb0, 0x0, 0x0, 0xaf, 0xe2,
    0x0, 0x2, 0x30, 0x0, 0x0, 0x0, 0x0, 0x0,
    0x0, 0x0,

    /* U+5F85 "待" */
    0x0, 0x9, 0x70, 0x0, 0x4e, 0x0, 0x0, 0x0,
    0x6f, 0x20, 0x0, 0x4e, 0x0, 0x0, 0x7, 0xf3,
    0x4, 0xff, 0xff, 0xff, 0xf1, 0xc, 0x33, 0x50,
    0x11, 0x5f, 0x11, 0x10, 0x0, 0x1d, 0x64, 0x44,
    0x7f, 0x44, 0x42, 0x0, 0xce, 0x1d, 0xdd, 0xdd,
    0xef, 0xd6, 0x1c, 0xee, 0x0, 0x0, 0x0, 0x5d,
    0x0, 0x1b, 0x5e, 0x3f, 0xff, 0xff, 0xff, 0xf5,
    0x0, 0x4e, 0x2, 0x64, 0x22, 0x6e, 0x20, 0x0,
    0x4e, 0x0, 0x9c, 0x0, 0x5d, 0x0, 0x0, 0x4e,
    0x0, 0xd, 0x70, 0x5d, 0x0, 0x0, 0x4e, 0x0,
    0x3, 0x21, 0x6d, 0x0, 0x0, 0x4e, 0x0, 0x0,
    0x3f, 0xf9, 0x0, 0x0, 0x0, 0x0, 0x0, 0x0,
    0x0, 0x0,

    /* U+6001 "态" */
    0x0, 0x0, 0x0, 0x7c, 0x0, 0x0, 0x0, 0x0,
    0x0, 0x0, 0x9a, 0x0, 0x0, 0x0, 0x1f, 0xff,
    0xff, 0xff, 0xff, 0xff, 0xf6, 0x2, 0x22, 0x24,
    0xfb, 0xc2, 0x22, 0x21, 0x0, 0x0, 0xb, 0xb2,
    0xf5, 0x0, 0x0, 0x0, 0x0, 0x9f, 0x50, 0x6f,
    0x50, 0x0, 0x0, 0x4c, 0xe6, 0xeb, 0x17, 0xfb,
    0x40, 0xd, 0xe8, 0x10, 0x2c, 0x70, 0x3b, 0xf4,
    0x2, 0x30, 0x50, 0xd8, 0x0, 0x16, 0x10, 0x0,
    0xf4, 0xf1, 0x2e, 0x70, 0xe, 0x40, 0x4, 0xe1,
    0xf1, 0x3, 0x90, 0x88, 0xb0, 0xb, 0x81, 0xf3,
    0x11, 0x13, 0xf2, 0xf2, 0x8, 0x10, 0xbf, 0xff,
    0xff, 0x90, 0x72,

    /* U+606F "息" */
    0x0, 0x0, 0x0, 0x0, 0x0, 0x0, 0x0, 0x0,
    0x0, 0x0, 0xb9, 0x0, 0x0, 0x0, 0x0, 0x2b,
    0xbb, 0xfc, 0xbb, 0xb3, 0x0, 0x0, 0x3f, 0x33,
    0x33, 0x33, 0xf4, 0x0, 0x0, 0x3f, 0xcc, 0xcc,
    0xcc, 0xf4, 0x0, 0x0, 0x3e, 0x11, 0x11, 0x11,
    0xe4, 0x0, 0x0, 0x3f, 0xee, 0xee, 0xee, 0xf4,
    0x0, 0x0, 0x3e, 0x0, 0x0, 0x0, 0xe4, 0x0,
    0x0, 0x3f, 0xff, 0xff, 0xff, 0xf4, 0x0, 0x0,
    0x0, 0x0, 0xc5, 0x0, 0x2, 0x0, 0x1, 0xd4,
    0xe0, 0x3f, 0x30, 0x3f, 0x20, 0x8, 0xb4, 0xe0,
    0x7, 0x43, 0x6a, 0xb0, 0x1e, 0x44, 0xf2, 0x11,
    0x18, 0xa2, 0xf1, 0x6, 0x1, 0xcf, 0xff, 0xfe,
    0x40, 0x10,

    /* U+6210 "成" */
    0x0, 0x0, 0x0, 0x7, 0xc4, 0xb1, 0x0, 0x0,
    0x0, 0x0, 0x6, 0xc0, 0xae, 0x30, 0x1, 0x44,
    0x44, 0x48, 0xe4, 0x4b, 0x61, 0x4, 0xfe, 0xee,
    0xef, 0xfe, 0xee, 0xe5, 0x4, 0xf0, 0x0, 0x3,
    0xf0, 0x0, 0x0, 0x4, 0xf5, 0x55, 0x21, 0xf1,
    0xd, 0x50, 0x4, 0xfc, 0xce, 0x80, 0xf4, 0x4f,
    0x10, 0x4, 0xf0, 0xa, 0x80, 0xc7, 0xc9, 0x0,
    0x5, 0xe0, 0xb, 0x70, 0x9e, 0xe1, 0x0, 0x7,
    0xc0, 0xc, 0x60, 0x6f, 0x50, 0x41, 0xa, 0x99,
    0xff, 0x24, 0xff, 0x60, 0xa6, 0x1f, 0x50, 0x11,
    0x8f, 0x76, 0xf5, 0xd3, 0x4d, 0x0, 0x2, 0xd4,
    0x0, 0x8f, 0xc0, 0x0, 0x0, 0x0, 0x0, 0x0,
    0x0, 0x0,

    /* U+6216 "或" */
    0x0, 0x0, 0x0, 0x1, 0xf2, 0xc6, 0x0, 0x0,
    0x0, 0x0, 0x1, 0xf2, 0x5f, 0x70, 0x6, 0x66,
    0x66, 0x66, 0xf7, 0x68, 0x90, 0x1d, 0xdd, 0xdd,
    0xdd, 0xfd, 0xdd, 0xd1, 0x0, 0x11, 0x11, 0x0,
    0xd5, 0x1, 0x0, 0x2, 0xff, 0xff, 0xe0, 0xc7,
    0xc, 0x70, 0x2, 0xe0, 0x4, 0xe0, 0x99, 0x2f,
    0x10, 0x2, 0xe0, 0x4, 0xe0, 0x7c, 0xaa, 0x0,
    0x2, 0xff, 0xff, 0xe0, 0x3f, 0xf2, 0x0, 0x0,
    0x0, 0x0, 0x21, 0x2f, 0x80, 0x41, 0x3, 0x68,
    0xbe, 0xf7, 0xdf, 0xa0, 0x97, 0xf, 0xc9, 0x63,
    0x5e, 0xa3, 0xf6, 0xd4, 0x0, 0x0, 0x0, 0xb8,
    0x0, 0x6f, 0xc0, 0x0, 0x0, 0x0, 0x0, 0x0,
    0x0, 0x0,

    /* U+62E9 "择" */
    0x0, 0xd5, 0x0, 0x0, 0x0, 0x0, 0x0, 0x0,
    0xd5, 0xa, 0xff, 0xff, 0xff, 0x20, 0x0, 0xd5,
    0x0, 0xb9, 0x11, 0x99, 0x0, 0x9f, 0xff, 0xf0,
    0x1d, 0x8a, 0xa0, 0x0, 0x1, 0xd6, 0x10, 0x8,
    0xff, 0x50, 0x0, 0x0, 0xd5, 0x2a, 0xfa, 0x25,
    0xde, 0x90, 0x1, 0xdd, 0xa5, 0x10, 0xd5, 0x3,
    0x40, 0x8f, 0xfa, 0x27, 0xcc, 0xfe, 0xcc, 0x0,
    0x32, 0xd5, 0x2, 0x44, 0xe8, 0x44, 0x0, 0x0,
    0xd5, 0x1, 0x11, 0xd7, 0x11, 0x10, 0x0, 0xd5,
    0x5f, 0xff, 0xff, 0xff, 0xe0, 0x1, 0xd5, 0x0,
    0x0, 0xd5, 0x0, 0x0, 0x1f, 0xd2, 0x0, 0x0,
    0xd5, 0x0, 0x0, 0x0, 0x0, 0x0, 0x0, 0x0,
    0x0, 0x0,

    /* U+6301 "持" */
    0x0, 0x0, 0x0, 0x0, 0x0, 0x0, 0x0, 0x0,
    0xe3, 0x0, 0x0, 0x4d, 0x0, 0x0, 0x0, 0xe3,
    0x0, 0x22, 0x6e, 0x22, 0x10, 0x0, 0xe3, 0x4,
    0xff, 0xff, 0xff, 0xd0, 0xaf, 0xff, 0xa0, 0x11,
    0x5d, 0x11, 0x0, 0x11, 0xe4, 0x14, 0x44, 0x7e,
    0x44, 0x42, 0x0, 0xe3, 0xc, 0xdd, 0xdd, 0xef,
    0xd6, 0x0, 0xe9, 0x70, 0x0, 0x0, 0x7b, 0x0,
    0x8e, 0xfa, 0x3b, 0xff, 0xff, 0xff, 0xf5, 0x43,
    0xe3, 0x1, 0x55, 0x22, 0x8b, 0x20, 0x0, 0xe3,
    0x0, 0x7d, 0x0, 0x7b, 0x0, 0x0, 0xe3, 0x0,
    0xd, 0x70, 0x7b, 0x0, 0x1, 0xe3, 0x0, 0x3,
    0x21, 0x8a, 0x0, 0x3f, 0xd1, 0x0, 0x0, 0x3f,
    0xf6, 0x0, 0x0, 0x0, 0x0, 0x0, 0x0, 0x0,
    0x0,

    /* U+6309 "按" */
    0x0, 0x0, 0x0, 0x0, 0x0, 0x0, 0x0, 0x0,
    0xd5, 0x0, 0x0, 0xd5, 0x0, 0x0, 0x0, 0xd5,
    0x1, 0x11, 0xba, 0x11, 0x10, 0x0, 0xd5, 0xd,
    0xff, 0xff, 0xff, 0xe0, 0xaf, 0xff, 0xdd, 0x31,
    0x50, 0x3, 0xe0, 0x11, 0xd6, 0x1a, 0x26, 0xd0,
    0x2, 0xa0, 0x0, 0xd5, 0x24, 0x4d, 0xa4, 0x44,
    0x40, 0x0, 0xd5, 0x7c, 0xdf, 0xcc, 0xee, 0xc1,
    0x15, 0xef, 0xe0, 0xaa, 0x0, 0xc7, 0x0, 0xbc,
    0xf7, 0x2, 0xf5, 0x2, 0xf2, 0x0, 0x0, 0xd5,
    0x1, 0x8f, 0x9b, 0xb0, 0x0, 0x0, 0xd5, 0x0,
    0x2, 0xff, 0x90, 0x0, 0x1, 0xd5, 0x2, 0x7e,
    0xc5, 0xdd, 0x40, 0x3f, 0xd2, 0xd, 0xa4, 0x0,
    0x8, 0xa0, 0x0, 0x0, 0x0, 0x0, 0x0, 0x0,
    0x0,

    /* U+6362 "换" */
    0x0, 0x0, 0x0, 0x0, 0x0, 0x0, 0x0, 0x0,
    0xe4, 0x0, 0xe, 0x20, 0x0, 0x0, 0x0, 0xe4,
    0x0, 0x6f, 0xcc, 0xc8, 0x0, 0x12, 0xf5, 0x11,
    0xe5, 0x35, 0xf6, 0x0, 0x8f, 0xff, 0x8c, 0xc4,
    0x4c, 0xc4, 0x10, 0x1, 0xf5, 0x9, 0xfb, 0xfc,
    0xbf, 0x50, 0x0, 0xe4, 0x4, 0xe0, 0xd5, 0xf,
    0x50, 0x0, 0xe7, 0x64, 0xe0, 0xd4, 0xf, 0x50,
    0x4a, 0xfe, 0x94, 0xe0, 0xf3, 0xf, 0x50, 0x68,
    0xf4, 0x4f, 0xff, 0xff, 0xff, 0xf5, 0x0, 0xe4,
    0x0, 0xb, 0xec, 0x0, 0x0, 0x0, 0xe4, 0x0,
    0x8e, 0x1b, 0xb1, 0x0, 0x2, 0xf3, 0x2b, 0xe3,
    0x0, 0xae, 0x60, 0x1f, 0xd1, 0xba, 0x10, 0x0,
    0x5, 0xd3, 0x0, 0x0, 0x0, 0x0, 0x0, 0x0,
    0x0,

    /* U+636E "据" */
    0x0, 0xe2, 0x0, 0x0, 0x0, 0x0, 0x0, 0x0,
    0xe2, 0x9, 0xff, 0xff, 0xff, 0xe0, 0x0, 0xe2,
    0x9, 0x90, 0x0, 0x3, 0xe0, 0x9f, 0xff, 0xa9,
    0xc8, 0x88, 0x89, 0xe0, 0x1, 0xf4, 0x19, 0xc8,
    0x8f, 0x98, 0x70, 0x0, 0xe2, 0x9, 0x90, 0xf,
    0x20, 0x0, 0x0, 0xe8, 0x69, 0xff, 0xff, 0xff,
    0xf3, 0x6c, 0xfc, 0x5a, 0x70, 0xf, 0x30, 0x0,
    0x45, 0xf2, 0xc, 0x77, 0x7f, 0x87, 0x60, 0x0,
    0xe2, 0xf, 0x6e, 0x99, 0x99, 0xf0, 0x0, 0xe2,
    0x3e, 0x3c, 0x0, 0x1, 0xf0, 0x2, 0xf2, 0x98,
    0x3c, 0x22, 0x24, 0xf0, 0x1e, 0xc1, 0xd1, 0x3f,
    0xdd, 0xdd, 0xf0, 0x0, 0x0, 0x0, 0x0, 0x0,
    0x0, 0x0,

    /* U+63A5 "接" */
    0x0, 0xe3, 0x0, 0x0, 0x95, 0x0, 0x0, 0x0,
    0xe3, 0x1, 0x22, 0x8c, 0x22, 0x20, 0x0, 0xe3,
    0x7, 0xee, 0xee, 0xee, 0xe2, 0x6d, 0xfd, 0x60,
    0x3c, 0x0, 0x7a, 0x0, 0x13, 0xf5, 0x11, 0x1c,
    0x42, 0xe4, 0x10, 0x0, 0xe3, 0xf, 0xff, 0xff,
    0xff, 0xf7, 0x0, 0xe9, 0x40, 0x1, 0xe1, 0x0,
    0x0, 0x6d, 0xfa, 0x5d, 0xde, 0xfd, 0xdd, 0xd8,
    0x33, 0xe3, 0x3, 0x7e, 0x33, 0x8d, 0x32, 0x0,
    0xe3, 0x1, 0xeb, 0x20, 0xd7, 0x0, 0x0, 0xe3,
    0x0, 0x39, 0xfe, 0xe0, 0x0, 0x1, 0xf2, 0x2,
    0x59, 0xfa, 0xdd, 0x50, 0x1f, 0xc0, 0x3f, 0xc8,
    0x20, 0x6, 0xd1, 0x0, 0x0, 0x0, 0x0, 0x0,
    0x0, 0x0,

    /* U+63A7 "控" */
    0x0, 0x0, 0x0, 0x0, 0x0, 0x0, 0x0, 0x0,
    0xe2, 0x0, 0x0, 0xe2, 0x0, 0x0, 0x0, 0xe2,
    0x2, 0x22, 0xc9, 0x22, 0x20, 0x1, 0xf4, 0x1f,
    0xee, 0xee, 0xee, 0xf3, 0x8f, 0xff, 0x9f, 0x2,
    0x0, 0x10, 0xe3, 0x0, 0xe2, 0x5, 0x3e, 0x25,
    0xe2, 0x30, 0x0, 0xe2, 0x3, 0xe5, 0x0, 0x6e,
    0x30, 0x0, 0xe6, 0x2b, 0x50, 0x0, 0x5, 0x80,
    0x27, 0xff, 0x66, 0xaa, 0xaa, 0xaa, 0x10, 0x9b,
    0xf3, 0x4, 0x77, 0xea, 0x77, 0x10, 0x0, 0xe2,
    0x0, 0x0, 0xd5, 0x0, 0x0, 0x0, 0xe2, 0x0,
    0x0, 0xd5, 0x0, 0x0, 0x1, 0xf2, 0x68, 0x88,
    0xeb, 0x88, 0x81, 0x3f, 0xc0, 0x58, 0x88, 0x88,
    0x88, 0x81,

    /* U+63A8 "推" */
    0x0, 0xe3, 0x0, 0x59, 0x2b, 0x0, 0x0, 0x0,
    0xe3, 0x0, 0xa8, 0xd, 0x60, 0x0, 0x0, 0xe4,
    0x1, 0xf7, 0x5b, 0xa5, 0x40, 0xaf, 0xff, 0xc9,
    0xfc, 0xcf, 0xdc, 0x90, 0x1, 0xf4, 0x3f, 0xf0,
    0xe, 0x30, 0x0, 0x0, 0xe4, 0xcc, 0xf4, 0x4f,
    0x74, 0x20, 0x0, 0xe6, 0xb3, 0xfc, 0xcf, 0xdc,
    0x70, 0x5b, 0xfc, 0x62, 0xf0, 0xe, 0x30, 0x0,
    0x44, 0xf3, 0x2, 0xff, 0xff, 0xff, 0x80, 0x0,
    0xe3, 0x2, 0xf1, 0x1f, 0x41, 0x10, 0x0, 0xe3,
    0x2, 0xf0, 0xe, 0x30, 0x0, 0x12, 0xf3, 0x2,
    0xfe, 0xef, 0xee, 0xe0, 0x3f, 0xd1, 0x2, 0xf3,
    0x33, 0x33, 0x30, 0x0, 0x0, 0x0, 0x0, 0x0,
    0x0, 0x0,

    /* U+63CF "描" */
    0x0, 0xe2, 0x0, 0x3f, 0x0, 0xa5, 0x0, 0x0,
    0xe2, 0x0, 0x3f, 0x0, 0xa5, 0x0, 0x0, 0xe2,
    0xd, 0xef, 0xee, 0xfe, 0xe4, 0x9f, 0xff, 0xa4,
    0x7f, 0x44, 0xb8, 0x41, 0x11, 0xf4, 0x10, 0x3f,
    0x0, 0xa5, 0x0, 0x0, 0xe2, 0x3, 0x67, 0x66,
    0x66, 0x30, 0x0, 0xe8, 0x68, 0xdb, 0xcf, 0xbd,
    0x90, 0x7d, 0xfb, 0x48, 0x80, 0x4d, 0x8, 0x90,
    0x33, 0xf2, 0x8, 0xec, 0xdf, 0xce, 0x90, 0x0,
    0xe2, 0x8, 0xa4, 0x7d, 0x4a, 0x90, 0x0, 0xe2,
    0x8, 0x80, 0x4d, 0x8, 0x90, 0x1, 0xf2, 0x8,
    0xeb, 0xcf, 0xbe, 0x90, 0x3f, 0xc0, 0x8, 0xb5,
    0x55, 0x5a, 0x90, 0x0, 0x0, 0x0, 0x0, 0x0,
    0x0, 0x0,

    /* U+63D0 "提" */
    0x0, 0xe2, 0x0, 0x0, 0x0, 0x0, 0x0, 0x0,
    0xe2, 0x3, 0xfe, 0xee, 0xef, 0x30, 0x0, 0xe2,
    0x3, 0xe4, 0x44, 0x4f, 0x30, 0x8e, 0xfe, 0x93,
    0xe6, 0x66, 0x6f, 0x30, 0x0, 0xe2, 0x3, 0xfd,
    0xdd, 0xdf, 0x30, 0x0, 0xe2, 0x0, 0x11, 0x11,
    0x11, 0x0, 0x0, 0xea, 0x9f, 0xff, 0xff, 0xff,
    0xf1, 0x6d, 0xfc, 0x40, 0x20, 0xa7, 0x0, 0x0,
    0x78, 0xf2, 0x2, 0xf0, 0xa8, 0x0, 0x0, 0x0,
    0xe2, 0x6, 0xe0, 0xaf, 0xee, 0x30, 0x0, 0xe2,
    0xb, 0xf4, 0xa7, 0x0, 0x0, 0x0, 0xe2, 0x4f,
    0x3e, 0xd8, 0x0, 0x0, 0x4f, 0xe1, 0xd5, 0x2,
    0xae, 0xff, 0xf4, 0x1, 0x0, 0x0, 0x0, 0x0,
    0x0, 0x0,

    /* U+6478 "摸" */
    0x0, 0xe2, 0x0, 0x1f, 0x0, 0xf2, 0x0, 0x0,
    0xe2, 0x1c, 0xdf, 0xcc, 0xfd, 0xc0, 0x0, 0xe2,
    0x4, 0x5f, 0x44, 0xf6, 0x40, 0x8f, 0xff, 0xa3,
    0x7b, 0x66, 0xb7, 0x20, 0x1, 0xf4, 0x17, 0xc6,
    0x66, 0x6e, 0x50, 0x0, 0xe2, 0x7, 0xfd, 0xdd,
    0xdf, 0x50, 0x0, 0xe9, 0x87, 0xa0, 0x0, 0xc,
    0x50, 0x5d, 0xfd, 0x77, 0xfe, 0xee, 0xef, 0x50,
    0x47, 0xf2, 0x0, 0x0, 0xc6, 0x0, 0x0, 0x0,
    0xe2, 0x7f, 0xff, 0xff, 0xff, 0xf0, 0x0, 0xe2,
    0x0, 0x9, 0xcd, 0x70, 0x0, 0x1, 0xf2, 0x3,
    0xae, 0x22, 0xe9, 0x20, 0x4f, 0xd0, 0x8f, 0x91,
    0x0, 0x2a, 0xe1, 0x0, 0x0, 0x0, 0x0, 0x0,
    0x0, 0x0,

    /* U+64CD "操" */
    0x0, 0xe3, 0x0, 0x0, 0x0, 0x0, 0x0, 0x0,
    0xe3, 0x0, 0x9f, 0xee, 0xec, 0x0, 0x0, 0xe3,
    0x0, 0x99, 0x0, 0x4c, 0x0, 0x6f, 0xff, 0x70,
    0x7c, 0xcc, 0xc9, 0x0, 0x0, 0xe3, 0xb, 0xbb,
    0x95, 0xbb, 0xb0, 0x0, 0xe3, 0xe, 0x14, 0xc7,
    0x81, 0xd1, 0x0, 0xea, 0x6f, 0x35, 0xc7, 0x93,
    0xd1, 0x3b, 0xfc, 0x4a, 0xaa, 0xa8, 0xaa, 0xa0,
    0x6a, 0xf3, 0x1, 0x11, 0x7c, 0x11, 0x10, 0x0,
    0xe3, 0x2e, 0xee, 0xff, 0xfe, 0xe4, 0x0, 0xe3,
    0x0, 0x3d, 0xde, 0xd3, 0x0, 0x0, 0xe3, 0x4b,
    0xe5, 0x6b, 0x3e, 0xa2, 0xe, 0xd1, 0x87, 0x0,
    0x6b, 0x1, 0x81,

    /* U+652F "支" */
    0x0, 0x0, 0x0, 0xd6, 0x0, 0x0, 0x0, 0x0,
    0x0, 0x0, 0xd6, 0x0, 0x0, 0x0, 0x2f, 0xff,
    0xff, 0xff, 0xff, 0xff, 0xa0, 0x3, 0x33, 0x33,
    0xe8, 0x33, 0x33, 0x20, 0x0, 0x0, 0x0, 0xd6,
    0x0, 0x0, 0x0, 0x4, 0x88, 0x88, 0xeb, 0x88,
    0x82, 0x0, 0x5, 0xbf, 0xaa, 0xaa, 0xab, 0xf5,
    0x0, 0x0, 0xe, 0x60, 0x0, 0xa, 0xc0, 0x0,
    0x0, 0x4, 0xf4, 0x0, 0x8e, 0x20, 0x0, 0x0,
    0x0, 0x6f, 0x7a, 0xe3, 0x0, 0x0, 0x0, 0x0,
    0x1b, 0xff, 0x70, 0x0, 0x0, 0x14, 0x7b, 0xfc,
    0x58, 0xfe, 0xa6, 0x30, 0x6f, 0xc7, 0x20, 0x0,
    0x5, 0xad, 0xd0, 0x0, 0x0, 0x0, 0x0, 0x0,
    0x0, 0x0,

    /* U+6536 "收" */
    0x0, 0x0, 0x0, 0x0, 0x10, 0x0, 0x0, 0x0,
    0x0, 0xe4, 0x6, 0xd0, 0x0, 0x0, 0x6, 0x10,
    0xe4, 0xa, 0xa0, 0x0, 0x0, 0xe, 0x40, 0xe4,
    0xe, 0x71, 0x11, 0x10, 0xe, 0x40, 0xe4, 0x3f,
    0xff, 0xff, 0xf1, 0xe, 0x40, 0xe4, 0x9f, 0x0,
    0x3f, 0x0, 0xe, 0x40, 0xe6, 0xfe, 0x40, 0x7c,
    0x0, 0xe, 0x40, 0xe9, 0xb7, 0xa0, 0xb7, 0x0,
    0xe, 0x40, 0xe4, 0x1, 0xf3, 0xf2, 0x0, 0xe,
    0x8a, 0xf4, 0x0, 0x9f, 0xb0, 0x0, 0x3f, 0xd7,
    0xf4, 0x0, 0x5f, 0x60, 0x0, 0x4, 0x0, 0xe4,
    0x3, 0xeb, 0xf3, 0x0, 0x0, 0x0, 0xe4, 0x6f,
    0x80, 0x8f, 0x60, 0x0, 0x0, 0xe5, 0xc5, 0x0,
    0x6, 0xa0, 0x0, 0x0, 0x0, 0x0, 0x0, 0x0,
    0x0,

    /* U+6539 "改" */
    0x0, 0x0, 0x0, 0x0, 0x91, 0x0, 0x0, 0x1c,
    0xcc, 0xcb, 0x2, 0xf0, 0x0, 0x0, 0x6, 0x66,
    0x9f, 0x6, 0xd2, 0x22, 0x20, 0x0, 0x0, 0x4f,
    0xc, 0xff, 0xff, 0xf1, 0x0, 0x0, 0x4f, 0x3f,
    0x50, 0xf, 0x20, 0xf, 0xff, 0xff, 0xbf, 0xa0,
    0x4f, 0x0, 0xf, 0x53, 0x33, 0xb4, 0xe0, 0x8b,
    0x0, 0xf, 0x30, 0x0, 0x0, 0xd5, 0xe5, 0x0,
    0xf, 0x30, 0x0, 0x0, 0x7f, 0xe0, 0x0, 0xf,
    0x30, 0x5a, 0x0, 0x2f, 0x90, 0x0, 0xf, 0xbf,
    0xd8, 0x1, 0xdc, 0xf5, 0x0, 0x4f, 0xa4, 0x0,
    0x6e, 0xb0, 0x6f, 0x80, 0x2, 0x0, 0x0, 0xc7,
    0x0, 0x4, 0xb0, 0x0, 0x0, 0x0, 0x0, 0x0,
    0x0, 0x0,

    /* U+6548 "效" */
    0x0, 0x8, 0x10, 0x0, 0x9, 0x20, 0x0, 0x0,
    0xb, 0x90, 0x0, 0x1f, 0x10, 0x0, 0x2a, 0xac,
    0xca, 0xa2, 0x5e, 0x22, 0x21, 0x16, 0x97, 0x69,
    0x61, 0xaf, 0xff, 0xf8, 0x1, 0xf2, 0x1e, 0x30,
    0xf3, 0x7, 0xb0, 0xa, 0x90, 0x6, 0xd7, 0xf3,
    0xa, 0x80, 0x4e, 0x50, 0x7a, 0x8f, 0xd8, 0xe,
    0x40, 0x3, 0xbb, 0xd5, 0x5, 0x4d, 0x4e, 0x0,
    0x0, 0xc, 0xf0, 0x0, 0xd, 0xe8, 0x0, 0x0,
    0xd, 0xf7, 0x0, 0x8, 0xf2, 0x0, 0x0, 0xac,
    0x3f, 0x30, 0x3f, 0xe9, 0x0, 0x1a, 0xd1, 0x7,
    0x35, 0xf8, 0x2e, 0x90, 0x2b, 0x10, 0x0, 0x8e,
    0x50, 0x3, 0xe7, 0x0, 0x0, 0x0, 0x1, 0x0,
    0x0, 0x0,

    /* U+6570 "数" */
    0x3, 0x44, 0xd0, 0x71, 0xc, 0x10, 0x0, 0x3,
    0xd4, 0xd3, 0xd0, 0x2f, 0x0, 0x0, 0x3, 0xb7,
    0xe7, 0x62, 0x6c, 0x11, 0x11, 0x1c, 0xce, 0xfd,
    0xc8, 0xaf, 0xff, 0xfa, 0x0, 0x5f, 0xfd, 0x60,
    0xf9, 0x7, 0xa0, 0x9, 0xd6, 0xd1, 0xa8, 0xed,
    0xa, 0x70, 0x7, 0x6, 0x70, 0xc, 0x3e, 0x2e,
    0x30, 0xa, 0xcf, 0xdc, 0xc1, 0xa, 0xbe, 0x0,
    0x2, 0xba, 0x37, 0xc0, 0x4, 0xf7, 0x0, 0x2,
    0xfa, 0x3e, 0x40, 0x5, 0xf7, 0x0, 0x0, 0x1a,
    0xfd, 0x10, 0x3f, 0x7f, 0x40, 0x4, 0xae, 0x6a,
    0x67, 0xf5, 0x6, 0xf6, 0xa, 0x60, 0x0, 0x2c,
    0x30, 0x0, 0x46,

    /* U+6574 "整" */
    0x0, 0xc, 0x40, 0x0, 0x4a, 0x0, 0x0, 0x6e,
    0xef, 0xee, 0xd0, 0xa7, 0x0, 0x0, 0x3, 0x4d,
    0x74, 0x32, 0xff, 0xff, 0xf4, 0xe, 0x7d, 0xa7,
    0xec, 0xe3, 0xe, 0x20, 0xe, 0xcf, 0xdc, 0xe3,
    0x4d, 0xaa, 0x0, 0x0, 0x8f, 0xab, 0x20, 0xd,
    0xf4, 0x0, 0x2b, 0x9c, 0x44, 0x87, 0xe9, 0x7f,
    0xa2, 0x6, 0x37, 0x43, 0x38, 0x53, 0x34, 0x90,
    0x5, 0xcc, 0xcc, 0xed, 0xcc, 0xcc, 0x60, 0x0,
    0x39, 0x0, 0x99, 0x66, 0x63, 0x0, 0x0, 0x4c,
    0x0, 0x9a, 0x88, 0x84, 0x0, 0x26, 0x9e, 0x66,
    0xca, 0x66, 0x66, 0x62, 0x5f, 0xff, 0xff, 0xff,
    0xff, 0xff, 0xf6,

    /* U+6587 "文" */
    0x0, 0x0, 0x0, 0x66, 0x0, 0x0, 0x0, 0x0,
    0x0, 0x0, 0x7f, 0x10, 0x0, 0x0, 0x3, 0x33,
    0x33, 0x4d, 0x53, 0x33, 0x32, 0x1f, 0xff, 0xff,
    0xff, 0xff, 0xff, 0xf9, 0x0, 0xb, 0x90, 0x0,
    0x2, 0xf3, 0x0, 0x0, 0x3, 0xf1, 0x0, 0x9,
    0xc0, 0x0, 0x0, 0x0, 0xba, 0x0, 0x2f, 0x30,
    0x0, 0x0, 0x0, 0x2f, 0x60, 0xda, 0x0, 0x0,
    0x0, 0x0, 0x5, 0xfc, 0xd0, 0x0, 0x0, 0x0,
    0x0, 0x1, 0xef, 0x80, 0x0, 0x0, 0x0, 0x0,
    0x6e, 0xc7, 0xfb, 0x20, 0x0, 0x1, 0x7e, 0xf7,
    0x0, 0x2c, 0xfa, 0x40, 0x1e, 0xe7, 0x10, 0x0,
    0x0, 0x4b, 0xf7, 0x1, 0x0, 0x0, 0x0, 0x0,
    0x0, 0x0,

    /* U+65AD "断" */
    0x0, 0x0, 0xe1, 0x0, 0x0, 0x4, 0x60, 0xf,
    0x52, 0xe1, 0xa2, 0x8a, 0xed, 0x80, 0xf, 0x67,
    0xe5, 0xa3, 0xf4, 0x10, 0x0, 0xf, 0x27, 0xe8,
    0x43, 0xe0, 0x0, 0x0, 0xf, 0x8a, 0xfa, 0xa4,
    0xe1, 0x11, 0x10, 0xf, 0x57, 0xf9, 0x64, 0xff,
    0xff, 0xf5, 0xf, 0x8, 0xfd, 0x13, 0xe0, 0x3e,
    0x0, 0xf, 0x2c, 0xe5, 0xc4, 0xd0, 0x3e, 0x0,
    0xf, 0xc3, 0xe1, 0x35, 0xc0, 0x3e, 0x0, 0xf,
    0x20, 0xe1, 0x6, 0xa0, 0x3e, 0x0, 0xf, 0x11,
    0x51, 0x1a, 0x70, 0x3e, 0x0, 0xf, 0xff, 0xff,
    0xde, 0x30, 0x3e, 0x0, 0x0, 0x0, 0x0, 0x2c,
    0x0, 0x3e, 0x0, 0x0, 0x0, 0x0, 0x0, 0x0,
    0x0, 0x0,

    /* U+65B0 "新" */
    0x0, 0x7, 0x10, 0x0, 0x0, 0x2, 0x10, 0x2,
    0x2b, 0x92, 0x21, 0x59, 0xdf, 0x90, 0x2d, 0xed,
    0xde, 0xd4, 0xe7, 0x30, 0x0, 0x1, 0xe0, 0xf,
    0x24, 0xd0, 0x0, 0x0, 0x12, 0xd4, 0x7d, 0x25,
    0xd1, 0x11, 0x10, 0x5d, 0xde, 0xed, 0xd7, 0xff,
    0xff, 0xf7, 0x0, 0x8, 0x80, 0x4, 0xd0, 0x3f,
    0x0, 0x4f, 0xff, 0xff, 0xf5, 0xc0, 0x3f, 0x0,
    0x2, 0x49, 0x95, 0x15, 0xc0, 0x3f, 0x0, 0x8,
    0x88, 0x8b, 0x57, 0xa0, 0x3f, 0x0, 0x1e, 0x28,
    0x83, 0xda, 0x70, 0x3f, 0x0, 0x16, 0x8, 0x80,
    0x3f, 0x20, 0x3f, 0x0, 0x0, 0x9f, 0x50, 0x39,
    0x0, 0x3f, 0x0,

    /* U+65E0 "无" */
    0x0, 0x11, 0x11, 0x11, 0x11, 0x11, 0x0, 0x6,
    0xff, 0xff, 0xff, 0xff, 0xff, 0x80, 0x0, 0x11,
    0x11, 0xe6, 0x11, 0x11, 0x0, 0x0, 0x0, 0x0,
    0xe4, 0x0, 0x0, 0x0, 0x0, 0x0, 0x0, 0xf3,
    0x0, 0x0, 0x0, 0x3c, 0xcc, 0xcc, 0xfc, 0xcc,
    0xcc, 0xc4, 0x16, 0x66, 0x6a, 0xef, 0xa6, 0x66,
    0x62, 0x0, 0x0, 0xa, 0xae, 0x60, 0x0, 0x0,
    0x0, 0x0, 0x1f, 0x4e, 0x60, 0x0, 0x0, 0x0,
    0x0, 0xac, 0xe, 0x60, 0x0, 0x20, 0x0, 0x8,
    0xf2, 0xe, 0x60, 0x0, 0xb6, 0x2, 0xbf, 0x40,
    0xd, 0x82, 0x23, 0xe4, 0x2f, 0xc2, 0x0, 0x7,
    0xff, 0xff, 0xc0, 0x2, 0x0, 0x0, 0x0, 0x0,
    0x0, 0x0,

    /* U+65F6 "时" */
    0x0, 0x0, 0x0, 0x0, 0x0, 0x5d, 0x0, 0x1d,
    0xdd, 0xd4, 0x0, 0x0, 0x5d, 0x0, 0x2f, 0x66,
    0xd5, 0x0, 0x0, 0x5d, 0x0, 0x2f, 0x0, 0xc5,
    0xdf, 0xff, 0xff, 0xf8, 0x2f, 0x0, 0xc5, 0x12,
    0x22, 0x7e, 0x21, 0x2f, 0xdd, 0xf5, 0x2b, 0x0,
    0x5d, 0x0, 0x2f, 0x33, 0xc5, 0xd, 0x80, 0x5d,
    0x0, 0x2f, 0x0, 0xc5, 0x4, 0xf2, 0x5d, 0x0,
    0x2f, 0x0, 0xc5, 0x0, 0xb8, 0x5d, 0x0, 0x2f,
    0x44, 0xd5, 0x0, 0x10, 0x5d, 0x0, 0x2f, 0xcc,
    0xc4, 0x0, 0x0, 0x5d, 0x0, 0x1e, 0x0, 0x0,
    0x0, 0x22, 0x7d, 0x0, 0x0, 0x0, 0x0, 0x0,
    0xef, 0xf7, 0x0, 0x0, 0x0, 0x0, 0x0, 0x0,
    0x0, 0x0,

    /* U+660E "明" */
    0x1f, 0xff, 0xf8, 0x3f, 0xff, 0xff, 0xb1, 0xf1,
    0x19, 0x83, 0xf1, 0x11, 0x8b, 0x1f, 0x0, 0x98,
    0x3f, 0x0, 0x7, 0xb1, 0xf2, 0x2a, 0x83, 0xfa,
    0xaa, 0xcb, 0x1f, 0xff, 0xf8, 0x3f, 0x77, 0x7b,
    0xb1, 0xf0, 0x9, 0x84, 0xe0, 0x0, 0x7b, 0x1f,
    0x0, 0x98, 0x5f, 0x77, 0x7b, 0xb1, 0xfd, 0xdf,
    0x87, 0xd7, 0x77, 0xbb, 0x1f, 0x33, 0x32, 0xb7,
    0x0, 0x7, 0xb0, 0x80, 0x0, 0x3f, 0x20, 0x0,
    0x7b, 0x0, 0x0, 0x1d, 0x90, 0x1, 0x18, 0xb0,
    0x0, 0x8, 0xb0, 0x0, 0x7f, 0xf6, 0x0, 0x0,
    0x0, 0x0, 0x0, 0x0, 0x0,

    /* U+663E "显" */
    0x0, 0xdf, 0xff, 0xff, 0xff, 0xf4, 0x0, 0x0,
    0xd4, 0x0, 0x0, 0x0, 0xe4, 0x0, 0x0, 0xde,
    0xee, 0xee, 0xee, 0xf4, 0x0, 0x0, 0xd4, 0x0,
    0x0, 0x0, 0xe4, 0x0, 0x0, 0xdd, 0xdd, 0xdd,
    0xdd, 0xf4, 0x0, 0x0, 0x12, 0x36, 0x23, 0x62,
    0x20, 0x0, 0x3, 0x60, 0x3e, 0x3, 0xe0, 0x1a,
    0x0, 0x1, 0xf2, 0x3e, 0x3, 0xe0, 0x99, 0x0,
    0x0, 0x9a, 0x3e, 0x3, 0xe3, 0xd0, 0x0, 0x0,
    0x16, 0x3e, 0x3, 0xe3, 0x20, 0x0, 0x5a, 0xaa,
    0xbf, 0xab, 0xfa, 0xaa, 0xa3, 0x48, 0x88, 0x88,
    0x88, 0x88, 0x88, 0x82,

    /* U+6682 "暂" */
    0x0, 0xb, 0x10, 0x0, 0x0, 0x36, 0x40, 0x6e,
    0xef, 0xee, 0xe5, 0xfe, 0xc9, 0x50, 0x3, 0xe2,
    0xb1, 0x4, 0xc0, 0x0, 0x0, 0xd, 0xec, 0xfc,
    0xc6, 0xfe, 0xee, 0xe4, 0x5, 0x23, 0xf3, 0x26,
    0xb1, 0x89, 0x10, 0x38, 0xab, 0xfe, 0xe9, 0x80,
    0x89, 0x0, 0x27, 0x54, 0xf0, 0x1f, 0x30, 0x89,
    0x0, 0x0, 0x0, 0x50, 0x2, 0x0, 0x23, 0x0,
    0x0, 0x9f, 0xee, 0xee, 0xee, 0xf7, 0x0, 0x0,
    0x98, 0x0, 0x0, 0x0, 0xb7, 0x0, 0x0, 0x9e,
    0xdd, 0xdd, 0xdd, 0xf7, 0x0, 0x0, 0x98, 0x0,
    0x0, 0x0, 0xb7, 0x0, 0x0, 0x9f, 0xee, 0xee,
    0xee, 0xf7, 0x0, 0x0, 0x0, 0x0, 0x0, 0x0,
    0x0, 0x0,

    /* U+66F4 "更" */
    0xf, 0xff, 0xff, 0xff, 0xff, 0xff, 0xf4, 0x0,
    0x0, 0x0, 0x6d, 0x0, 0x0, 0x0, 0x0, 0xdf,
    0xff, 0xff, 0xff, 0xff, 0x20, 0x0, 0xe4, 0x0,
    0x6d, 0x0, 0x1f, 0x20, 0x0, 0xee, 0xdd, 0xef,
    0xdd, 0xdf, 0x20, 0x0, 0xe4, 0x11, 0x7e, 0x11,
    0x1f, 0x20, 0x0, 0xe5, 0x22, 0x8d, 0x22, 0x2f,
    0x20, 0x0, 0xcd, 0xdd, 0xff, 0xdd, 0xdd, 0x20,
    0x0, 0x3e, 0x21, 0xe5, 0x0, 0x0, 0x0, 0x0,
    0x7, 0xfd, 0xc0, 0x0, 0x0, 0x0, 0x1, 0x5a,
    0xfd, 0xfb, 0x86, 0x43, 0x21, 0xe, 0xd8, 0x20,
    0x26, 0x9c, 0xdf, 0xf6, 0x0, 0x0, 0x0, 0x0,
    0x0, 0x0, 0x0,

    /* U+66FF "替" */
    0x0, 0xa, 0x70, 0x0, 0x4, 0xd0, 0x0, 0x9,
    0xce, 0xec, 0x44, 0xcd, 0xfc, 0xc1, 0x1, 0x2b,
    0x82, 0x0, 0x26, 0xe2, 0x20, 0xb, 0xbe, 0xdb,
    0x77, 0xbd, 0xfb, 0xb6, 0x3, 0x5f, 0xc4, 0x22,
    0x4e, 0xfa, 0x32, 0x0, 0xba, 0xcc, 0x12, 0xcc,
    0x2f, 0x50, 0x1c, 0xb0, 0x7, 0x1c, 0xa1, 0x4,
    0xf7, 0x5, 0x7f, 0xff, 0xff, 0xff, 0xf7, 0x11,
    0x0, 0x7b, 0x0, 0x0, 0x0, 0x77, 0x0, 0x0,
    0x7f, 0xdd, 0xdd, 0xdd, 0xe7, 0x0, 0x0, 0x7b,
    0x11, 0x11, 0x11, 0x77, 0x0, 0x0, 0x7b, 0x22,
    0x22, 0x22, 0x87, 0x0, 0x0, 0x7f, 0xdd, 0xdd,
    0xdd, 0xe7, 0x0, 0x0, 0x0, 0x0, 0x0, 0x0,
    0x0, 0x0,

    /* U+6700 "最" */
    0x0, 0xce, 0xdd, 0xdd, 0xdd, 0xf4, 0x0, 0x0,
    0xc9, 0x66, 0x66, 0x66, 0xf4, 0x0, 0x0, 0xc8,
    0x44, 0x44, 0x44, 0xf4, 0x0, 0x0, 0xad, 0xdd,
    0xdd, 0xdd, 0xd3, 0x0, 0x24, 0x44, 0x44, 0x44,
    0x44, 0x44, 0x40, 0x5b, 0xfa, 0xae, 0xca, 0xaa,
    0xaa, 0xa0, 0x3, 0xf8, 0x8e, 0x68, 0x99, 0x99,
    0x50, 0x3, 0xe5, 0x5d, 0x69, 0xc5, 0x5f, 0x50,
    0x3, 0xfd, 0xdf, 0x61, 0xe3, 0x7c, 0x0, 0x3,
    0xd0, 0x2c, 0x90, 0x4e, 0xe2, 0x0, 0x6d, 0xff,
    0xdf, 0xc3, 0xad, 0xe9, 0x20, 0x23, 0x10, 0xc,
    0x6c, 0x70, 0x18, 0xc0,

    /* U+6709 "有" */
    0x0, 0x0, 0x8, 0x40, 0x0, 0x0, 0x0, 0x0,
    0x0, 0x1f, 0x30, 0x0, 0x0, 0x0, 0x2f, 0xff,
    0xff, 0xff, 0xff, 0xff, 0xf2, 0x2, 0x22, 0xe7,
    0x22, 0x22, 0x22, 0x20, 0x0, 0x8, 0xe2, 0x22,
    0x22, 0x31, 0x0, 0x0, 0x4f, 0xfe, 0xee, 0xee,
    0xf8, 0x0, 0x3, 0xed, 0xa0, 0x0, 0x0, 0xa8,
    0x0, 0x3f, 0x87, 0xff, 0xff, 0xff, 0xf8, 0x0,
    0x4, 0x7, 0xb0, 0x0, 0x0, 0xa8, 0x0, 0x0,
    0x7, 0xfd, 0xdd, 0xdd, 0xf8, 0x0, 0x0, 0x7,
    0xb2, 0x22, 0x22, 0xb8, 0x0, 0x0, 0x7, 0xa0,
    0x0, 0x22, 0xb8, 0x0, 0x0, 0x7, 0xa0, 0x0,
    0xaf, 0xe4, 0x0,

    /* U+672A "未" */
    0x0, 0x0, 0x0, 0xd6, 0x0, 0x0, 0x0, 0x0,
    0x0, 0x0, 0xd6, 0x0, 0x0, 0x0, 0x1, 0x55,
    0x55, 0xe9, 0x55, 0x55, 0x0, 0x5, 0xdd, 0xdd,
    0xfe, 0xdd, 0xdd, 0x0, 0x0, 0x0, 0x0, 0xd6,
    0x0, 0x0, 0x0, 0x1, 0x11, 0x11, 0xe7, 0x11,
    0x11, 0x10, 0x6f, 0xff, 0xff, 0xff, 0xff, 0xff,
    0xf0, 0x1, 0x11, 0x2d, 0xff, 0x71, 0x11, 0x10,
    0x0, 0x0, 0xbc, 0xe9, 0xf4, 0x0, 0x0, 0x0,
    0x1c, 0xc1, 0xd6, 0x4f, 0x60, 0x0, 0x6, 0xeb,
    0x0, 0xd6, 0x4, 0xeb, 0x20, 0x7f, 0x70, 0x0,
    0xd6, 0x0, 0x1b, 0xe1, 0x1, 0x0, 0x0, 0xd6,
    0x0, 0x0, 0x10,

    /* U+672C "本" */
    0x0, 0x0, 0x0, 0xd6, 0x0, 0x0, 0x0, 0x0,
    0x0, 0x0, 0xd6, 0x0, 0x0, 0x0, 0x0, 0x0,
    0x0, 0xd6, 0x0, 0x0, 0x0, 0x5f, 0xff, 0xff,
    0xff, 0xff, 0xff, 0xe0, 0x14, 0x44, 0x9d, 0xec,
    0xf4, 0x44, 0x30, 0x0, 0x0, 0xe6, 0xd6, 0xd6,
    0x0, 0x0, 0x0, 0x8, 0xd0, 0xd6, 0x5f, 0x10,
    0x0, 0x0, 0x4f, 0x30, 0xd6, 0xb, 0xc0, 0x0,
    0x3, 0xf7, 0x0, 0xd6, 0x1, 0xeb, 0x0, 0x5f,
    0xad, 0xdd, 0xfe, 0xdd, 0xae, 0xd1, 0x27, 0x6,
    0x66, 0xea, 0x66, 0x31, 0x60, 0x0, 0x0, 0x0,
    0xd6, 0x0, 0x0, 0x0, 0x0, 0x0, 0x0, 0xd6,
    0x0, 0x0, 0x0,

    /* U+673A "机" */
    0x0, 0xf, 0x10, 0x0, 0x0, 0x0, 0x0, 0x0,
    0xf, 0x10, 0x2f, 0xff, 0xfa, 0x0, 0x0, 0xf,
    0x10, 0x2f, 0x11, 0x9a, 0x0, 0x4f, 0xff, 0xff,
    0x4f, 0x0, 0x8a, 0x0, 0x2, 0x6f, 0x42, 0x2f,
    0x0, 0x8a, 0x0, 0x0, 0x9f, 0x50, 0x2f, 0x0,
    0x8a, 0x0, 0x0, 0xdf, 0xe3, 0x2f, 0x0, 0x8a,
    0x0, 0x6, 0x9f, 0x6e, 0x5e, 0x0, 0x8a, 0x0,
    0x1e, 0x2f, 0x15, 0x6c, 0x0, 0x8a, 0x0, 0x7a,
    0xf, 0x10, 0x98, 0x0, 0x8a, 0x14, 0x11, 0xf,
    0x10, 0xe4, 0x0, 0x8a, 0x2b, 0x0, 0xf, 0x17,
    0xd0, 0x0, 0x8b, 0x5a, 0x0, 0xf, 0x2b, 0x30,
    0x0, 0x4f, 0xf6,

    /* U+6761 "条" */
    0x0, 0x0, 0x0, 0x0, 0x0, 0x0, 0x0, 0x0,
    0x0, 0x5e, 0x10, 0x0, 0x0, 0x0, 0x0, 0x3,
    0xfe, 0xcc, 0xcc, 0x70, 0x0, 0x0, 0x5f, 0xe4,
    0x44, 0x7f, 0x50, 0x0, 0xa, 0xf6, 0xbc, 0x14,
    0xe7, 0x0, 0x0, 0x5, 0x20, 0xb, 0xff, 0x60,
    0x0, 0x0, 0x0, 0x26, 0xbf, 0xac, 0xfa, 0x51,
    0x0, 0x6e, 0xfc, 0x71, 0x62, 0x39, 0xdf, 0xd1,
    0x14, 0x10, 0x0, 0xd6, 0x0, 0x1, 0x20, 0x2,
    0xff, 0xff, 0xff, 0xff, 0xfc, 0x0, 0x0, 0x3,
    0x40, 0xd6, 0x5, 0x0, 0x0, 0x0, 0x4e, 0x40,
    0xd6, 0x1c, 0xa0, 0x0, 0x8, 0xf4, 0x0, 0xd6,
    0x0, 0xcb, 0x0, 0x3, 0x20, 0x1f, 0xe3, 0x0,
    0x15, 0x0, 0x0, 0x0, 0x0, 0x0, 0x0, 0x0,
    0x0,

    /* U+6765 "来" */
    0x0, 0x0, 0x0, 0xd6, 0x0, 0x0, 0x0, 0x1,
    0x22, 0x22, 0xe7, 0x22, 0x22, 0x10, 0xc, 0xff,
    0xff, 0xff, 0xff, 0xff, 0x70, 0x0, 0x47, 0x0,
    0xd6, 0x0, 0xa3, 0x0, 0x0, 0x2f, 0x20, 0xd6,
    0x5, 0xe1, 0x0, 0x0, 0xa, 0x70, 0xd6, 0xc,
    0x50, 0x0, 0x5d, 0xdd, 0xdd, 0xfe, 0xdd, 0xdd,
    0xd0, 0x25, 0x55, 0x5e, 0xff, 0xa5, 0x55, 0x50,
    0x0, 0x0, 0xac, 0xda, 0xf4, 0x0, 0x0, 0x0,
    0xb, 0xc1, 0xd6, 0x5f, 0x50, 0x0, 0x4, 0xdc,
    0x10, 0xd6, 0x5, 0xf9, 0x0, 0x6f, 0x80, 0x0,
    0xd6, 0x0, 0x2d, 0xe1, 0x2, 0x0, 0x0, 0xd6,
    0x0, 0x0, 0x30,

    /* U+677F "板" */
    0x0, 0x3e, 0x0, 0x0, 0x1, 0x37, 0xa0, 0x0,
    0x3e, 0x1, 0xcd, 0xff, 0xda, 0x71, 0x5, 0x7f,
    0x54, 0xf4, 0x10, 0x0, 0x0, 0x1c, 0xdf, 0xc8,
    0xf1, 0x0, 0x0, 0x0, 0x0, 0x7f, 0x21, 0xff,
    0xff, 0xff, 0xe1, 0x0, 0xcf, 0xc2, 0xf9, 0xb2,
    0x26, 0xe0, 0x2, 0xee, 0xa8, 0xf2, 0xf0, 0x9,
    0x90, 0x8, 0x9e, 0x25, 0xe0, 0xc6, 0x1f, 0x30,
    0x2e, 0x3e, 0x5, 0xc0, 0x6e, 0xab, 0x0, 0x38,
    0x3e, 0x8, 0xa0, 0xd, 0xf2, 0x0, 0x0, 0x3e,
    0xc, 0x60, 0x6f, 0xf8, 0x0, 0x0, 0x3e, 0x2f,
    0x4a, 0xf5, 0x4f, 0xb2, 0x0, 0x3e, 0x49, 0x7b,
    0x20, 0x2, 0xb7, 0x0, 0x0, 0x0, 0x0, 0x0,
    0x0, 0x0,

    /* U+6784 "构" */
    0x0, 0x3e, 0x0, 0xc, 0x40, 0x0, 0x0, 0x0,
    0x3e, 0x0, 0x2f, 0x10, 0x0, 0x0, 0x1, 0x4f,
    0x10, 0x8e, 0x88, 0x88, 0x92, 0x3f, 0xff, 0xf8,
    0xea, 0x99, 0x99, 0xf4, 0x0, 0x7f, 0x8, 0xd2,
    0x40, 0x0, 0xf3, 0x0, 0xbf, 0x96, 0x38, 0xa0,
    0x0, 0xf3, 0x2, 0xfe, 0xc4, 0xd, 0x56, 0x0,
    0xf2, 0x8, 0xae, 0x45, 0x4d, 0xc, 0x41, 0xf1,
    0x2e, 0x4e, 0x0, 0xcb, 0x8d, 0xa2, 0xf0, 0x48,
    0x3e, 0x1, 0xea, 0x64, 0xe3, 0xf0, 0x0, 0x3e,
    0x0, 0x0, 0x0, 0x5, 0xe0, 0x0, 0x3e, 0x0,
    0x0, 0x2, 0x2a, 0xb0, 0x0, 0x3e, 0x0, 0x0,
    0xb, 0xfe, 0x30,

    /* U+679A "枚" */
    0x0, 0x2f, 0x0, 0x5, 0xc0, 0x0, 0x0, 0x0,
    0x2f, 0x0, 0x9, 0x90, 0x0, 0x0, 0x0, 0x2f,
    0x0, 0xe, 0x84, 0x44, 0x40, 0x4f, 0xff, 0xfc,
    0x4f, 0xee, 0xef, 0xe2, 0x2, 0x8f, 0x22, 0xcd,
    0x0, 0x2f, 0x0, 0x0, 0xbf, 0x17, 0xef, 0x20,
    0x6c, 0x0, 0x1, 0xff, 0xc3, 0x4a, 0x70, 0xb8,
    0x0, 0x7, 0xaf, 0x99, 0x4, 0xd2, 0xf2, 0x0,
    0xe, 0x4f, 0xd, 0x10, 0xdd, 0xb0, 0x0, 0x7a,
    0x2f, 0x1, 0x0, 0x8f, 0x40, 0x0, 0x22, 0x2f,
    0x0, 0x5, 0xfc, 0xe2, 0x0, 0x0, 0x2f, 0x1,
    0x9f, 0x60, 0xbf, 0x70, 0x0, 0x2f, 0x7, 0xb2,
    0x0, 0x7, 0xc0, 0x0, 0x0, 0x0, 0x0, 0x0,
    0x0, 0x0,

    /* U+679C "果" */
    0x0, 0xee, 0xee, 0xfe, 0xee, 0xee, 0x0, 0x0,
    0xe5, 0x0, 0xe5, 0x0, 0x5e, 0x0, 0x0, 0xef,
    0xff, 0xff, 0xff, 0xfe, 0x0, 0x0, 0xe5, 0x0,
    0xe5, 0x0, 0x5e, 0x0, 0x0, 0xe8, 0x44, 0xf8,
    0x44, 0x8e, 0x0, 0x0, 0xab, 0xbb, 0xfd, 0xbb,
    0xba, 0x0, 0x12, 0x22, 0x22, 0xf6, 0x22, 0x22,
    0x20, 0x7f, 0xff, 0xff, 0xff, 0xff, 0xff, 0xc0,
    0x0, 0x0, 0x8d, 0xfc, 0xd2, 0x0, 0x0, 0x0,
    0x4d, 0xb1, 0xe5, 0x5e, 0x91, 0x0, 0x5c, 0xe6,
    0x0, 0xe5, 0x1, 0x9f, 0xa0, 0x26, 0x0, 0x0,
    0xe5, 0x0, 0x2, 0x50,

    /* U+67E5 "查" */
    0x0, 0x0, 0x0, 0xa8, 0x0, 0x0, 0x0, 0x0,
    0x0, 0x0, 0xa9, 0x0, 0x0, 0x0, 0x3f, 0xff,
    0xff, 0xff, 0xff, 0xff, 0xf3, 0x0, 0x0, 0x6e,
    0xcb, 0xe5, 0x0, 0x0, 0x0, 0x19, 0xd2, 0xa8,
    0x2d, 0x91, 0x0, 0x17, 0xea, 0x10, 0x87, 0x0,
    0x9f, 0x81, 0x1a, 0x3c, 0xdd, 0xdd, 0xdd, 0xc2,
    0x80, 0x0, 0xf, 0x30, 0x0, 0x5, 0xe0, 0x0,
    0x0, 0xf, 0xdd, 0xdd, 0xdd, 0xe0, 0x0, 0x0,
    0xf, 0x30, 0x0, 0x5, 0xe0, 0x0, 0x0, 0xc,
    0xdd, 0xdd, 0xdd, 0xc0, 0x0, 0x2, 0x22, 0x22,
    0x22, 0x22, 0x22, 0x20, 0xf, 0xff, 0xff, 0xff,
    0xff, 0xff, 0xf0,

    /* U+683C "格" */
    0x0, 0x3e, 0x0, 0x1, 0xd2, 0x0, 0x0, 0x0,
    0x3e, 0x0, 0x8, 0xf7, 0x77, 0x20, 0x0, 0x3e,
    0x0, 0x3f, 0xa9, 0x9f, 0x40, 0x3f, 0xff, 0xfc,
    0xef, 0x70, 0x7d, 0x0, 0x2, 0x8f, 0x2a, 0xa2,
    0xf6, 0xf3, 0x0, 0x0, 0xbf, 0x80, 0x0, 0x8f,
    0x90, 0x0, 0x1, 0xff, 0xd5, 0x7, 0xfa, 0xf8,
    0x0, 0x7, 0xbe, 0x4a, 0xdd, 0x30, 0x3d, 0xe5,
    0xe, 0x5e, 0x9, 0xbf, 0xff, 0xff, 0xa1, 0x6b,
    0x3e, 0x0, 0x7a, 0x0, 0xb, 0x70, 0x12, 0x3e,
    0x0, 0x7a, 0x0, 0xb, 0x70, 0x0, 0x3e, 0x0,
    0x7b, 0x44, 0x4c, 0x70, 0x0, 0x3e, 0x0, 0x7e,
    0xcc, 0xcf, 0x70, 0x0, 0x0, 0x0, 0x0, 0x0,
    0x0, 0x0,

    /* U+68C0 "检" */
    0x0, 0x0, 0x0, 0x0, 0x0, 0x0, 0x0, 0x0,
    0xc4, 0x0, 0x0, 0xd4, 0x0, 0x0, 0x0, 0xc4,
    0x0, 0x7, 0xfa, 0x0, 0x0, 0x11, 0xc6, 0x10,
    0x3f, 0x4c, 0x90, 0x0, 0x9f, 0xff, 0xb2, 0xe6,
    0x1, 0xd9, 0x0, 0x12, 0xf6, 0x4e, 0xa4, 0x44,
    0x5d, 0xc1, 0x4, 0xfc, 0x97, 0x8c, 0xcc, 0xc2,
    0x90, 0x9, 0xfc, 0x80, 0x0, 0x40, 0x2, 0x10,
    0x1e, 0xc5, 0x77, 0x70, 0xd2, 0xc, 0x40, 0x89,
    0xc4, 0x3, 0xc0, 0x96, 0x3d, 0x0, 0x62, 0xc4,
    0x0, 0xf1, 0x66, 0xa5, 0x0, 0x0, 0xc4, 0x0,
    0x20, 0x3, 0xd0, 0x0, 0x0, 0xc4, 0x5c, 0xcc,
    0xce, 0xec, 0xb0, 0x0, 0xc4, 0x14, 0x44, 0x44,
    0x44, 0x40,

    /* U+6A21 "模" */
    0x0, 0xd4, 0x0, 0xf, 0x10, 0xe3, 0x0, 0x0,
    0xd4, 0xb, 0xcf, 0xdc, 0xfd, 0xc0, 0x1, 0xd5,
    0x14, 0x4f, 0x54, 0xf6, 0x40, 0x8f, 0xff, 0xa2,
    0x6b, 0x76, 0xb7, 0x20, 0x0, 0xf7, 0x6, 0xc6,
    0x66, 0x6d, 0x50, 0x3, 0xff, 0x26, 0xfd, 0xdd,
    0xdf, 0x50, 0x8, 0xfc, 0xb6, 0xa0, 0x0, 0xc,
    0x50, 0xd, 0xe5, 0xc6, 0xfe, 0xee, 0xef, 0x50,
    0x6a, 0xd4, 0x0, 0x0, 0xb6, 0x0, 0x0, 0x93,
    0xd4, 0x6f, 0xff, 0xff, 0xff, 0xf0, 0x0, 0xd4,
    0x0, 0x9, 0xcc, 0x80, 0x0, 0x0, 0xd4, 0x4,
    0xbe, 0x22, 0xea, 0x30, 0x0, 0xd4, 0x7d, 0x71,
    0x0, 0x19, 0xd1,

    /* U+6B21 "次" */
    0x0, 0x0, 0x0, 0x63, 0x0, 0x0, 0x0, 0x6,
    0x10, 0x0, 0xe6, 0x0, 0x0, 0x0, 0xb, 0xe5,
    0x3, 0xf5, 0x33, 0x33, 0x30, 0x0, 0x6e, 0x9,
    0xff, 0xff, 0xff, 0xf2, 0x0, 0x0, 0xf, 0x60,
    0x71, 0x6, 0xe0, 0x0, 0x0, 0x8e, 0x1, 0xf2,
    0xc, 0x80, 0x0, 0x0, 0x85, 0x2, 0xf4, 0x1d,
    0x10, 0x0, 0xd, 0x20, 0x5, 0xf7, 0x0, 0x0,
    0x0, 0x9d, 0x0, 0x9, 0xfd, 0x0, 0x0, 0x4,
    0xf4, 0x0, 0x2f, 0x6e, 0x60, 0x0, 0x1e, 0xa0,
    0x0, 0xcc, 0x6, 0xf2, 0x0, 0x2b, 0x10, 0x2d,
    0xd1, 0x0, 0x9e, 0x50, 0x0, 0x4, 0xfb, 0x10,
    0x0, 0x8, 0xf5, 0x0, 0x0, 0x40, 0x0, 0x0,
    0x0, 0x10,

    /* U+6B62 "止" */
    0x0, 0x0, 0x0, 0x2f, 0x10, 0x0, 0x0, 0x0,
    0x0, 0x0, 0x2f, 0x10, 0x0, 0x0, 0x0, 0x0,
    0x0, 0x2f, 0x10, 0x0, 0x0, 0x0, 0x3c, 0x0,
    0x2f, 0x10, 0x0, 0x0, 0x0, 0x4e, 0x0, 0x2f,
    0x32, 0x22, 0x10, 0x0, 0x4e, 0x0, 0x2f, 0xff,
    0xff, 0x90, 0x0, 0x4e, 0x0, 0x2f, 0x10, 0x0,
    0x0, 0x0, 0x4e, 0x0, 0x2f, 0x10, 0x0, 0x0,
    0x0, 0x4e, 0x0, 0x2f, 0x10, 0x0, 0x0, 0x0,
    0x4e, 0x0, 0x2f, 0x10, 0x0, 0x0, 0x0, 0x4e,
    0x0, 0x2f, 0x10, 0x0, 0x0, 0x2b, 0xdf, 0xbb,
    0xcf, 0xcb, 0xbb, 0xb2, 0x17, 0x77, 0x77, 0x77,
    0x77, 0x77, 0x71,

    /* U+6B63 "正" */
    0x7, 0x99, 0x99, 0x99, 0x99, 0x99, 0x80, 0x7,
    0x99, 0x99, 0xbf, 0x99, 0x99, 0x80, 0x0, 0x0,
    0x0, 0x4f, 0x0, 0x0, 0x0, 0x0, 0x0, 0x0,
    0x4f, 0x0, 0x0, 0x0, 0x0, 0x4e, 0x0, 0x4f,
    0x0, 0x0, 0x0, 0x0, 0x4e, 0x0, 0x4f, 0xff,
    0xff, 0x40, 0x0, 0x4e, 0x0, 0x4f, 0x22, 0x22,
    0x0, 0x0, 0x4e, 0x0, 0x4f, 0x0, 0x0, 0x0,
    0x0, 0x4e, 0x0, 0x4f, 0x0, 0x0, 0x0, 0x0,
    0x4e, 0x0, 0x4f, 0x0, 0x0, 0x0, 0x19, 0xbf,
    0x99, 0xbf, 0x99, 0x99, 0x93, 0x18, 0x88, 0x88,
    0x88, 0x88, 0x88, 0x82,

    /* U+6B64 "此" */
    0x0, 0x0, 0x7c, 0x0, 0xe5, 0x0, 0x0, 0x0,
    0x0, 0x7c, 0x0, 0xe5, 0x0, 0x0, 0x0, 0x0,
    0x7c, 0x0, 0xe5, 0x0, 0x0, 0x3, 0xc0, 0x7c,
    0x0, 0xe5, 0x0, 0x40, 0x3, 0xe0, 0x7d, 0x43,
    0xe5, 0x3d, 0xe1, 0x3, 0xe0, 0x7f, 0xd9, 0xed,
    0xf8, 0x10, 0x3, 0xe0, 0x7c, 0x0, 0xea, 0x10,
    0x0, 0x3, 0xe0, 0x7c, 0x0, 0xe5, 0x0, 0x0,
    0x3, 0xe0, 0x7c, 0x0, 0xe5, 0x0, 0x0, 0x3,
    0xe0, 0x7c, 0x0, 0xe5, 0x0, 0x33, 0x3, 0xe0,
    0x7c, 0x1, 0xe5, 0x0, 0x6c, 0x5, 0xf8, 0xcf,
    0xfb, 0xe8, 0x33, 0xa9, 0x4f, 0xeb, 0x85, 0x20,
    0x7e, 0xff, 0xd2, 0x1, 0x0, 0x0, 0x0, 0x0,
    0x0, 0x0,

    /* U+6B65 "步" */
    0x0, 0x0, 0x0, 0x7f, 0x0, 0x0, 0x0, 0x0,
    0x1b, 0x0, 0x7f, 0x32, 0x22, 0x0, 0x0, 0x2f,
    0x10, 0x7f, 0xff, 0xfe, 0x0, 0x0, 0x2f, 0x10,
    0x7f, 0x0, 0x0, 0x0, 0x18, 0x9f, 0x88, 0xbf,
    0x88, 0x88, 0x81, 0x19, 0x99, 0x99, 0xbf, 0x99,
    0x99, 0x91, 0x0, 0x3, 0xb0, 0x5e, 0x0, 0x28,
    0x0, 0x0, 0x2e, 0x80, 0x5e, 0x0, 0xcb, 0x0,
    0x3, 0xea, 0x0, 0x5e, 0xa, 0xe1, 0x0, 0x5,
    0x90, 0x0, 0x5e, 0xce, 0x20, 0x0, 0x0, 0x0,
    0x2, 0x9f, 0xb1, 0x0, 0x0, 0x2, 0x59, 0xdf,
    0xb4, 0x0, 0x0, 0x0, 0xe, 0xea, 0x61, 0x0,
    0x0, 0x0, 0x0, 0x0, 0x0, 0x0, 0x0, 0x0,
    0x0, 0x0,

    /* U+6BD4 "比" */
    0x4f, 0x0, 0x0, 0x6e, 0x0, 0x0, 0x4, 0xf0,
    0x0, 0x6, 0xe0, 0x0, 0x0, 0x4f, 0x0, 0x0,
    0x6e, 0x0, 0x0, 0x4, 0xf0, 0x0, 0x6, 0xe0,
    0x8, 0xb0, 0x4f, 0x44, 0x41, 0x6e, 0x9, 0xf6,
    0x4, 0xfe, 0xee, 0x56, 0xec, 0xd3, 0x0, 0x4f,
    0x0, 0x0, 0x6f, 0x90, 0x0, 0x4, 0xf0, 0x0,
    0x6, 0xe0, 0x0, 0x0, 0x4f, 0x0, 0x0, 0x6e,
    0x0, 0x1, 0x4, 0xf0, 0x0, 0x6, 0xe0, 0x0,
    0xe2, 0x4f, 0x2, 0x73, 0x6e, 0x0, 0xf, 0x25,
    0xfd, 0xfc, 0x35, 0xf2, 0x25, 0xf0, 0xad, 0x72,
    0x0, 0x1d, 0xff, 0xf8, 0x1, 0x0, 0x0, 0x0,
    0x0, 0x0, 0x0,

    /* U+6C42 "求" */
    0x0, 0x0, 0x0, 0xd6, 0x2c, 0x30, 0x0, 0x0,
    0x0, 0x0, 0xd6, 0x8, 0xf6, 0x0, 0x14, 0x44,
    0x44, 0xe8, 0x44, 0x9a, 0x40, 0x4e, 0xee, 0xee,
    0xff, 0xee, 0xee, 0xd0, 0x0, 0x20, 0x0, 0xd9,
    0x0, 0x5, 0x0, 0x4, 0xf4, 0x0, 0xdf, 0x10,
    0x8e, 0x10, 0x0, 0x6f, 0x30, 0xde, 0x98, 0xe2,
    0x0, 0x0, 0x7, 0x32, 0xe7, 0xfd, 0x20, 0x0,
    0x0, 0x1, 0x9f, 0xf6, 0x6e, 0x20, 0x0, 0x1,
    0x8f, 0xa1, 0xd6, 0x9, 0xe3, 0x0, 0x5e, 0xd3,
    0x0, 0xd6, 0x0, 0x9f, 0x91, 0x16, 0x1, 0x33,
    0xe5, 0x0, 0x4, 0x90, 0x0, 0x1, 0xff, 0xd1,
    0x0, 0x0, 0x0, 0x0, 0x0, 0x0, 0x0, 0x0,
    0x0, 0x0,

    /* U+6CD5 "法" */
    0x6, 0x60, 0x0, 0x0, 0xe4, 0x0, 0x0, 0x6,
    0xed, 0x20, 0x0, 0xe4, 0x0, 0x0, 0x0, 0x1b,
    0x13, 0x33, 0xe7, 0x33, 0x10, 0x0, 0x0, 0xc,
    0xee, 0xfe, 0xee, 0x50, 0x37, 0x10, 0x0, 0x0,
    0xe4, 0x0, 0x0, 0x2a, 0xf4, 0x0, 0x0, 0xe4,
    0x0, 0x0, 0x0, 0x31, 0x6e, 0xee, 0xff, 0xee,
    0xd0, 0x0, 0x1, 0x13, 0x3b, 0xd3, 0x33, 0x30,
    0x0, 0xe, 0x20, 0x1f, 0x40, 0x30, 0x0, 0x0,
    0x8d, 0x0, 0x9b, 0x1, 0xe4, 0x0, 0x2, 0xf4,
    0x3, 0xf2, 0x0, 0x8d, 0x0, 0xb, 0xb0, 0x1e,
    0xed, 0xff, 0xee, 0x80, 0xa, 0x20, 0x8, 0x64,
    0x20, 0x4, 0xc0, 0x0, 0x0, 0x0, 0x0, 0x0,
    0x0, 0x0,

    /* U+6D41 "流" */
    0x6, 0x30, 0x0, 0x2, 0xb0, 0x0, 0x0, 0x7,
    0xf8, 0x1, 0x11, 0xe5, 0x11, 0x10, 0x0, 0x39,
    0xbf, 0xff, 0xff, 0xff, 0xf1, 0x0, 0x0, 0x0,
    0x7d, 0x10, 0xa2, 0x0, 0x49, 0x20, 0x4, 0xf3,
    0x1, 0x9d, 0x0, 0x2a, 0xf4, 0x5f, 0xff, 0xff,
    0xee, 0xa0, 0x0, 0x41, 0x15, 0x32, 0x10, 0x1,
    0x90, 0x0, 0x1, 0x9, 0x82, 0xf0, 0xa7, 0x0,
    0x0, 0x1e, 0x19, 0x72, 0xf0, 0xa7, 0x0, 0x0,
    0x9b, 0xa, 0x72, 0xf0, 0xa7, 0x0, 0x3, 0xf2,
    0xe, 0x42, 0xf0, 0xa7, 0x52, 0xc, 0x90, 0x8d,
    0x2, 0xf0, 0xa7, 0x85, 0x1c, 0x12, 0xe3, 0x1,
    0x80, 0x7f, 0xe1, 0x0, 0x0, 0x0, 0x0, 0x0,
    0x0, 0x0,

    /* U+6D4B "测" */
    0x0, 0x0, 0x0, 0x0, 0x0, 0x0, 0x0, 0xb6,
    0x0, 0x0, 0x0, 0x0, 0x1e, 0x6, 0xf8, 0xde,
    0xee, 0xe0, 0x61, 0xe0, 0x3, 0x5d, 0x12, 0xe,
    0xe, 0x1e, 0x0, 0x0, 0xd1, 0xe0, 0xe0, 0xe1,
    0xe5, 0x91, 0xd, 0x1e, 0xe, 0xe, 0x1e, 0x2b,
    0xe1, 0xd1, 0xe0, 0xe0, 0xe1, 0xe0, 0x4, 0xd,
    0x1e, 0xe, 0xe, 0x1e, 0x0, 0x0, 0xd1, 0xe0,
    0xe0, 0xe1, 0xe0, 0xb, 0x3d, 0x1e, 0xe, 0xe,
    0x1e, 0x2, 0xf1, 0xd4, 0xc0, 0xe0, 0xe1, 0xe0,
    0x9a, 0x0, 0x89, 0x60, 0x0, 0x1e, 0x1f, 0x40,
    0x6d, 0x1b, 0x70, 0x1, 0xe2, 0x90, 0x4b, 0x10,
    0xa, 0xc, 0xf9, 0x0, 0x0, 0x0, 0x0, 0x0,
    0x0, 0x0,

    /* U+6D88 "消" */
    0x6, 0x70, 0x5, 0x0, 0xd6, 0x1, 0x60, 0x3,
    0xdd, 0x1c, 0x80, 0xd6, 0x8, 0xd0, 0x0, 0x8,
    0x3, 0xf0, 0xd6, 0x1f, 0x40, 0x0, 0x0, 0x0,
    0x70, 0xd6, 0x27, 0x0, 0x2b, 0x30, 0x9, 0xdd,
    0xfe, 0xdd, 0x70, 0x19, 0xf6, 0xb, 0xa4, 0x44,
    0x4b, 0x90, 0x0, 0x53, 0xb, 0x81, 0x11, 0x19,
    0x90, 0x0, 0x0, 0xb, 0xff, 0xff, 0xff, 0x90,
    0x0, 0xc, 0xb, 0x70, 0x0, 0x9, 0x90, 0x0,
    0x7b, 0xb, 0xff, 0xff, 0xff, 0x90, 0x1, 0xf4,
    0xb, 0x81, 0x11, 0x19, 0x90, 0xa, 0xb0, 0xb,
    0x70, 0x2, 0x2a, 0x90, 0x9, 0x30, 0xb, 0x70,
    0x7, 0xed, 0x40,

    /* U+6E05 "清" */
    0x5, 0x60, 0x0, 0x0, 0xe4, 0x0, 0x0, 0x4,
    0xeb, 0x6e, 0xee, 0xfe, 0xee, 0xc0, 0x0, 0x16,
    0x2, 0x22, 0xf5, 0x22, 0x10, 0x0, 0x0, 0x1c,
    0xcc, 0xfd, 0xcc, 0x60, 0x2c, 0x30, 0x44, 0x44,
    0xf7, 0x44, 0x41, 0x7, 0xf4, 0x99, 0x99, 0x99,
    0x99, 0x93, 0x0, 0x30, 0x8, 0xaa, 0xaa, 0xab,
    0x30, 0x0, 0x2, 0xd, 0x73, 0x33, 0x3e, 0x40,
    0x0, 0x4e, 0xd, 0xed, 0xdd, 0xdf, 0x40, 0x0,
    0xb9, 0xd, 0x40, 0x0, 0xd, 0x40, 0x3, 0xf2,
    0xd, 0xee, 0xee, 0xef, 0x40, 0xb, 0xa0, 0xd,
    0x40, 0x0, 0xd, 0x40, 0x7, 0x30, 0xd, 0x40,
    0x7, 0xfd, 0x10,

    /* U+6E90 "源" */
    0x2, 0x30, 0x0, 0x0, 0x0, 0x0, 0x0, 0x6,
    0xf9, 0x5f, 0xff, 0xff, 0xff, 0xf5, 0x0, 0x29,
    0x5e, 0x11, 0x1c, 0x31, 0x10, 0x0, 0x0, 0x4d,
    0x38, 0xaf, 0x88, 0x70, 0x3c, 0x50, 0x4d, 0x6c,
    0x44, 0x46, 0xe0, 0x6, 0xe4, 0x4d, 0x6e, 0xbb,
    0xbc, 0xe0, 0x0, 0x10, 0x5c, 0x6b, 0x22, 0x25,
    0xe0, 0x0, 0x0, 0x6b, 0x6d, 0x77, 0x79, 0xe0,
    0x0, 0x79, 0x89, 0x26, 0x6f, 0x86, 0x60, 0x0,
    0xd6, 0xc6, 0x2b, 0xe, 0x39, 0x60, 0x5, 0xe2,
    0xf2, 0xb8, 0xe, 0x33, 0xe1, 0xd, 0x78, 0xc4,
    0xd0, 0xe, 0x30, 0xa5, 0x9, 0x1a, 0x40, 0x6,
    0xfe, 0x10, 0x0, 0x0, 0x0, 0x0, 0x0, 0x0,
    0x0, 0x0,

    /* U+6EE1 "满" */
    0x2, 0x70, 0x0, 0x5c, 0x0, 0xf2, 0x0, 0x2,
    0xdc, 0xce, 0xff, 0xee, 0xfe, 0xe3, 0x0, 0x6,
    0x11, 0x7c, 0x11, 0xf4, 0x10, 0x0, 0x0, 0x23,
    0x45, 0x33, 0x54, 0x32, 0x7, 0x10, 0x9c, 0xcf,
    0xdd, 0xfc, 0xc7, 0xa, 0xf4, 0x0, 0xc, 0x44,
    0xc0, 0x10, 0x0, 0x41, 0x5f, 0xff, 0xff, 0xff,
    0xf3, 0x0, 0x1, 0x5c, 0xe, 0x15, 0x90, 0xe3,
    0x0, 0x2e, 0x6c, 0x1f, 0x68, 0xe1, 0xe3, 0x0,
    0x9a, 0x5c, 0x7a, 0xbd, 0xa9, 0xe3, 0x2, 0xf3,
    0x5d, 0xd2, 0x7b, 0x6, 0xe3, 0xb, 0xb0, 0x5c,
    0x0, 0x12, 0x0, 0xe3, 0x5, 0x30, 0x5c, 0x0,
    0x0, 0x4c, 0xd1,

    /* U+70B9 "点" */
    0x0, 0x0, 0x0, 0xb6, 0x0, 0x0, 0x0, 0x0,
    0x0, 0xb, 0x82, 0x22, 0x20, 0x0, 0x0, 0x0,
    0xbf, 0xff, 0xff, 0x50, 0x0, 0x0, 0xb, 0x60,
    0x0, 0x0, 0x0, 0x89, 0x99, 0xeb, 0x99, 0x92,
    0x0, 0xe, 0xa9, 0x99, 0x99, 0x9f, 0x50, 0x0,
    0xe3, 0x0, 0x0, 0x0, 0xe5, 0x0, 0xe, 0x41,
    0x11, 0x11, 0x1e, 0x50, 0x0, 0xef, 0xff, 0xff,
    0xff, 0xf5, 0x0, 0x1, 0x0, 0x0, 0x0, 0x1,
    0x0, 0x2, 0xf2, 0x59, 0x6, 0xa0, 0xaa, 0x0,
    0xba, 0x5, 0xd0, 0x1f, 0x11, 0xf5, 0x5e, 0x10,
    0x3e, 0x0, 0xb3, 0x7, 0xa0, 0x0, 0x0, 0x0,
    0x0, 0x0, 0x0,

    /* U+7248 "版" */
    0x0, 0x0, 0xf1, 0x0, 0x24, 0x68, 0xa0, 0x7,
    0xa0, 0xf1, 0x2f, 0xed, 0xb9, 0x61, 0x7, 0xa0,
    0xf1, 0x2f, 0x0, 0x0, 0x0, 0x7, 0xb2, 0xf3,
    0x2f, 0x0, 0x0, 0x0, 0x7, 0xff, 0xff, 0x6f,
    0xff, 0xff, 0xf2, 0x7, 0xa1, 0x11, 0x2f, 0xc5,
    0x24, 0xf0, 0x7, 0x90, 0x0, 0x2f, 0x87, 0x5,
    0xc0, 0x8, 0xff, 0xf6, 0x3f, 0x3c, 0xb, 0x70,
    0x8, 0x91, 0xa7, 0x4e, 0xd, 0x6f, 0x10, 0xa,
    0x70, 0xa7, 0x6c, 0x6, 0xf9, 0x0, 0xd, 0x40,
    0xa7, 0x99, 0x9, 0xf8, 0x0, 0x2f, 0x0, 0xa7,
    0xe5, 0xae, 0x5e, 0x90, 0x39, 0x0, 0xa9, 0xc5,
    0xc2, 0x2, 0xd4, 0x0, 0x0, 0x0, 0x0, 0x0,
    0x0, 0x0,

    /* U+72B6 "状" */
    0x0, 0x0, 0x0, 0x0, 0x0, 0x0, 0x0, 0x0,
    0xd, 0x50, 0x0, 0xf2, 0x42, 0x0, 0x0, 0xd,
    0x50, 0x0, 0xf2, 0x6d, 0x0, 0x5d, 0xd, 0x50,
    0x0, 0xf2, 0xc, 0x80, 0xc, 0x9d, 0x50, 0x0,
    0xf2, 0x2, 0x10, 0x2, 0xcd, 0x8f, 0xff, 0xff,
    0xff, 0xf1, 0x0, 0xd, 0x64, 0x45, 0xf8, 0x44,
    0x40, 0x0, 0x1e, 0x50, 0x4, 0xfa, 0x0, 0x0,
    0x2, 0xdf, 0x50, 0x8, 0xcf, 0x0, 0x0, 0x3e,
    0x9d, 0x50, 0xd, 0x6c, 0x60, 0x0, 0x78, 0xd,
    0x50, 0x5f, 0x5, 0xe0, 0x0, 0x0, 0xd, 0x51,
    0xe7, 0x0, 0xca, 0x0, 0x0, 0xd, 0x6c, 0xc0,
    0x0, 0x2e, 0xa1, 0x0, 0xd, 0x9b, 0x10, 0x0,
    0x3, 0xc1,

    /* U+7387 "率" */
    0x0, 0x0, 0x0, 0x0, 0x0, 0x0, 0x0, 0x0,
    0x0, 0x0, 0xb9, 0x0, 0x0, 0x0, 0xc, 0xcc,
    0xcc, 0xef, 0xcc, 0xcc, 0xc2, 0x4, 0x44, 0x46,
    0xf6, 0x64, 0x44, 0x40, 0x8, 0xb1, 0xb, 0x71,
    0xe5, 0x1d, 0x40, 0x0, 0x9d, 0x6f, 0xef, 0x81,
    0xe8, 0x0, 0x0, 0x2, 0x23, 0xd9, 0x60, 0x50,
    0x0, 0x2, 0x9e, 0x6d, 0xa5, 0xe9, 0xe9, 0x10,
    0x1d, 0x81, 0xac, 0xb9, 0x7e, 0x1a, 0xc0, 0x0,
    0x0, 0x0, 0xaa, 0x0, 0x0, 0x0, 0x4f, 0xff,
    0xff, 0xff, 0xff, 0xff, 0xf5, 0x2, 0x22, 0x22,
    0xbb, 0x22, 0x22, 0x20, 0x0, 0x0, 0x0, 0xaa,
    0x0, 0x0, 0x0, 0x0, 0x0, 0x0, 0xaa, 0x0,
    0x0, 0x0,

    /* U+7528 "用" */
    0x0, 0x1, 0x0, 0x0, 0x0, 0x1, 0x0, 0xa,
    0xff, 0xff, 0xff, 0xff, 0xfa, 0x0, 0xa8, 0x11,
    0x5f, 0x11, 0x18, 0xa0, 0xa, 0x80, 0x4, 0xe0,
    0x0, 0x8a, 0x0, 0xaa, 0x55, 0x8f, 0x55, 0x5a,
    0xa0, 0xa, 0xec, 0xcd, 0xfc, 0xcc, 0xea, 0x0,
    0xa7, 0x0, 0x4e, 0x0, 0x8, 0xa0, 0xb, 0x83,
    0x36, 0xf3, 0x33, 0x9a, 0x0, 0xcf, 0xff, 0xff,
    0xff, 0xff, 0xa0, 0xf, 0x30, 0x4, 0xe0, 0x0,
    0x8a, 0x4, 0xf0, 0x0, 0x4e, 0x0, 0x8, 0xa0,
    0xb9, 0x0, 0x4, 0xe0, 0x11, 0x9a, 0x1d, 0x10,
    0x0, 0x4e, 0xc, 0xff, 0x50, 0x0, 0x0, 0x0,
    0x0, 0x0, 0x0,

    /* U+7531 "由" */
    0x0, 0x0, 0xe, 0x50, 0x0, 0x0, 0x0, 0x0,
    0xe, 0x50, 0x0, 0x0, 0x1, 0x11, 0x1e, 0x61,
    0x11, 0x10, 0x7f, 0xff, 0xff, 0xff, 0xff, 0xf7,
    0x7c, 0x11, 0x1e, 0x61, 0x11, 0xc7, 0x7c, 0x0,
    0xe, 0x50, 0x0, 0xc7, 0x7c, 0x0, 0xe, 0x50,
    0x0, 0xc7, 0x7f, 0xff, 0xff, 0xff, 0xff, 0xf7,
    0x7c, 0x22, 0x2e, 0x72, 0x22, 0xc7, 0x7c, 0x0,
    0xe, 0x50, 0x0, 0xc7, 0x7c, 0x0, 0xe, 0x50,
    0x0, 0xc7, 0x7f, 0xee, 0xef, 0xee, 0xee, 0xf7,
    0x7d, 0x55, 0x55, 0x55, 0x55, 0xd7, 0x0, 0x0,
    0x0, 0x0, 0x0, 0x0,

    /* U+7535 "电" */
    0x0, 0x0, 0xe, 0x50, 0x0, 0x0, 0x0, 0x0,
    0x0, 0xe5, 0x0, 0x0, 0x0, 0x4f, 0xff, 0xff,
    0xff, 0xff, 0xf3, 0x4, 0xf3, 0x33, 0xf7, 0x33,
    0x3f, 0x30, 0x4f, 0x0, 0xe, 0x50, 0x0, 0xf3,
    0x4, 0xff, 0xff, 0xff, 0xff, 0xff, 0x30, 0x4f,
    0x22, 0x2f, 0x72, 0x22, 0xf3, 0x4, 0xf0, 0x0,
    0xe5, 0x0, 0xf, 0x30, 0x4f, 0xff, 0xff, 0xff,
    0xff, 0xf3, 0x4, 0xf3, 0x33, 0xf7, 0x33, 0x33,
    0x62, 0x0, 0x0, 0xe, 0x50, 0x0, 0xb, 0x70,
    0x0, 0x0, 0xd9, 0x33, 0x34, 0xf4, 0x0, 0x0,
    0x6, 0xef, 0xff, 0xfb, 0x0,

    /* U+754C "界" */
    0x0, 0xeb, 0xaa, 0xed, 0xaa, 0xcd, 0x0, 0x0,
    0xe4, 0x0, 0xa8, 0x0, 0x5d, 0x0, 0x0, 0xef,
    0xff, 0xff, 0xff, 0xfd, 0x0, 0x0, 0xe4, 0x0,
    0xa8, 0x0, 0x5d, 0x0, 0x0, 0xeb, 0x99, 0xed,
    0x99, 0xcd, 0x0, 0x0, 0x56, 0xcf, 0x66, 0xfb,
    0x65, 0x0, 0x0, 0x2a, 0xe3, 0x0, 0x3e, 0xa2,
    0x0, 0x2a, 0xf9, 0xc6, 0x0, 0x4e, 0xaf, 0xb2,
    0x7, 0x20, 0xd6, 0x0, 0x5e, 0x2, 0x60, 0x0,
    0x2, 0xf3, 0x0, 0x5e, 0x0, 0x0, 0x0, 0x4e,
    0xa0, 0x0, 0x5e, 0x0, 0x0, 0x2, 0xe8, 0x0,
    0x0, 0x5e, 0x0, 0x0, 0x0, 0x0, 0x0, 0x0,
    0x0, 0x0, 0x0,

    /* U+7684 "的" */
    0x0, 0x0, 0x0, 0x0, 0x0, 0x0, 0x0, 0xa,
    0x70, 0x0, 0xa7, 0x0, 0x0, 0x0, 0xe3, 0x0,
    0xe, 0x40, 0x0, 0x8, 0xcf, 0xcc, 0x34, 0xfd,
    0xdd, 0xd3, 0xb9, 0x44, 0xe4, 0xc9, 0x44, 0x4f,
    0x3b, 0x60, 0xd, 0xaf, 0x10, 0x0, 0xf2, 0xb6,
    0x0, 0xd7, 0x56, 0x0, 0xf, 0x2b, 0xfe, 0xef,
    0x40, 0xc9, 0x0, 0xf1, 0xb7, 0x22, 0xd4, 0x2,
    0xf4, 0x1f, 0xb, 0x60, 0xd, 0x40, 0x8, 0xc2,
    0xf0, 0xb6, 0x0, 0xd4, 0x0, 0x12, 0x3e, 0xb,
    0x82, 0x2d, 0x40, 0x0, 0x5, 0xc0, 0xbf, 0xee,
    0xe3, 0x0, 0x11, 0xa9, 0xb, 0x60, 0x0, 0x0,
    0x2f, 0xfd, 0x20, 0x0, 0x0, 0x0, 0x0, 0x0,
    0x0, 0x0,

    /* U+77E5 "知" */
    0x0, 0xb5, 0x0, 0x0, 0x0, 0x0, 0x0, 0x0,
    0xf4, 0x11, 0x11, 0xbb, 0xbb, 0xb2, 0x5, 0xff,
    0xff, 0xf2, 0xf6, 0x66, 0xf2, 0xc, 0x85, 0xd0,
    0x2, 0xf0, 0x0, 0xf2, 0x2e, 0x15, 0xd0, 0x2,
    0xf0, 0x0, 0xf2, 0x3, 0x27, 0xe2, 0x23, 0xf0,
    0x0, 0xf2, 0x2f, 0xff, 0xff, 0xf9, 0xf0, 0x0,
    0xf2, 0x0, 0x8, 0xb0, 0x2, 0xf0, 0x0, 0xf2,
    0x0, 0xb, 0xf3, 0x2, 0xf0, 0x0, 0xf2, 0x0,
    0x1f, 0x9e, 0x22, 0xf0, 0x0, 0xf2, 0x0, 0x8d,
    0x9, 0xd3, 0xf4, 0x44, 0xf2, 0x4, 0xf4, 0x0,
    0xb4, 0xfe, 0xee, 0xf2, 0x1f, 0x70, 0x0, 0x2,
    0xf0, 0x0, 0xd2, 0x2, 0x0, 0x0, 0x0, 0x0,
    0x0, 0x0,

    /* U+7801 "码" */
    0x1, 0x11, 0x11, 0x0, 0x0, 0x0, 0x0, 0x1f,
    0xff, 0xfc, 0x9f, 0xff, 0xff, 0x30, 0x0, 0xa7,
    0x0, 0x15, 0x11, 0x1f, 0x20, 0x0, 0xd3, 0x0,
    0x3f, 0x0, 0x2f, 0x0, 0x2, 0xe0, 0x0, 0x4d,
    0x0, 0x4e, 0x0, 0x9, 0xff, 0xf5, 0x5b, 0x0,
    0x6c, 0x0, 0x1f, 0xb1, 0xc5, 0x7f, 0xee, 0xff,
    0xe2, 0x4f, 0xa0, 0xb5, 0x13, 0x22, 0x22, 0xe1,
    0x8, 0xa0, 0xb5, 0x22, 0x22, 0x20, 0xf0, 0x6,
    0xa0, 0xb6, 0xff, 0xff, 0xf5, 0xe0, 0x6, 0xfe,
    0xf5, 0x0, 0x0, 0x3, 0xc0, 0x6, 0xb2, 0x21,
    0x0, 0x0, 0x9, 0x90, 0x1, 0x20, 0x0, 0x0,
    0x9, 0xfe, 0x20, 0x0, 0x0, 0x0, 0x0, 0x0,
    0x0, 0x0,

    /* U+786C "硬" */
    0x2f, 0xff, 0xfb, 0xff, 0xff, 0xff, 0xf8, 0x1,
    0xa9, 0x11, 0x0, 0xe, 0x30, 0x0, 0x0, 0xd4,
    0x0, 0xce, 0xef, 0xfe, 0xe2, 0x1, 0xf0, 0x0,
    0xd4, 0xe, 0x30, 0xe2, 0x8, 0xff, 0xf8, 0xde,
    0xef, 0xee, 0xf2, 0x1e, 0xb1, 0x89, 0xd4, 0xe,
    0x30, 0xe2, 0x4f, 0xb0, 0x79, 0xdc, 0xbf, 0xcb,
    0xf2, 0x7, 0xb0, 0x79, 0x65, 0x4f, 0x43, 0x30,
    0x6, 0xb0, 0x79, 0x7c, 0x5d, 0x0, 0x0, 0x6,
    0xfe, 0xf9, 0xb, 0xf7, 0x0, 0x0, 0x6, 0xb2,
    0x22, 0x6e, 0xbf, 0xb6, 0x31, 0x1, 0x30, 0x5,
    0xb4, 0x1, 0x6a, 0xe4,

    /* U+786E "确" */
    0x0, 0x0, 0x0, 0x4, 0x60, 0x0, 0x0, 0x1f,
    0xff, 0xfb, 0xc, 0xfd, 0xda, 0x0, 0x1, 0xa8,
    0x11, 0x5d, 0x22, 0xd9, 0x0, 0x0, 0xd4, 0x2,
    0xe7, 0x37, 0xe3, 0x30, 0x2, 0xf0, 0xc, 0xfe,
    0xdf, 0xdd, 0xf2, 0x8, 0xfd, 0xd4, 0xa7, 0xe,
    0x20, 0xf2, 0x1e, 0xc2, 0xd4, 0xaf, 0xff, 0xff,
    0xf2, 0x3f, 0xb0, 0xc4, 0xa7, 0xe, 0x20, 0xf2,
    0x6, 0xb0, 0xc4, 0xbb, 0x7f, 0x87, 0xf2, 0x5,
    0xb0, 0xc4, 0xda, 0x8f, 0x98, 0xf2, 0x5, 0xfe,
    0xf5, 0xf2, 0xe, 0x20, 0xf2, 0x5, 0xc2, 0x29,
    0xc0, 0xe, 0x20, 0xf2, 0x1, 0x30, 0xc, 0x40,
    0x9, 0x5f, 0xd0, 0x0, 0x0, 0x0, 0x0, 0x0,
    0x0, 0x0,

    /* U+793A "示" */
    0x0, 0xef, 0xff, 0xff, 0xff, 0xfe, 0x0, 0x0,
    0x33, 0x33, 0x33, 0x33, 0x33, 0x0, 0x0, 0x0,
    0x0, 0x0, 0x0, 0x0, 0x0, 0x16, 0x66, 0x66,
    0x66, 0x66, 0x66, 0x61, 0x2c, 0xcc, 0xcc, 0xee,
    0xcc, 0xcc, 0xc2, 0x0, 0x0, 0x0, 0x9a, 0x0,
    0x0, 0x0, 0x0, 0xd, 0x30, 0x9a, 0x3, 0xc1,
    0x0, 0x0, 0x8e, 0x0, 0x9a, 0x0, 0xca, 0x0,
    0x2, 0xf5, 0x0, 0x9a, 0x0, 0x2f, 0x40, 0x1e,
    0xa0, 0x0, 0x9a, 0x0, 0xa, 0xc0, 0x18, 0x0,
    0x33, 0xba, 0x0, 0x2, 0x80, 0x0, 0x0, 0xcf,
    0xe5, 0x0, 0x0, 0x0, 0x0, 0x0, 0x0, 0x0,
    0x0, 0x0, 0x0,

    /* U+7981 "禁" */
    0x0, 0x8, 0x80, 0x0, 0x7, 0xb0, 0x0, 0x3,
    0x3a, 0xa3, 0x13, 0x39, 0xc3, 0x30, 0xc, 0xcf,
    0xec, 0x4c, 0xcf, 0xfc, 0xc0, 0x0, 0x7f, 0xf6,
    0x0, 0x7f, 0xf7, 0x0, 0x6, 0xe9, 0x9b, 0x57,
    0xd8, 0xbc, 0x70, 0x3e, 0x28, 0x80, 0x5c, 0x17,
    0xb1, 0xd2, 0x0, 0x3d, 0xdb, 0xbb, 0xbd, 0xea,
    0x0, 0x0, 0x14, 0x44, 0x44, 0x44, 0x43, 0x0,
    0x4, 0x44, 0x44, 0x44, 0x44, 0x44, 0x40, 0x1c,
    0xcc, 0xcc, 0xee, 0xcc, 0xcc, 0xc1, 0x0, 0x1b,
    0x30, 0x8b, 0x4, 0xa1, 0x0, 0x5, 0xe9, 0x0,
    0x8b, 0x0, 0x6e, 0x40, 0x9, 0x50, 0x5f, 0xf7,
    0x0, 0x3, 0x80, 0x0, 0x0, 0x0, 0x0, 0x0,
    0x0, 0x0,

    /* U+7A0B "程" */
    0x0, 0x3, 0x93, 0x0, 0x0, 0x0, 0x0, 0x3b,
    0xff, 0xb4, 0x5f, 0xff, 0xff, 0xe0, 0x17, 0x5f,
    0x0, 0x5c, 0x0, 0x4, 0xe0, 0x0, 0x2f, 0x10,
    0x5c, 0x0, 0x3, 0xe0, 0x5f, 0xff, 0xfc, 0x5f,
    0xff, 0xff, 0xe0, 0x1, 0x7f, 0x10, 0x1, 0x11,
    0x11, 0x0, 0x0, 0xdf, 0x60, 0x66, 0x66, 0x66,
    0x61, 0x5, 0xcf, 0xd7, 0xaa, 0xaf, 0xba, 0xa2,
    0xd, 0x6f, 0x28, 0x0, 0xf, 0x20, 0x0, 0x7c,
    0x1f, 0x0, 0xbf, 0xff, 0xff, 0xd0, 0x22, 0x1f,
    0x0, 0x0, 0x1f, 0x30, 0x0, 0x0, 0x1f, 0x0,
    0x0, 0x1f, 0x30, 0x0, 0x0, 0x1f, 0xa, 0xff,
    0xff, 0xff, 0xf8,

    /* U+7A33 "稳" */
    0x0, 0x16, 0xb1, 0xa, 0x50, 0x0, 0x0, 0xb,
    0xff, 0x71, 0x5f, 0xff, 0xf8, 0x0, 0x1, 0x3e,
    0x4, 0xe3, 0x1, 0xe2, 0x0, 0x0, 0x3e, 0x9,
    0xec, 0xce, 0xfc, 0x50, 0x1f, 0xff, 0xf7, 0x22,
    0x22, 0x2b, 0x60, 0x2, 0x9f, 0x31, 0x9c, 0xcc,
    0xce, 0x60, 0x0, 0xdf, 0xb0, 0x12, 0x22, 0x2b,
    0x60, 0x3, 0xee, 0xc7, 0xcc, 0xcc, 0xce, 0x60,
    0xb, 0x9e, 0x31, 0x33, 0x67, 0x33, 0x10, 0x4e,
    0x3e, 0x3, 0x28, 0x3e, 0x14, 0x40, 0x5, 0x3e,
    0xb, 0x6f, 0x7, 0x54, 0xd0, 0x0, 0x3e, 0x3e,
    0xf, 0x0, 0x4b, 0xc4, 0x0, 0x3e, 0x14, 0xc,
    0xff, 0xf6, 0x21,

    /* U+7A7A "空" */
    0x0, 0x0, 0x2c, 0x10, 0x0, 0x0, 0x11, 0x11,
    0x1e, 0x91, 0x11, 0x11, 0xff, 0xff, 0xff, 0xff,
    0xff, 0xff, 0xf3, 0x0, 0x10, 0x1, 0x0, 0x3f,
    0xf3, 0x1b, 0xb0, 0x1f, 0xa2, 0x2c, 0x26, 0xeb,
    0x10, 0x1, 0x9f, 0x91, 0x9e, 0x60, 0x0, 0x0,
    0x3, 0xc9, 0x18, 0xbb, 0xbb, 0xbb, 0xbb, 0x30,
    0x3, 0x55, 0x5e, 0xa5, 0x55, 0x10, 0x0, 0x0,
    0xe, 0x60, 0x0, 0x0, 0x0, 0x0, 0xe, 0x60,
    0x0, 0x0, 0x78, 0x88, 0x8f, 0xb8, 0x88, 0x88,
    0x89, 0x99, 0x99, 0x99, 0x99, 0x99,

    /* U+7ACB "立" */
    0x0, 0x0, 0x0, 0x86, 0x0, 0x0, 0x0, 0x0,
    0x0, 0x0, 0x8c, 0x0, 0x0, 0x0, 0x1, 0x22,
    0x22, 0x5a, 0x22, 0x22, 0x20, 0x7, 0xff, 0xff,
    0xff, 0xff, 0xff, 0xe0, 0x0, 0x1, 0x30, 0x0,
    0x1, 0x30, 0x0, 0x0, 0x6, 0xd0, 0x0, 0x6,
    0xe0, 0x0, 0x0, 0x2, 0xf2, 0x0, 0xa, 0xa0,
    0x0, 0x0, 0x0, 0xe6, 0x0, 0xf, 0x50, 0x0,
    0x0, 0x0, 0xa9, 0x0, 0x4f, 0x0, 0x0, 0x0,
    0x0, 0x7d, 0x0, 0xaa, 0x0, 0x0, 0x0, 0x0,
    0x36, 0x0, 0xf4, 0x0, 0x0, 0x1d, 0xdd, 0xdd,
    0xde, 0xfd, 0xdd, 0xd6, 0x5, 0x55, 0x55, 0x55,
    0x55, 0x55, 0x52,

    /* U+7B26 "符" */
    0x0, 0x45, 0x0, 0x0, 0x71, 0x0, 0x0, 0x0,
    0xca, 0x44, 0x34, 0xf5, 0x44, 0x41, 0x4, 0xfd,
    0xeb, 0x9c, 0xde, 0xeb, 0xb3, 0x1e, 0x51, 0xf1,
    0x9d, 0x2, 0xf2, 0x0, 0x4, 0x5, 0x80, 0x11,
    0x0, 0x75, 0x0, 0x0, 0x1e, 0x52, 0x22, 0x22,
    0xb9, 0x20, 0x0, 0xbf, 0x3f, 0xff, 0xff, 0xff,
    0xf3, 0x8, 0xff, 0x0, 0x20, 0x0, 0xa8, 0x0,
    0x1e, 0x6f, 0x1, 0xf3, 0x0, 0xa8, 0x0, 0x0,
    0x3f, 0x0, 0x7d, 0x0, 0xa8, 0x0, 0x0, 0x3f,
    0x0, 0xa, 0x20, 0xa8, 0x0, 0x0, 0x3f, 0x0,
    0x0, 0x11, 0xb8, 0x0, 0x0, 0x3f, 0x0, 0x0,
    0xef, 0xe4, 0x0, 0x0, 0x0, 0x0, 0x0, 0x0,
    0x0, 0x0,

    /* U+7B49 "等" */
    0x0, 0x0, 0x0, 0x0, 0x0, 0x0, 0x0, 0x0,
    0xa8, 0x0, 0x2, 0xe0, 0x0, 0x0, 0x3, 0xfe,
    0xee, 0xca, 0xfe, 0xee, 0xe2, 0x1d, 0x89, 0xb2,
    0x8e, 0x3b, 0xb2, 0x20, 0x38, 0x2, 0x70, 0x89,
    0x2, 0x80, 0x0, 0x0, 0xde, 0xee, 0xff, 0xee,
    0xee, 0x0, 0x0, 0x12, 0x22, 0x9b, 0x22, 0x22,
    0x0, 0x39, 0x99, 0x99, 0xdd, 0x99, 0x99, 0x92,
    0x28, 0x88, 0x88, 0x88, 0x8f, 0xa8, 0x82, 0x1,
    0x11, 0x11, 0x11, 0x1e, 0x61, 0x10, 0xe, 0xee,
    0xfe, 0xee, 0xef, 0xfe, 0xc0, 0x0, 0x7, 0xd3,
    0x0, 0xe, 0x50, 0x0, 0x0, 0x0, 0x6f, 0x21,
    0x1e, 0x40, 0x0, 0x0, 0x0, 0x1, 0xc, 0xfd,
    0x10, 0x0, 0x0, 0x0, 0x0, 0x0, 0x0, 0x0,
    0x0,

    /* U+7B80 "简" */
    0x0, 0x0, 0x0, 0x0, 0x0, 0x0, 0x0, 0x0,
    0x2e, 0x0, 0x0, 0xb4, 0x0, 0x0, 0x0, 0xbf,
    0xdd, 0xd4, 0xfd, 0xcc, 0xc2, 0x6, 0xe3, 0xd8,
    0x3c, 0x95, 0xf5, 0x30, 0xb, 0x41, 0x57, 0x7,
    0x0, 0x85, 0x0, 0x0, 0x5e, 0x2b, 0xcc, 0xcc,
    0xcd, 0x70, 0x2, 0x59, 0x73, 0x44, 0x44, 0x4b,
    0x90, 0x5, 0xd0, 0x29, 0x99, 0x95, 0x9, 0x90,
    0x5, 0xd0, 0x5c, 0x44, 0x8a, 0x9, 0x90, 0x5,
    0xd0, 0x5e, 0xaa, 0xca, 0x9, 0x90, 0x5, 0xd0,
    0x5c, 0x33, 0x7a, 0x9, 0x90, 0x5, 0xd0, 0x5c,
    0x33, 0x7a, 0x9, 0x90, 0x5, 0xd0, 0x3b, 0xbb,
    0xb7, 0x9, 0x90, 0x5, 0xd0, 0x0, 0x0, 0x5,
    0xff, 0x50, 0x0, 0x0, 0x0, 0x0, 0x0, 0x0,
    0x0,

    /* U+7B97 "算" */
    0x0, 0x0, 0x0, 0x0, 0x0, 0x0, 0x0, 0x0,
    0x97, 0x0, 0x1, 0xe2, 0x0, 0x0, 0x3, 0xff,
    0xee, 0xda, 0xfe, 0xee, 0xe4, 0x2e, 0x65, 0xe1,
    0x7e, 0x23, 0xf3, 0x0, 0x4, 0x5c, 0xec, 0xcd,
    0xcc, 0xeb, 0x0, 0x0, 0x7c, 0x44, 0x44, 0x44,
    0x7f, 0x0, 0x0, 0x7d, 0x88, 0x88, 0x88, 0xaf,
    0x0, 0x0, 0x7e, 0xbb, 0xbb, 0xbb, 0xdf, 0x0,
    0x0, 0x7c, 0x11, 0x11, 0x11, 0x5f, 0x0, 0x0,
    0x5b, 0xee, 0xbb, 0xbf, 0xca, 0x0, 0x0, 0x0,
    0xa9, 0x0, 0xf, 0x40, 0x0, 0x2e, 0xef, 0xff,
    0xee, 0xef, 0xfe, 0xe6, 0x0, 0x3b, 0xc0, 0x0,
    0xf, 0x40, 0x0, 0x8, 0xd6, 0x0, 0x0, 0xf,
    0x40, 0x0, 0x0, 0x0, 0x0, 0x0, 0x0, 0x0,
    0x0,

    /* U+7CFB "系" */
    0x0, 0x0, 0x2, 0x35, 0x8a, 0xa0, 0x2, 0xde,
    0xff, 0xfe, 0xc9, 0x74, 0x0, 0x3, 0x23, 0xda,
    0x0, 0x21, 0x0, 0x0, 0x2, 0xd8, 0x0, 0x5f,
    0x70, 0x0, 0x5, 0xfe, 0xcd, 0xee, 0x40, 0x0,
    0x0, 0x25, 0x37, 0xfa, 0x13, 0xa0, 0x0, 0x0,
    0x3b, 0xc4, 0x0, 0x1c, 0xa0, 0x1, 0xbf, 0xfd,
    0xef, 0xfe, 0xde, 0x70, 0x8, 0x54, 0x36, 0xe0,
    0x0, 0x2c, 0x0, 0x6, 0xe0, 0x4e, 0x9, 0xc1,
    0x0, 0x7, 0xf4, 0x4, 0xe0, 0x9, 0xe3, 0x8,
    0xe3, 0x2, 0x6e, 0x0, 0x8, 0xf1, 0x1, 0x1,
    0xff, 0x90, 0x0, 0x2, 0x0, 0x0, 0x0, 0x0,
    0x0, 0x0, 0x0,

    /* U+7ED3 "结" */
    0x0, 0x1b, 0x10, 0x0, 0x1f, 0x20, 0x0, 0x0,
    0x7d, 0x0, 0x0, 0x1f, 0x20, 0x0, 0x0, 0xe5,
    0x4, 0xff, 0xff, 0xff, 0xf3, 0x8, 0xc0, 0x85,
    0x33, 0x4f, 0x43, 0x30, 0x4f, 0x76, 0xf3, 0x0,
    0x1f, 0x20, 0x0, 0x5e, 0xcf, 0x80, 0xbc, 0xcf,
    0xdc, 0xc0, 0x0, 0x9c, 0x0, 0x56, 0x66, 0x66,
    0x50, 0x7, 0xe3, 0x44, 0x12, 0x22, 0x22, 0x10,
    0x4f, 0xfe, 0xb5, 0x9f, 0xff, 0xff, 0x90, 0x15,
    0x10, 0x0, 0x99, 0x0, 0x9, 0x90, 0x1, 0x46,
    0x98, 0x99, 0x0, 0x9, 0x90, 0x6f, 0xd9, 0x62,
    0x9e, 0xcc, 0xce, 0x90, 0x0, 0x0, 0x0, 0x9b,
    0x55, 0x5b, 0x90, 0x0, 0x0, 0x0, 0x0, 0x0,
    0x0, 0x0,

    /* U+7EDF "统" */
    0x0, 0x0, 0x0, 0x0, 0x0, 0x0, 0x0, 0x0,
    0xd, 0x30, 0x0, 0x5c, 0x0, 0x0, 0x0, 0x6e,
    0x0, 0x0, 0x1e, 0x20, 0x0, 0x0, 0xe6, 0x1,
    0xff, 0xff, 0xff, 0xf8, 0x7, 0xd0, 0xb7, 0x13,
    0xf5, 0x13, 0x10, 0x3f, 0x88, 0xf2, 0xc, 0x90,
    0x5e, 0x10, 0x4f, 0xdf, 0x71, 0xbe, 0x45, 0x6e,
    0xa0, 0x0, 0xab, 0x3, 0xff, 0xec, 0xa9, 0xf4,
    0x7, 0xe4, 0x62, 0x29, 0x41, 0xc0, 0x51, 0x3f,
    0xfe, 0xa3, 0xc, 0x52, 0xf0, 0x0, 0x6, 0x20,
    0x0, 0xe, 0x32, 0xf0, 0x0, 0x0, 0x37, 0xc7,
    0x4f, 0x2, 0xf0, 0x67, 0x3e, 0xfa, 0x53, 0xe8,
    0x2, 0xf0, 0x89, 0x15, 0x0, 0x1f, 0x90, 0x0,
    0xdf, 0xf5, 0x0, 0x0, 0x1, 0x0, 0x0, 0x0,
    0x0,

    /* U+7EE7 "继" */
    0x0, 0x0, 0x0, 0x0, 0x0, 0x0, 0x0, 0x0,
    0x2b, 0x0, 0x0, 0x1, 0xe0, 0x0, 0x0, 0x6d,
    0x2, 0xe1, 0x41, 0xe0, 0x51, 0x0, 0xd6, 0x2,
    0xe1, 0xc1, 0xe0, 0xd0, 0x4, 0xd0, 0x54, 0xe0,
    0xb3, 0xe6, 0x70, 0xd, 0x42, 0xf5, 0xe1, 0x44,
    0xf3, 0x31, 0x5f, 0xff, 0x82, 0xe7, 0xde, 0xfd,
    0xd6, 0x2, 0x6d, 0x2, 0xe0, 0xb, 0xf8, 0x0,
    0x2, 0xe3, 0x23, 0xe0, 0x4c, 0xeb, 0x50, 0x2e,
    0xff, 0xd5, 0xe1, 0xe4, 0xe1, 0xe3, 0x28, 0x30,
    0x2, 0xe5, 0x71, 0xe0, 0x41, 0x0, 0x25, 0x86,
    0xe0, 0x1, 0xe0, 0x0, 0x4d, 0xb8, 0x53, 0xfd,
    0xdd, 0xfd, 0xd6, 0x0, 0x0, 0x0, 0x44, 0x44,
    0x44, 0x41,

    /* U+7EEA "绪" */
    0x0, 0x1b, 0x0, 0x0, 0xd5, 0x0, 0x0, 0x0,
    0x7b, 0x0, 0x11, 0xd6, 0x14, 0xd0, 0x0, 0xe3,
    0x0, 0xff, 0xff, 0xff, 0x60, 0x7, 0xb0, 0x73,
    0x0, 0xd5, 0x8c, 0x0, 0x2f, 0x88, 0xe8, 0xaa,
    0xfd, 0xfc, 0xa4, 0x5c, 0xaf, 0x54, 0x66, 0xce,
    0x76, 0x63, 0x0, 0x9a, 0x0, 0x9, 0xe3, 0x0,
    0x0, 0x5, 0xd4, 0x55, 0xdf, 0xff, 0xff, 0x80,
    0x3f, 0xdb, 0x77, 0x6f, 0x0, 0xa, 0x80, 0x11,
    0x0, 0x0, 0x1f, 0xff, 0xff, 0x80, 0x0, 0x49,
    0xd6, 0x1f, 0x0, 0xa, 0x80, 0x5f, 0xfc, 0x72,
    0x1f, 0x33, 0x3b, 0x80, 0x25, 0x10, 0x0, 0x1f,
    0xcc, 0xce, 0x80, 0x0, 0x0, 0x0, 0x0, 0x0,
    0x0, 0x0,

    /* U+7EED "续" */
    0x0, 0xc, 0x10, 0x0, 0x6d, 0x0, 0x0, 0x0,
    0x5c, 0x0, 0xac, 0xdf, 0xcc, 0x50, 0x0, 0xc5,
    0x0, 0x34, 0x8d, 0x44, 0x10, 0x5, 0xc0, 0xb3,
    0x77, 0xae, 0x77, 0x70, 0x1e, 0x89, 0xb3, 0x88,
    0x89, 0x8a, 0xd0, 0x3b, 0xaf, 0x20, 0x2c, 0x3f,
    0x28, 0x80, 0x0, 0xa8, 0x2, 0x93, 0x6f, 0x11,
    0x10, 0x6, 0xfa, 0xc0, 0x5a, 0xf, 0x10, 0x0,
    0x3f, 0xb6, 0x29, 0xcc, 0xdf, 0xcc, 0xc1, 0x1,
    0x1, 0x63, 0x44, 0xda, 0x54, 0x40, 0x6, 0xbe,
    0x90, 0x7, 0xe3, 0xe7, 0x0, 0x3c, 0x60, 0x2,
    0xbe, 0x30, 0x1c, 0xa0, 0x0, 0x0, 0x9, 0x91,
    0x0, 0x0, 0xa2,

    /* U+7F6E "置" */
    0x6, 0xfd, 0xdf, 0xdd, 0xfd, 0xdf, 0x80, 0x6,
    0xc4, 0x6f, 0x44, 0xf6, 0x4b, 0x80, 0x3, 0x99,
    0x99, 0xec, 0x99, 0x99, 0x50, 0xa, 0xaa, 0xaa,
    0xfc, 0xaa, 0xaa, 0x90, 0x4, 0x44, 0x44, 0xf5,
    0x44, 0x44, 0x30, 0x0, 0x6e, 0xcc, 0xdc, 0xcc,
    0xf5, 0x0, 0x0, 0x6d, 0x77, 0x77, 0x77, 0xe6,
    0x0, 0x0, 0x6c, 0x44, 0x44, 0x44, 0xd6, 0x0,
    0x0, 0x6e, 0xaa, 0xaa, 0xaa, 0xf6, 0x0, 0x0,
    0x6e, 0x88, 0x88, 0x88, 0xe6, 0x0, 0x0, 0x6c,
    0x33, 0x33, 0x33, 0xd6, 0x0, 0x3f, 0xff, 0xff,
    0xff, 0xff, 0xff, 0xf4,

    /* U+8003 "考" */
    0x0, 0x0, 0x4, 0xe0, 0x0, 0x0, 0x0, 0x0,
    0x0, 0x4, 0xe0, 0x0, 0x1d, 0x40, 0x0, 0xbf,
    0xff, 0xff, 0xfe, 0xc9, 0x0, 0x0, 0x0, 0x4,
    0xe0, 0x1d, 0x90, 0x0, 0xb, 0xbb, 0xbc, 0xfb,
    0xef, 0xbb, 0xb1, 0x5, 0x55, 0x56, 0xee, 0x65,
    0x55, 0x50, 0x0, 0x0, 0x6e, 0xe6, 0x55, 0x54,
    0x0, 0x1, 0x7e, 0xef, 0x99, 0x99, 0x98, 0x0,
    0x3f, 0xc5, 0xaa, 0x0, 0x0, 0x10, 0x0, 0x3,
    0x1, 0xff, 0xff, 0xff, 0xf2, 0x0, 0x0, 0x0,
    0x0, 0x0, 0x4, 0xf0, 0x0, 0x0, 0x0, 0x0,
    0x10, 0xa, 0xb0, 0x0, 0x0, 0x0, 0x0, 0xcf,
    0xfe, 0x30, 0x0, 0x0, 0x0, 0x0, 0x0, 0x0,
    0x0, 0x0,

    /* U+8054 "联" */
    0x0, 0x0, 0x0, 0x3, 0x0, 0x3, 0x0, 0x5f,
    0xed, 0xfe, 0xd, 0x70, 0x2f, 0x30, 0xa, 0x60,
    0xa5, 0x3, 0xd0, 0xb9, 0x0, 0xa, 0x70, 0xb5,
    0x9e, 0xee, 0xfe, 0xc0, 0xa, 0xff, 0xf5, 0x47,
    0x8f, 0x77, 0x60, 0xa, 0x60, 0xa5, 0x0, 0x2f,
    0x10, 0x0, 0xa, 0x82, 0xb5, 0x22, 0x4f, 0x32,
    0x21, 0xa, 0xed, 0xf5, 0xef, 0xff, 0xff, 0xf5,
    0xa, 0x60, 0xa5, 0x0, 0x7f, 0x30, 0x0, 0xa,
    0x84, 0xcc, 0x50, 0xce, 0xb0, 0x0, 0x5f, 0xeb,
    0xe9, 0x26, 0xe2, 0xe6, 0x0, 0x0, 0x0, 0xa5,
    0x6f, 0x40, 0x3f, 0x80, 0x0, 0x0, 0xa8, 0xe4,
    0x0, 0x3, 0xc3, 0x0, 0x0, 0x0, 0x0, 0x0,
    0x0, 0x0,

    /* U+80FD "能" */
    0x0, 0x0, 0x0, 0x0, 0x0, 0x0, 0x0, 0x0,
    0x6c, 0x0, 0x3, 0xe0, 0x0, 0x0, 0x0, 0xe6,
    0x7b, 0x3, 0xe0, 0x3a, 0x30, 0x9, 0xc0, 0x1e,
    0x53, 0xfc, 0xe8, 0x10, 0x1f, 0xff, 0xee, 0xd3,
    0xf4, 0x0, 0x10, 0x2, 0x10, 0x0, 0x43, 0xe0,
    0x0, 0xd3, 0x9, 0xff, 0xff, 0x61, 0xfe, 0xee,
    0xe1, 0xa, 0x70, 0xc, 0x71, 0x62, 0x22, 0x0,
    0xa, 0xed, 0xdf, 0x73, 0xf0, 0x6, 0x40, 0xa,
    0x80, 0xc, 0x73, 0xf7, 0xec, 0x40, 0xa, 0xed,
    0xdf, 0x73, 0xf7, 0x20, 0x0, 0xa, 0x81, 0x1d,
    0x73, 0xf0, 0x0, 0x94, 0xa, 0x70, 0x1d, 0x63,
    0xf2, 0x22, 0xd4, 0xa, 0x72, 0xfd, 0x30, 0xbe,
    0xee, 0xb0,

    /* U+81EA "自" */
    0x0, 0x0, 0xa6, 0x0, 0x0, 0x0, 0x1, 0xf3,
    0x0, 0x0, 0xbf, 0xff, 0xff, 0xff, 0xfe, 0xc8,
    0x22, 0x22, 0x22, 0x6f, 0xc6, 0x0, 0x0, 0x0,
    0x4f, 0xcf, 0xff, 0xff, 0xff, 0xff, 0xc8, 0x22,
    0x22, 0x22, 0x6f, 0xc6, 0x0, 0x0, 0x0, 0x4f,
    0xcf, 0xff, 0xff, 0xff, 0xff, 0xc8, 0x22, 0x22,
    0x22, 0x6f, 0xc6, 0x0, 0x0, 0x0, 0x4f, 0xcf,
    0xff, 0xff, 0xff, 0xff, 0xc8, 0x22, 0x22, 0x22,
    0x6f, 0x0, 0x0, 0x0, 0x0, 0x0,

    /* U+81F4 "致" */
    0x0, 0x0, 0x0, 0x0, 0x76, 0x0, 0x0, 0x5f,
    0xff, 0xff, 0xf0, 0xc6, 0x0, 0x0, 0x1, 0xc9,
    0x12, 0x10, 0xf5, 0x22, 0x20, 0x4, 0xe1, 0x6a,
    0x5, 0xff, 0xff, 0xf5, 0x1e, 0x96, 0x8f, 0x4b,
    0xc0, 0xe, 0x40, 0x1f, 0xdb, 0xaa, 0xcf, 0xe0,
    0x1f, 0x20, 0x0, 0x8, 0x50, 0xaa, 0xe3, 0x4e,
    0x0, 0x3, 0x3c, 0x83, 0x41, 0x99, 0x9a, 0x0,
    0x1e, 0xef, 0xfe, 0xb0, 0x3f, 0xf4, 0x0, 0x0,
    0xc, 0x70, 0x0, 0xd, 0xd0, 0x0, 0x0, 0xc,
    0x95, 0x80, 0x5f, 0xf4, 0x0, 0x4b, 0xdf, 0xfd,
    0xa8, 0xf6, 0x7f, 0x50, 0x37, 0x52, 0x0, 0x8f,
    0x50, 0x7, 0xf4, 0x0, 0x0, 0x0, 0x11, 0x0,
    0x0, 0x10,

    /* U+8303 "范" */
    0x0, 0x2, 0xf1, 0x0, 0x1f, 0x10, 0x0, 0x2d,
    0xdd, 0xfd, 0xdd, 0xdf, 0xdd, 0xd3, 0x14, 0x46,
    0xf5, 0x44, 0x5f, 0x54, 0x41, 0x0, 0x21, 0x90,
    0x0, 0x19, 0x10, 0x0, 0x2, 0xea, 0x13, 0xdd,
    0xdd, 0xde, 0x30, 0x0, 0x19, 0x84, 0xf5, 0x55,
    0x5f, 0x30, 0x7, 0x20, 0x4, 0xf0, 0x0, 0xf,
    0x30, 0x8, 0xf9, 0x4, 0xf0, 0x0, 0xf, 0x30,
    0x0, 0x25, 0x34, 0xf0, 0x1e, 0xff, 0x10, 0x0,
    0x6, 0xd4, 0xf0, 0x2, 0x20, 0x0, 0x0, 0x5f,
    0x34, 0xf0, 0x0, 0x0, 0xa5, 0x4, 0xf5, 0x3,
    0xf3, 0x11, 0x12, 0xe4, 0xb, 0x70, 0x0, 0xbf,
    0xff, 0xff, 0xc0, 0x0, 0x0, 0x0, 0x0, 0x0,
    0x0, 0x0,

    /* U+8868 "表" */
    0x0, 0x0, 0x0, 0x4e, 0x0, 0x0, 0x0, 0x2,
    0xdd, 0xdd, 0xdf, 0xdd, 0xdd, 0xd0, 0x0, 0x33,
    0x33, 0x6f, 0x33, 0x33, 0x30, 0x0, 0x5b, 0xbb,
    0xcf, 0xbb, 0xbb, 0x40, 0x0, 0x24, 0x44, 0x7f,
    0x44, 0x44, 0x10, 0x1, 0x22, 0x22, 0x6f, 0x22,
    0x22, 0x21, 0xb, 0xee, 0xee, 0xff, 0xfe, 0xee,
    0xe6, 0x0, 0x0, 0x3d, 0x98, 0xb0, 0x2, 0x50,
    0x0, 0x19, 0xf6, 0x1, 0xf4, 0x5f, 0x80, 0xa,
    0xfd, 0xe0, 0x0, 0x6f, 0xd3, 0x0, 0x4, 0x25,
    0xe0, 0x1, 0x1a, 0xe3, 0x0, 0x0, 0x5, 0xf8,
    0xdf, 0x40, 0x8f, 0xa3, 0x0, 0xa, 0xfa, 0x50,
    0x0, 0x3, 0xb6, 0x0, 0x2, 0x0, 0x0, 0x0,
    0x0, 0x0,

    /* U+8981 "要" */
    0xd, 0xdd, 0xef, 0xdd, 0xfd, 0xdd, 0xd0, 0x0,
    0x0, 0x4d, 0x1, 0xf2, 0x0, 0x0, 0x6, 0xfe,
    0xff, 0xee, 0xff, 0xef, 0x70, 0x6, 0xc0, 0x4d,
    0x0, 0xf1, 0xb, 0x70, 0x6, 0xd6, 0x8e, 0x66,
    0xf7, 0x6d, 0x70, 0x3, 0x99, 0x9e, 0xc9, 0x99,
    0x99, 0x40, 0x1, 0x11, 0x4f, 0x41, 0x11, 0x11,
    0x10, 0x1f, 0xff, 0xff, 0xff, 0xff, 0xff, 0xf7,
    0x0, 0x7, 0xd0, 0x0, 0x2f, 0x40, 0x0, 0x0,
    0x2e, 0xfb, 0x75, 0xe8, 0x0, 0x0, 0x0, 0x0,
    0x4c, 0xff, 0xfb, 0x72, 0x0, 0xb, 0xef, 0xd9,
    0x50, 0x16, 0xbf, 0x90, 0x2, 0x20, 0x0, 0x0,
    0x0, 0x1, 0x0,

    /* U+89C4 "规" */
    0x0, 0x2f, 0x0, 0x0, 0x0, 0x0, 0x0, 0x0,
    0x2f, 0x0, 0x3f, 0xff, 0xff, 0xe0, 0x4, 0x6f,
    0x43, 0x3e, 0x0, 0x4, 0xe0, 0x1d, 0xdf, 0xdb,
    0x3e, 0xa, 0x24, 0xe0, 0x0, 0x2f, 0x0, 0x3e,
    0xe, 0x24, 0xe0, 0x13, 0x5f, 0x33, 0x3e, 0xe,
    0x24, 0xe0, 0x6f, 0xff, 0xff, 0x3e, 0xf, 0x24,
    0xe0, 0x0, 0x5e, 0x0, 0x3e, 0x1f, 0x4, 0xe0,
    0x0, 0x7f, 0x90, 0x16, 0x4f, 0xa2, 0x60, 0x0,
    0xb7, 0xd7, 0x0, 0xbf, 0xa0, 0x0, 0x2, 0xf1,
    0x3d, 0x6, 0xe8, 0xa0, 0x49, 0xb, 0x90, 0x0,
    0x7f, 0x47, 0xa0, 0x69, 0x3d, 0x10, 0x8, 0xe3,
    0x4, 0xfe, 0xe4, 0x0, 0x0, 0x1, 0x0, 0x0,
    0x0, 0x0,

    /* U+89E6 "触" */
    0x0, 0x0, 0x0, 0x0, 0x0, 0x0, 0x0, 0x0,
    0x5c, 0x0, 0x0, 0xd, 0x60, 0x0, 0x0, 0xbe,
    0xca, 0x0, 0xd, 0x60, 0x0, 0x2, 0xf4, 0x6b,
    0x2, 0x2e, 0x72, 0x20, 0xa, 0xb3, 0xa8, 0x1e,
    0xdf, 0xee, 0xe0, 0x4f, 0xdc, 0xec, 0x8e, 0x1b,
    0x41, 0xe0, 0x9, 0x73, 0xa5, 0x8e, 0x1b, 0x41,
    0xe0, 0x8, 0xfe, 0xff, 0x8e, 0x1b, 0x41, 0xe0,
    0x8, 0x73, 0xa5, 0x8e, 0xff, 0xff, 0xe0, 0x8,
    0x73, 0xa5, 0x84, 0x5e, 0x95, 0x40, 0x9, 0xfe,
    0xff, 0x80, 0xd, 0x67, 0x40, 0xb, 0x43, 0xa5,
    0x80, 0xd, 0x65, 0xc0, 0xe, 0x13, 0xa5, 0xa9,
    0xaf, 0xff, 0xf3, 0x3b, 0x3, 0xae, 0x7a, 0x74,
    0x20, 0x88, 0x0, 0x0, 0x0, 0x0, 0x0, 0x0,
    0x0,

    /* U+8A00 "言" */
    0x0, 0x0, 0x0, 0x0, 0x0, 0x0, 0x0, 0x0,
    0x0, 0x1, 0xe5, 0x0, 0x0, 0x0, 0x0, 0x0,
    0x0, 0x6e, 0x10, 0x0, 0x0, 0x1f, 0xff, 0xff,
    0xff, 0xff, 0xff, 0xf8, 0x1, 0x11, 0x11, 0x11,
    0x11, 0x11, 0x10, 0x0, 0x3d, 0xdd, 0xdd, 0xdd,
    0xd4, 0x0, 0x0, 0x2, 0x22, 0x22, 0x22, 0x20,
    0x0, 0x0, 0x2b, 0xbb, 0xbb, 0xbb, 0xb3, 0x0,
    0x0, 0x14, 0x44, 0x44, 0x44, 0x41, 0x0, 0x0,
    0x1, 0x11, 0x11, 0x11, 0x10, 0x0, 0x0, 0x6f,
    0xff, 0xff, 0xff, 0xf7, 0x0, 0x0, 0x6c, 0x0,
    0x0, 0x0, 0xc7, 0x0, 0x0, 0x6d, 0x33, 0x33,
    0x33, 0xc7, 0x0, 0x0, 0x6f, 0xcc, 0xcc, 0xcc,
    0xf7, 0x0, 0x0, 0x0, 0x0, 0x0, 0x0, 0x0,
    0x0,

    /* U+8BA1 "计" */
    0x0, 0x73, 0x0, 0x0, 0x1f, 0x20, 0x0, 0x0,
    0x6f, 0x40, 0x0, 0x1f, 0x20, 0x0, 0x0, 0x6,
    0xd0, 0x0, 0x1f, 0x20, 0x0, 0x0, 0x0, 0x10,
    0x0, 0x1f, 0x20, 0x0, 0x17, 0x77, 0x12, 0x33,
    0x4f, 0x53, 0x32, 0x2c, 0xcf, 0x39, 0xff, 0xff,
    0xff, 0xfa, 0x0, 0xf, 0x30, 0x0, 0x2f, 0x30,
    0x0, 0x0, 0xf, 0x30, 0x0, 0x1f, 0x20, 0x0,
    0x0, 0xf, 0x30, 0x0, 0x1f, 0x20, 0x0, 0x0,
    0xf, 0x37, 0x0, 0x1f, 0x20, 0x0, 0x0, 0xf,
    0xec, 0x10, 0x1f, 0x20, 0x0, 0x0, 0x6f, 0x80,
    0x0, 0x1f, 0x20, 0x0, 0x0, 0x34, 0x0, 0x0,
    0x1f, 0x20, 0x0,

    /* U+8BA4 "认" */
    0x0, 0x62, 0x0, 0x0, 0x4e, 0x0, 0x0, 0x0,
    0x9e, 0x20, 0x0, 0x4e, 0x0, 0x0, 0x0, 0xa,
    0xb0, 0x0, 0x5d, 0x0, 0x0, 0x0, 0x0, 0x10,
    0x0, 0x5d, 0x0, 0x0, 0x13, 0x33, 0x0, 0x0,
    0x6c, 0x0, 0x0, 0x4f, 0xff, 0x20, 0x0, 0x7e,
    0x0, 0x0, 0x0, 0xf, 0x20, 0x0, 0x9f, 0x20,
    0x0, 0x0, 0xf, 0x20, 0x0, 0xcf, 0x60, 0x0,
    0x0, 0xf, 0x20, 0x1, 0xf9, 0xb0, 0x0, 0x0,
    0xf, 0x25, 0x6, 0xd1, 0xf2, 0x0, 0x0, 0xf,
    0xdd, 0x1e, 0x60, 0x9b, 0x0, 0x0, 0x5f, 0x80,
    0xad, 0x0, 0x1e, 0x80, 0x0, 0x64, 0x7, 0xe2,
    0x0, 0x4, 0xf5, 0x0, 0x0, 0x0, 0x10, 0x0,
    0x0, 0x20,

    /* U+8BB0 "记" */
    0x0, 0x50, 0x0, 0x0, 0x0, 0x0, 0x0, 0x0,
    0xbc, 0x10, 0xcf, 0xff, 0xff, 0x80, 0x0, 0xc,
    0xb0, 0x33, 0x33, 0x3b, 0x80, 0x0, 0x1, 0x20,
    0x0, 0x0, 0xa, 0x80, 0x16, 0x67, 0x10, 0x0,
    0x0, 0xa, 0x80, 0x2c, 0xcf, 0x20, 0x13, 0x33,
    0x3b, 0x80, 0x0, 0xf, 0x20, 0x8f, 0xff, 0xff,
    0x80, 0x0, 0xf, 0x20, 0x8b, 0x0, 0x7, 0x50,
    0x0, 0xf, 0x20, 0x8b, 0x0, 0x0, 0x0, 0x0,
    0xf, 0x21, 0x8b, 0x0, 0x0, 0x20, 0x0, 0xf,
    0xbe, 0x8b, 0x0, 0x0, 0xb6, 0x0, 0x4f, 0xc2,
    0x7d, 0x22, 0x22, 0xe4, 0x0, 0x58, 0x0, 0x2e,
    0xff, 0xff, 0xc0,

    /* U+8BBE "设" */
    0x0, 0x10, 0x0, 0x0, 0x0, 0x0, 0x0, 0x2,
    0xe4, 0x0, 0x4f, 0xff, 0xf5, 0x0, 0x0, 0x4f,
    0x40, 0x4d, 0x11, 0xd5, 0x0, 0x0, 0x3, 0x0,
    0x7b, 0x0, 0xd5, 0x0, 0x37, 0x73, 0x5, 0xf4,
    0x0, 0xbb, 0x81, 0x49, 0xd9, 0x1b, 0x40, 0x0,
    0x25, 0x51, 0x0, 0x99, 0x8, 0xdd, 0xdd, 0xde,
    0x50, 0x0, 0x99, 0x3, 0xf6, 0x44, 0x5f, 0x20,
    0x0, 0x99, 0x0, 0x8b, 0x0, 0xba, 0x0, 0x0,
    0x99, 0x63, 0xc, 0x99, 0xe1, 0x0, 0x0, 0x9f,
    0xd2, 0x4, 0xff, 0x40, 0x0, 0x1, 0xfa, 0x15,
    0xbf, 0x99, 0xfa, 0x51, 0x0, 0x50, 0xc, 0x82,
    0x0, 0x29, 0xd1,

    /* U+8BC6 "识" */
    0x3, 0x20, 0x0, 0x0, 0x0, 0x0, 0x0, 0x6,
    0xe3, 0x1, 0xff, 0xff, 0xff, 0x40, 0x0, 0x6e,
    0x1, 0xf4, 0x33, 0x3f, 0x50, 0x0, 0x1, 0x1,
    0xf1, 0x0, 0xe, 0x50, 0x59, 0xa4, 0x1, 0xf1,
    0x0, 0xe, 0x50, 0x48, 0xd8, 0x1, 0xf1, 0x0,
    0xe, 0x50, 0x0, 0xa8, 0x1, 0xfd, 0xdd, 0xdf,
    0x50, 0x0, 0xa8, 0x0, 0x44, 0x44, 0x44, 0x10,
    0x0, 0xa8, 0x0, 0x14, 0x0, 0x31, 0x0, 0x0,
    0xa9, 0xb2, 0x7d, 0x0, 0xaa, 0x0, 0x0, 0xbf,
    0xa1, 0xe7, 0x0, 0x2f, 0x30, 0x2, 0xf8, 0x8,
    0xd0, 0x0, 0xa, 0xb0, 0x0, 0x40, 0xa, 0x30,
    0x0, 0x3, 0x80,

    /* U+8BD5 "试" */
    0x2, 0x70, 0x0, 0x0, 0xd, 0x6a, 0x0, 0x2,
    0xe7, 0x0, 0x0, 0xd, 0x5b, 0x80, 0x0, 0x3f,
    0x10, 0x0, 0xd, 0x51, 0x90, 0x0, 0x1, 0x5e,
    0xee, 0xef, 0xfe, 0xe3, 0x13, 0x31, 0x26, 0x66,
    0x6d, 0xa6, 0x61, 0x7f, 0xf8, 0x0, 0x0, 0xa,
    0x80, 0x0, 0x0, 0x98, 0x6, 0xaa, 0xaa, 0x90,
    0x0, 0x0, 0x98, 0x4, 0x9e, 0x78, 0xb0, 0x0,
    0x0, 0x98, 0x0, 0x4d, 0x5, 0xd0, 0x0, 0x0,
    0x98, 0x1, 0x4d, 0x3, 0xf0, 0x30, 0x0, 0xac,
    0xe6, 0x7f, 0xd4, 0xf4, 0xb4, 0x1, 0xed, 0x4c,
    0xc7, 0x20, 0xad, 0xf1, 0x0, 0x70, 0x0, 0x0,
    0x0, 0x2e, 0x90,

    /* U+8BDD "话" */
    0x0, 0x0, 0x0, 0x0, 0x0, 0x15, 0x10, 0x7,
    0xc1, 0x4, 0x79, 0xbe, 0xfc, 0x40, 0x0, 0xbd,
    0x6, 0x97, 0x8f, 0x0, 0x0, 0x0, 0x5, 0x0,
    0x0, 0x4e, 0x0, 0x0, 0x13, 0x31, 0x3, 0x44,
    0x7f, 0x44, 0x42, 0x7f, 0xf8, 0xb, 0xdd, 0xef,
    0xdd, 0xd7, 0x0, 0x98, 0x0, 0x0, 0x4e, 0x0,
    0x0, 0x0, 0x98, 0x0, 0x0, 0x4e, 0x0, 0x0,
    0x0, 0x98, 0x4, 0xff, 0xff, 0xff, 0x90, 0x0,
    0x98, 0x35, 0xe1, 0x11, 0x1a, 0x90, 0x0, 0x9d,
    0xe7, 0xe0, 0x0, 0xa, 0x90, 0x0, 0xdd, 0x24,
    0xf4, 0x44, 0x4b, 0x90, 0x1, 0x90, 0x4, 0xfd,
    0xdd, 0xdf, 0x90, 0x0, 0x0, 0x0, 0x0, 0x0,
    0x0, 0x0,

    /* U+8BE2 "询" */
    0x3, 0x50, 0x0, 0x5c, 0x0, 0x0, 0x0, 0x3f,
    0x60, 0xb, 0x90, 0x0, 0x0, 0x0, 0x4d, 0x2,
    0xff, 0xff, 0xff, 0xb0, 0x0, 0x0, 0xbb, 0x22,
    0x22, 0x8c, 0x23, 0x31, 0x6f, 0x42, 0x22, 0x7,
    0xb9, 0xff, 0x74, 0xaf, 0xdd, 0xf3, 0x7a, 0x0,
    0xb7, 0x3, 0xd0, 0xe, 0x38, 0xa0, 0xb, 0x70,
    0x3f, 0xff, 0xf3, 0x99, 0x0, 0xb7, 0x3, 0xd0,
    0xe, 0x3a, 0x80, 0xb, 0x8a, 0x4f, 0xee, 0xf3,
    0xb7, 0x0, 0xcf, 0x93, 0xd1, 0x11, 0xd, 0x50,
    0x2f, 0x60, 0x0, 0x1, 0x23, 0xf2, 0x0, 0x30,
    0x0, 0x0, 0x2f, 0xfa, 0x0,

    /* U+8BED "语" */
    0x0, 0x0, 0x0, 0x0, 0x0, 0x0, 0x0, 0x7,
    0xb0, 0x3f, 0xff, 0xff, 0xff, 0xd0, 0x0, 0x8b,
    0x0, 0x6, 0xd0, 0x0, 0x0, 0x0, 0x1, 0x8,
    0xff, 0xff, 0xff, 0x0, 0x49, 0x94, 0x0, 0x1d,
    0x61, 0x4f, 0x0, 0x5b, 0xe7, 0x0, 0x1f, 0x20,
    0x4e, 0x0, 0x0, 0xa7, 0xdf, 0xff, 0xff, 0xff,
    0xf1, 0x0, 0xa7, 0x11, 0x11, 0x11, 0x11, 0x10,
    0x0, 0xa7, 0x6, 0xff, 0xff, 0xff, 0x70, 0x0,
    0xa7, 0x18, 0xc1, 0x11, 0x1b, 0x80, 0x0, 0xab,
    0xec, 0xb0, 0x0, 0xb, 0x80, 0x0, 0xde, 0x56,
    0xc3, 0x33, 0x3c, 0x80, 0x0, 0x91, 0x6, 0xfd,
    0xdd, 0xdf, 0x80, 0x0, 0x0, 0x0, 0x0, 0x0,
    0x0, 0x0,

    /* U+8BEF "误" */
    0x0, 0x10, 0x0, 0x0, 0x0, 0x0, 0x0, 0x7,
    0xd1, 0x1, 0xff, 0xff, 0xff, 0x90, 0x0, 0xad,
    0x11, 0xf1, 0x0, 0x9, 0x90, 0x0, 0x6, 0x1,
    0xf1, 0x11, 0x1a, 0x90, 0x13, 0x32, 0x1, 0xff,
    0xff, 0xff, 0x80, 0x5b, 0xe9, 0x0, 0x11, 0x11,
    0x11, 0x10, 0x0, 0x99, 0x6, 0xff, 0xff, 0xff,
    0xe0, 0x0, 0x99, 0x0, 0x0, 0x7b, 0x0, 0x0,
    0x0, 0x99, 0xd, 0xdd, 0xef, 0xdd, 0xd5, 0x0,
    0x99, 0x34, 0x33, 0xef, 0x53, 0x31, 0x0, 0x9e,
    0xe3, 0x8, 0xd8, 0xc1, 0x0, 0x0, 0xec, 0x24,
    0xbe, 0x20, 0xae, 0x60, 0x0, 0x40, 0x1c, 0x81,
    0x0, 0x6, 0xd2,

    /* U+8BF4 "说" */
    0x0, 0x10, 0x1, 0x50, 0x0, 0x53, 0x0, 0x7,
    0xd1, 0x1, 0xe4, 0x0, 0xf6, 0x0, 0x0, 0xad,
    0x0, 0x7c, 0x6, 0xd0, 0x0, 0x0, 0x6, 0xb,
    0xdd, 0xcf, 0xec, 0x0, 0x23, 0x32, 0xe, 0x74,
    0x44, 0x7f, 0x0, 0x9f, 0xf8, 0xe, 0x30, 0x0,
    0x4f, 0x0, 0x0, 0xa8, 0xe, 0xa8, 0x88, 0xaf,
    0x0, 0x0, 0xa8, 0x8, 0xaf, 0x8f, 0xa8, 0x0,
    0x0, 0xa8, 0x0, 0x5d, 0xe, 0x40, 0x0, 0x0,
    0xa9, 0x93, 0x8a, 0xe, 0x40, 0x0, 0x0, 0xbf,
    0xc2, 0xe5, 0xe, 0x40, 0x81, 0x3, 0xf9, 0x1b,
    0xc0, 0xe, 0x52, 0xe2, 0x0, 0x60, 0xcb, 0x10,
    0xa, 0xff, 0xc0, 0x0, 0x0, 0x0, 0x0, 0x0,
    0x0, 0x0,

    /* U+8BF7 "请" */
    0x4, 0x30, 0x0, 0x0, 0xe4, 0x0, 0x0, 0x6,
    0xf3, 0x1e, 0xee, 0xfe, 0xee, 0x80, 0x0, 0x7d,
    0x0, 0x0, 0xe5, 0x0, 0x0, 0x0, 0x2, 0xb,
    0xff, 0xff, 0xff, 0x20, 0x23, 0x31, 0x1, 0x11,
    0xe5, 0x11, 0x10, 0xaf, 0xf8, 0x59, 0x99, 0x99,
    0x99, 0x90, 0x0, 0xa8, 0x2, 0x77, 0x77, 0x77,
    0x10, 0x0, 0xa8, 0x5, 0xd5, 0x55, 0x5f, 0x20,
    0x0, 0xa8, 0x5, 0xfd, 0xdd, 0xdf, 0x20, 0x0,
    0xa8, 0x45, 0xc0, 0x0, 0xf, 0x20, 0x0, 0xaf,
    0xd5, 0xfd, 0xdd, 0xdf, 0x20, 0x1, 0xeb, 0x5,
    0xc0, 0x0, 0xf, 0x20, 0x0, 0x70, 0x5, 0xc0,
    0xb, 0xfc, 0x0,

    /* U+8BFB "读" */
    0x4, 0x40, 0x0, 0x0, 0x8a, 0x0, 0x0, 0x6,
    0xf5, 0x4, 0xcc, 0xee, 0xcc, 0x60, 0x0, 0x6e,
    0x1, 0x44, 0xab, 0x44, 0x20, 0x0, 0x2, 0x4,
    0x55, 0xac, 0x55, 0x50, 0x23, 0x31, 0x9, 0xaa,
    0xab, 0xab, 0xd0, 0xaf, 0xf6, 0x0, 0x88, 0x2f,
    0x6, 0x90, 0x0, 0xb6, 0x4, 0x28, 0x9f, 0x5,
    0x30, 0x0, 0xb6, 0x2, 0xb6, 0x3f, 0x0, 0x0,
    0x0, 0xb6, 0x4c, 0xcd, 0xdf, 0xcc, 0xc0, 0x0,
    0xb7, 0x94, 0x44, 0xf8, 0x54, 0x40, 0x0, 0xbf,
    0xc1, 0x1b, 0xd3, 0xe6, 0x0, 0x1, 0xf9, 0x16,
    0xec, 0x10, 0x1c, 0x80, 0x0, 0x60, 0x3d, 0x60,
    0x0, 0x0, 0xa1,

    /* U+8C03 "调" */
    0x0, 0x10, 0x0, 0x0, 0x0, 0x0, 0x0, 0x5,
    0xe5, 0xa, 0xff, 0xff, 0xff, 0xf1, 0x0, 0x4e,
    0x1a, 0x70, 0x79, 0x0, 0xf1, 0x0, 0x0, 0xa,
    0x6b, 0xee, 0xd1, 0xf1, 0x4a, 0xb5, 0xa, 0x60,
    0x79, 0x0, 0xf1, 0x48, 0xc9, 0xa, 0x79, 0xcd,
    0x93, 0xf1, 0x0, 0x99, 0xa, 0x64, 0x44, 0x41,
    0xf1, 0x0, 0x99, 0xb, 0x5a, 0xaa, 0x90, 0xf1,
    0x0, 0x99, 0xc, 0x4e, 0x33, 0xe0, 0xf1, 0x0,
    0x99, 0x3e, 0x2e, 0x0, 0xe0, 0xf1, 0x0, 0xaf,
    0xfe, 0xe, 0xee, 0xc0, 0xf1, 0x1, 0xfb, 0xa9,
    0x7, 0x0, 0x11, 0xf0, 0x0, 0x60, 0xb2, 0x0,
    0x0, 0xbf, 0xb0, 0x0, 0x0, 0x0, 0x0, 0x0,
    0x0, 0x0,

    /* U+8D25 "败" */
    0x0, 0x0, 0x0, 0x0, 0x42, 0x0, 0x0, 0xe,
    0xff, 0xff, 0x10, 0xc5, 0x0, 0x0, 0xe, 0x23,
    0x1e, 0x11, 0xf6, 0x55, 0x50, 0xe, 0x1e, 0x2e,
    0x16, 0xec, 0xcf, 0xc0, 0xe, 0x1e, 0x2e, 0x1d,
    0x50, 0xf, 0x0, 0xe, 0x1e, 0x2e, 0x7f, 0x40,
    0x2e, 0x0, 0xe, 0x1e, 0x2e, 0x7b, 0xa0, 0x6a,
    0x0, 0xe, 0x1f, 0x1e, 0x11, 0xe1, 0xa6, 0x0,
    0xe, 0x2f, 0xe, 0x10, 0x9a, 0xf1, 0x0, 0x7,
    0x4c, 0x7, 0x0, 0x1f, 0xa0, 0x0, 0x0, 0xa8,
    0xd3, 0x0, 0x4f, 0xd1, 0x0, 0x6, 0xe0, 0x5d,
    0x4, 0xf4, 0x9d, 0x20, 0x4e, 0x20, 0x9, 0x6f,
    0x50, 0x8, 0xe1, 0x1, 0x0, 0x0, 0x1, 0x0,
    0x0, 0x10,

    /* U+8D85 "超" */
    0x0, 0xb, 0x60, 0x0, 0x0, 0x0, 0x0, 0x1,
    0x1c, 0x71, 0x3e, 0xff, 0xee, 0xf3, 0xf, 0xff,
    0xff, 0x60, 0x9b, 0x0, 0xf2, 0x0, 0xb, 0x60,
    0x0, 0xe6, 0x1, 0xf1, 0x27, 0x7d, 0xa7, 0x59,
    0xd1, 0x7a, 0xe0, 0x29, 0x9c, 0xd9, 0xac, 0x10,
    0x77, 0x30, 0x3, 0x18, 0x90, 0xa, 0xbb, 0xbb,
    0xa0, 0xb, 0x58, 0xb4, 0x3e, 0x85, 0x58, 0xe0,
    0xc, 0x48, 0xec, 0x8e, 0x30, 0x4, 0xe0, 0xd,
    0x98, 0x90, 0xe, 0x63, 0x36, 0xe0, 0xf, 0xfb,
    0x90, 0xb, 0xcc, 0xcc, 0xb0, 0x2e, 0x5f, 0xc4,
    0x22, 0x22, 0x22, 0x21, 0x7a, 0x3, 0xad, 0xff,
    0xff, 0xff, 0xf7, 0x1, 0x0, 0x0, 0x0, 0x0,
    0x0, 0x0,

    /* U+8DDF "跟" */
    0xe, 0xff, 0xfb, 0x9f, 0xff, 0xff, 0x80, 0xe,
    0x20, 0x7b, 0x99, 0x11, 0x19, 0x80, 0xe, 0x20,
    0x7b, 0x9d, 0xaa, 0xad, 0x80, 0xe, 0xff, 0xfb,
    0x9a, 0x33, 0x3a, 0x80, 0x0, 0x1f, 0x0, 0x9a,
    0x33, 0x3a, 0x80, 0xb, 0x1f, 0x32, 0x9e, 0xef,
    0xdd, 0x70, 0xe, 0x2f, 0xeb, 0x98, 0xe, 0x0,
    0x70, 0xe, 0x2f, 0x0, 0x98, 0xa, 0x8c, 0xc1,
    0xe, 0x2f, 0x0, 0x98, 0x4, 0xf8, 0x0, 0xe,
    0x4f, 0xac, 0x98, 0x0, 0xba, 0x0, 0x6f, 0xea,
    0x73, 0xcd, 0xce, 0x1d, 0xc2, 0x12, 0x0, 0x0,
    0xb8, 0x40, 0x1, 0x91,

    /* U+8DEF "路" */
    0x0, 0x0, 0x0, 0x0, 0x71, 0x0, 0x0, 0xe,
    0xff, 0xf9, 0x4, 0xf3, 0x23, 0x0, 0xe, 0x30,
    0x89, 0xd, 0xed, 0xdf, 0x60, 0xe, 0x30, 0x89,
    0x9f, 0x90, 0x5e, 0x0, 0xe, 0xff, 0xfc, 0xe3,
    0xe6, 0xe6, 0x0, 0x0, 0x1f, 0x0, 0x0, 0x5f,
    0xb0, 0x0, 0xa, 0x1f, 0x0, 0x3, 0xdc, 0xf8,
    0x0, 0xe, 0x2f, 0xfc, 0x9f, 0x70, 0x3d, 0xe4,
    0xe, 0x2f, 0x24, 0xaf, 0xff, 0xff, 0xc1, 0xe,
    0x2f, 0x0, 0x1f, 0x11, 0x1b, 0x90, 0xe, 0x3f,
    0x8b, 0x1f, 0x0, 0xb, 0x90, 0x5f, 0xfe, 0x95,
    0x1f, 0x33, 0x3c, 0x90, 0x57, 0x30, 0x0, 0x1f,
    0xdd, 0xdf, 0x90, 0x0, 0x0, 0x0, 0x0, 0x0,
    0x0, 0x0,

    /* U+8EAB "身" */
    0x0, 0x0, 0x0, 0x73, 0x0, 0x0, 0x0, 0x0,
    0x3, 0x35, 0xf6, 0x33, 0x20, 0x0, 0x0, 0x3f,
    0xdd, 0xdd, 0xde, 0xc0, 0x0, 0x0, 0x3f, 0x0,
    0x0, 0x6, 0xc0, 0x0, 0x0, 0x3f, 0xdd, 0xdd,
    0xde, 0xc0, 0x0, 0x0, 0x3f, 0x0, 0x0, 0x5,
    0xc2, 0x90, 0x0, 0x3f, 0xee, 0xee, 0xef, 0xdd,
    0x70, 0x0, 0x3f, 0x0, 0x0, 0x6, 0xf9, 0x0,
    0xf, 0xff, 0xff, 0xff, 0xff, 0xd0, 0x0, 0x1,
    0x11, 0x11, 0x2a, 0xea, 0xc0, 0x0, 0x0, 0x0,
    0x18, 0xe9, 0x15, 0xc0, 0x0, 0x1, 0x5b, 0xf9,
    0x22, 0x17, 0xc0, 0x0, 0x2f, 0xc7, 0x10, 0xd,
    0xff, 0x70, 0x0, 0x1, 0x0, 0x0, 0x0, 0x0,
    0x0, 0x0,

    /* U+8F83 "较" */
    0x0, 0x0, 0x0, 0x0, 0x0, 0x0, 0x0, 0x0,
    0x4b, 0x0, 0x0, 0x2d, 0x0, 0x0, 0x4, 0xad,
    0x43, 0x0, 0xc, 0x50, 0x0, 0x2d, 0xfe, 0xdb,
    0xbf, 0xff, 0xff, 0xf3, 0x0, 0xf2, 0x0, 0x13,
    0x82, 0x38, 0x20, 0x4, 0xc7, 0xa0, 0x9, 0xa0,
    0xd, 0x50, 0xa, 0x67, 0xa0, 0x4f, 0x10, 0x4,
    0xe1, 0xf, 0xff, 0xfd, 0xab, 0x70, 0x3b, 0xa5,
    0x3, 0x28, 0xb1, 0x2, 0xe0, 0x89, 0x0, 0x0,
    0x7, 0xb2, 0x0, 0xb9, 0xf3, 0x0, 0x29, 0xce,
    0xfc, 0x0, 0x2f, 0xa0, 0x0, 0x19, 0x69, 0xa0,
    0x0, 0x9e, 0xe3, 0x0, 0x0, 0x7, 0xa0, 0x2c,
    0xc1, 0x8f, 0x70, 0x0, 0x7, 0xa0, 0xc8, 0x0,
    0x5, 0xc2, 0x0, 0x0, 0x0, 0x0, 0x0, 0x0,
    0x0,

    /* U+8FD1 "近" */
    0x2, 0x40, 0x0, 0x1, 0x35, 0x7a, 0x90, 0x4,
    0xf3, 0x2, 0xfe, 0xdc, 0xa7, 0x40, 0x0, 0x6e,
    0x12, 0xf0, 0x0, 0x0, 0x0, 0x0, 0x4, 0x2,
    0xf0, 0x0, 0x0, 0x0, 0x0, 0x0, 0x2, 0xfb,
    0xbb, 0xbb, 0xb6, 0xf, 0xfe, 0x3, 0xf3, 0x35,
    0xf3, 0x31, 0x3, 0x6e, 0x4, 0xe0, 0x2, 0xf0,
    0x0, 0x0, 0x3e, 0x6, 0xc0, 0x2, 0xf0, 0x0,
    0x0, 0x3e, 0xa, 0x80, 0x2, 0xf0, 0x0, 0x0,
    0x3e, 0x1f, 0x30, 0x2, 0xf0, 0x0, 0x0, 0xaf,
    0x59, 0x0, 0x2, 0xe0, 0x0, 0xc, 0xb4, 0xea,
    0x53, 0x33, 0x44, 0x65, 0xb, 0x10, 0x17, 0xcd,
    0xee, 0xed, 0xc5, 0x0, 0x0, 0x0, 0x0, 0x0,
    0x0, 0x0,

    /* U+8FD4 "返" */
    0x3, 0x0, 0x0, 0x0, 0x13, 0x59, 0x20, 0xe,
    0x90, 0xa, 0xff, 0xfe, 0xb9, 0x40, 0x2, 0xe7,
    0xa, 0x91, 0x0, 0x0, 0x0, 0x0, 0x20, 0xa,
    0xb6, 0x66, 0x66, 0x10, 0x0, 0x0, 0xa, 0xda,
    0xaa, 0xaf, 0x30, 0x7d, 0xd4, 0xb, 0x76, 0x0,
    0x5d, 0x0, 0x24, 0xe5, 0xd, 0x6c, 0xb1, 0xe6,
    0x0, 0x0, 0xd5, 0xf, 0x30, 0xbf, 0xc0, 0x0,
    0x0, 0xd5, 0x5e, 0x0, 0xaf, 0xe2, 0x0, 0x0,
    0xd6, 0xe8, 0x5d, 0xc1, 0x9e, 0x20, 0x3, 0xf8,
    0x60, 0x86, 0x0, 0x9, 0x20, 0x4f, 0x7d, 0xa4,
    0x21, 0x11, 0x22, 0x51, 0x87, 0x0, 0x7c, 0xff,
    0xff, 0xff, 0xe0, 0x0, 0x0, 0x0, 0x0, 0x0,
    0x0, 0x0,

    /* U+8FDB "进" */
    0x0, 0x0, 0x0, 0x0, 0x0, 0x0, 0x0, 0x6,
    0xb1, 0x0, 0x1f, 0x10, 0xe4, 0x0, 0x0, 0xad,
    0x13, 0x4f, 0x43, 0xf6, 0x30, 0x0, 0x5, 0xf,
    0xff, 0xff, 0xff, 0xf0, 0x0, 0x0, 0x0, 0x1f,
    0x10, 0xe4, 0x0, 0x1d, 0xdc, 0x0, 0x1f, 0x10,
    0xe4, 0x0, 0x2, 0x5e, 0x1f, 0xff, 0xff, 0xff,
    0xf4, 0x0, 0x3e, 0x2, 0x6e, 0x22, 0xf6, 0x20,
    0x0, 0x3e, 0x0, 0x9a, 0x0, 0xe4, 0x0, 0x0,
    0x3e, 0x4, 0xf2, 0x0, 0xe4, 0x0, 0x0, 0x9f,
    0x26, 0x50, 0x0, 0x92, 0x0, 0xb, 0xc5, 0xe7,
    0x31, 0x0, 0x12, 0x43, 0x1d, 0x10, 0x29, 0xef,
    0xff, 0xff, 0xf4, 0x0, 0x0, 0x0, 0x0, 0x10,
    0x0, 0x0,

    /* U+8FDE "连" */
    0x3, 0x0, 0x0, 0x6, 0x20, 0x0, 0x0, 0xb,
    0xb0, 0x12, 0x3f, 0x52, 0x22, 0x10, 0x0, 0xd8,
    0x7e, 0xff, 0xee, 0xee, 0xd0, 0x0, 0x23, 0x0,
    0xd6, 0x39, 0x0, 0x0, 0x1, 0x10, 0x5, 0xe0,
    0x5e, 0x0, 0x0, 0x9f, 0xf5, 0xe, 0xff, 0xff,
    0xff, 0x80, 0x0, 0xd5, 0x4, 0x22, 0x6e, 0x22,
    0x10, 0x0, 0xd5, 0x11, 0x11, 0x6e, 0x11, 0x10,
    0x0, 0xd5, 0x9f, 0xff, 0xff, 0xff, 0xf3, 0x0,
    0xd5, 0x0, 0x0, 0x5e, 0x0, 0x0, 0x4, 0xf9,
    0x0, 0x0, 0x5e, 0x0, 0x0, 0x5f, 0x7c, 0xc6,
    0x32, 0x48, 0x23, 0x53, 0x88, 0x0, 0x6c, 0xff,
    0xff, 0xff, 0xf5, 0x0, 0x0, 0x0, 0x1, 0x10,
    0x0, 0x0,

    /* U+8FF0 "述" */
    0x3, 0x10, 0x0, 0x0, 0xd5, 0x94, 0x0, 0x9,
    0xc0, 0x0, 0x0, 0xd5, 0x5f, 0x20, 0x0, 0xc8,
    0x1, 0x11, 0xd6, 0x18, 0x40, 0x0, 0x2a, 0x9f,
    0xff, 0xff, 0xff, 0xf1, 0x0, 0x0, 0x0, 0x9,
    0xfe, 0x10, 0x0, 0x3f, 0xfe, 0x0, 0x1f, 0xed,
    0xd0, 0x0, 0x2, 0x5e, 0x0, 0x99, 0xd5, 0xbb,
    0x0, 0x0, 0x3e, 0x4, 0xe1, 0xd5, 0xe, 0x70,
    0x0, 0x3e, 0x2e, 0x50, 0xd5, 0x4, 0xf0, 0x0,
    0x3e, 0x68, 0x0, 0xd5, 0x0, 0x20, 0x0, 0x8f,
    0x20, 0x0, 0xd5, 0x0, 0x0, 0xb, 0xc6, 0xd8,
    0x43, 0x22, 0x34, 0x62, 0x1c, 0x10, 0x18, 0xce,
    0xee, 0xed, 0xc2, 0x0, 0x0, 0x0, 0x0, 0x0,
    0x0, 0x0,

    /* U+9000 "退" */
    0x0, 0x0, 0x0, 0x0, 0x0, 0x0, 0x0, 0x6,
    0xc1, 0x5, 0xff, 0xff, 0xff, 0x30, 0x0, 0xbc,
    0x5, 0xe0, 0x0, 0xf, 0x30, 0x0, 0x7, 0x5,
    0xfe, 0xee, 0xef, 0x30, 0x0, 0x0, 0x5, 0xe0,
    0x0, 0xf, 0x30, 0x1f, 0xfd, 0x5, 0xff, 0xff,
    0xff, 0x30, 0x2, 0x5e, 0x5, 0xe0, 0x53, 0x5,
    0xd1, 0x0, 0x4e, 0x5, 0xe0, 0x4e, 0xbd, 0x30,
    0x0, 0x4e, 0x5, 0xe0, 0x24, 0xe8, 0x0, 0x0,
    0x4e, 0x9, 0xfe, 0xe2, 0x2e, 0x80, 0x0, 0x7f,
    0x27, 0x73, 0x0, 0x2, 0x80, 0x8, 0xd7, 0xd7,
    0x20, 0x0, 0x1, 0x23, 0x1d, 0x10, 0x19, 0xef,
    0xff, 0xff, 0xf7, 0x0, 0x0, 0x0, 0x0, 0x0,
    0x0, 0x0,

    /* U+9001 "送" */
    0x6, 0x10, 0x2, 0x80, 0x0, 0x47, 0x0, 0xa,
    0xc0, 0x1, 0xe4, 0x0, 0xd6, 0x0, 0x0, 0xd9,
    0x13, 0x99, 0x37, 0xe3, 0x20, 0x0, 0x22, 0x4d,
    0xde, 0xfe, 0xdd, 0x80, 0x0, 0x0, 0x0, 0x1,
    0xf2, 0x0, 0x0, 0x9f, 0xf5, 0x12, 0x23, 0xf4,
    0x22, 0x20, 0x1, 0xd5, 0xbf, 0xff, 0xff, 0xff,
    0xf0, 0x0, 0xd5, 0x0, 0x7, 0xfb, 0x0, 0x0,
    0x0, 0xd5, 0x0, 0x2e, 0x6b, 0xc0, 0x0, 0x0,
    0xd5, 0x5, 0xe9, 0x0, 0xbc, 0x10, 0x5, 0xf8,
    0x5e, 0x60, 0x0, 0xa, 0x30, 0x6f, 0x6d, 0xb5,
    0x21, 0x12, 0x23, 0x52, 0xa6, 0x0, 0x7d, 0xff,
    0xff, 0xff, 0xf1, 0x0, 0x0, 0x0, 0x1, 0x10,
    0x0, 0x0,

    /* U+9009 "选" */
    0x3, 0x20, 0x0, 0x43, 0x4e, 0x0, 0x0, 0x9,
    0xe2, 0x0, 0xd5, 0x4e, 0x0, 0x0, 0x0, 0xad,
    0x4, 0xff, 0xff, 0xff, 0xf1, 0x0, 0x6, 0xd,
    0x81, 0x5f, 0x11, 0x10, 0x0, 0x0, 0x5, 0x0,
    0x4e, 0x0, 0x0, 0x3, 0x32, 0x2c, 0xcc, 0xdf,
    0xcc, 0xc3, 0xe, 0xfc, 0x15, 0x5d, 0xa7, 0xf5,
    0x51, 0x0, 0x5c, 0x0, 0xf, 0x43, 0xf0, 0x0,
    0x0, 0x5c, 0x0, 0x8e, 0x3, 0xf0, 0x33, 0x0,
    0x5c, 0x19, 0xf4, 0x3, 0xf5, 0x95, 0x0, 0x6e,
    0x4a, 0x20, 0x0, 0xab, 0xa1, 0x6, 0xfa, 0xe7,
    0x31, 0x1, 0x12, 0x32, 0xd, 0x40, 0x2a, 0xef,
    0xff, 0xff, 0xf5, 0x0, 0x0, 0x0, 0x0, 0x11,
    0x0, 0x0,

    /* U+901A "通" */
    0x0, 0x0, 0x0, 0x0, 0x0, 0x0, 0x0, 0x8,
    0x70, 0x8, 0xff, 0xff, 0xff, 0xa0, 0x1, 0xda,
    0x0, 0x1a, 0x74, 0xa9, 0x0, 0x0, 0x19, 0x12,
    0x46, 0xcf, 0xd5, 0x30, 0x0, 0x0, 0xa, 0xda,
    0xbf, 0xaa, 0xd0, 0x15, 0x54, 0xa, 0x80, 0x3e,
    0x0, 0xc0, 0x2d, 0xdd, 0xa, 0xed, 0xef, 0xdd,
    0xd0, 0x0, 0x4d, 0xa, 0x80, 0x2e, 0x0, 0xc0,
    0x0, 0x4d, 0xa, 0xfe, 0xff, 0xee, 0xd0, 0x0,
    0x4d, 0xa, 0x80, 0x2e, 0x0, 0xc0, 0x0, 0x8e,
    0x19, 0x70, 0x2d, 0x3e, 0xa0, 0x9, 0xd8, 0xd6,
    0x10, 0x0, 0x1, 0x21, 0x1d, 0x10, 0x3a, 0xff,
    0xff, 0xff, 0xf5, 0x0, 0x0, 0x0, 0x0, 0x11,
    0x0, 0x0,

    /* U+901F "速" */
    0x1, 0x0, 0x0, 0x0, 0xe4, 0x0, 0x0, 0xb,
    0xa0, 0x12, 0x22, 0xe6, 0x22, 0x20, 0x1, 0xd8,
    0x8d, 0xdd, 0xfe, 0xdd, 0xd2, 0x0, 0x2b, 0x1,
    0x11, 0xe4, 0x11, 0x10, 0x0, 0x0, 0xe, 0xee,
    0xfe, 0xee, 0xe0, 0x2b, 0xba, 0xe, 0x20, 0xe4,
    0x3, 0xe0, 0x1, 0x4e, 0xe, 0xee, 0xff, 0xef,
    0xe0, 0x0, 0x3e, 0x0, 0xc, 0xff, 0x50, 0x0,
    0x0, 0x3e, 0x0, 0xab, 0xe7, 0xd9, 0x0, 0x0,
    0x3e, 0x3c, 0xc1, 0xe4, 0xa, 0xb0, 0x0, 0x6f,
    0x49, 0x0, 0xe4, 0x0, 0x50, 0x8, 0xe8, 0xd6,
    0x20, 0x0, 0x11, 0x31, 0x1d, 0x10, 0x2a, 0xef,
    0xff, 0xff, 0xf2, 0x0, 0x0, 0x0, 0x0, 0x0,
    0x0, 0x0,

    /* U+914D "配" */
    0x1, 0x11, 0x11, 0x10, 0x0, 0x0, 0x0, 0x3e,
    0xff, 0xff, 0xe6, 0xff, 0xff, 0xf2, 0x0, 0x48,
    0xb2, 0x0, 0x22, 0x22, 0xf2, 0xa, 0xcd, 0xeb,
    0x80, 0x0, 0x0, 0xf2, 0xf, 0x6a, 0xc7, 0xc0,
    0x0, 0x0, 0xf2, 0xf, 0x28, 0xa3, 0xc3, 0xdc,
    0xcc, 0xf2, 0xf, 0x46, 0xa3, 0xc4, 0xf5, 0x55,
    0xf2, 0xf, 0xa1, 0x8c, 0xc4, 0xe0, 0x0, 0x40,
    0xf, 0x0, 0x3, 0xc4, 0xe0, 0x0, 0x0, 0xf,
    0xdd, 0xde, 0xc4, 0xe0, 0x0, 0x20, 0xf, 0x0,
    0x3, 0xc4, 0xe0, 0x0, 0x7a, 0xf, 0xff, 0xff,
    0xc4, 0xe2, 0x22, 0xa8, 0xf, 0x0, 0x3, 0xa0,
    0xdf, 0xff, 0xe2, 0x1, 0x0, 0x0, 0x0, 0x0,
    0x0, 0x0,

    /* U+91C7 "采" */
    0x0, 0x0, 0x0, 0x12, 0x46, 0x86, 0x0, 0xa,
    0xcd, 0xef, 0xff, 0xec, 0xa7, 0x0, 0x4, 0x54,
    0x34, 0x60, 0x0, 0x27, 0x0, 0x1, 0xe2, 0x3,
    0xf1, 0x0, 0xab, 0x0, 0x0, 0x9b, 0x0, 0xd6,
    0x3, 0xf2, 0x0, 0x0, 0x1c, 0x0, 0xa3, 0xd,
    0x60, 0x0, 0x13, 0x33, 0x33, 0xe8, 0x35, 0x33,
    0x30, 0x6f, 0xff, 0xff, 0xff, 0xff, 0xff, 0xf0,
    0x0, 0x0, 0x4f, 0xfe, 0xc0, 0x0, 0x0, 0x0,
    0x6, 0xf5, 0xe6, 0xbd, 0x20, 0x0, 0x2, 0xbf,
    0x40, 0xe6, 0x9, 0xf6, 0x0, 0x6f, 0xc2, 0x0,
    0xe6, 0x0, 0x6e, 0xd1, 0x5, 0x0, 0x0, 0xe6,
    0x0, 0x1, 0x40,

    /* U+91CD "重" */
    0x0, 0x0, 0x1, 0x23, 0x56, 0x85, 0x0, 0x3,
    0xee, 0xdc, 0xfc, 0x98, 0x63, 0x0, 0x1, 0x11,
    0x11, 0xf5, 0x11, 0x11, 0x10, 0x6e, 0xee, 0xee,
    0xfe, 0xee, 0xee, 0xd0, 0x0, 0x66, 0x66, 0xf9,
    0x66, 0x66, 0x0, 0x0, 0xe7, 0x55, 0xf8, 0x55,
    0x8e, 0x0, 0x0, 0xed, 0xcc, 0xfd, 0xcc, 0xde,
    0x0, 0x0, 0xe3, 0x0, 0xe4, 0x0, 0x4e, 0x0,
    0x0, 0xcd, 0xdd, 0xfe, 0xdd, 0xdc, 0x0, 0x2,
    0x55, 0x55, 0xf8, 0x55, 0x55, 0x0, 0x4, 0x88,
    0x88, 0xfa, 0x88, 0x88, 0x10, 0x47, 0x77, 0x77,
    0xfa, 0x77, 0x77, 0x70, 0x48, 0x88, 0x88, 0x88,
    0x88, 0x88, 0x80,

    /* U+91CF "量" */
    0x0, 0x8d, 0xaa, 0xaa, 0xaa, 0xe8, 0x0, 0x0,
    0x8d, 0x88, 0x88, 0x88, 0xd8, 0x0, 0x0, 0x8e,
    0xbb, 0xbb, 0xbb, 0xe8, 0x0, 0x6, 0x66, 0x66,
    0x66, 0x66, 0x66, 0x63, 0x8, 0x88, 0x88, 0x88,
    0x88, 0x88, 0x84, 0x0, 0xbc, 0xbb, 0xdd, 0xbb,
    0xcc, 0x0, 0x0, 0xc9, 0x77, 0xcc, 0x77, 0x9e,
    0x0, 0x0, 0xc7, 0x44, 0xba, 0x44, 0x7e, 0x0,
    0x0, 0x8b, 0xbb, 0xee, 0xbb, 0xba, 0x0, 0x1,
    0x99, 0x99, 0xdd, 0x99, 0x99, 0x10, 0x0, 0x33,
    0x33, 0xba, 0x33, 0x33, 0x0, 0x2f, 0xff, 0xff,
    0xff, 0xff, 0xff, 0xf9,

    /* U+9501 "锁" */
    0x0, 0x74, 0x0, 0x2, 0xf, 0x20, 0x10, 0x1,
    0xf3, 0x11, 0x4c, 0xf, 0x22, 0xe1, 0xa, 0xff,
    0xfe, 0xb, 0x4f, 0x2b, 0x70, 0x4e, 0x10, 0x0,
    0x16, 0x6f, 0x69, 0x30, 0x8, 0xff, 0xf9, 0x4f,
    0xff, 0xff, 0xe0, 0x0, 0x4f, 0x21, 0x4d, 0x7,
    0x13, 0xe0, 0x0, 0x2e, 0x0, 0x4d, 0xf, 0x23,
    0xe0, 0xf, 0xff, 0xfc, 0x4d, 0xf, 0x23, 0xe0,
    0x2, 0x4f, 0x21, 0x4d, 0xf, 0x13, 0xe0, 0x0,
    0x2e, 0x0, 0x4d, 0x3f, 0x3, 0xe0, 0x0, 0x2e,
    0x48, 0x27, 0xc9, 0x52, 0x60, 0x0, 0x6f, 0xe5,
    0x3d, 0xc2, 0xbe, 0x70, 0x0, 0xb7, 0x6, 0xe7,
    0x0, 0x3, 0xc7, 0x0, 0x0, 0x0, 0x0, 0x0,
    0x0, 0x0,

    /* U+9519 "错" */
    0x0, 0x95, 0x0, 0x6, 0xc0, 0x4d, 0x0, 0x1,
    0xf4, 0x21, 0x6, 0xc0, 0x4d, 0x0, 0xa, 0xff,
    0xfb, 0xdf, 0xff, 0xff, 0xf6, 0x4f, 0x20, 0x0,
    0x6, 0xc0, 0x4d, 0x0, 0xa, 0xbb, 0xb5, 0x6,
    0xc0, 0x4d, 0x0, 0x3, 0xaf, 0x86, 0xff, 0xff,
    0xff, 0xfb, 0x0, 0x2e, 0x0, 0x12, 0x22, 0x22,
    0x10, 0x1d, 0xdf, 0xda, 0x3f, 0xff, 0xff, 0x80,
    0x3, 0x5f, 0x32, 0x3d, 0x0, 0x4, 0x80, 0x0,
    0x2e, 0x0, 0x3f, 0xee, 0xef, 0x80, 0x0, 0x2e,
    0x57, 0x3d, 0x0, 0x5, 0x80, 0x0, 0x4f, 0xe5,
    0x3e, 0x33, 0x37, 0x80, 0x0, 0x87, 0x0, 0x3f,
    0xcc, 0xcd, 0x80, 0x0, 0x0, 0x0, 0x0, 0x0,
    0x0, 0x0,

    /* U+95ED "闭" */
    0x34, 0x0, 0x0, 0x0, 0x0, 0x0, 0x3f, 0x46,
    0xff, 0xff, 0xff, 0xf8, 0x5, 0x90, 0x22, 0x22,
    0x22, 0xb8, 0xa3, 0x0, 0x0, 0x4f, 0x0, 0xa8,
    0xe4, 0x22, 0x22, 0x6f, 0x22, 0xa8, 0xe4, 0xaf,
    0xff, 0xff, 0xfc, 0xa8, 0xe4, 0x0, 0x6, 0xff,
    0x0, 0xa8, 0xe4, 0x0, 0x4f, 0x8f, 0x0, 0xa8,
    0xe4, 0x6, 0xf5, 0x4f, 0x0, 0xa8, 0xe5, 0xbe,
    0x40, 0x4f, 0x0, 0xa8, 0xe4, 0x61, 0x12, 0x6f,
    0x0, 0xa8, 0xe4, 0x0, 0x4f, 0xe9, 0x1, 0xa8,
    0xe4, 0x0, 0x0, 0x0, 0xe, 0xe4,

    /* U+95F4 "间" */
    0x34, 0x0, 0x0, 0x0, 0x0, 0x0, 0x3f, 0x46,
    0xff, 0xff, 0xff, 0xf8, 0x6, 0x80, 0x11, 0x11,
    0x11, 0xb8, 0xa3, 0x0, 0x0, 0x0, 0x0, 0xa8,
    0xe4, 0xd, 0xff, 0xff, 0xb0, 0xa8, 0xe4, 0xe,
    0x20, 0x5, 0xc0, 0xa8, 0xe4, 0xe, 0x20, 0x5,
    0xc0, 0xa8, 0xe4, 0xe, 0xee, 0xef, 0xc0, 0xa8,
    0xe4, 0xe, 0x20, 0x5, 0xc0, 0xa8, 0xe4, 0xe,
    0x31, 0x16, 0xc0, 0xa8, 0xe4, 0xc, 0xee, 0xee,
    0xb0, 0xa8, 0xe4, 0x0, 0x0, 0x0, 0x0, 0xb8,
    0xe4, 0x0, 0x0, 0x0, 0xb, 0xf5, 0x0, 0x0,
    0x0, 0x0, 0x0, 0x0,

    /* U+961F "队" */
    0x0, 0x0, 0x0, 0xb, 0x70, 0x0, 0xd, 0xff,
    0xfa, 0x0, 0xb7, 0x0, 0x0, 0xd5, 0x1c, 0x70,
    0xc, 0x70, 0x0, 0xd, 0x42, 0xf1, 0x0, 0xc6,
    0x0, 0x0, 0xd4, 0x8a, 0x0, 0xd, 0x60, 0x0,
    0xd, 0x46, 0xd0, 0x0, 0xe8, 0x0, 0x0, 0xd4,
    0xb, 0x70, 0x1f, 0xb0, 0x0, 0xd, 0x40, 0x6b,
    0x4, 0xff, 0x0, 0x0, 0xd4, 0x3a, 0xb0, 0x9a,
    0xc6, 0x0, 0xd, 0x4a, 0xc3, 0x1f, 0x56, 0xd0,
    0x0, 0xd4, 0x0, 0x9, 0xd0, 0xd, 0x80, 0xd,
    0x40, 0x7, 0xf3, 0x0, 0x3f, 0x70, 0xd4, 0x1,
    0xc4, 0x0, 0x0, 0x4c, 0x10, 0x0, 0x0, 0x0,
    0x0, 0x0, 0x0,

    /* U+968F "随" */
    0x0, 0x0, 0x0, 0x0, 0x52, 0x0, 0xe, 0xff,
    0xc3, 0x1, 0x1e, 0x41, 0x10, 0xe2, 0x8a, 0xd3,
    0xdf, 0xff, 0xff, 0x3e, 0x2b, 0x44, 0xb0, 0xa7,
    0x0, 0x0, 0xe2, 0xe0, 0x0, 0x4f, 0xfe, 0xfa,
    0xe, 0x3e, 0x25, 0x5e, 0xd6, 0x6, 0xa0, 0xe2,
    0x8b, 0xbe, 0x1a, 0xfe, 0xfa, 0xe, 0x24, 0xb1,
    0xe0, 0xa6, 0x6, 0xa0, 0xe2, 0x4b, 0x1e, 0xa,
    0xed, 0xea, 0xe, 0x6e, 0x71, 0xe0, 0xa6, 0x6,
    0xa0, 0xe2, 0x10, 0x5f, 0xa, 0x64, 0xe7, 0xe,
    0x20, 0x4d, 0x7c, 0x40, 0x0, 0x10, 0xe2, 0x8,
    0x30, 0x3c, 0xff, 0xff, 0x20, 0x0, 0x0, 0x0,
    0x0, 0x0, 0x0,

    /* U+9694 "隔" */
    0x0, 0x0, 0x0, 0x0, 0x0, 0x0, 0xf, 0xff,
    0xd8, 0xff, 0xff, 0xff, 0xf8, 0xf2, 0x8a, 0xa,
    0xbb, 0xbb, 0xb9, 0xf, 0x1d, 0x30, 0xe4, 0x33,
    0x36, 0xc0, 0xf4, 0xd0, 0xe, 0x99, 0x99, 0xac,
    0xf, 0x1c, 0x40, 0x45, 0x55, 0x55, 0x40, 0xf1,
    0x5b, 0x6e, 0xee, 0xee, 0xef, 0x5f, 0x12, 0xe7,
    0x95, 0x50, 0x45, 0xc5, 0xf4, 0x8d, 0x79, 0x1d,
    0x1c, 0x2c, 0x5f, 0x5a, 0x47, 0x99, 0xdd, 0xf8,
    0xc5, 0xf1, 0x0, 0x79, 0x1, 0xe0, 0xc, 0x5f,
    0x10, 0x7, 0x90, 0x1e, 0x0, 0xc5, 0xf1, 0x0,
    0x79, 0x1, 0xe0, 0xcf, 0x30, 0x0, 0x0, 0x0,
    0x0, 0x0, 0x0,

    /* U+96C6 "集" */
    0x0, 0x8, 0x60, 0x58, 0x0, 0x0, 0x0, 0x0,
    0x4f, 0x85, 0x8f, 0x65, 0x55, 0x20, 0x2, 0xed,
    0xaa, 0xce, 0xaa, 0xaa, 0x40, 0x2e, 0xfc, 0x88,
    0xbe, 0x88, 0x87, 0x0, 0x58, 0xaa, 0x44, 0x9d,
    0x44, 0x44, 0x0, 0x0, 0xae, 0xdd, 0xef, 0xdd,
    0xdc, 0x0, 0x0, 0xa8, 0x0, 0x6c, 0x0, 0x0,
    0x0, 0x0, 0xaf, 0xff, 0xff, 0xff, 0xff, 0xd0,
    0x0, 0x43, 0x0, 0xc5, 0x0, 0x0, 0x0, 0x7f,
    0xff, 0xff, 0xff, 0xff, 0xff, 0xf0, 0x0, 0x3,
    0xbc, 0xea, 0xe7, 0x10, 0x0, 0x16, 0xce, 0x60,
    0xd5, 0x18, 0xea, 0x50, 0x5b, 0x50, 0x0, 0xd5,
    0x0, 0x6, 0xa0,

    /* U+96F6 "零" */
    0x3, 0x88, 0x88, 0xeb, 0x88, 0x87, 0x0, 0xc,
    0xcc, 0xcc, 0xfd, 0xcc, 0xcc, 0x90, 0xf, 0x34,
    0x42, 0xd5, 0x44, 0x45, 0xc0, 0xa, 0x36, 0x63,
    0xd5, 0x66, 0x64, 0x80, 0x0, 0x7c, 0xc6, 0x43,
    0xbc, 0xc5, 0x0, 0x0, 0x0, 0x17, 0xfd, 0x20,
    0x0, 0x0, 0x1, 0x5b, 0xe9, 0x86, 0xcd, 0x95,
    0x10, 0x4f, 0xa5, 0x0, 0x98, 0x2, 0x7c, 0xe1,
    0x0, 0x9e, 0xee, 0xee, 0xee, 0xf6, 0x0, 0x0,
    0x0, 0x52, 0x0, 0x6d, 0x60, 0x0, 0x0, 0x0,
    0x7c, 0xde, 0xc1, 0x0, 0x0, 0x0, 0x0, 0x0,
    0x17, 0xdb, 0x0, 0x0, 0x0, 0x0, 0x0, 0x0,
    0x2, 0x0, 0x0,

    /* U+9700 "需" */
    0x1, 0x99, 0x99, 0xdc, 0x99, 0x99, 0x10, 0xc,
    0xcc, 0xcc, 0xee, 0xcc, 0xcc, 0xc0, 0xf, 0x34,
    0x43, 0xa9, 0x34, 0x43, 0xf0, 0xe, 0x38, 0x86,
    0x98, 0x78, 0x83, 0xe0, 0x0, 0x6c, 0xc8, 0x98,
    0x9c, 0xc7, 0x0, 0x0, 0x0, 0x0, 0x33, 0x0,
    0x0, 0x0, 0x1f, 0xff, 0xff, 0xff, 0xff, 0xff,
    0xf2, 0x0, 0x22, 0x22, 0xe6, 0x22, 0x22, 0x0,
    0x0, 0xfd, 0xdf, 0xdd, 0xfd, 0xdf, 0x60, 0x0,
    0xf1, 0xf, 0x10, 0xe3, 0xc, 0x60, 0x0, 0xf1,
    0xf, 0x10, 0xe3, 0xc, 0x60, 0x0, 0xf1, 0xf,
    0x10, 0xe3, 0xcf, 0x40, 0x0, 0x10, 0x0, 0x0,
    0x0, 0x10, 0x0,

    /* U+975E "非" */
    0x0, 0x0, 0x0, 0x0, 0x0, 0x0, 0x0, 0x0,
    0x0, 0xf, 0x30, 0x9a, 0x0, 0x0, 0x0, 0x0,
    0xf, 0x30, 0x9a, 0x0, 0x0, 0xb, 0xff, 0xff,
    0x30, 0x9f, 0xff, 0xf8, 0x2, 0x33, 0x3f, 0x30,
    0x9b, 0x33, 0x32, 0x0, 0x0, 0xf, 0x30, 0x9a,
    0x0, 0x0, 0x2, 0x55, 0x5f, 0x30, 0x9c, 0x55,
    0x51, 0x7, 0xcc, 0xcf, 0x30, 0x9f, 0xdd, 0xd3,
    0x0, 0x0, 0xf, 0x30, 0x9a, 0x0, 0x0, 0x3,
    0x33, 0x3f, 0x30, 0x9b, 0x33, 0x32, 0x1f, 0xff,
    0xff, 0x30, 0x9f, 0xff, 0xfc, 0x0, 0x0, 0xf,
    0x30, 0x9a, 0x0, 0x0, 0x0, 0x0, 0xf, 0x30,
    0x9a, 0x0, 0x0, 0x0, 0x0, 0xf, 0x30, 0x9a,
    0x0, 0x0,

    /* U+9762 "面" */
    0x3f, 0xff, 0xff, 0xff, 0xff, 0xff, 0xf4, 0x2,
    0x22, 0x22, 0xf7, 0x22, 0x22, 0x20, 0x1, 0x11,
    0x13, 0xf3, 0x11, 0x11, 0x10, 0x9, 0xff, 0xff,
    0xff, 0xff, 0xff, 0x90, 0x9, 0x90, 0x88, 0x0,
    0xb6, 0x9, 0x90, 0x9, 0x90, 0x8e, 0xcc, 0xf6,
    0x9, 0x90, 0x9, 0x90, 0x89, 0x22, 0xb6, 0x9,
    0x90, 0x9, 0x90, 0x88, 0x0, 0xb6, 0x9, 0x90,
    0x9, 0x90, 0x8f, 0xff, 0xf6, 0x9, 0x90, 0x9,
    0x90, 0x88, 0x0, 0xb6, 0x9, 0x90, 0x9, 0xeb,
    0xdd, 0xbb, 0xed, 0xbe, 0x90, 0x9, 0xc6, 0x66,
    0x66, 0x66, 0x6c, 0x90,

    /* U+9875 "页" */
    0xf, 0xff, 0xff, 0xff, 0xff, 0xff, 0xf2, 0x1,
    0x11, 0x11, 0xe6, 0x11, 0x11, 0x10, 0x0, 0x12,
    0x25, 0xf2, 0x22, 0x21, 0x0, 0x0, 0xaf, 0xff,
    0xff, 0xff, 0xfd, 0x0, 0x0, 0xa8, 0x0, 0x22,
    0x0, 0x6d, 0x0, 0x0, 0xa8, 0x0, 0x9a, 0x0,
    0x6d, 0x0, 0x0, 0xa8, 0x0, 0x9a, 0x0, 0x6d,
    0x0, 0x0, 0xa8, 0x0, 0x9a, 0x0, 0x6d, 0x0,
    0x0, 0xa8, 0x0, 0xc7, 0x0, 0x6d, 0x0, 0x0,
    0x43, 0x8, 0xf3, 0xe8, 0x45, 0x0, 0x0, 0x16,
    0xde, 0x30, 0x2a, 0xf8, 0x0, 0x1c, 0xfc, 0x60,
    0x0, 0x0, 0x3c, 0xd0, 0x3, 0x10, 0x0, 0x0,
    0x0, 0x0, 0x20,

    /* U+9891 "频" */
    0x0, 0x1, 0xf0, 0x0, 0x0, 0x0, 0x0, 0x2,
    0x61, 0xf0, 0xc, 0xff, 0xff, 0xf5, 0x4, 0xb1,
    0xff, 0xe0, 0x4, 0xd0, 0x0, 0x4, 0xb1, 0xf0,
    0x3, 0x7c, 0xc7, 0x70, 0x19, 0xd8, 0xf7, 0x78,
    0xc6, 0x67, 0xf0, 0x29, 0x9c, 0xe9, 0x99, 0x93,
    0xb1, 0xf0, 0x0, 0x76, 0xb0, 0x47, 0x94, 0xb1,
    0xf0, 0x5, 0xb6, 0xb1, 0xf7, 0x94, 0xb1, 0xf0,
    0xd, 0x46, 0xb8, 0xa6, 0x95, 0x91, 0xf0, 0x18,
    0x5, 0xbf, 0x26, 0x98, 0x71, 0xf0, 0x0, 0x1,
    0xd7, 0x0, 0x1d, 0xa4, 0x0, 0x0, 0x6e, 0x80,
    0x1, 0xab, 0x2d, 0x80, 0xd, 0xc3, 0x0, 0x3e,
    0x90, 0x1, 0xc5, 0x0, 0x0, 0x0, 0x1, 0x0,
    0x0, 0x0,

    /* U+989D "额" */
    0x0, 0x8, 0x40, 0x0, 0x0, 0x0, 0x0, 0x3,
    0x3a, 0xc3, 0x3e, 0xff, 0xff, 0xf4, 0x1f, 0xcc,
    0xcc, 0xe0, 0x8, 0x90, 0x0, 0x1e, 0x2b, 0x0,
    0xd3, 0x5d, 0x75, 0x30, 0x0, 0xdf, 0xef, 0x5b,
    0xa8, 0x8a, 0xc0, 0x1c, 0xa1, 0x5d, 0xb, 0x45,
    0x64, 0xc0, 0x5, 0x7f, 0xf3, 0xb, 0x48, 0x84,
    0xc0, 0x3, 0xbe, 0xbd, 0x4b, 0x48, 0x74, 0xc0,
    0x3f, 0x91, 0x5, 0x9b, 0x4a, 0x64, 0xc0, 0x5,
    0xfe, 0xef, 0x4b, 0x4d, 0x34, 0xc0, 0x4, 0xe0,
    0xd, 0x40, 0x4e, 0x65, 0x0, 0x4, 0xe2, 0x2d,
    0x43, 0xe5, 0x2d, 0x70, 0x4, 0xfd, 0xdf, 0xae,
    0x50, 0x1, 0xb4, 0x0, 0x0, 0x0, 0x0, 0x0,
    0x0, 0x0,

    /* U+9ED8 "默" */
    0x0, 0x0, 0x0, 0x0, 0xd, 0x30, 0x0, 0xe,
    0x6c, 0x77, 0xd0, 0xd, 0xa7, 0x0, 0xe, 0x8a,
    0x4b, 0xd0, 0xd, 0x4d, 0x40, 0xe, 0x8a, 0x95,
    0xd0, 0xd, 0x33, 0x20, 0xe, 0x3b, 0x72, 0xfc,
    0xcf, 0xdc, 0xc0, 0xa, 0xbf, 0xcb, 0xa5, 0x5f,
    0x85, 0x50, 0x5, 0x5d, 0x75, 0x40, 0xf, 0x70,
    0x0, 0x9, 0xae, 0xba, 0x80, 0x2f, 0xb0, 0x0,
    0x24, 0x5e, 0x97, 0x50, 0x6a, 0xe0, 0x0, 0x5b,
    0xa9, 0x87, 0x40, 0xb5, 0xa6, 0x0, 0xb, 0x53,
    0x93, 0x72, 0xe0, 0x3e, 0x0, 0x4c, 0x56, 0xd1,
    0x9b, 0x60, 0xb, 0xb0, 0x85, 0x34, 0x51, 0x1a,
    0x0, 0x1, 0xc1, 0x0, 0x0, 0x0, 0x0, 0x0,
    0x0, 0x0,

    /* U+FF08 "（" */
    0x0, 0x1c, 0x10, 0xc, 0x80, 0x6, 0xd0, 0x0,
    0xd5, 0x0, 0x1f, 0x0, 0x4, 0xd0, 0x0, 0x5c,
    0x0, 0x5, 0xc0, 0x0, 0x3f, 0x0, 0x0, 0xe3,
    0x0, 0x8, 0xa0, 0x0, 0x1e, 0x40, 0x0, 0x5e,
    0x10, 0x0, 0x20,

    /* U+FF09 "）" */
    0x1c, 0x10, 0x0, 0x8c, 0x0, 0x0, 0xd6, 0x0,
    0x5, 0xd0, 0x0, 0xf, 0x10, 0x0, 0xd4, 0x0,
    0xc, 0x50, 0x0, 0xc5, 0x0, 0xf, 0x30, 0x3,
    0xe0, 0x0, 0xa8, 0x0, 0x4e, 0x10, 0x1e, 0x50,
    0x0, 0x20, 0x0,

    /* U+FF0C "，" */
    0x0, 0x30, 0x8, 0xf9, 0x4, 0xec, 0x0, 0x79,
    0x7, 0xd1, 0x6, 0x10,

    /* U+FF1A "：" */
    0x7e, 0x3a, 0xf6, 0x3, 0x0, 0x0, 0x0, 0x0,
    0x0, 0x1, 0x9, 0xf5, 0x8f, 0x40, 0x0,

    /* U+FF1B "；" */
    0x3e, 0x76, 0xfa, 0x3, 0x0, 0x0, 0x0, 0x0,
    0x0, 0x2d, 0x84, 0xff, 0x4, 0xe0, 0x89, 0x9c,
    0x11, 0x0
};


/*---------------------
 *  GLYPH DESCRIPTION
 *--------------------*/

static const lv_font_fmt_txt_glyph_dsc_t glyph_dsc[] = {
    {.bitmap_index = 0, .adv_w = 0, .box_w = 0, .box_h = 0, .ofs_x = 0, .ofs_y = 0} /* id = 0 reserved */,
    {.bitmap_index = 0, .adv_w = 50, .box_w = 0, .box_h = 0, .ofs_x = 0, .ofs_y = 0},
    {.bitmap_index = 0, .adv_w = 75, .box_w = 3, .box_h = 11, .ofs_x = 1, .ofs_y = 0},
    {.bitmap_index = 17, .adv_w = 111, .box_w = 5, .box_h = 5, .ofs_x = 1, .ofs_y = 6},
    {.bitmap_index = 30, .adv_w = 126, .box_w = 8, .box_h = 11, .ofs_x = 0, .ofs_y = 0},
    {.bitmap_index = 74, .adv_w = 126, .box_w = 7, .box_h = 14, .ofs_x = 0, .ofs_y = -2},
    {.bitmap_index = 123, .adv_w = 208, .box_w = 13, .box_h = 11, .ofs_x = 0, .ofs_y = 0},
    {.bitmap_index = 195, .adv_w = 155, .box_w = 10, .box_h = 11, .ofs_x = 0, .ofs_y = 0},
    {.bitmap_index = 250, .adv_w = 65, .box_w = 2, .box_h = 5, .ofs_x = 1, .ofs_y = 6},
    {.bitmap_index = 255, .adv_w = 78, .box_w = 4, .box_h = 15, .ofs_x = 1, .ofs_y = -3},
    {.bitmap_index = 285, .adv_w = 78, .box_w = 4, .box_h = 15, .ofs_x = 0, .ofs_y = -3},
    {.bitmap_index = 315, .adv_w = 106, .box_w = 6, .box_h = 5, .ofs_x = 0, .ofs_y = 6},
    {.bitmap_index = 330, .adv_w = 126, .box_w = 8, .box_h = 8, .ofs_x = 0, .ofs_y = 2},
    {.bitmap_index = 362, .adv_w = 65, .box_w = 4, .box_h = 5, .ofs_x = 0, .ofs_y = -3},
    {.bitmap_index = 372, .adv_w = 79, .box_w = 5, .box_h = 2, .ofs_x = 0, .ofs_y = 3},
    {.bitmap_index = 377, .adv_w = 65, .box_w = 3, .box_h = 3, .ofs_x = 1, .ofs_y = 0},
    {.bitmap_index = 382, .adv_w = 88, .box_w = 6, .box_h = 14, .ofs_x = 0, .ofs_y = -3},
    {.bitmap_index = 424, .adv_w = 126, .box_w = 8, .box_h = 11, .ofs_x = 0, .ofs_y = 0},
    {.bitmap_index = 468, .adv_w = 126, .box_w = 6, .box_h = 11, .ofs_x = 1, .ofs_y = 0},
    {.bitmap_index = 501, .adv_w = 126, .box_w = 8, .box_h = 11, .ofs_x = 0, .ofs_y = 0},
    {.bitmap_index = 545, .adv_w = 126, .box_w = 8, .box_h = 11, .ofs_x = 0, .ofs_y = 0},
    {.bitmap_index = 589, .adv_w = 126, .box_w = 8, .box_h = 11, .ofs_x = 0, .ofs_y = 0},
    {.bitmap_index = 633, .adv_w = 126, .box_w = 8, .box_h = 11, .ofs_x = 0, .ofs_y = 0},
    {.bitmap_index = 677, .adv_w = 126, .box_w = 8, .box_h = 11, .ofs_x = 0, .ofs_y = 0},
    {.bitmap_index = 721, .adv_w = 126, .box_w = 8, .box_h = 11, .ofs_x = 0, .ofs_y = 0},
    {.bitmap_index = 765, .adv_w = 126, .box_w = 8, .box_h = 11, .ofs_x = 0, .ofs_y = 0},
    {.bitmap_index = 809, .adv_w = 126, .box_w = 8, .box_h = 11, .ofs_x = 0, .ofs_y = 0},
    {.bitmap_index = 853, .adv_w = 65, .box_w = 3, .box_h = 8, .ofs_x = 1, .ofs_y = 0},
    {.bitmap_index = 865, .adv_w = 65, .box_w = 4, .box_h = 11, .ofs_x = 0, .ofs_y = -3},
    {.bitmap_index = 887, .adv_w = 126, .box_w = 8, .box_h = 7, .ofs_x = 0, .ofs_y = 2},
    {.bitmap_index = 915, .adv_w = 126, .box_w = 8, .box_h = 5, .ofs_x = 0, .ofs_y = 3},
    {.bitmap_index = 935, .adv_w = 126, .box_w = 8, .box_h = 7, .ofs_x = 0, .ofs_y = 2},
    {.bitmap_index = 963, .adv_w = 108, .box_w = 7, .box_h = 11, .ofs_x = 0, .ofs_y = 0},
    {.bitmap_index = 1002, .adv_w = 215, .box_w = 13, .box_h = 13, .ofs_x = 0, .ofs_y = -2},
    {.bitmap_index = 1087, .adv_w = 138, .box_w = 9, .box_h = 11, .ofs_x = 0, .ofs_y = 0},
    {.bitmap_index = 1137, .adv_w = 148, .box_w = 8, .box_h = 11, .ofs_x = 1, .ofs_y = 0},
    {.bitmap_index = 1181, .adv_w = 144, .box_w = 9, .box_h = 11, .ofs_x = 0, .ofs_y = 0},
    {.bitmap_index = 1231, .adv_w = 155, .box_w = 8, .box_h = 11, .ofs_x = 1, .ofs_y = 0},
    {.bitmap_index = 1275, .adv_w = 133, .box_w = 7, .box_h = 11, .ofs_x = 1, .ofs_y = 0},
    {.bitmap_index = 1314, .adv_w = 125, .box_w = 7, .box_h = 11, .ofs_x = 1, .ofs_y = 0},
    {.bitmap_index = 1353, .adv_w = 156, .box_w = 9, .box_h = 11, .ofs_x = 0, .ofs_y = 0},
    {.bitmap_index = 1403, .adv_w = 164, .box_w = 8, .box_h = 11, .ofs_x = 1, .ofs_y = 0},
    {.bitmap_index = 1447, .adv_w = 67, .box_w = 2, .box_h = 11, .ofs_x = 1, .ofs_y = 0},
    {.bitmap_index = 1458, .adv_w = 121, .box_w = 7, .box_h = 11, .ofs_x = 0, .ofs_y = 0},
    {.bitmap_index = 1497, .adv_w = 147, .box_w = 9, .box_h = 11, .ofs_x = 1, .ofs_y = 0},
    {.bitmap_index = 1547, .adv_w = 123, .box_w = 7, .box_h = 11, .ofs_x = 1, .ofs_y = 0},
    {.bitmap_index = 1586, .adv_w = 184, .box_w = 10, .box_h = 11, .ofs_x = 1, .ofs_y = 0},
    {.bitmap_index = 1641, .adv_w = 163, .box_w = 8, .box_h = 11, .ofs_x = 1, .ofs_y = 0},
    {.bitmap_index = 1685, .adv_w = 168, .box_w = 10, .box_h = 11, .ofs_x = 0, .ofs_y = 0},
    {.bitmap_index = 1740, .adv_w = 143, .box_w = 8, .box_h = 11, .ofs_x = 1, .ofs_y = 0},
    {.bitmap_index = 1784, .adv_w = 168, .box_w = 10, .box_h = 14, .ofs_x = 0, .ofs_y = -3},
    {.bitmap_index = 1854, .adv_w = 145, .box_w = 8, .box_h = 11, .ofs_x = 1, .ofs_y = 0},
    {.bitmap_index = 1898, .adv_w = 135, .box_w = 8, .box_h = 11, .ofs_x = 0, .ofs_y = 0},
    {.bitmap_index = 1942, .adv_w = 136, .box_w = 9, .box_h = 11, .ofs_x = 0, .ofs_y = 0},
    {.bitmap_index = 1992, .adv_w = 163, .box_w = 8, .box_h = 11, .ofs_x = 1, .ofs_y = 0},
    {.bitmap_index = 2036, .adv_w = 131, .box_w = 10, .box_h = 11, .ofs_x = -1, .ofs_y = 0},
    {.bitmap_index = 2091, .adv_w = 198, .box_w = 13, .box_h = 11, .ofs_x = 0, .ofs_y = 0},
    {.bitmap_index = 2163, .adv_w = 131, .box_w = 8, .box_h = 11, .ofs_x = 0, .ofs_y = 0},
    {.bitmap_index = 2207, .adv_w = 121, .box_w = 9, .box_h = 11, .ofs_x = -1, .ofs_y = 0},
    {.bitmap_index = 2257, .adv_w = 136, .box_w = 8, .box_h = 11, .ofs_x = 0, .ofs_y = 0},
    {.bitmap_index = 2301, .adv_w = 78, .box_w = 4, .box_h = 14, .ofs_x = 1, .ofs_y = -3},
    {.bitmap_index = 2329, .adv_w = 88, .box_w = 6, .box_h = 14, .ofs_x = 0, .ofs_y = -3},
    {.bitmap_index = 2371, .adv_w = 78, .box_w = 4, .box_h = 14, .ofs_x = 0, .ofs_y = -3},
    {.bitmap_index = 2399, .adv_w = 126, .box_w = 7, .box_h = 6, .ofs_x = 0, .ofs_y = 5},
    {.bitmap_index = 2420, .adv_w = 125, .box_w = 8, .box_h = 1, .ofs_x = 0, .ofs_y = -2},
    {.bitmap_index = 2424, .adv_w = 137, .box_w = 5, .box_h = 4, .ofs_x = 1, .ofs_y = 9},
    {.bitmap_index = 2434, .adv_w = 127, .box_w = 7, .box_h = 8, .ofs_x = 0, .ofs_y = 0},
    {.bitmap_index = 2462, .adv_w = 140, .box_w = 8, .box_h = 11, .ofs_x = 1, .ofs_y = 0},
    {.bitmap_index = 2506, .adv_w = 115, .box_w = 7, .box_h = 8, .ofs_x = 0, .ofs_y = 0},
    {.bitmap_index = 2534, .adv_w = 140, .box_w = 8, .box_h = 11, .ofs_x = 0, .ofs_y = 0},
    {.bitmap_index = 2578, .adv_w = 125, .box_w = 8, .box_h = 8, .ofs_x = 0, .ofs_y = 0},
    {.bitmap_index = 2610, .adv_w = 75, .box_w = 6, .box_h = 11, .ofs_x = 0, .ofs_y = 0},
    {.bitmap_index = 2643, .adv_w = 128, .box_w = 8, .box_h = 11, .ofs_x = 0, .ofs_y = -3},
    {.bitmap_index = 2687, .adv_w = 138, .box_w = 7, .box_h = 11, .ofs_x = 1, .ofs_y = 0},
    {.bitmap_index = 2726, .adv_w = 63, .box_w = 2, .box_h = 11, .ofs_x = 1, .ofs_y = 0},
    {.bitmap_index = 2737, .adv_w = 63, .box_w = 4, .box_h = 14, .ofs_x = -1, .ofs_y = -3},
    {.bitmap_index = 2765, .adv_w = 126, .box_w = 7, .box_h = 11, .ofs_x = 1, .ofs_y = 0},
    {.bitmap_index = 2804, .adv_w = 65, .box_w = 3, .box_h = 11, .ofs_x = 1, .ofs_y = 0},
    {.bitmap_index = 2821, .adv_w = 209, .box_w = 11, .box_h = 8, .ofs_x = 1, .ofs_y = 0},
    {.bitmap_index = 2865, .adv_w = 138, .box_w = 7, .box_h = 8, .ofs_x = 1, .ofs_y = 0},
    {.bitmap_index = 2893, .adv_w = 137, .box_w = 8, .box_h = 8, .ofs_x = 0, .ofs_y = 0},
    {.bitmap_index = 2925, .adv_w = 140, .box_w = 8, .box_h = 11, .ofs_x = 1, .ofs_y = -3},
    {.bitmap_index = 2969, .adv_w = 140, .box_w = 8, .box_h = 11, .ofs_x = 0, .ofs_y = -3},
    {.bitmap_index = 3013, .adv_w = 89, .box_w = 5, .box_h = 9, .ofs_x = 1, .ofs_y = 0},
    {.bitmap_index = 3036, .adv_w = 106, .box_w = 7, .box_h = 8, .ofs_x = 0, .ofs_y = 0},
    {.bitmap_index = 3064, .adv_w = 87, .box_w = 6, .box_h = 10, .ofs_x = 0, .ofs_y = 0},
    {.bitmap_index = 3094, .adv_w = 138, .box_w = 7, .box_h = 8, .ofs_x = 1, .ofs_y = 0},
    {.bitmap_index = 3122, .adv_w = 119, .box_w = 8, .box_h = 8, .ofs_x = 0, .ofs_y = 0},
    {.bitmap_index = 3154, .adv_w = 183, .box_w = 12, .box_h = 8, .ofs_x = 0, .ofs_y = 0},
    {.bitmap_index = 3202, .adv_w = 115, .box_w = 7, .box_h = 8, .ofs_x = 0, .ofs_y = 0},
    {.bitmap_index = 3230, .adv_w = 119, .box_w = 8, .box_h = 11, .ofs_x = 0, .ofs_y = -3},
    {.bitmap_index = 3274, .adv_w = 108, .box_w = 7, .box_h = 8, .ofs_x = 0, .ofs_y = 0},
    {.bitmap_index = 3302, .adv_w = 78, .box_w = 5, .box_h = 14, .ofs_x = 0, .ofs_y = -3},
    {.bitmap_index = 3337, .adv_w = 62, .box_w = 2, .box_h = 16, .ofs_x = 1, .ofs_y = -4},
    {.bitmap_index = 3353, .adv_w = 78, .box_w = 5, .box_h = 14, .ofs_x = 0, .ofs_y = -3},
    {.bitmap_index = 3388, .adv_w = 126, .box_w = 8, .box_h = 3, .ofs_x = 0, .ofs_y = 3},
    {.bitmap_index = 3400, .adv_w = 224, .box_w = 12, .box_h = 11, .ofs_x = 1, .ofs_y = 0},
    {.bitmap_index = 3466, .adv_w = 224, .box_w = 4, .box_h = 4, .ofs_x = 5, .ofs_y = 4},
    {.bitmap_index = 3474, .adv_w = 132, .box_w = 8, .box_h = 11, .ofs_x = 0, .ofs_y = 0},
    {.bitmap_index = 3518, .adv_w = 224, .box_w = 12, .box_h = 2, .ofs_x = 1, .ofs_y = 4},
    {.bitmap_index = 3530, .adv_w = 224, .box_w = 5, .box_h = 5, .ofs_x = 0, .ofs_y = -1},
    {.bitmap_index = 3543, .adv_w = 224, .box_w = 5, .box_h = 5, .ofs_x = 0, .ofs_y = -1},
    {.bitmap_index = 3556, .adv_w = 224, .box_w = 14, .box_h = 3, .ofs_x = 0, .ofs_y = 4},
    {.bitmap_index = 3577, .adv_w = 224, .box_w = 14, .box_h = 13, .ofs_x = 0, .ofs_y = -1},
    {.bitmap_index = 3668, .adv_w = 224, .box_w = 14, .box_h = 12, .ofs_x = 0, .ofs_y = -1},
    {.bitmap_index = 3752, .adv_w = 224, .box_w = 14, .box_h = 12, .ofs_x = 0, .ofs_y = -1},
    {.bitmap_index = 3836, .adv_w = 224, .box_w = 13, .box_h = 14, .ofs_x = 0, .ofs_y = -2},
    {.bitmap_index = 3927, .adv_w = 224, .box_w = 12, .box_h = 13, .ofs_x = 1, .ofs_y = -1},
    {.bitmap_index = 4005, .adv_w = 224, .box_w = 12, .box_h = 13, .ofs_x = 1, .ofs_y = -1},
    {.bitmap_index = 4083, .adv_w = 224, .box_w = 13, .box_h = 13, .ofs_x = 0, .ofs_y = -1},
    {.bitmap_index = 4168, .adv_w = 224, .box_w = 14, .box_h = 13, .ofs_x = 0, .ofs_y = -1},
    {.bitmap_index = 4259, .adv_w = 224, .box_w = 14, .box_h = 13, .ofs_x = 0, .ofs_y = -1},
    {.bitmap_index = 4350, .adv_w = 224, .box_w = 14, .box_h = 14, .ofs_x = 0, .ofs_y = -2},
    {.bitmap_index = 4448, .adv_w = 224, .box_w = 14, .box_h = 14, .ofs_x = 0, .ofs_y = -2},
    {.bitmap_index = 4546, .adv_w = 224, .box_w = 14, .box_h = 14, .ofs_x = 0, .ofs_y = -2},
    {.bitmap_index = 4644, .adv_w = 224, .box_w = 13, .box_h = 14, .ofs_x = 0, .ofs_y = -2},
    {.bitmap_index = 4735, .adv_w = 224, .box_w = 14, .box_h = 14, .ofs_x = 0, .ofs_y = -2},
    {.bitmap_index = 4833, .adv_w = 224, .box_w = 13, .box_h = 14, .ofs_x = 1, .ofs_y = -2},
    {.bitmap_index = 4924, .adv_w = 224, .box_w = 14, .box_h = 14, .ofs_x = 0, .ofs_y = -2},
    {.bitmap_index = 5022, .adv_w = 224, .box_w = 14, .box_h = 14, .ofs_x = 0, .ofs_y = -1},
    {.bitmap_index = 5120, .adv_w = 224, .box_w = 14, .box_h = 14, .ofs_x = 0, .ofs_y = -2},
    {.bitmap_index = 5218, .adv_w = 224, .box_w = 14, .box_h = 13, .ofs_x = 0, .ofs_y = -1},
    {.bitmap_index = 5309, .adv_w = 224, .box_w = 14, .box_h = 13, .ofs_x = 0, .ofs_y = -1},
    {.bitmap_index = 5400, .adv_w = 224, .box_w = 14, .box_h = 13, .ofs_x = 0, .ofs_y = -1},
    {.bitmap_index = 5491, .adv_w = 224, .box_w = 14, .box_h = 13, .ofs_x = 0, .ofs_y = -1},
    {.bitmap_index = 5582, .adv_w = 224, .box_w = 14, .box_h = 13, .ofs_x = 0, .ofs_y = -1},
    {.bitmap_index = 5673, .adv_w = 224, .box_w = 14, .box_h = 15, .ofs_x = 0, .ofs_y = -2},
    {.bitmap_index = 5778, .adv_w = 224, .box_w = 14, .box_h = 13, .ofs_x = 0, .ofs_y = -1},
    {.bitmap_index = 5869, .adv_w = 224, .box_w = 14, .box_h = 15, .ofs_x = 0, .ofs_y = -2},
    {.bitmap_index = 5974, .adv_w = 224, .box_w = 14, .box_h = 13, .ofs_x = 0, .ofs_y = -1},
    {.bitmap_index = 6065, .adv_w = 224, .box_w = 14, .box_h = 14, .ofs_x = 0, .ofs_y = -1},
    {.bitmap_index = 6163, .adv_w = 224, .box_w = 13, .box_h = 13, .ofs_x = 0, .ofs_y = -1},
    {.bitmap_index = 6248, .adv_w = 224, .box_w = 14, .box_h = 14, .ofs_x = 0, .ofs_y = -2},
    {.bitmap_index = 6346, .adv_w = 224, .box_w = 14, .box_h = 13, .ofs_x = 0, .ofs_y = -2},
    {.bitmap_index = 6437, .adv_w = 224, .box_w = 14, .box_h = 14, .ofs_x = 0, .ofs_y = -2},
    {.bitmap_index = 6535, .adv_w = 224, .box_w = 14, .box_h = 14, .ofs_x = 0, .ofs_y = -2},
    {.bitmap_index = 6633, .adv_w = 224, .box_w = 14, .box_h = 14, .ofs_x = 0, .ofs_y = -2},
    {.bitmap_index = 6731, .adv_w = 224, .box_w = 14, .box_h = 13, .ofs_x = 0, .ofs_y = -2},
    {.bitmap_index = 6822, .adv_w = 224, .box_w = 12, .box_h = 13, .ofs_x = 1, .ofs_y = -1},
    {.bitmap_index = 6900, .adv_w = 224, .box_w = 14, .box_h = 13, .ofs_x = 0, .ofs_y = -1},
    {.bitmap_index = 6991, .adv_w = 224, .box_w = 12, .box_h = 13, .ofs_x = 1, .ofs_y = -1},
    {.bitmap_index = 7069, .adv_w = 224, .box_w = 13, .box_h = 13, .ofs_x = 1, .ofs_y = -1},
    {.bitmap_index = 7154, .adv_w = 224, .box_w = 14, .box_h = 13, .ofs_x = 0, .ofs_y = -2},
    {.bitmap_index = 7245, .adv_w = 224, .box_w = 13, .box_h = 14, .ofs_x = 0, .ofs_y = -2},
    {.bitmap_index = 7336, .adv_w = 224, .box_w = 14, .box_h = 14, .ofs_x = 0, .ofs_y = -2},
    {.bitmap_index = 7434, .adv_w = 224, .box_w = 13, .box_h = 14, .ofs_x = 0, .ofs_y = -2},
    {.bitmap_index = 7525, .adv_w = 224, .box_w = 13, .box_h = 14, .ofs_x = 0, .ofs_y = -2},
    {.bitmap_index = 7616, .adv_w = 224, .box_w = 13, .box_h = 13, .ofs_x = 0, .ofs_y = -1},
    {.bitmap_index = 7701, .adv_w = 224, .box_w = 13, .box_h = 14, .ofs_x = 0, .ofs_y = -2},
    {.bitmap_index = 7792, .adv_w = 224, .box_w = 13, .box_h = 13, .ofs_x = 0, .ofs_y = -1},
    {.bitmap_index = 7877, .adv_w = 224, .box_w = 14, .box_h = 15, .ofs_x = 0, .ofs_y = -2},
    {.bitmap_index = 7982, .adv_w = 224, .box_w = 14, .box_h = 13, .ofs_x = 0, .ofs_y = -1},
    {.bitmap_index = 8073, .adv_w = 224, .box_w = 13, .box_h = 14, .ofs_x = 0, .ofs_y = -2},
    {.bitmap_index = 8164, .adv_w = 224, .box_w = 14, .box_h = 14, .ofs_x = 0, .ofs_y = -2},
    {.bitmap_index = 8262, .adv_w = 224, .box_w = 14, .box_h = 14, .ofs_x = 0, .ofs_y = -2},
    {.bitmap_index = 8360, .adv_w = 224, .box_w = 14, .box_h = 14, .ofs_x = 0, .ofs_y = -1},
    {.bitmap_index = 8458, .adv_w = 224, .box_w = 14, .box_h = 15, .ofs_x = 0, .ofs_y = -2},
    {.bitmap_index = 8563, .adv_w = 224, .box_w = 14, .box_h = 15, .ofs_x = 0, .ofs_y = -2},
    {.bitmap_index = 8668, .adv_w = 224, .box_w = 14, .box_h = 13, .ofs_x = 0, .ofs_y = -2},
    {.bitmap_index = 8759, .adv_w = 224, .box_w = 14, .box_h = 13, .ofs_x = 0, .ofs_y = -1},
    {.bitmap_index = 8850, .adv_w = 224, .box_w = 12, .box_h = 13, .ofs_x = 1, .ofs_y = -2},
    {.bitmap_index = 8928, .adv_w = 224, .box_w = 14, .box_h = 13, .ofs_x = 0, .ofs_y = -2},
    {.bitmap_index = 9019, .adv_w = 224, .box_w = 12, .box_h = 12, .ofs_x = 1, .ofs_y = -1},
    {.bitmap_index = 9091, .adv_w = 224, .box_w = 12, .box_h = 13, .ofs_x = 0, .ofs_y = -1},
    {.bitmap_index = 9169, .adv_w = 224, .box_w = 14, .box_h = 14, .ofs_x = 0, .ofs_y = -2},
    {.bitmap_index = 9267, .adv_w = 224, .box_w = 13, .box_h = 14, .ofs_x = 0, .ofs_y = -2},
    {.bitmap_index = 9358, .adv_w = 224, .box_w = 14, .box_h = 13, .ofs_x = 0, .ofs_y = -1},
    {.bitmap_index = 9449, .adv_w = 224, .box_w = 13, .box_h = 13, .ofs_x = 0, .ofs_y = -1},
    {.bitmap_index = 9534, .adv_w = 224, .box_w = 14, .box_h = 13, .ofs_x = 0, .ofs_y = -1},
    {.bitmap_index = 9625, .adv_w = 224, .box_w = 14, .box_h = 13, .ofs_x = 0, .ofs_y = -2},
    {.bitmap_index = 9716, .adv_w = 224, .box_w = 13, .box_h = 12, .ofs_x = 1, .ofs_y = -1},
    {.bitmap_index = 9794, .adv_w = 224, .box_w = 13, .box_h = 12, .ofs_x = 1, .ofs_y = -1},
    {.bitmap_index = 9872, .adv_w = 224, .box_w = 12, .box_h = 12, .ofs_x = 1, .ofs_y = -1},
    {.bitmap_index = 9944, .adv_w = 224, .box_w = 14, .box_h = 13, .ofs_x = 0, .ofs_y = -1},
    {.bitmap_index = 10035, .adv_w = 224, .box_w = 14, .box_h = 13, .ofs_x = 0, .ofs_y = -1},
    {.bitmap_index = 10126, .adv_w = 224, .box_w = 13, .box_h = 15, .ofs_x = 0, .ofs_y = -2},
    {.bitmap_index = 10224, .adv_w = 224, .box_w = 14, .box_h = 13, .ofs_x = 0, .ofs_y = -1},
    {.bitmap_index = 10315, .adv_w = 224, .box_w = 14, .box_h = 13, .ofs_x = 0, .ofs_y = -1},
    {.bitmap_index = 10406, .adv_w = 224, .box_w = 14, .box_h = 13, .ofs_x = 0, .ofs_y = -1},
    {.bitmap_index = 10497, .adv_w = 224, .box_w = 14, .box_h = 15, .ofs_x = 0, .ofs_y = -2},
    {.bitmap_index = 10602, .adv_w = 224, .box_w = 14, .box_h = 13, .ofs_x = 0, .ofs_y = -1},
    {.bitmap_index = 10693, .adv_w = 224, .box_w = 14, .box_h = 14, .ofs_x = 0, .ofs_y = -1},
    {.bitmap_index = 10791, .adv_w = 224, .box_w = 14, .box_h = 13, .ofs_x = 0, .ofs_y = -1},
    {.bitmap_index = 10882, .adv_w = 224, .box_w = 14, .box_h = 14, .ofs_x = 0, .ofs_y = -2},
    {.bitmap_index = 10980, .adv_w = 224, .box_w = 14, .box_h = 14, .ofs_x = 0, .ofs_y = -2},
    {.bitmap_index = 11078, .adv_w = 224, .box_w = 14, .box_h = 14, .ofs_x = 0, .ofs_y = -2},
    {.bitmap_index = 11176, .adv_w = 224, .box_w = 14, .box_h = 15, .ofs_x = 0, .ofs_y = -2},
    {.bitmap_index = 11281, .adv_w = 224, .box_w = 14, .box_h = 14, .ofs_x = 0, .ofs_y = -2},
    {.bitmap_index = 11379, .adv_w = 224, .box_w = 14, .box_h = 14, .ofs_x = 0, .ofs_y = -2},
    {.bitmap_index = 11477, .adv_w = 224, .box_w = 14, .box_h = 14, .ofs_x = 0, .ofs_y = -2},
    {.bitmap_index = 11575, .adv_w = 224, .box_w = 14, .box_h = 14, .ofs_x = 0, .ofs_y = -2},
    {.bitmap_index = 11673, .adv_w = 224, .box_w = 14, .box_h = 14, .ofs_x = 0, .ofs_y = -2},
    {.bitmap_index = 11771, .adv_w = 224, .box_w = 14, .box_h = 14, .ofs_x = 0, .ofs_y = -2},
    {.bitmap_index = 11869, .adv_w = 224, .box_w = 12, .box_h = 13, .ofs_x = 1, .ofs_y = -1},
    {.bitmap_index = 11947, .adv_w = 224, .box_w = 14, .box_h = 15, .ofs_x = 0, .ofs_y = -2},
    {.bitmap_index = 12052, .adv_w = 224, .box_w = 14, .box_h = 13, .ofs_x = 0, .ofs_y = -1},
    {.bitmap_index = 12143, .adv_w = 224, .box_w = 13, .box_h = 12, .ofs_x = 1, .ofs_y = -1},
    {.bitmap_index = 12221, .adv_w = 224, .box_w = 12, .box_h = 13, .ofs_x = 1, .ofs_y = -1},
    {.bitmap_index = 12299, .adv_w = 224, .box_w = 14, .box_h = 13, .ofs_x = 0, .ofs_y = -1},
    {.bitmap_index = 12390, .adv_w = 224, .box_w = 14, .box_h = 15, .ofs_x = 0, .ofs_y = -2},
    {.bitmap_index = 12495, .adv_w = 224, .box_w = 14, .box_h = 14, .ofs_x = 0, .ofs_y = -2},
    {.bitmap_index = 12593, .adv_w = 224, .box_w = 14, .box_h = 14, .ofs_x = 0, .ofs_y = -2},
    {.bitmap_index = 12691, .adv_w = 224, .box_w = 14, .box_h = 13, .ofs_x = 0, .ofs_y = -1},
    {.bitmap_index = 12782, .adv_w = 224, .box_w = 14, .box_h = 14, .ofs_x = 0, .ofs_y = -2},
    {.bitmap_index = 12880, .adv_w = 224, .box_w = 14, .box_h = 13, .ofs_x = 0, .ofs_y = -2},
    {.bitmap_index = 12971, .adv_w = 224, .box_w = 14, .box_h = 13, .ofs_x = 0, .ofs_y = -1},
    {.bitmap_index = 13062, .adv_w = 224, .box_w = 11, .box_h = 13, .ofs_x = 1, .ofs_y = -1},
    {.bitmap_index = 13134, .adv_w = 224, .box_w = 14, .box_h = 14, .ofs_x = 0, .ofs_y = -2},
    {.bitmap_index = 13232, .adv_w = 224, .box_w = 14, .box_h = 14, .ofs_x = 0, .ofs_y = -2},
    {.bitmap_index = 13330, .adv_w = 224, .box_w = 14, .box_h = 13, .ofs_x = 0, .ofs_y = -1},
    {.bitmap_index = 13421, .adv_w = 224, .box_w = 14, .box_h = 14, .ofs_x = 0, .ofs_y = -1},
    {.bitmap_index = 13519, .adv_w = 224, .box_w = 14, .box_h = 14, .ofs_x = 0, .ofs_y = -2},
    {.bitmap_index = 13617, .adv_w = 224, .box_w = 14, .box_h = 14, .ofs_x = 0, .ofs_y = -2},
    {.bitmap_index = 13715, .adv_w = 224, .box_w = 14, .box_h = 14, .ofs_x = 0, .ofs_y = -2},
    {.bitmap_index = 13813, .adv_w = 224, .box_w = 14, .box_h = 15, .ofs_x = 0, .ofs_y = -2},
    {.bitmap_index = 13918, .adv_w = 224, .box_w = 14, .box_h = 15, .ofs_x = 0, .ofs_y = -2},
    {.bitmap_index = 14023, .adv_w = 224, .box_w = 14, .box_h = 15, .ofs_x = 0, .ofs_y = -2},
    {.bitmap_index = 14128, .adv_w = 224, .box_w = 14, .box_h = 14, .ofs_x = 0, .ofs_y = -2},
    {.bitmap_index = 14226, .adv_w = 224, .box_w = 14, .box_h = 14, .ofs_x = 0, .ofs_y = -2},
    {.bitmap_index = 14324, .adv_w = 224, .box_w = 14, .box_h = 14, .ofs_x = 0, .ofs_y = -1},
    {.bitmap_index = 14422, .adv_w = 224, .box_w = 14, .box_h = 14, .ofs_x = 0, .ofs_y = -2},
    {.bitmap_index = 14520, .adv_w = 224, .box_w = 14, .box_h = 14, .ofs_x = 0, .ofs_y = -2},
    {.bitmap_index = 14618, .adv_w = 224, .box_w = 14, .box_h = 14, .ofs_x = 0, .ofs_y = -2},
    {.bitmap_index = 14716, .adv_w = 224, .box_w = 14, .box_h = 14, .ofs_x = 0, .ofs_y = -2},
    {.bitmap_index = 14814, .adv_w = 224, .box_w = 14, .box_h = 13, .ofs_x = 0, .ofs_y = -1},
    {.bitmap_index = 14905, .adv_w = 224, .box_w = 14, .box_h = 14, .ofs_x = 0, .ofs_y = -2},
    {.bitmap_index = 15003, .adv_w = 224, .box_w = 14, .box_h = 15, .ofs_x = 0, .ofs_y = -2},
    {.bitmap_index = 15108, .adv_w = 224, .box_w = 14, .box_h = 14, .ofs_x = 0, .ofs_y = -2},
    {.bitmap_index = 15206, .adv_w = 224, .box_w = 14, .box_h = 14, .ofs_x = 0, .ofs_y = -2},
    {.bitmap_index = 15304, .adv_w = 224, .box_w = 14, .box_h = 13, .ofs_x = 0, .ofs_y = -1},
    {.bitmap_index = 15395, .adv_w = 224, .box_w = 14, .box_h = 13, .ofs_x = 0, .ofs_y = -1},
    {.bitmap_index = 15486, .adv_w = 224, .box_w = 14, .box_h = 14, .ofs_x = 0, .ofs_y = -2},
    {.bitmap_index = 15584, .adv_w = 224, .box_w = 14, .box_h = 14, .ofs_x = 0, .ofs_y = -2},
    {.bitmap_index = 15682, .adv_w = 224, .box_w = 14, .box_h = 13, .ofs_x = 0, .ofs_y = -1},
    {.bitmap_index = 15773, .adv_w = 224, .box_w = 14, .box_h = 14, .ofs_x = 0, .ofs_y = -2},
    {.bitmap_index = 15871, .adv_w = 224, .box_w = 14, .box_h = 14, .ofs_x = 0, .ofs_y = -2},
    {.bitmap_index = 15969, .adv_w = 224, .box_w = 13, .box_h = 13, .ofs_x = 0, .ofs_y = -2},
    {.bitmap_index = 16054, .adv_w = 224, .box_w = 14, .box_h = 12, .ofs_x = 0, .ofs_y = -1},
    {.bitmap_index = 16138, .adv_w = 224, .box_w = 14, .box_h = 14, .ofs_x = 0, .ofs_y = -2},
    {.bitmap_index = 16236, .adv_w = 224, .box_w = 14, .box_h = 13, .ofs_x = 0, .ofs_y = -2},
    {.bitmap_index = 16327, .adv_w = 224, .box_w = 14, .box_h = 14, .ofs_x = 0, .ofs_y = -2},
    {.bitmap_index = 16425, .adv_w = 224, .box_w = 14, .box_h = 12, .ofs_x = 0, .ofs_y = -1},
    {.bitmap_index = 16509, .adv_w = 224, .box_w = 14, .box_h = 13, .ofs_x = 0, .ofs_y = -1},
    {.bitmap_index = 16600, .adv_w = 224, .box_w = 14, .box_h = 13, .ofs_x = 0, .ofs_y = -1},
    {.bitmap_index = 16691, .adv_w = 224, .box_w = 14, .box_h = 13, .ofs_x = 0, .ofs_y = -1},
    {.bitmap_index = 16782, .adv_w = 224, .box_w = 14, .box_h = 13, .ofs_x = 0, .ofs_y = -1},
    {.bitmap_index = 16873, .adv_w = 224, .box_w = 14, .box_h = 15, .ofs_x = 0, .ofs_y = -2},
    {.bitmap_index = 16978, .adv_w = 224, .box_w = 14, .box_h = 13, .ofs_x = 0, .ofs_y = -1},
    {.bitmap_index = 17069, .adv_w = 224, .box_w = 14, .box_h = 14, .ofs_x = 0, .ofs_y = -2},
    {.bitmap_index = 17167, .adv_w = 224, .box_w = 14, .box_h = 13, .ofs_x = 0, .ofs_y = -1},
    {.bitmap_index = 17258, .adv_w = 224, .box_w = 14, .box_h = 14, .ofs_x = 0, .ofs_y = -2},
    {.bitmap_index = 17356, .adv_w = 224, .box_w = 14, .box_h = 12, .ofs_x = 0, .ofs_y = -1},
    {.bitmap_index = 17440, .adv_w = 224, .box_w = 14, .box_h = 13, .ofs_x = 0, .ofs_y = -1},
    {.bitmap_index = 17531, .adv_w = 224, .box_w = 14, .box_h = 14, .ofs_x = 0, .ofs_y = -2},
    {.bitmap_index = 17629, .adv_w = 224, .box_w = 14, .box_h = 14, .ofs_x = 0, .ofs_y = -1},
    {.bitmap_index = 17727, .adv_w = 224, .box_w = 14, .box_h = 13, .ofs_x = 0, .ofs_y = -1},
    {.bitmap_index = 17818, .adv_w = 224, .box_w = 14, .box_h = 14, .ofs_x = 0, .ofs_y = -2},
    {.bitmap_index = 17916, .adv_w = 224, .box_w = 14, .box_h = 13, .ofs_x = 0, .ofs_y = -1},
    {.bitmap_index = 18007, .adv_w = 224, .box_w = 14, .box_h = 12, .ofs_x = 0, .ofs_y = -1},
    {.bitmap_index = 18091, .adv_w = 224, .box_w = 14, .box_h = 14, .ofs_x = 0, .ofs_y = -2},
    {.bitmap_index = 18189, .adv_w = 224, .box_w = 14, .box_h = 14, .ofs_x = 0, .ofs_y = -2},
    {.bitmap_index = 18287, .adv_w = 224, .box_w = 13, .box_h = 14, .ofs_x = 1, .ofs_y = -2},
    {.bitmap_index = 18378, .adv_w = 224, .box_w = 14, .box_h = 14, .ofs_x = 0, .ofs_y = -2},
    {.bitmap_index = 18476, .adv_w = 224, .box_w = 14, .box_h = 14, .ofs_x = 0, .ofs_y = -2},
    {.bitmap_index = 18574, .adv_w = 224, .box_w = 14, .box_h = 14, .ofs_x = 0, .ofs_y = -2},
    {.bitmap_index = 18672, .adv_w = 224, .box_w = 13, .box_h = 15, .ofs_x = 0, .ofs_y = -2},
    {.bitmap_index = 18770, .adv_w = 224, .box_w = 14, .box_h = 13, .ofs_x = 0, .ofs_y = -1},
    {.bitmap_index = 18861, .adv_w = 224, .box_w = 14, .box_h = 13, .ofs_x = 0, .ofs_y = -1},
    {.bitmap_index = 18952, .adv_w = 224, .box_w = 14, .box_h = 14, .ofs_x = 0, .ofs_y = -2},
    {.bitmap_index = 19050, .adv_w = 224, .box_w = 14, .box_h = 13, .ofs_x = 0, .ofs_y = -1},
    {.bitmap_index = 19141, .adv_w = 224, .box_w = 13, .box_h = 14, .ofs_x = 0, .ofs_y = -2},
    {.bitmap_index = 19232, .adv_w = 224, .box_w = 14, .box_h = 14, .ofs_x = 0, .ofs_y = -2},
    {.bitmap_index = 19330, .adv_w = 224, .box_w = 14, .box_h = 14, .ofs_x = 0, .ofs_y = -1},
    {.bitmap_index = 19428, .adv_w = 224, .box_w = 14, .box_h = 14, .ofs_x = 0, .ofs_y = -1},
    {.bitmap_index = 19526, .adv_w = 224, .box_w = 13, .box_h = 14, .ofs_x = 0, .ofs_y = -2},
    {.bitmap_index = 19617, .adv_w = 224, .box_w = 12, .box_h = 14, .ofs_x = 1, .ofs_y = -2},
    {.bitmap_index = 19701, .adv_w = 224, .box_w = 13, .box_h = 13, .ofs_x = 1, .ofs_y = -1},
    {.bitmap_index = 19786, .adv_w = 224, .box_w = 14, .box_h = 13, .ofs_x = 0, .ofs_y = -2},
    {.bitmap_index = 19877, .adv_w = 224, .box_w = 13, .box_h = 15, .ofs_x = 1, .ofs_y = -2},
    {.bitmap_index = 19975, .adv_w = 224, .box_w = 14, .box_h = 14, .ofs_x = 0, .ofs_y = -2},
    {.bitmap_index = 20073, .adv_w = 224, .box_w = 14, .box_h = 14, .ofs_x = 0, .ofs_y = -2},
    {.bitmap_index = 20171, .adv_w = 224, .box_w = 14, .box_h = 12, .ofs_x = 0, .ofs_y = -1},
    {.bitmap_index = 20255, .adv_w = 224, .box_w = 14, .box_h = 14, .ofs_x = 0, .ofs_y = -2},
    {.bitmap_index = 20353, .adv_w = 224, .box_w = 14, .box_h = 13, .ofs_x = 0, .ofs_y = -2},
    {.bitmap_index = 20444, .adv_w = 224, .box_w = 14, .box_h = 14, .ofs_x = 0, .ofs_y = -2},
    {.bitmap_index = 20542, .adv_w = 224, .box_w = 14, .box_h = 13, .ofs_x = 0, .ofs_y = -1},
    {.bitmap_index = 20633, .adv_w = 224, .box_w = 14, .box_h = 13, .ofs_x = 0, .ofs_y = -1},
    {.bitmap_index = 20724, .adv_w = 224, .box_w = 12, .box_h = 13, .ofs_x = 1, .ofs_y = -1},
    {.bitmap_index = 20802, .adv_w = 224, .box_w = 14, .box_h = 13, .ofs_x = 0, .ofs_y = -1},
    {.bitmap_index = 20893, .adv_w = 224, .box_w = 14, .box_h = 14, .ofs_x = 0, .ofs_y = -2},
    {.bitmap_index = 20991, .adv_w = 224, .box_w = 14, .box_h = 15, .ofs_x = 0, .ofs_y = -2},
    {.bitmap_index = 21096, .adv_w = 224, .box_w = 14, .box_h = 15, .ofs_x = 0, .ofs_y = -2},
    {.bitmap_index = 21201, .adv_w = 224, .box_w = 14, .box_h = 15, .ofs_x = 0, .ofs_y = -2},
    {.bitmap_index = 21306, .adv_w = 224, .box_w = 13, .box_h = 14, .ofs_x = 1, .ofs_y = -2},
    {.bitmap_index = 21397, .adv_w = 224, .box_w = 14, .box_h = 14, .ofs_x = 0, .ofs_y = -2},
    {.bitmap_index = 21495, .adv_w = 224, .box_w = 14, .box_h = 15, .ofs_x = 0, .ofs_y = -2},
    {.bitmap_index = 21600, .adv_w = 224, .box_w = 14, .box_h = 14, .ofs_x = 0, .ofs_y = -1},
    {.bitmap_index = 21698, .adv_w = 224, .box_w = 14, .box_h = 14, .ofs_x = 0, .ofs_y = -2},
    {.bitmap_index = 21796, .adv_w = 224, .box_w = 14, .box_h = 13, .ofs_x = 0, .ofs_y = -1},
    {.bitmap_index = 21887, .adv_w = 224, .box_w = 14, .box_h = 12, .ofs_x = 0, .ofs_y = -1},
    {.bitmap_index = 21971, .adv_w = 224, .box_w = 14, .box_h = 14, .ofs_x = 0, .ofs_y = -2},
    {.bitmap_index = 22069, .adv_w = 224, .box_w = 14, .box_h = 14, .ofs_x = 0, .ofs_y = -2},
    {.bitmap_index = 22167, .adv_w = 224, .box_w = 14, .box_h = 14, .ofs_x = 0, .ofs_y = -1},
    {.bitmap_index = 22265, .adv_w = 224, .box_w = 10, .box_h = 14, .ofs_x = 2, .ofs_y = -2},
    {.bitmap_index = 22335, .adv_w = 224, .box_w = 14, .box_h = 14, .ofs_x = 0, .ofs_y = -2},
    {.bitmap_index = 22433, .adv_w = 224, .box_w = 14, .box_h = 14, .ofs_x = 0, .ofs_y = -2},
    {.bitmap_index = 22531, .adv_w = 224, .box_w = 14, .box_h = 14, .ofs_x = 0, .ofs_y = -2},
    {.bitmap_index = 22629, .adv_w = 224, .box_w = 14, .box_h = 13, .ofs_x = 0, .ofs_y = -2},
    {.bitmap_index = 22720, .adv_w = 224, .box_w = 14, .box_h = 14, .ofs_x = 0, .ofs_y = -2},
    {.bitmap_index = 22818, .adv_w = 224, .box_w = 14, .box_h = 15, .ofs_x = 0, .ofs_y = -2},
    {.bitmap_index = 22923, .adv_w = 224, .box_w = 14, .box_h = 15, .ofs_x = 0, .ofs_y = -2},
    {.bitmap_index = 23028, .adv_w = 224, .box_w = 14, .box_h = 13, .ofs_x = 0, .ofs_y = -1},
    {.bitmap_index = 23119, .adv_w = 224, .box_w = 14, .box_h = 14, .ofs_x = 0, .ofs_y = -2},
    {.bitmap_index = 23217, .adv_w = 224, .box_w = 14, .box_h = 13, .ofs_x = 0, .ofs_y = -1},
    {.bitmap_index = 23308, .adv_w = 224, .box_w = 14, .box_h = 13, .ofs_x = 0, .ofs_y = -1},
    {.bitmap_index = 23399, .adv_w = 224, .box_w = 14, .box_h = 13, .ofs_x = 0, .ofs_y = -1},
    {.bitmap_index = 23490, .adv_w = 224, .box_w = 14, .box_h = 13, .ofs_x = 0, .ofs_y = -1},
    {.bitmap_index = 23581, .adv_w = 224, .box_w = 14, .box_h = 14, .ofs_x = 0, .ofs_y = -2},
    {.bitmap_index = 23679, .adv_w = 224, .box_w = 13, .box_h = 13, .ofs_x = 0, .ofs_y = -1},
    {.bitmap_index = 23764, .adv_w = 224, .box_w = 14, .box_h = 14, .ofs_x = 0, .ofs_y = -2},
    {.bitmap_index = 23862, .adv_w = 224, .box_w = 14, .box_h = 13, .ofs_x = 0, .ofs_y = -1},
    {.bitmap_index = 23953, .adv_w = 224, .box_w = 14, .box_h = 14, .ofs_x = 0, .ofs_y = -2},
    {.bitmap_index = 24051, .adv_w = 224, .box_w = 14, .box_h = 13, .ofs_x = 0, .ofs_y = -1},
    {.bitmap_index = 24142, .adv_w = 224, .box_w = 14, .box_h = 13, .ofs_x = 0, .ofs_y = -1},
    {.bitmap_index = 24233, .adv_w = 224, .box_w = 14, .box_h = 14, .ofs_x = 0, .ofs_y = -2},
    {.bitmap_index = 24331, .adv_w = 224, .box_w = 14, .box_h = 14, .ofs_x = 0, .ofs_y = -2},
    {.bitmap_index = 24429, .adv_w = 224, .box_w = 14, .box_h = 14, .ofs_x = 0, .ofs_y = -2},
    {.bitmap_index = 24527, .adv_w = 224, .box_w = 14, .box_h = 12, .ofs_x = 0, .ofs_y = -1},
    {.bitmap_index = 24611, .adv_w = 224, .box_w = 14, .box_h = 14, .ofs_x = 0, .ofs_y = -2},
    {.bitmap_index = 24709, .adv_w = 224, .box_w = 14, .box_h = 14, .ofs_x = 0, .ofs_y = -2},
    {.bitmap_index = 24807, .adv_w = 224, .box_w = 14, .box_h = 15, .ofs_x = 0, .ofs_y = -2},
    {.bitmap_index = 24912, .adv_w = 224, .box_w = 14, .box_h = 14, .ofs_x = 0, .ofs_y = -2},
    {.bitmap_index = 25010, .adv_w = 224, .box_w = 14, .box_h = 14, .ofs_x = 0, .ofs_y = -2},
    {.bitmap_index = 25108, .adv_w = 224, .box_w = 14, .box_h = 14, .ofs_x = 0, .ofs_y = -2},
    {.bitmap_index = 25206, .adv_w = 224, .box_w = 14, .box_h = 14, .ofs_x = 0, .ofs_y = -2},
    {.bitmap_index = 25304, .adv_w = 224, .box_w = 14, .box_h = 14, .ofs_x = 0, .ofs_y = -2},
    {.bitmap_index = 25402, .adv_w = 224, .box_w = 14, .box_h = 14, .ofs_x = 0, .ofs_y = -2},
    {.bitmap_index = 25500, .adv_w = 224, .box_w = 14, .box_h = 14, .ofs_x = 0, .ofs_y = -2},
    {.bitmap_index = 25598, .adv_w = 224, .box_w = 14, .box_h = 14, .ofs_x = 0, .ofs_y = -2},
    {.bitmap_index = 25696, .adv_w = 224, .box_w = 14, .box_h = 14, .ofs_x = 0, .ofs_y = -2},
    {.bitmap_index = 25794, .adv_w = 224, .box_w = 14, .box_h = 14, .ofs_x = 0, .ofs_y = -2},
    {.bitmap_index = 25892, .adv_w = 224, .box_w = 14, .box_h = 14, .ofs_x = 0, .ofs_y = -2},
    {.bitmap_index = 25990, .adv_w = 224, .box_w = 14, .box_h = 13, .ofs_x = 0, .ofs_y = -1},
    {.bitmap_index = 26081, .adv_w = 224, .box_w = 14, .box_h = 13, .ofs_x = 0, .ofs_y = -1},
    {.bitmap_index = 26172, .adv_w = 224, .box_w = 14, .box_h = 12, .ofs_x = 0, .ofs_y = -1},
    {.bitmap_index = 26256, .adv_w = 224, .box_w = 14, .box_h = 14, .ofs_x = 0, .ofs_y = -2},
    {.bitmap_index = 26354, .adv_w = 224, .box_w = 14, .box_h = 14, .ofs_x = 0, .ofs_y = -2},
    {.bitmap_index = 26452, .adv_w = 224, .box_w = 12, .box_h = 13, .ofs_x = 1, .ofs_y = -1},
    {.bitmap_index = 26530, .adv_w = 224, .box_w = 12, .box_h = 14, .ofs_x = 1, .ofs_y = -2},
    {.bitmap_index = 26614, .adv_w = 224, .box_w = 13, .box_h = 14, .ofs_x = 1, .ofs_y = -2},
    {.bitmap_index = 26705, .adv_w = 224, .box_w = 13, .box_h = 14, .ofs_x = 1, .ofs_y = -2},
    {.bitmap_index = 26796, .adv_w = 224, .box_w = 13, .box_h = 14, .ofs_x = 1, .ofs_y = -2},
    {.bitmap_index = 26887, .adv_w = 224, .box_w = 14, .box_h = 13, .ofs_x = 0, .ofs_y = -1},
    {.bitmap_index = 26978, .adv_w = 224, .box_w = 14, .box_h = 13, .ofs_x = 0, .ofs_y = -2},
    {.bitmap_index = 27069, .adv_w = 224, .box_w = 14, .box_h = 13, .ofs_x = 0, .ofs_y = -2},
    {.bitmap_index = 27160, .adv_w = 224, .box_w = 14, .box_h = 14, .ofs_x = 0, .ofs_y = -1},
    {.bitmap_index = 27258, .adv_w = 224, .box_w = 14, .box_h = 12, .ofs_x = 0, .ofs_y = -1},
    {.bitmap_index = 27342, .adv_w = 224, .box_w = 14, .box_h = 13, .ofs_x = 0, .ofs_y = -2},
    {.bitmap_index = 27433, .adv_w = 224, .box_w = 14, .box_h = 14, .ofs_x = 0, .ofs_y = -2},
    {.bitmap_index = 27531, .adv_w = 224, .box_w = 14, .box_h = 14, .ofs_x = 0, .ofs_y = -2},
    {.bitmap_index = 27629, .adv_w = 224, .box_w = 14, .box_h = 14, .ofs_x = 0, .ofs_y = -2},
    {.bitmap_index = 27727, .adv_w = 224, .box_w = 5, .box_h = 14, .ofs_x = 9, .ofs_y = -2},
    {.bitmap_index = 27762, .adv_w = 224, .box_w = 5, .box_h = 14, .ofs_x = 0, .ofs_y = -2},
    {.bitmap_index = 27797, .adv_w = 224, .box_w = 4, .box_h = 6, .ofs_x = 1, .ofs_y = -2},
    {.bitmap_index = 27809, .adv_w = 224, .box_w = 3, .box_h = 10, .ofs_x = 2, .ofs_y = -1},
    {.bitmap_index = 27824, .adv_w = 224, .box_w = 3, .box_h = 12, .ofs_x = 2, .ofs_y = -3}
};

/*---------------------
 *  CHARACTER MAPPING
 *--------------------*/

static const uint16_t unicode_list_1[] = {
    0x0, 0x6, 0x307, 0x1f75, 0x2f50, 0x2f51, 0x4d4f, 0x4d59,
    0x4d5a, 0x4d5c, 0x4d5d, 0x4d7c, 0x4d81, 0x4d89, 0x4d8a, 0x4d8d,
    0x4ddd, 0x4df3, 0x4e14, 0x4e1c, 0x4e33, 0x4e34, 0x4e39, 0x4e45,
    0x4e4c, 0x4e69, 0x4e95, 0x4ea2, 0x4eab, 0x4ece, 0x4eea, 0x4f2c,
    0x4f30, 0x4f3d, 0x4f8b, 0x4f9e, 0x4fab, 0x5092, 0x5097, 0x50b4,
    0x50c2, 0x50c6, 0x50d4, 0x5115, 0x5149, 0x514a, 0x5156, 0x5166,
    0x516c, 0x5173, 0x517a, 0x517f, 0x5185, 0x5186, 0x519c, 0x51be,
    0x51ea, 0x51ee, 0x51f7, 0x5265, 0x5311, 0x5320, 0x5325, 0x5327,
    0x5332, 0x5346, 0x535b, 0x535c, 0x535d, 0x537e, 0x53cc, 0x53db,
    0x541c, 0x55b7, 0x562d, 0x5643, 0x5649, 0x5677, 0x567f, 0x5696,
    0x56da, 0x5749, 0x583f, 0x5856, 0x585c, 0x5865, 0x5876, 0x5880,
    0x58cc, 0x58d1, 0x591a, 0x5aa7, 0x5adb, 0x5ae9, 0x5b08, 0x5b55,
    0x5b5e, 0x5b69, 0x5b80, 0x5d3d, 0x5d41, 0x5d87, 0x5dc2, 0x5dc5,
    0x5dde, 0x5de3, 0x5df5, 0x5e49, 0x5e4f, 0x5e5e, 0x5ea2, 0x5ea4,
    0x5ed4, 0x5f50, 0x5fbe, 0x615f, 0x6165, 0x6238, 0x6250, 0x6258,
    0x62b1, 0x62bd, 0x62f4, 0x62f6, 0x62f7, 0x631e, 0x631f, 0x63c7,
    0x641c, 0x647e, 0x6485, 0x6488, 0x6497, 0x64bf, 0x64c3, 0x64d6,
    0x64fc, 0x64ff, 0x652f, 0x6545, 0x655d, 0x658d, 0x65d1, 0x6643,
    0x664e, 0x664f, 0x6658, 0x6679, 0x667b, 0x6689, 0x66b0, 0x66b4,
    0x66ce, 0x66d3, 0x66e9, 0x66eb, 0x6734, 0x678b, 0x680f, 0x6970,
    0x6a70, 0x6ab1, 0x6ab2, 0x6ab3, 0x6ab4, 0x6b23, 0x6b91, 0x6c24,
    0x6c90, 0x6c9a, 0x6cd7, 0x6d54, 0x6ddf, 0x6e30, 0x7008, 0x7197,
    0x7205, 0x72d6, 0x7477, 0x7480, 0x7484, 0x749b, 0x75d3, 0x7734,
    0x7750, 0x77bb, 0x77bd, 0x7889, 0x78d0, 0x795a, 0x7982, 0x79c9,
    0x7a1a, 0x7a75, 0x7a98, 0x7acf, 0x7ae6, 0x7c4a, 0x7e22, 0x7e2e,
    0x7e36, 0x7e39, 0x7e3c, 0x7ebd, 0x7f52, 0x7fa3, 0x804c, 0x8139,
    0x8143, 0x8252, 0x87b7, 0x88d0, 0x8913, 0x8935, 0x894f, 0x8af0,
    0x8af3, 0x8aff, 0x8b0d, 0x8b15, 0x8b24, 0x8b2c, 0x8b31, 0x8b3c,
    0x8b3e, 0x8b43, 0x8b46, 0x8b4a, 0x8b52, 0x8c74, 0x8cd4, 0x8d2e,
    0x8d3e, 0x8dfa, 0x8ed2, 0x8f20, 0x8f23, 0x8f2a, 0x8f2d, 0x8f3f,
    0x8f4f, 0x8f50, 0x8f58, 0x8f69, 0x8f6e, 0x909c, 0x9116, 0x911c,
    0x911e, 0x9450, 0x9468, 0x953c, 0x9543, 0x956e, 0x95de, 0x95e3,
    0x9615, 0x9645, 0x964f, 0x96ad, 0x96b1, 0x97c4, 0x97e0, 0x97ec,
    0x9e27, 0xfe57, 0xfe58, 0xfe5b, 0xfe69, 0xfe6a
};

/*Collect the unicode lists and glyph_id offsets*/
static const lv_font_fmt_txt_cmap_t cmaps[] =
{
    {
        .range_start = 32, .range_length = 95, .glyph_id_start = 1,
        .unicode_list = NULL, .glyph_id_ofs_list = NULL, .list_length = 0, .type = LV_FONT_FMT_TXT_CMAP_FORMAT0_TINY
    },
    {
        .range_start = 177, .range_length = 65131, .glyph_id_start = 96,
        .unicode_list = unicode_list_1, .glyph_id_ofs_list = NULL, .list_length = 270, .type = LV_FONT_FMT_TXT_CMAP_SPARSE_TINY
    }
};

/*-----------------
 *    KERNING
 *----------------*/


/*Map glyph_ids to kern left classes*/
static const uint8_t kern_left_class_mapping[] =
{
    0, 0, 0, 1, 0, 0, 0, 0,
    1, 2, 0, 0, 0, 3, 4, 3,
    5, 0, 0, 0, 0, 0, 0, 0,
    0, 0, 0, 6, 6, 0, 0, 0,
    0, 0, 7, 8, 9, 10, 11, 12,
    13, 0, 0, 14, 15, 16, 0, 0,
    10, 17, 10, 18, 19, 20, 21, 22,
    23, 24, 25, 26, 2, 27, 0, 0,
    0, 0, 28, 29, 30, 0, 31, 32,
    33, 34, 0, 0, 35, 36, 34, 34,
    29, 29, 37, 38, 39, 40, 37, 41,
    42, 43, 44, 45, 2, 0, 0, 0,
    0, 0, 0, 0, 0, 0, 0, 0,
    0, 0, 0, 0, 0, 0, 0, 0,
    0, 0, 0, 0, 0, 0, 0, 0,
    0, 0, 0, 0, 0, 0, 0, 0,
    0, 0, 0, 0, 0, 0, 0, 0,
    0, 0, 0, 0, 0, 0, 0, 0,
    0, 0, 0, 0, 0, 0, 0, 0,
    0, 0, 0, 0, 0, 0, 0, 0,
    0, 0, 0, 0, 0, 0, 0, 0,
    0, 0, 0, 0, 0, 0, 0, 0,
    0, 0, 0, 0, 0, 0, 0, 0,
    0, 0, 0, 0, 0, 0, 0, 0,
    0, 0, 0, 0, 0, 0, 0, 0,
    0, 0, 0, 0, 0, 0, 0, 0,
    0, 0, 0, 0, 0, 0, 0, 0,
    0, 0, 0, 0, 0, 0, 0, 0,
    0, 0, 0, 0, 0, 0, 0, 0,
    0, 0, 0, 0, 0, 0, 0, 0,
    0, 0, 0, 0, 0, 0, 0, 0,
    0, 0, 0, 0, 0, 0, 0, 0,
    0, 0, 0, 0, 0, 0, 0, 0,
    0, 0, 0, 0, 0, 0, 0, 0,
    0, 0, 0, 0, 0, 0, 0, 0,
    0, 0, 0, 0, 0, 0, 0, 0,
    0, 0, 0, 0, 0, 0, 0, 0,
    0, 0, 0, 0, 0, 0, 0, 0,
    0, 0, 0, 0, 0, 0, 0, 0,
    0, 0, 0, 0, 0, 0, 0, 0,
    0, 0, 0, 0, 0, 0, 0, 0,
    0, 0, 0, 0, 0, 0, 0, 0,
    0, 0, 0, 0, 0, 0, 0, 0,
    0, 0, 0, 0, 0, 0, 0, 0,
    0, 0, 0, 0, 0, 0, 0, 0,
    0, 0, 0, 0, 0, 0
};

/*Map glyph_ids to kern right classes*/
static const uint8_t kern_right_class_mapping[] =
{
    0, 0, 1, 2, 0, 0, 0, 0,
    2, 0, 3, 4, 0, 5, 6, 7,
    8, 0, 0, 0, 0, 0, 0, 0,
    0, 0, 0, 9, 10, 0, 0, 0,
    11, 0, 12, 0, 13, 0, 0, 0,
    13, 0, 0, 14, 0, 0, 0, 0,
    13, 0, 13, 0, 15, 16, 17, 18,
    19, 20, 21, 22, 0, 23, 3, 0,
    0, 0, 24, 0, 25, 25, 25, 26,
    27, 0, 28, 29, 0, 0, 30, 30,
    25, 30, 25, 30, 31, 32, 33, 34,
    35, 36, 37, 38, 0, 0, 3, 0,
    0, 0, 0, 0, 0, 0, 0, 0,
    0, 0, 0, 0, 0, 0, 0, 0,
    0, 0, 0, 0, 0, 0, 0, 0,
    0, 0, 0, 0, 0, 0, 0, 0,
    0, 0, 0, 0, 0, 0, 0, 0,
    0, 0, 0, 0, 0, 0, 0, 0,
    0, 0, 0, 0, 0, 0, 0, 0,
    0, 0, 0, 0, 0, 0, 0, 0,
    0, 0, 0, 0, 0, 0, 0, 0,
    0, 0, 0, 0, 0, 0, 0, 0,
    0, 0, 0, 0, 0, 0, 0, 0,
    0, 0, 0, 0, 0, 0, 0, 0,
    0, 0, 0, 0, 0, 0, 0, 0,
    0, 0, 0, 0, 0, 0, 0, 0,
    0, 0, 0, 0, 0, 0, 0, 0,
    0, 0, 0, 0, 0, 0, 0, 0,
    0, 0, 0, 0, 0, 0, 0, 0,
    0, 0, 0, 0, 0, 0, 0, 0,
    0, 0, 0, 0, 0, 0, 0, 0,
    0, 0, 0, 0, 0, 0, 0, 0,
    0, 0, 0, 0, 0, 0, 0, 0,
    0, 0, 0, 0, 0, 0, 0, 0,
    0, 0, 0, 0, 0, 0, 0, 0,
    0, 0, 0, 0, 0, 0, 0, 0,
    0, 0, 0, 0, 0, 0, 0, 0,
    0, 0, 0, 0, 0, 0, 0, 0,
    0, 0, 0, 0, 0, 0, 0, 0,
    0, 0, 0, 0, 0, 0, 0, 0,
    0, 0, 0, 0, 0, 0, 0, 0,
    0, 0, 0, 0, 0, 0, 0, 0,
    0, 0, 0, 0, 0, 0, 0, 0,
    0, 0, 0, 0, 0, 0, 0, 0,
    0, 0, 0, 0, 0, 0, 0, 0,
    0, 0, 0, 0, 0, 0
};

/*Kern values between classes*/
static const int8_t kern_class_values[] =
{
    0, 0, 0, 0, -30, 0, -30, 0,
    0, 0, 0, -15, 0, -25, -3, 0,
    0, 0, 0, -3, 0, 0, 0, 0,
    -8, 0, 0, 0, 0, 0, -6, 0,
    0, 0, 0, 0, 0, 0, 0, 0,
    0, 0, 0, 0, 0, 0, 0, 0,
    0, 0, 0, -6, 0, 0, 0, 0,
    0, 0, 0, 0, 0, 0, 0, 0,
    0, 0, 19, 0, 0, 0, 0, 0,
    0, 0, 0, 0, 0, -26, 0, -36,
    0, 0, 0, 0, 0, 0, 0, 0,
    0, 0, 0, -26, -6, -17, -9, 0,
    -25, 0, 0, 0, -4, 0, 0, 0,
    6, 0, 0, -13, 0, -10, -7, 0,
    -6, 0, 0, 0, 0, 0, 0, 0,
    0, 0, 0, 0, 0, 0, 0, -6,
    -5, -13, 0, -6, -3, -8, -18, -6,
    0, 0, 0, 0, 0, 0, 0, 0,
    0, -7, 0, -3, 0, -4, 0, 0,
    0, 0, 0, 0, 0, 0, 0, 0,
    0, 0, 0, -11, -3, -21, 0, 0,
    0, 0, 0, 0, 0, 0, 0, -7,
    -8, 0, -3, 5, 5, 0, 0, 1,
    -6, 0, 0, 0, 0, 0, 0, 0,
    0, -13, 0, 0, 0, 0, 0, 0,
    0, 0, 0, 0, 0, 0, 0, 0,
    0, 0, -8, 0, 0, 0, 0, 0,
    0, 0, 0, 0, 0, 0, 0, 0,
    0, 0, 0, 0, 0, -15, 0, -24,
    0, 0, 0, 0, 0, 0, -8, -2,
    -3, 0, 0, -15, -4, -4, 0, 0,
    -4, -2, -11, 5, 0, -3, 0, 0,
    0, 0, 5, -4, -2, -3, -2, -2,
    -3, 0, 0, 0, 0, -8, 0, 0,
    0, 0, 0, 0, 0, 0, 0, -5,
    -4, -7, 0, -2, -2, -2, -4, -2,
    0, 0, 0, 0, 0, 0, 0, 0,
    0, -3, 0, -4, -3, -3, -4, 0,
    0, 0, 0, 0, 0, -8, 0, 0,
    0, 0, 0, 0, -8, -3, -7, -5,
    -4, -2, -2, -2, -3, -3, 0, 0,
    0, 0, -6, 0, 0, 0, 0, -8,
    -3, -4, -3, 0, -4, 0, 0, 0,
    0, -9, 0, 0, 0, -5, 0, 0,
    0, -3, 0, -11, 0, -7, 0, -3,
    -2, -5, -6, -6, 0, 0, 0, 0,
    0, 0, 0, 0, 0, 0, 0, 0,
    0, -4, 0, -3, 0, 0, 0, 0,
    0, 0, 0, 0, 0, 0, 0, 0,
    0, 0, 0, 0, 0, 0, 0, 0,
    0, 0, 0, 0, -3, 0, 0, 0,
    0, 0, 0, -7, 0, -3, 0, -9,
    -3, 0, 0, 0, 0, 0, -20, 0,
    -20, -18, 0, 0, 0, -10, -3, -35,
    -6, 0, 0, 0, 0, -7, -1, -8,
    0, -9, -4, 0, -7, 0, 0, -6,
    -6, -3, -5, -6, -5, -8, -5, -9,
    0, 0, 0, -7, 0, 0, 0, 0,
    0, 0, 0, -2, 0, 0, 0, -6,
    0, -4, -2, 0, 0, 0, 0, 0,
    0, 0, 0, 0, 0, 0, 0, 0,
    0, 0, 0, 0, 0, 0, 0, 0,
    0, 0, -7, 0, -7, 0, 0, 0,
    0, 0, 0, -11, 0, 0, 0, 0,
    0, 0, 0, 0, 0, 0, 0, 0,
    0, 0, 0, 0, 0, 0, 0, 0,
    0, 0, 0, 0, 0, -7, 0, -11,
    0, -9, 0, 0, 0, 0, -3, -3,
    -6, 0, -3, -5, -4, -4, -3, 0,
    -5, 0, 0, 0, -3, 0, 0, 0,
    -3, 0, 0, -10, -4, -6, -5, -5,
    -6, -4, 0, -24, 0, -40, 0, -14,
    0, 0, 0, 0, -10, 0, -8, 0,
    -7, -31, -8, -20, -15, 0, -20, 0,
    -21, 0, -4, -4, -2, 0, 0, 0,
    0, -6, -3, -10, -9, 0, -10, 0,
    0, 0, 0, 0, -30, -9, -30, -19,
    0, 0, 0, -13, 0, -37, -3, -6,
    0, 0, 0, -7, -3, -20, 0, -11,
    -7, 0, -8, 0, 0, 0, -3, 0,
    0, 0, 0, -4, 0, -6, 0, 0,
    0, -3, 0, -8, 0, 0, 0, 0,
    0, -2, 0, -5, -4, -4, 0, 0,
    0, -2, -2, -3, 0, -2, -3, 0,
    -2, 0, 0, 0, 0, 0, 0, 0,
    0, -3, 0, -3, 0, 0, 0, -5,
    0, 3, 0, 0, 0, 0, 0, 0,
    0, -4, -4, -6, 0, 0, 0, 0,
    -4, 0, 0, 0, 0, 0, 0, 0,
    0, 0, 0, -7, 0, 0, 0, 0,
    0, -1, 0, 0, 0, 0, -28, -19,
    -28, -23, -6, -6, 0, -11, -7, -32,
    -10, 0, 0, 0, 0, -6, -4, -14,
    0, -19, -18, -5, -19, 0, 0, -12,
    -15, -5, -12, -9, -9, -10, -9, -19,
    0, 0, 0, 0, -5, 0, -5, -8,
    0, 0, 0, -5, 0, -13, -3, 0,
    0, -2, 0, -3, -4, 0, 0, -2,
    0, 0, -3, 0, 0, 0, -2, 0,
    0, 0, 0, -3, 0, 0, 0, 0,
    0, 0, -17, -6, -17, -12, 0, 0,
    0, -4, -3, -19, -3, 0, -3, 2,
    0, 0, 0, -6, 0, -7, -5, 0,
    -6, 0, 0, -6, -4, 0, -8, -3,
    -3, -5, -3, -7, 0, 0, 0, 0,
    -9, -3, -9, -8, 0, 0, 0, 0,
    -2, -17, -2, 0, 0, 0, 0, 0,
    0, -2, 0, -5, 0, 0, -4, 0,
    0, 0, 0, 0, 0, 0, 0, 0,
    0, -3, 0, -3, 0, -3, 0, -8,
    0, 0, 0, 0, 0, 0, -5, -2,
    -4, -6, -3, 0, 0, 0, 0, 0,
    0, -3, -3, -5, 0, 0, 0, 0,
    0, -5, -3, -5, -4, -3, -5, -4,
    0, 0, 0, 0, -24, -18, -24, -17,
    -7, -7, -3, -4, -4, -26, -5, -4,
    -3, 0, 0, 0, 0, -7, 0, -18,
    -12, 0, -16, 0, 0, -11, -12, -9,
    -9, -4, -7, -9, -4, -13, 0, 0,
    0, 0, 0, -9, 0, 0, 0, 0,
    0, -2, -6, -9, -8, 0, -3, -2,
    -2, 0, -4, -5, 0, -5, -6, -6,
    -4, 0, 0, 0, 0, -4, -6, -5,
    -5, -7, -5, 0, 0, 0, 0, 0,
    0, 0, 0, 0, 0, 0, 0, 0,
    0, 0, 0, -22, -8, -14, -8, 0,
    -19, 0, 0, 0, 0, 0, 7, 0,
    17, 0, 0, 0, 0, -6, -3, 0,
    2, 0, 0, 0, 0, -14, 0, 0,
    0, 0, 0, 0, -4, 0, 0, 0,
    0, -7, 0, -5, -2, 0, -7, 0,
    0, 0, 0, 0, 0, 0, 0, 0,
    0, -4, 0, 0, 0, 0, 0, 0,
    0, -8, 0, -7, -3, 0, -3, 0,
    0, 0, -4, 0, 0, 0, 0, -15,
    0, -6, 0, -2, -13, 0, -8, -4,
    0, -1, 0, 0, 0, 0, -1, -5,
    0, -2, -2, -5, -2, -2, 0, 0,
    0, 0, 0, -6, 0, 0, 0, 0,
    0, 0, 0, 0, 0, -6, 0, -4,
    0, 0, -7, 0, 0, -3, -6, 0,
    -3, 0, 0, 0, 0, -3, 0, 0,
    0, 1, 0, 0, 0, 0, 0, -9,
    0, 2, 0, 0, 0, 0, -3, 0,
    0, -6, -6, -7, 0, -5, -3, 0,
    -8, 0, -6, -4, 0, -1, -3, 0,
    0, 0, 0, -3, 0, 0, 0, -3,
    0, -1, 2, 9, 11, 0, -14, -4,
    -14, -4, 0, 0, 6, 0, 0, 0,
    0, 11, 0, 16, 11, 7, 14, 0,
    14, -6, -3, 0, -4, 0, -3, 0,
    -2, 0, 0, 2, 0, -2, 0, -4,
    0, 0, 2, -9, 0, 0, 0, 11,
    0, 0, -10, 0, 0, 0, 0, -8,
    0, 0, 0, 0, -4, 0, 0, -5,
    -4, 0, 0, 0, 9, 0, 0, 0,
    0, -2, -2, 0, 3, -4, 0, 0,
    0, -9, 0, 0, 0, 0, 0, 0,
    -3, 0, 0, 0, 0, -7, 0, -3,
    0, 0, -5, 0, 0, 0, 0, 0,
    0, 0, 0, 0, 0, 0, 0, 0,
    0, 0, 0, 0, 0, 0, 0, -6,
    2, -13, 2, 0, 2, 2, -4, 0,
    0, 0, 0, -10, 0, 0, 0, 0,
    -4, 0, 0, -3, -6, 0, -3, 0,
    -3, 0, 0, -7, -4, 0, 0, -3,
    0, -3, 0, 0, 0, 0, 0, 0,
    0, 0, 0, 0, 0, 0, 0, 0,
    0, 0, 0, 0, 0, 0, 0, 0,
    0, 0, 0, 0, 0, 0, 1, 0,
    0, 0, 0, 0, 0, 0, 0, 0,
    0, 0, 0, -6, 0, 0, 0, 0,
    0, 0, 0, 0, 0, 0, 0, -6,
    0, -4, 0, 0, -8, 0, 0, 0,
    0, 0, 0, 0, 0, 0, 0, 0,
    0, 0, 0, 0, 0, 0, 0, 0,
    0, 0, -16, -7, -16, -9, 5, 5,
    0, -4, 0, -15, 0, 0, 0, 0,
    0, 0, 0, -3, 2, -7, -3, 0,
    -3, 0, 0, 0, -2, 0, 0, 5,
    4, 0, 5, -2, 0, 0, 0, -13,
    0, 2, 0, 0, 0, 0, -4, 0,
    0, 0, 0, -7, 0, -3, 0, 0,
    -6, 0, 0, 0, 0, 0, 0, 0,
    0, 0, 0, -6, 0, 0, 0, 0,
    0, 0, 0, 0, 0, 0, 0, -8,
    0, 1, 2, 2, -8, 0, 0, 0,
    0, -4, 0, 0, 0, 0, -2, 0,
    0, -6, -4, 0, -3, 0, 0, 0,
    -3, -6, 0, 0, 0, -5, 0, 0,
    0, 0, 0, -4, -10, -3, -10, -6,
    0, 0, 0, -4, 0, -11, 0, -6,
    0, -3, 0, 0, -4, -3, 0, -6,
    -2, 0, 0, 0, -3, 0, 0, 0,
    0, 0, 0, 0, 0, -7, 0, 0,
    0, -4, -12, 0, -12, -2, 0, 0,
    0, -2, 0, -8, 0, -7, 0, -3,
    0, -4, -7, 0, 0, -3, -2, 0,
    0, 0, -3, 0, 0, 0, 0, 0,
    0, 0, 0, -5, -4, 0, 0, -6,
    1, -4, -3, 0, 0, 1, 0, 0,
    -3, 0, -2, -9, 0, -5, 0, -3,
    -9, 0, 0, -3, -5, 0, 0, 0,
    0, 0, 0, -7, 0, 0, 0, 0,
    -2, 0, 0, 0, 0, 0, -10, 0,
    -10, -4, 0, 0, 0, 0, 0, -11,
    0, -6, 0, -2, 0, -2, -3, 0,
    0, -6, -2, 0, 0, 0, -3, 0,
    0, 0, 0, 0, 0, -4, 0, -7,
    0, 0, 0, 0, 0, -5, 0, 0,
    0, 0, 0, 0, 0, 0, 0, -7,
    0, 0, 0, 0, -8, 0, 0, -6,
    -3, 0, -2, 0, 0, 0, 0, 0,
    -3, -2, 0, 0, -2, 0
};


/*Collect the kern class' data in one place*/
static const lv_font_fmt_txt_kern_classes_t kern_classes =
{
    .class_pair_values   = kern_class_values,
    .left_class_mapping  = kern_left_class_mapping,
    .right_class_mapping = kern_right_class_mapping,
    .left_class_cnt      = 45,
    .right_class_cnt     = 38,
};

/*--------------------
 *  ALL CUSTOM DATA
 *--------------------*/

#if LVGL_VERSION_MAJOR == 8
/*Store all the custom data of the font*/
static  lv_font_fmt_txt_glyph_cache_t cache;
#endif

#if LVGL_VERSION_MAJOR >= 8
static const lv_font_fmt_txt_dsc_t font_dsc = {
#else
static lv_font_fmt_txt_dsc_t font_dsc = {
#endif
    .glyph_bitmap = glyph_bitmap,
    .glyph_dsc = glyph_dsc,
    .cmaps = cmaps,
    .kern_dsc = &kern_classes,
    .kern_scale = 16,
    .cmap_num = 2,
    .bpp = 4,
    .kern_classes = 1,
    .bitmap_format = 0,
#if LVGL_VERSION_MAJOR == 8
    .cache = &cache
#endif
};



/*-----------------
 *  PUBLIC FONT
 *----------------*/

/*Initialize a public general font descriptor*/
#if LVGL_VERSION_MAJOR >= 8
const lv_font_t panel_cjk_14 = {
#else
lv_font_t panel_cjk_14 = {
#endif
    .get_glyph_dsc = lv_font_get_glyph_dsc_fmt_txt,    /*Function pointer to get glyph's data*/
    .get_glyph_bitmap = lv_font_get_bitmap_fmt_txt,    /*Function pointer to get glyph's bitmap*/
    .line_height = 17,          /*The maximum line height required by the font*/
    .base_line = 4,             /*Baseline measured from the bottom of the line*/
#if !(LVGL_VERSION_MAJOR == 6 && LVGL_VERSION_MINOR == 0)
    .subpx = LV_FONT_SUBPX_NONE,
#endif
#if LV_VERSION_CHECK(7, 4, 0) || LVGL_VERSION_MAJOR >= 8
    .underline_position = -2,
    .underline_thickness = 1,
#endif
    .dsc = &font_dsc,          /*The custom font data. Will be accessed by `get_glyph_bitmap/dsc` */
#if LV_VERSION_CHECK(8, 2, 0) || LVGL_VERSION_MAJOR >= 9
    .fallback = NULL,
#endif
    .user_data = NULL,
};



#endif /*#if PANEL_CJK_14*/

