/*******************************************************************************
 * Size: 24 px
 * Bpp: 4
 * Opts: --font fonts/NotoSansSC-Regular.ttf --size 24 --bpp 4 --format lvgl --range 0x20-0x7e --symbols 。一上下不与中串主举于交仅令仪件份会但体作使供保信修入关具出切列初别到制前副力功动化原参发取变口号同名后命和响器回固在地均型备复外大失始存完定对小尚就屏已平并序应度建开式当待态息成或才择持按换据接控推描提摸操支收改效数整文断新无时明显暂最有未本机来构枚查样核格检模次止正此步求法流测满版状率生用电界的知硬确示禁程立符等简系统继绪续置联能自致表要触言计认设识试话询语误说请读调败超路身近进远连述送选速配采重量锁错闭间队隔集需非面页频额默（），：； --no-compress --lv-include lvgl.h -o fonts/panel_cjk_24.c
 ******************************************************************************/

#ifdef LV_LVGL_H_INCLUDE_SIMPLE
#include "lvgl.h"
#else
#include "lvgl.h"
#endif

#ifndef PANEL_CJK_24
#define PANEL_CJK_24 1
#endif

#if PANEL_CJK_24

/*-----------------
 *    BITMAPS
 *----------------*/

/*Store the image of the glyphs*/
static LV_ATTRIBUTE_LARGE_CONST const uint8_t glyph_bitmap[] = {
    /* U+0020 " " */

    /* U+0021 "!" */
    0x4f, 0xf3, 0x3f, 0xf3, 0x3f, 0xf3, 0x2f, 0xf2,
    0x2f, 0xf2, 0x1f, 0xf1, 0x1f, 0xf0, 0xf, 0xf0,
    0xf, 0xf0, 0xf, 0xf0, 0xe, 0xe0, 0xe, 0xe0,
    0xd, 0xd0, 0x1, 0x10, 0x1a, 0xa1, 0x9f, 0xf9,
    0xaf, 0xfa, 0x3e, 0xe3,

    /* U+0022 "\"" */
    0xdf, 0xb0, 0xd, 0xfb, 0xdf, 0xb0, 0xd, 0xfb,
    0xcf, 0xa0, 0xc, 0xfa, 0xbf, 0x90, 0xb, 0xf9,
    0x9f, 0x70, 0x9, 0xf7, 0x8f, 0x60, 0x8, 0xf6,
    0x6f, 0x40, 0x6, 0xf4, 0x39, 0x20, 0x3, 0x91,

    /* U+0023 "#" */
    0x0, 0x0, 0x8f, 0x10, 0x7, 0xf1, 0x0, 0x0,
    0xa, 0xf0, 0x0, 0x9f, 0x0, 0x0, 0x0, 0xcd,
    0x0, 0xb, 0xd0, 0x0, 0x0, 0xe, 0xb0, 0x0,
    0xdb, 0x0, 0x0, 0x0, 0xf9, 0x0, 0xf, 0x90,
    0x0, 0x8f, 0xff, 0xff, 0xff, 0xff, 0xfb, 0x6,
    0xcd, 0xfd, 0xcc, 0xdf, 0xdc, 0x80, 0x0, 0x5f,
    0x30, 0x5, 0xf3, 0x0, 0x0, 0x7, 0xf1, 0x0,
    0x7f, 0x10, 0x0, 0x0, 0xae, 0x0, 0x9, 0xf0,
    0x0, 0xc, 0xce, 0xfc, 0xcc, 0xef, 0xcc, 0x20,
    0xff, 0xff, 0xff, 0xff, 0xff, 0xf2, 0x0, 0xf,
    0x90, 0x0, 0xf9, 0x0, 0x0, 0x1, 0xf7, 0x0,
    0x1f, 0x70, 0x0, 0x0, 0x3f, 0x50, 0x3, 0xf6,
    0x0, 0x0, 0x4, 0xf4, 0x0, 0x4f, 0x40, 0x0,
    0x0, 0x6f, 0x20, 0x6, 0xf2, 0x0, 0x0, 0x8,
    0xf0, 0x0, 0x8f, 0x10, 0x0,

    /* U+0024 "$" */
    0x0, 0x0, 0x8, 0x50, 0x0, 0x0, 0x0, 0x0,
    0xfb, 0x0, 0x0, 0x0, 0x0, 0xf, 0xb0, 0x0,
    0x0, 0x0, 0x0, 0xfb, 0x0, 0x0, 0x0, 0x7,
    0xdf, 0xfc, 0x60, 0x0, 0xc, 0xff, 0xff, 0xff,
    0xc1, 0x7, 0xff, 0x93, 0x36, 0xef, 0x40, 0xdf,
    0xa0, 0x0, 0x1, 0x50, 0xf, 0xf7, 0x0, 0x0,
    0x0, 0x0, 0xef, 0x90, 0x0, 0x0, 0x0, 0x9,
    0xff, 0x50, 0x0, 0x0, 0x0, 0x1d, 0xff, 0xb3,
    0x0, 0x0, 0x0, 0x1a, 0xff, 0xfb, 0x20, 0x0,
    0x0, 0x3, 0xbf, 0xff, 0x50, 0x0, 0x0, 0x0,
    0x4e, 0xff, 0x20, 0x0, 0x0, 0x0, 0x2f, 0xfa,
    0x0, 0x0, 0x0, 0x0, 0x9f, 0xd0, 0x0, 0x0,
    0x0, 0x8, 0xfd, 0x9, 0x20, 0x0, 0x0, 0xcf,
    0xb6, 0xff, 0x94, 0x23, 0xaf, 0xf5, 0x1b, 0xff,
    0xff, 0xff, 0xf9, 0x0, 0x4, 0xae, 0xff, 0xb5,
    0x0, 0x0, 0x0, 0xf, 0xb0, 0x0, 0x0, 0x0,
    0x0, 0xfb, 0x0, 0x0, 0x0, 0x0, 0x8, 0x50,
    0x0, 0x0,

    /* U+0025 "%" */
    0x0, 0x2b, 0xff, 0xb2, 0x0, 0x0, 0x0, 0x1f,
    0x80, 0x0, 0x0, 0x2, 0xef, 0xaa, 0xfe, 0x10,
    0x0, 0x0, 0xae, 0x10, 0x0, 0x0, 0xa, 0xf5,
    0x0, 0x7f, 0x90, 0x0, 0x2, 0xf7, 0x0, 0x0,
    0x0, 0xe, 0xe0, 0x0, 0xf, 0xd0, 0x0, 0xb,
    0xe0, 0x0, 0x0, 0x0, 0x1f, 0xc0, 0x0, 0xd,
    0xf0, 0x0, 0x3f, 0x60, 0x0, 0x0, 0x0, 0x1f,
    0xb0, 0x0, 0xd, 0xf0, 0x0, 0xcd, 0x0, 0x0,
    0x0, 0x0, 0xf, 0xd0, 0x0, 0xe, 0xf0, 0x5,
    0xf4, 0x1, 0x79, 0x60, 0x0, 0xc, 0xf1, 0x0,
    0x2f, 0xb0, 0xd, 0xc0, 0x3f, 0xff, 0xfd, 0x10,
    0x6, 0xfb, 0x11, 0xcf, 0x50, 0x6f, 0x30, 0xef,
    0x40, 0x7f, 0xa0, 0x0, 0xaf, 0xff, 0xf9, 0x0,
    0xea, 0x5, 0xf8, 0x0, 0xc, 0xf1, 0x0, 0x4,
    0x88, 0x30, 0x7, 0xf2, 0x9, 0xf4, 0x0, 0x8,
    0xf4, 0x0, 0x0, 0x0, 0x0, 0x1f, 0x90, 0xa,
    0xf2, 0x0, 0x6, 0xf6, 0x0, 0x0, 0x0, 0x0,
    0x9f, 0x10, 0xb, 0xf2, 0x0, 0x6, 0xf6, 0x0,
    0x0, 0x0, 0x2, 0xf8, 0x0, 0xa, 0xf3, 0x0,
    0x7, 0xf5, 0x0, 0x0, 0x0, 0xa, 0xe1, 0x0,
    0x7, 0xf6, 0x0, 0xa, 0xf2, 0x0, 0x0, 0x0,
    0x3f, 0x70, 0x0, 0x2, 0xfd, 0x0, 0x2f, 0xd0,
    0x0, 0x0, 0x0, 0xbe, 0x0, 0x0, 0x0, 0x8f,
    0xd9, 0xef, 0x40, 0x0, 0x0, 0x4, 0xf6, 0x0,
    0x0, 0x0, 0x7, 0xef, 0xc4, 0x0,

    /* U+0026 "&" */
    0x0, 0x0, 0x19, 0xef, 0xd5, 0x0, 0x0, 0x0,
    0x0, 0x0, 0x1d, 0xff, 0xdf, 0xf5, 0x0, 0x0,
    0x0, 0x0, 0x8, 0xfc, 0x0, 0x6f, 0xc0, 0x0,
    0x0, 0x0, 0x0, 0xcf, 0x50, 0x1, 0xfd, 0x0,
    0x0, 0x0, 0x0, 0xd, 0xf4, 0x0, 0x4f, 0xb0,
    0x0, 0x0, 0x0, 0x0, 0xbf, 0x60, 0x1d, 0xf4,
    0x0, 0x0, 0x0, 0x0, 0x6, 0xfc, 0x3d, 0xf8,
    0x0, 0x0, 0x0, 0x0, 0x0, 0x1f, 0xff, 0xf7,
    0x0, 0x0, 0x0, 0x0, 0x0, 0x3, 0xef, 0xf3,
    0x0, 0x0, 0x4, 0xca, 0x0, 0x6, 0xff, 0xff,
    0x90, 0x0, 0x0, 0xbf, 0x90, 0x4, 0xff, 0x73,
    0xff, 0x60, 0x0, 0x2f, 0xf3, 0x0, 0xdf, 0xa0,
    0x7, 0xff, 0x60, 0xa, 0xfc, 0x0, 0x1f, 0xf4,
    0x0, 0x9, 0xff, 0x63, 0xff, 0x30, 0x2, 0xff,
    0x40, 0x0, 0x9, 0xff, 0xff, 0x90, 0x0, 0xf,
    0xfb, 0x0, 0x0, 0x9, 0xff, 0xf4, 0x0, 0x0,
    0x9f, 0xfa, 0x30, 0x28, 0xff, 0xff, 0xfa, 0x30,
    0x0, 0xbf, 0xff, 0xff, 0xff, 0xb3, 0xbf, 0xff,
    0x10, 0x0, 0x6c, 0xff, 0xeb, 0x40, 0x0, 0x3a,
    0xa0,

    /* U+0027 "'" */
    0xdf, 0xbd, 0xfb, 0xcf, 0xab, 0xf9, 0x9f, 0x78,
    0xf6, 0x6f, 0x43, 0x92,

    /* U+0028 "(" */
    0x0, 0x3, 0x20, 0x0, 0xd, 0xf1, 0x0, 0x5f,
    0x90, 0x0, 0xdf, 0x20, 0x3, 0xfb, 0x0, 0x9,
    0xf6, 0x0, 0xe, 0xf1, 0x0, 0x2f, 0xd0, 0x0,
    0x6f, 0xa0, 0x0, 0x9f, 0x70, 0x0, 0xbf, 0x50,
    0x0, 0xcf, 0x40, 0x0, 0xdf, 0x30, 0x0, 0xdf,
    0x30, 0x0, 0xcf, 0x40, 0x0, 0xbf, 0x50, 0x0,
    0xaf, 0x60, 0x0, 0x7f, 0x90, 0x0, 0x4f, 0xc0,
    0x0, 0xf, 0xf0, 0x0, 0xb, 0xf4, 0x0, 0x6,
    0xf9, 0x0, 0x0, 0xfe, 0x0, 0x0, 0x8f, 0x60,
    0x0, 0x1f, 0xd0, 0x0, 0x7, 0x90,

    /* U+0029 ")" */
    0x15, 0x0, 0x0, 0xbf, 0x30, 0x0, 0x4f, 0xb0,
    0x0, 0xc, 0xf2, 0x0, 0x6, 0xf9, 0x0, 0x1,
    0xfe, 0x0, 0x0, 0xcf, 0x40, 0x0, 0x8f, 0x80,
    0x0, 0x5f, 0xb0, 0x0, 0x2f, 0xe0, 0x0, 0xf,
    0xf0, 0x0, 0xf, 0xf1, 0x0, 0xe, 0xf2, 0x0,
    0xe, 0xf2, 0x0, 0xe, 0xf2, 0x0, 0xf, 0xf1,
    0x0, 0x1f, 0xf0, 0x0, 0x4f, 0xc0, 0x0, 0x7f,
    0x90, 0x0, 0xaf, 0x50, 0x0, 0xef, 0x10, 0x4,
    0xfb, 0x0, 0x9, 0xf5, 0x0, 0x1f, 0xd0, 0x0,
    0x8f, 0x60, 0x0, 0x6b, 0x0, 0x0,

    /* U+002A "*" */
    0x0, 0x0, 0xf7, 0x0, 0x0, 0x0, 0x2f, 0x80,
    0x0, 0x17, 0x33, 0xf9, 0x26, 0x56, 0xff, 0xff,
    0xff, 0xfc, 0x3, 0xaf, 0xff, 0xd6, 0x0, 0x3,
    0xff, 0xf9, 0x0, 0x0, 0xcf, 0x7d, 0xf2, 0x0,
    0x3f, 0x90, 0x2f, 0x90, 0x0, 0x40, 0x0, 0x30,
    0x0,

    /* U+002B "+" */
    0x0, 0x0, 0x2, 0xc9, 0x0, 0x0, 0x0, 0x0,
    0x0, 0x3f, 0xb0, 0x0, 0x0, 0x0, 0x0, 0x3,
    0xfb, 0x0, 0x0, 0x0, 0x0, 0x0, 0x3f, 0xb0,
    0x0, 0x0, 0x0, 0x0, 0x3, 0xfb, 0x0, 0x0,
    0x0, 0x0, 0x0, 0x3f, 0xb0, 0x0, 0x0, 0x1f,
    0xff, 0xff, 0xff, 0xff, 0xff, 0x91, 0xee, 0xee,
    0xef, 0xfe, 0xee, 0xe8, 0x0, 0x0, 0x3, 0xfb,
    0x0, 0x0, 0x0, 0x0, 0x0, 0x3f, 0xb0, 0x0,
    0x0, 0x0, 0x0, 0x3, 0xfb, 0x0, 0x0, 0x0,
    0x0, 0x0, 0x3f, 0xb0, 0x0, 0x0, 0x0, 0x0,
    0x3, 0xfb, 0x0, 0x0, 0x0,

    /* U+002C "," */
    0x2, 0x63, 0x1, 0xff, 0xf2, 0x2f, 0xff, 0x70,
    0xaf, 0xf8, 0x0, 0x4f, 0x70, 0x9, 0xf3, 0x6,
    0xfb, 0x8, 0xfd, 0x10, 0x48, 0x0, 0x0,

    /* U+002D "-" */
    0xdf, 0xff, 0xff, 0x5e, 0xff, 0xff, 0xf6,

    /* U+002E "." */
    0x6, 0xb5, 0x2, 0xff, 0xf1, 0x3f, 0xff, 0x20,
    0xaf, 0x90,

    /* U+002F "/" */
    0x0, 0x0, 0x0, 0xe, 0xd0, 0x0, 0x0, 0x3,
    0xf8, 0x0, 0x0, 0x0, 0x7f, 0x40, 0x0, 0x0,
    0xc, 0xf0, 0x0, 0x0, 0x1, 0xfb, 0x0, 0x0,
    0x0, 0x5f, 0x60, 0x0, 0x0, 0xa, 0xf1, 0x0,
    0x0, 0x0, 0xed, 0x0, 0x0, 0x0, 0x3f, 0x80,
    0x0, 0x0, 0x7, 0xf4, 0x0, 0x0, 0x0, 0xcf,
    0x0, 0x0, 0x0, 0xf, 0xb0, 0x0, 0x0, 0x5,
    0xf6, 0x0, 0x0, 0x0, 0x9f, 0x20, 0x0, 0x0,
    0xe, 0xd0, 0x0, 0x0, 0x2, 0xf9, 0x0, 0x0,
    0x0, 0x7f, 0x40, 0x0, 0x0, 0xb, 0xf0, 0x0,
    0x0, 0x0, 0xfb, 0x0, 0x0, 0x0, 0x4f, 0x70,
    0x0, 0x0, 0x9, 0xf2, 0x0, 0x0, 0x0, 0xde,
    0x0, 0x0, 0x0, 0x2f, 0x90, 0x0, 0x0, 0x7,
    0xf5, 0x0, 0x0, 0x0, 0x58, 0x0, 0x0, 0x0,
    0x0,

    /* U+0030 "0" */
    0x0, 0x7, 0xdf, 0xea, 0x20, 0x0, 0x0, 0xbf,
    0xff, 0xff, 0xf4, 0x0, 0x7, 0xff, 0x71, 0x2c,
    0xfe, 0x10, 0xe, 0xf8, 0x0, 0x1, 0xef, 0x70,
    0x5f, 0xf1, 0x0, 0x0, 0x9f, 0xd0, 0x8f, 0xd0,
    0x0, 0x0, 0x5f, 0xf0, 0xbf, 0xa0, 0x0, 0x0,
    0x2f, 0xf3, 0xcf, 0x90, 0x0, 0x0, 0x1f, 0xf4,
    0xdf, 0x80, 0x0, 0x0, 0xf, 0xf5, 0xdf, 0x80,
    0x0, 0x0, 0xf, 0xf5, 0xcf, 0x90, 0x0, 0x0,
    0x1f, 0xf4, 0xbf, 0xb0, 0x0, 0x0, 0x3f, 0xf3,
    0x8f, 0xd0, 0x0, 0x0, 0x5f, 0xf0, 0x4f, 0xf2,
    0x0, 0x0, 0x9f, 0xc0, 0xe, 0xf9, 0x0, 0x1,
    0xff, 0x70, 0x7, 0xff, 0x71, 0x3c, 0xfe, 0x0,
    0x0, 0xbf, 0xff, 0xff, 0xf4, 0x0, 0x0, 0x6,
    0xdf, 0xea, 0x20, 0x0,

    /* U+0031 "1" */
    0x0, 0x17, 0xef, 0x70, 0x0, 0x1d, 0xff, 0xff,
    0x70, 0x0, 0x2f, 0xff, 0xff, 0x70, 0x0, 0x0,
    0x0, 0xff, 0x70, 0x0, 0x0, 0x0, 0xff, 0x70,
    0x0, 0x0, 0x0, 0xff, 0x70, 0x0, 0x0, 0x0,
    0xff, 0x70, 0x0, 0x0, 0x0, 0xff, 0x70, 0x0,
    0x0, 0x0, 0xff, 0x70, 0x0, 0x0, 0x0, 0xff,
    0x70, 0x0, 0x0, 0x0, 0xff, 0x70, 0x0, 0x0,
    0x0, 0xff, 0x70, 0x0, 0x0, 0x0, 0xff, 0x70,
    0x0, 0x0, 0x0, 0xff, 0x70, 0x0, 0x0, 0x0,
    0xff, 0x70, 0x0, 0x22, 0x22, 0xff, 0x82, 0x22,
    0xef, 0xff, 0xff, 0xff, 0xff, 0xef, 0xff, 0xff,
    0xff, 0xff,

    /* U+0032 "2" */
    0x0, 0x6, 0xcf, 0xfd, 0x91, 0x0, 0x0, 0x1b,
    0xff, 0xff, 0xff, 0xe2, 0x0, 0xc, 0xfe, 0x61,
    0x27, 0xff, 0xc0, 0x0, 0x4c, 0x10, 0x0, 0x6,
    0xff, 0x30, 0x0, 0x0, 0x0, 0x0, 0x1f, 0xf6,
    0x0, 0x0, 0x0, 0x0, 0x0, 0xff, 0x60, 0x0,
    0x0, 0x0, 0x0, 0x1f, 0xf5, 0x0, 0x0, 0x0,
    0x0, 0x6, 0xff, 0x10, 0x0, 0x0, 0x0, 0x0,
    0xdf, 0xb0, 0x0, 0x0, 0x0, 0x0, 0x6f, 0xf2,
    0x0, 0x0, 0x0, 0x0, 0x2f, 0xf9, 0x0, 0x0,
    0x0, 0x0, 0x1d, 0xfd, 0x0, 0x0, 0x0, 0x0,
    0xb, 0xfe, 0x20, 0x0, 0x0, 0x0, 0xb, 0xff,
    0x30, 0x0, 0x0, 0x0, 0xb, 0xff, 0x40, 0x0,
    0x0, 0x0, 0x1c, 0xff, 0x52, 0x33, 0x33, 0x31,
    0xc, 0xff, 0xff, 0xff, 0xff, 0xff, 0x40, 0xff,
    0xff, 0xff, 0xff, 0xff, 0xf4,

    /* U+0033 "3" */
    0x0, 0x5, 0xbf, 0xfe, 0xb4, 0x0, 0x0, 0x1c,
    0xff, 0xff, 0xff, 0xf8, 0x0, 0x5, 0xfd, 0x62,
    0x14, 0xdf, 0xf3, 0x0, 0x4, 0x0, 0x0, 0x2,
    0xff, 0x80, 0x0, 0x0, 0x0, 0x0, 0xf, 0xf8,
    0x0, 0x0, 0x0, 0x0, 0x4, 0xff, 0x40, 0x0,
    0x0, 0x0, 0x27, 0xff, 0xa0, 0x0, 0x0, 0xa,
    0xff, 0xfe, 0x60, 0x0, 0x0, 0x0, 0xbf, 0xff,
    0xf9, 0x10, 0x0, 0x0, 0x0, 0x3, 0x7e, 0xfe,
    0x10, 0x0, 0x0, 0x0, 0x0, 0x1e, 0xfa, 0x0,
    0x0, 0x0, 0x0, 0x0, 0x8f, 0xf0, 0x0, 0x0,
    0x0, 0x0, 0x6, 0xff, 0x20, 0x0, 0x0, 0x0,
    0x0, 0x7f, 0xf1, 0x9, 0xb0, 0x0, 0x0, 0xd,
    0xfd, 0x1, 0xff, 0xe6, 0x22, 0x5d, 0xff, 0x60,
    0x4, 0xef, 0xff, 0xff, 0xff, 0x80, 0x0, 0x1,
    0x7c, 0xff, 0xea, 0x30, 0x0,

    /* U+0034 "4" */
    0x0, 0x0, 0x0, 0xa, 0xff, 0x70, 0x0, 0x0,
    0x0, 0x4, 0xff, 0xf7, 0x0, 0x0, 0x0, 0x0,
    0xef, 0xef, 0x70, 0x0, 0x0, 0x0, 0x9f, 0xbc,
    0xf7, 0x0, 0x0, 0x0, 0x3f, 0xf2, 0xdf, 0x70,
    0x0, 0x0, 0xd, 0xf9, 0xd, 0xf7, 0x0, 0x0,
    0x7, 0xfe, 0x10, 0xdf, 0x70, 0x0, 0x2, 0xff,
    0x40, 0xd, 0xf7, 0x0, 0x0, 0xcf, 0xa0, 0x0,
    0xdf, 0x70, 0x0, 0x6f, 0xe1, 0x0, 0xd, 0xf7,
    0x0, 0x1f, 0xf5, 0x0, 0x0, 0xdf, 0x70, 0x7,
    0xff, 0xff, 0xff, 0xff, 0xff, 0xfc, 0x8f, 0xff,
    0xff, 0xff, 0xff, 0xff, 0xc0, 0x0, 0x0, 0x0,
    0xd, 0xf7, 0x0, 0x0, 0x0, 0x0, 0x0, 0xdf,
    0x70, 0x0, 0x0, 0x0, 0x0, 0xd, 0xf7, 0x0,
    0x0, 0x0, 0x0, 0x0, 0xdf, 0x70, 0x0, 0x0,
    0x0, 0x0, 0xd, 0xf7, 0x0,

    /* U+0035 "5" */
    0x0, 0x6f, 0xff, 0xff, 0xff, 0xf6, 0x0, 0x7,
    0xff, 0xff, 0xff, 0xff, 0x60, 0x0, 0x8f, 0xc3,
    0x33, 0x33, 0x31, 0x0, 0xa, 0xfa, 0x0, 0x0,
    0x0, 0x0, 0x0, 0xbf, 0x80, 0x0, 0x0, 0x0,
    0x0, 0xc, 0xf7, 0x0, 0x0, 0x0, 0x0, 0x0,
    0xdf, 0xbc, 0xff, 0xc6, 0x0, 0x0, 0xe, 0xff,
    0xff, 0xff, 0xfb, 0x0, 0x0, 0x6c, 0x50, 0x2,
    0xbf, 0xf7, 0x0, 0x0, 0x0, 0x0, 0x0, 0xdf,
    0xe0, 0x0, 0x0, 0x0, 0x0, 0x7, 0xff, 0x10,
    0x0, 0x0, 0x0, 0x0, 0x5f, 0xf3, 0x0, 0x0,
    0x0, 0x0, 0x5, 0xff, 0x20, 0x0, 0x0, 0x0,
    0x0, 0x9f, 0xf0, 0x9, 0x80, 0x0, 0x0, 0x2f,
    0xfa, 0x2, 0xff, 0xd6, 0x22, 0x6e, 0xff, 0x20,
    0x5, 0xef, 0xff, 0xff, 0xff, 0x40, 0x0, 0x1,
    0x7c, 0xff, 0xe9, 0x10, 0x0,

    /* U+0036 "6" */
    0x0, 0x1, 0x8d, 0xff, 0xc5, 0x0, 0x0, 0x2e,
    0xff, 0xff, 0xff, 0xb0, 0x1, 0xef, 0xe7, 0x22,
    0x6e, 0x80, 0x8, 0xff, 0x20, 0x0, 0x0, 0x0,
    0xf, 0xf7, 0x0, 0x0, 0x0, 0x0, 0x4f, 0xf1,
    0x0, 0x0, 0x0, 0x0, 0x7f, 0xd0, 0x5b, 0xdc,
    0x81, 0x0, 0x9f, 0xb9, 0xff, 0xff, 0xfe, 0x20,
    0xaf, 0xff, 0x71, 0x5, 0xff, 0xc0, 0xbf, 0xf4,
    0x0, 0x0, 0x5f, 0xf2, 0xaf, 0xb0, 0x0, 0x0,
    0xf, 0xf6, 0x9f, 0xc0, 0x0, 0x0, 0xd, 0xf7,
    0x6f, 0xe0, 0x0, 0x0, 0xe, 0xf7, 0x2f, 0xf3,
    0x0, 0x0, 0x1f, 0xf5, 0xb, 0xfb, 0x0, 0x0,
    0x7f, 0xf1, 0x3, 0xff, 0xa2, 0x5, 0xff, 0x80,
    0x0, 0x6f, 0xff, 0xff, 0xfb, 0x0, 0x0, 0x3,
    0xae, 0xfd, 0x70, 0x0,

    /* U+0037 "7" */
    0xdf, 0xff, 0xff, 0xff, 0xff, 0xf5, 0xdf, 0xff,
    0xff, 0xff, 0xff, 0xf4, 0x23, 0x33, 0x33, 0x33,
    0xbf, 0xa0, 0x0, 0x0, 0x0, 0x4, 0xfe, 0x10,
    0x0, 0x0, 0x0, 0xd, 0xf6, 0x0, 0x0, 0x0,
    0x0, 0x6f, 0xd0, 0x0, 0x0, 0x0, 0x0, 0xef,
    0x50, 0x0, 0x0, 0x0, 0x5, 0xfe, 0x0, 0x0,
    0x0, 0x0, 0xb, 0xf9, 0x0, 0x0, 0x0, 0x0,
    0x1f, 0xf4, 0x0, 0x0, 0x0, 0x0, 0x5f, 0xf0,
    0x0, 0x0, 0x0, 0x0, 0x8f, 0xd0, 0x0, 0x0,
    0x0, 0x0, 0xcf, 0xa0, 0x0, 0x0, 0x0, 0x0,
    0xef, 0x80, 0x0, 0x0, 0x0, 0x0, 0xff, 0x70,
    0x0, 0x0, 0x0, 0x2, 0xff, 0x60, 0x0, 0x0,
    0x0, 0x3, 0xff, 0x50, 0x0, 0x0, 0x0, 0x4,
    0xff, 0x40, 0x0, 0x0,

    /* U+0038 "8" */
    0x0, 0x8, 0xdf, 0xfc, 0x50, 0x0, 0x1, 0xdf,
    0xfe, 0xff, 0xf9, 0x0, 0xa, 0xfe, 0x30, 0x6,
    0xff, 0x40, 0xf, 0xf6, 0x0, 0x0, 0xaf, 0xa0,
    0x1f, 0xf2, 0x0, 0x0, 0x5f, 0xc0, 0xf, 0xf4,
    0x0, 0x0, 0x5f, 0xa0, 0x8, 0xfb, 0x0, 0x0,
    0x9f, 0x40, 0x0, 0xcf, 0xc2, 0x2, 0xfa, 0x0,
    0x0, 0x1e, 0xff, 0xad, 0xb0, 0x0, 0x2, 0xdf,
    0x7b, 0xff, 0xf6, 0x0, 0x1e, 0xf4, 0x0, 0x2b,
    0xff, 0x60, 0x8f, 0xa0, 0x0, 0x0, 0x9f, 0xf1,
    0xcf, 0x50, 0x0, 0x0, 0x1f, 0xf5, 0xef, 0x50,
    0x0, 0x0, 0xf, 0xf6, 0xbf, 0xb0, 0x0, 0x0,
    0x3f, 0xf4, 0x4f, 0xfa, 0x20, 0x4, 0xef, 0xd0,
    0x7, 0xff, 0xfe, 0xff, 0xfe, 0x20, 0x0, 0x3a,
    0xef, 0xfc, 0x70, 0x0,

    /* U+0039 "9" */
    0x0, 0x3b, 0xff, 0xd7, 0x0, 0x0, 0x6, 0xff,
    0xff, 0xff, 0xd1, 0x0, 0x2f, 0xfa, 0x20, 0x4e,
    0xfc, 0x0, 0xaf, 0xd0, 0x0, 0x2, 0xff, 0x50,
    0xef, 0x70, 0x0, 0x0, 0xaf, 0xb0, 0xff, 0x50,
    0x0, 0x0, 0x5f, 0xf0, 0xef, 0x70, 0x0, 0x0,
    0x3f, 0xf1, 0xbf, 0xc0, 0x0, 0x0, 0xaf, 0xf3,
    0x5f, 0xf9, 0x10, 0x3b, 0xff, 0xf3, 0xa, 0xff,
    0xff, 0xfe, 0x5f, 0xf2, 0x0, 0x5b, 0xed, 0x81,
    0x3f, 0xf1, 0x0, 0x0, 0x0, 0x0, 0x5f, 0xf0,
    0x0, 0x0, 0x0, 0x0, 0x9f, 0xc0, 0x0, 0x0,
    0x0, 0x0, 0xff, 0x70, 0x3, 0x0, 0x0, 0x9,
    0xff, 0x10, 0x3f, 0xc5, 0x23, 0xaf, 0xf6, 0x0,
    0x4e, 0xff, 0xff, 0xff, 0x80, 0x0, 0x1, 0x9e,
    0xff, 0xb4, 0x0, 0x0,

    /* U+003A ":" */
    0xa, 0xf9, 0x3, 0xff, 0xf2, 0x2f, 0xff, 0x10,
    0x6c, 0x50, 0x0, 0x0, 0x0, 0x0, 0x0, 0x0,
    0x0, 0x0, 0x0, 0x0, 0x0, 0x0, 0x0, 0x0,
    0x0, 0x6, 0xb5, 0x2, 0xff, 0xf1, 0x3f, 0xff,
    0x20, 0xaf, 0x90,

    /* U+003B ";" */
    0xa, 0xf9, 0x3, 0xff, 0xf2, 0x2f, 0xff, 0x10,
    0x6c, 0x50, 0x0, 0x0, 0x0, 0x0, 0x0, 0x0,
    0x0, 0x0, 0x0, 0x0, 0x0, 0x0, 0x0, 0x0,
    0x0, 0x2, 0x63, 0x1, 0xff, 0xf2, 0x2f, 0xff,
    0x70, 0xaf, 0xf8, 0x0, 0x4f, 0x70, 0x9, 0xf3,
    0x6, 0xfb, 0x8, 0xfd, 0x10, 0x48, 0x0, 0x0,

    /* U+003C "<" */
    0x0, 0x0, 0x0, 0x0, 0x0, 0x0, 0x0, 0x0,
    0x0, 0x0, 0x0, 0x3, 0x98, 0x0, 0x0, 0x0,
    0x0, 0x6c, 0xff, 0x90, 0x0, 0x0, 0x29, 0xff,
    0xfe, 0x92, 0x0, 0x5, 0xcf, 0xff, 0xb5, 0x0,
    0x0, 0x8e, 0xff, 0xd7, 0x10, 0x0, 0x0, 0x1f,
    0xfd, 0x30, 0x0, 0x0, 0x0, 0x1, 0xef, 0xfd,
    0x71, 0x0, 0x0, 0x0, 0x0, 0x5b, 0xff, 0xfb,
    0x50, 0x0, 0x0, 0x0, 0x2, 0x8e, 0xff, 0xe9,
    0x30, 0x0, 0x0, 0x0, 0x5, 0xcf, 0xff, 0x80,
    0x0, 0x0, 0x0, 0x0, 0x39, 0xf9, 0x0, 0x0,
    0x0, 0x0, 0x0, 0x0, 0x30,

    /* U+003D "=" */
    0x1f, 0xff, 0xff, 0xff, 0xff, 0xff, 0x91, 0xee,
    0xee, 0xee, 0xee, 0xee, 0xe8, 0x0, 0x0, 0x0,
    0x0, 0x0, 0x0, 0x0, 0x0, 0x0, 0x0, 0x0,
    0x0, 0x0, 0x0, 0x0, 0x0, 0x0, 0x0, 0x0,
    0x0, 0x0, 0x0, 0x0, 0x0, 0x0, 0x0, 0x1e,
    0xee, 0xee, 0xee, 0xee, 0xee, 0x81, 0xff, 0xff,
    0xff, 0xff, 0xff, 0xf9,

    /* U+003E ">" */
    0x0, 0x0, 0x0, 0x0, 0x0, 0x0, 0x1, 0xc6,
    0x0, 0x0, 0x0, 0x0, 0x0, 0x1f, 0xff, 0x92,
    0x0, 0x0, 0x0, 0x0, 0x5c, 0xff, 0xfc, 0x50,
    0x0, 0x0, 0x0, 0x2, 0x8e, 0xff, 0xe8, 0x20,
    0x0, 0x0, 0x0, 0x4, 0xaf, 0xff, 0xb4, 0x0,
    0x0, 0x0, 0x0, 0x17, 0xff, 0x90, 0x0, 0x0,
    0x0, 0x4a, 0xff, 0xf7, 0x0, 0x0, 0x28, 0xef,
    0xfe, 0x82, 0x0, 0x6, 0xcf, 0xff, 0xc5, 0x0,
    0x0, 0x1f, 0xff, 0xf9, 0x20, 0x0, 0x0, 0x1,
    0xfc, 0x60, 0x0, 0x0, 0x0, 0x0, 0x3, 0x0,
    0x0, 0x0, 0x0, 0x0, 0x0,

    /* U+003F "?" */
    0x1, 0x8d, 0xff, 0xb4, 0x0, 0x3e, 0xff, 0xff,
    0xff, 0x70, 0xaf, 0xb4, 0x25, 0xef, 0xf1, 0x4,
    0x0, 0x0, 0x4f, 0xf4, 0x0, 0x0, 0x0, 0x1f,
    0xf5, 0x0, 0x0, 0x0, 0x5f, 0xf1, 0x0, 0x0,
    0x1, 0xef, 0x80, 0x0, 0x0, 0xc, 0xfb, 0x0,
    0x0, 0x0, 0xaf, 0xd1, 0x0, 0x0, 0x4, 0xff,
    0x20, 0x0, 0x0, 0xa, 0xfa, 0x0, 0x0, 0x0,
    0xc, 0xf6, 0x0, 0x0, 0x0, 0x2, 0x31, 0x0,
    0x0, 0x0, 0x0, 0x0, 0x0, 0x0, 0x0, 0x7,
    0xc5, 0x0, 0x0, 0x0, 0x3f, 0xff, 0x10, 0x0,
    0x0, 0x3f, 0xff, 0x10, 0x0, 0x0, 0xa, 0xf8,
    0x0, 0x0,

    /* U+0040 "@" */
    0x0, 0x0, 0x0, 0x2, 0x8c, 0xef, 0xfd, 0xa4,
    0x0, 0x0, 0x0, 0x0, 0x0, 0x1a, 0xff, 0xfc,
    0xbc, 0xef, 0xfc, 0x20, 0x0, 0x0, 0x0, 0x4e,
    0xfc, 0x40, 0x0, 0x0, 0x3a, 0xfe, 0x30, 0x0,
    0x0, 0x4f, 0xf6, 0x0, 0x0, 0x0, 0x0, 0x6,
    0xfe, 0x0, 0x0, 0x2f, 0xf4, 0x0, 0x0, 0x0,
    0x0, 0x0, 0x7, 0xf8, 0x0, 0xc, 0xf5, 0x0,
    0x0, 0x0, 0x0, 0x0, 0x0, 0xe, 0xf0, 0x5,
    0xfa, 0x0, 0x0, 0x3b, 0xfe, 0x6a, 0xf0, 0x0,
    0x7f, 0x50, 0xcf, 0x20, 0x0, 0x4f, 0xfd, 0xdf,
    0xfc, 0x0, 0x3, 0xf8, 0x1f, 0xc0, 0x0, 0x1e,
    0xf5, 0x0, 0xaf, 0x90, 0x0, 0x1f, 0xa5, 0xf7,
    0x0, 0x8, 0xf8, 0x0, 0x7, 0xf6, 0x0, 0x0,
    0xfa, 0x8f, 0x40, 0x0, 0xef, 0x10, 0x0, 0xaf,
    0x30, 0x0, 0x1f, 0x99, 0xf2, 0x0, 0x2f, 0xc0,
    0x0, 0xc, 0xf0, 0x0, 0x3, 0xf7, 0xaf, 0x20,
    0x4, 0xfa, 0x0, 0x0, 0xfe, 0x0, 0x0, 0x8f,
    0x39, 0xf2, 0x0, 0x3f, 0xb0, 0x0, 0x2f, 0xc0,
    0x0, 0x1e, 0xd0, 0x8f, 0x40, 0x1, 0xff, 0x20,
    0x1d, 0xff, 0x10, 0x1c, 0xf4, 0x5, 0xf8, 0x0,
    0x9, 0xff, 0xbf, 0xb8, 0xfe, 0xbf, 0xf7, 0x0,
    0x1f, 0xe0, 0x0, 0x9, 0xfe, 0x80, 0x9, 0xef,
    0xc4, 0x0, 0x0, 0xaf, 0x70, 0x0, 0x0, 0x0,
    0x0, 0x0, 0x0, 0x0, 0x0, 0x2, 0xff, 0x30,
    0x0, 0x0, 0x0, 0x0, 0x0, 0x0, 0x0, 0x0,
    0x6, 0xff, 0x50, 0x0, 0x0, 0x0, 0x0, 0x0,
    0x0, 0x0, 0x0, 0x6, 0xff, 0xc6, 0x20, 0x1,
    0x5b, 0xb0, 0x0, 0x0, 0x0, 0x0, 0x3, 0xbf,
    0xff, 0xff, 0xff, 0xf9, 0x0, 0x0, 0x0, 0x0,
    0x0, 0x0, 0x26, 0x9b, 0xa9, 0x61, 0x0, 0x0,
    0x0, 0x0,

    /* U+0041 "A" */
    0x0, 0x0, 0x3, 0xff, 0xf0, 0x0, 0x0, 0x0,
    0x0, 0x0, 0x8f, 0xff, 0x40, 0x0, 0x0, 0x0,
    0x0, 0xd, 0xfb, 0xfa, 0x0, 0x0, 0x0, 0x0,
    0x3, 0xfe, 0x3f, 0xf0, 0x0, 0x0, 0x0, 0x0,
    0x8f, 0xa0, 0xff, 0x40, 0x0, 0x0, 0x0, 0xd,
    0xf5, 0xa, 0xf9, 0x0, 0x0, 0x0, 0x2, 0xff,
    0x10, 0x6f, 0xe0, 0x0, 0x0, 0x0, 0x8f, 0xc0,
    0x1, 0xff, 0x40, 0x0, 0x0, 0xd, 0xf7, 0x0,
    0xc, 0xf9, 0x0, 0x0, 0x2, 0xff, 0x20, 0x0,
    0x7f, 0xe0, 0x0, 0x0, 0x7f, 0xd0, 0x0, 0x3,
    0xff, 0x40, 0x0, 0xd, 0xff, 0xff, 0xff, 0xff,
    0xf9, 0x0, 0x2, 0xff, 0xff, 0xff, 0xff, 0xff,
    0xe0, 0x0, 0x7f, 0xe0, 0x0, 0x0, 0x4, 0xff,
    0x30, 0xc, 0xfa, 0x0, 0x0, 0x0, 0xf, 0xf9,
    0x2, 0xff, 0x50, 0x0, 0x0, 0x0, 0xaf, 0xe0,
    0x7f, 0xf1, 0x0, 0x0, 0x0, 0x6, 0xff, 0x3c,
    0xfb, 0x0, 0x0, 0x0, 0x0, 0x1f, 0xf8,

    /* U+0042 "B" */
    0xaf, 0xff, 0xff, 0xfe, 0xb5, 0x0, 0xa, 0xff,
    0xff, 0xff, 0xff, 0xfc, 0x0, 0xaf, 0xe0, 0x0,
    0x14, 0xbf, 0xf8, 0xa, 0xfe, 0x0, 0x0, 0x0,
    0xdf, 0xc0, 0xaf, 0xe0, 0x0, 0x0, 0x9, 0xfd,
    0xa, 0xfe, 0x0, 0x0, 0x0, 0xdf, 0x90, 0xaf,
    0xe0, 0x0, 0x3, 0xbf, 0xf2, 0xa, 0xff, 0xff,
    0xff, 0xff, 0xc2, 0x0, 0xaf, 0xff, 0xff, 0xff,
    0xff, 0xa1, 0xa, 0xfe, 0x0, 0x0, 0x27, 0xef,
    0xd0, 0xaf, 0xe0, 0x0, 0x0, 0x2, 0xff, 0x7a,
    0xfe, 0x0, 0x0, 0x0, 0xb, 0xfb, 0xaf, 0xe0,
    0x0, 0x0, 0x0, 0xaf, 0xda, 0xfe, 0x0, 0x0,
    0x0, 0xc, 0xfb, 0xaf, 0xe0, 0x0, 0x0, 0x4,
    0xff, 0x7a, 0xfe, 0x0, 0x1, 0x38, 0xff, 0xe1,
    0xaf, 0xff, 0xff, 0xff, 0xff, 0xd2, 0xa, 0xff,
    0xff, 0xff, 0xeb, 0x60, 0x0,

    /* U+0043 "C" */
    0x0, 0x0, 0x18, 0xcf, 0xfe, 0x92, 0x0, 0x0,
    0x6, 0xff, 0xff, 0xff, 0xff, 0x60, 0x0, 0x7f,
    0xff, 0x95, 0x47, 0xdf, 0xe0, 0x3, 0xff, 0xd2,
    0x0, 0x0, 0x8, 0x30, 0xb, 0xff, 0x20, 0x0,
    0x0, 0x0, 0x0, 0x1f, 0xf9, 0x0, 0x0, 0x0,
    0x0, 0x0, 0x5f, 0xf4, 0x0, 0x0, 0x0, 0x0,
    0x0, 0x8f, 0xf0, 0x0, 0x0, 0x0, 0x0, 0x0,
    0x9f, 0xf0, 0x0, 0x0, 0x0, 0x0, 0x0, 0x9f,
    0xf0, 0x0, 0x0, 0x0, 0x0, 0x0, 0x8f, 0xf1,
    0x0, 0x0, 0x0, 0x0, 0x0, 0x6f, 0xf4, 0x0,
    0x0, 0x0, 0x0, 0x0, 0x2f, 0xf9, 0x0, 0x0,
    0x0, 0x0, 0x0, 0xc, 0xff, 0x20, 0x0, 0x0,
    0x0, 0x0, 0x3, 0xff, 0xd2, 0x0, 0x0, 0x8,
    0xc0, 0x0, 0x7f, 0xff, 0x95, 0x47, 0xdf, 0xf5,
    0x0, 0x7, 0xff, 0xff, 0xff, 0xff, 0x70, 0x0,
    0x0, 0x28, 0xdf, 0xfd, 0x92, 0x0,

    /* U+0044 "D" */
    0xaf, 0xff, 0xff, 0xeb, 0x60, 0x0, 0x0, 0xaf,
    0xff, 0xff, 0xff, 0xfe, 0x40, 0x0, 0xaf, 0xe2,
    0x22, 0x5a, 0xff, 0xf4, 0x0, 0xaf, 0xe0, 0x0,
    0x0, 0x4f, 0xfe, 0x10, 0xaf, 0xe0, 0x0, 0x0,
    0x5, 0xff, 0x70, 0xaf, 0xe0, 0x0, 0x0, 0x0,
    0xdf, 0xd0, 0xaf, 0xe0, 0x0, 0x0, 0x0, 0x8f,
    0xf0, 0xaf, 0xe0, 0x0, 0x0, 0x0, 0x6f, 0xf3,
    0xaf, 0xe0, 0x0, 0x0, 0x0, 0x5f, 0xf3, 0xaf,
    0xe0, 0x0, 0x0, 0x0, 0x5f, 0xf3, 0xaf, 0xe0,
    0x0, 0x0, 0x0, 0x6f, 0xf2, 0xaf, 0xe0, 0x0,
    0x0, 0x0, 0x9f, 0xf0, 0xaf, 0xe0, 0x0, 0x0,
    0x0, 0xef, 0xc0, 0xaf, 0xe0, 0x0, 0x0, 0x7,
    0xff, 0x70, 0xaf, 0xe0, 0x0, 0x0, 0x5f, 0xfe,
    0x0, 0xaf, 0xe2, 0x23, 0x5b, 0xff, 0xf3, 0x0,
    0xaf, 0xff, 0xff, 0xff, 0xfe, 0x30, 0x0, 0xaf,
    0xff, 0xff, 0xeb, 0x60, 0x0, 0x0,

    /* U+0045 "E" */
    0xaf, 0xff, 0xff, 0xff, 0xff, 0xaa, 0xff, 0xff,
    0xff, 0xff, 0xfa, 0xaf, 0xe3, 0x33, 0x33, 0x33,
    0x2a, 0xfe, 0x0, 0x0, 0x0, 0x0, 0xaf, 0xe0,
    0x0, 0x0, 0x0, 0xa, 0xfe, 0x0, 0x0, 0x0,
    0x0, 0xaf, 0xe0, 0x0, 0x0, 0x0, 0xa, 0xff,
    0xff, 0xff, 0xff, 0x70, 0xaf, 0xff, 0xff, 0xff,
    0xf7, 0xa, 0xfe, 0x33, 0x33, 0x33, 0x10, 0xaf,
    0xe0, 0x0, 0x0, 0x0, 0xa, 0xfe, 0x0, 0x0,
    0x0, 0x0, 0xaf, 0xe0, 0x0, 0x0, 0x0, 0xa,
    0xfe, 0x0, 0x0, 0x0, 0x0, 0xaf, 0xe0, 0x0,
    0x0, 0x0, 0xa, 0xfe, 0x33, 0x33, 0x33, 0x33,
    0xaf, 0xff, 0xff, 0xff, 0xff, 0xfa, 0xff, 0xff,
    0xff, 0xff, 0xff,

    /* U+0046 "F" */
    0xaf, 0xff, 0xff, 0xff, 0xff, 0xaa, 0xff, 0xff,
    0xff, 0xff, 0xfa, 0xaf, 0xe3, 0x33, 0x33, 0x33,
    0x2a, 0xfe, 0x0, 0x0, 0x0, 0x0, 0xaf, 0xe0,
    0x0, 0x0, 0x0, 0xa, 0xfe, 0x0, 0x0, 0x0,
    0x0, 0xaf, 0xe0, 0x0, 0x0, 0x0, 0xa, 0xfe,
    0x22, 0x22, 0x22, 0x10, 0xaf, 0xff, 0xff, 0xff,
    0xf8, 0xa, 0xff, 0xff, 0xff, 0xff, 0x80, 0xaf,
    0xe0, 0x0, 0x0, 0x0, 0xa, 0xfe, 0x0, 0x0,
    0x0, 0x0, 0xaf, 0xe0, 0x0, 0x0, 0x0, 0xa,
    0xfe, 0x0, 0x0, 0x0, 0x0, 0xaf, 0xe0, 0x0,
    0x0, 0x0, 0xa, 0xfe, 0x0, 0x0, 0x0, 0x0,
    0xaf, 0xe0, 0x0, 0x0, 0x0, 0xa, 0xfe, 0x0,
    0x0, 0x0, 0x0,

    /* U+0047 "G" */
    0x0, 0x0, 0x17, 0xce, 0xfe, 0xb5, 0x0, 0x0,
    0x5, 0xef, 0xff, 0xff, 0xff, 0xb1, 0x0, 0x5f,
    0xff, 0xa6, 0x45, 0x9f, 0xf6, 0x2, 0xff, 0xe3,
    0x0, 0x0, 0x2, 0x60, 0xb, 0xff, 0x30, 0x0,
    0x0, 0x0, 0x0, 0x1f, 0xf9, 0x0, 0x0, 0x0,
    0x0, 0x0, 0x5f, 0xf4, 0x0, 0x0, 0x0, 0x0,
    0x0, 0x8f, 0xf1, 0x0, 0x0, 0x0, 0x0, 0x0,
    0x9f, 0xf0, 0x0, 0x0, 0xff, 0xff, 0xff, 0x9f,
    0xf0, 0x0, 0x0, 0xff, 0xff, 0xff, 0x8f, 0xf1,
    0x0, 0x0, 0x23, 0x37, 0xff, 0x6f, 0xf4, 0x0,
    0x0, 0x0, 0x5, 0xff, 0x2f, 0xf9, 0x0, 0x0,
    0x0, 0x5, 0xff, 0xc, 0xff, 0x20, 0x0, 0x0,
    0x5, 0xff, 0x3, 0xff, 0xe2, 0x0, 0x0, 0x6,
    0xff, 0x0, 0x7f, 0xff, 0xa6, 0x45, 0x9f, 0xff,
    0x0, 0x6, 0xff, 0xff, 0xff, 0xff, 0xe4, 0x0,
    0x0, 0x17, 0xcf, 0xfe, 0xc6, 0x0,

    /* U+0048 "H" */
    0xaf, 0xe0, 0x0, 0x0, 0x0, 0x3f, 0xf4, 0xaf,
    0xe0, 0x0, 0x0, 0x0, 0x3f, 0xf4, 0xaf, 0xe0,
    0x0, 0x0, 0x0, 0x3f, 0xf4, 0xaf, 0xe0, 0x0,
    0x0, 0x0, 0x3f, 0xf4, 0xaf, 0xe0, 0x0, 0x0,
    0x0, 0x3f, 0xf4, 0xaf, 0xe0, 0x0, 0x0, 0x0,
    0x3f, 0xf4, 0xaf, 0xe0, 0x0, 0x0, 0x0, 0x3f,
    0xf4, 0xaf, 0xff, 0xff, 0xff, 0xff, 0xff, 0xf4,
    0xaf, 0xff, 0xff, 0xff, 0xff, 0xff, 0xf4, 0xaf,
    0xe4, 0x44, 0x44, 0x44, 0x7f, 0xf4, 0xaf, 0xe0,
    0x0, 0x0, 0x0, 0x3f, 0xf4, 0xaf, 0xe0, 0x0,
    0x0, 0x0, 0x3f, 0xf4, 0xaf, 0xe0, 0x0, 0x0,
    0x0, 0x3f, 0xf4, 0xaf, 0xe0, 0x0, 0x0, 0x0,
    0x3f, 0xf4, 0xaf, 0xe0, 0x0, 0x0, 0x0, 0x3f,
    0xf4, 0xaf, 0xe0, 0x0, 0x0, 0x0, 0x3f, 0xf4,
    0xaf, 0xe0, 0x0, 0x0, 0x0, 0x3f, 0xf4, 0xaf,
    0xe0, 0x0, 0x0, 0x0, 0x3f, 0xf4,

    /* U+0049 "I" */
    0xaf, 0xea, 0xfe, 0xaf, 0xea, 0xfe, 0xaf, 0xea,
    0xfe, 0xaf, 0xea, 0xfe, 0xaf, 0xea, 0xfe, 0xaf,
    0xea, 0xfe, 0xaf, 0xea, 0xfe, 0xaf, 0xea, 0xfe,
    0xaf, 0xea, 0xfe,

    /* U+004A "J" */
    0x0, 0x0, 0x0, 0x0, 0xcf, 0xc0, 0x0, 0x0,
    0x0, 0xc, 0xfc, 0x0, 0x0, 0x0, 0x0, 0xcf,
    0xc0, 0x0, 0x0, 0x0, 0xc, 0xfc, 0x0, 0x0,
    0x0, 0x0, 0xcf, 0xc0, 0x0, 0x0, 0x0, 0xc,
    0xfc, 0x0, 0x0, 0x0, 0x0, 0xcf, 0xc0, 0x0,
    0x0, 0x0, 0xc, 0xfc, 0x0, 0x0, 0x0, 0x0,
    0xcf, 0xc0, 0x0, 0x0, 0x0, 0xc, 0xfc, 0x0,
    0x0, 0x0, 0x0, 0xcf, 0xc0, 0x0, 0x0, 0x0,
    0xc, 0xfc, 0x0, 0x0, 0x0, 0x0, 0xcf, 0xb0,
    0x0, 0x0, 0x0, 0xe, 0xfa, 0x7, 0xe2, 0x0,
    0x3, 0xff, 0x70, 0xef, 0xe7, 0x47, 0xef, 0xf1,
    0x3, 0xef, 0xff, 0xff, 0xf6, 0x0, 0x1, 0x9e,
    0xff, 0xc4, 0x0,

    /* U+004B "K" */
    0xaf, 0xe0, 0x0, 0x0, 0x7, 0xff, 0x60, 0xaf,
    0xe0, 0x0, 0x0, 0x4f, 0xf9, 0x0, 0xaf, 0xe0,
    0x0, 0x1, 0xef, 0xc0, 0x0, 0xaf, 0xe0, 0x0,
    0xd, 0xfe, 0x10, 0x0, 0xaf, 0xe0, 0x0, 0xaf,
    0xf3, 0x0, 0x0, 0xaf, 0xe0, 0x7, 0xff, 0x60,
    0x0, 0x0, 0xaf, 0xe0, 0x4f, 0xf9, 0x0, 0x0,
    0x0, 0xaf, 0xe2, 0xef, 0xf9, 0x0, 0x0, 0x0,
    0xaf, 0xed, 0xff, 0xff, 0x30, 0x0, 0x0, 0xaf,
    0xff, 0xf5, 0xef, 0xc0, 0x0, 0x0, 0xaf, 0xff,
    0x70, 0x5f, 0xf5, 0x0, 0x0, 0xaf, 0xfa, 0x0,
    0xc, 0xfe, 0x0, 0x0, 0xaf, 0xe0, 0x0, 0x3,
    0xff, 0x70, 0x0, 0xaf, 0xe0, 0x0, 0x0, 0xaf,
    0xf1, 0x0, 0xaf, 0xe0, 0x0, 0x0, 0x2f, 0xfa,
    0x0, 0xaf, 0xe0, 0x0, 0x0, 0x8, 0xff, 0x30,
    0xaf, 0xe0, 0x0, 0x0, 0x0, 0xef, 0xc0, 0xaf,
    0xe0, 0x0, 0x0, 0x0, 0x6f, 0xf5,

    /* U+004C "L" */
    0xaf, 0xe0, 0x0, 0x0, 0x0, 0xa, 0xfe, 0x0,
    0x0, 0x0, 0x0, 0xaf, 0xe0, 0x0, 0x0, 0x0,
    0xa, 0xfe, 0x0, 0x0, 0x0, 0x0, 0xaf, 0xe0,
    0x0, 0x0, 0x0, 0xa, 0xfe, 0x0, 0x0, 0x0,
    0x0, 0xaf, 0xe0, 0x0, 0x0, 0x0, 0xa, 0xfe,
    0x0, 0x0, 0x0, 0x0, 0xaf, 0xe0, 0x0, 0x0,
    0x0, 0xa, 0xfe, 0x0, 0x0, 0x0, 0x0, 0xaf,
    0xe0, 0x0, 0x0, 0x0, 0xa, 0xfe, 0x0, 0x0,
    0x0, 0x0, 0xaf, 0xe0, 0x0, 0x0, 0x0, 0xa,
    0xfe, 0x0, 0x0, 0x0, 0x0, 0xaf, 0xe0, 0x0,
    0x0, 0x0, 0xa, 0xfe, 0x33, 0x33, 0x33, 0x31,
    0xaf, 0xff, 0xff, 0xff, 0xff, 0x7a, 0xff, 0xff,
    0xff, 0xff, 0xf7,

    /* U+004D "M" */
    0xaf, 0xf7, 0x0, 0x0, 0x0, 0x0, 0xcf, 0xf5,
    0xaf, 0xfd, 0x0, 0x0, 0x0, 0x1, 0xff, 0xf5,
    0xaf, 0xff, 0x20, 0x0, 0x0, 0x7, 0xff, 0xf5,
    0xaf, 0xdf, 0x80, 0x0, 0x0, 0xd, 0xfd, 0xf5,
    0xaf, 0x9f, 0xe0, 0x0, 0x0, 0x2f, 0xcc, 0xf5,
    0xaf, 0x7c, 0xf3, 0x0, 0x0, 0x8f, 0x6d, 0xf5,
    0xaf, 0x87, 0xf9, 0x0, 0x0, 0xdf, 0x1e, 0xf5,
    0xaf, 0x91, 0xfe, 0x0, 0x3, 0xfb, 0xf, 0xf5,
    0xaf, 0xa0, 0xbf, 0x40, 0x8, 0xf6, 0xf, 0xf5,
    0xaf, 0xa0, 0x6f, 0xa0, 0xe, 0xf0, 0xf, 0xf5,
    0xaf, 0xa0, 0xf, 0xf0, 0x3f, 0xa0, 0xf, 0xf5,
    0xaf, 0xa0, 0xa, 0xf5, 0x9f, 0x50, 0xf, 0xf5,
    0xaf, 0xa0, 0x4, 0xfa, 0xee, 0x0, 0xf, 0xf5,
    0xaf, 0xa0, 0x0, 0xef, 0xf9, 0x0, 0xf, 0xf5,
    0xaf, 0xa0, 0x0, 0x9f, 0xf3, 0x0, 0xf, 0xf5,
    0xaf, 0xa0, 0x0, 0x3f, 0xe0, 0x0, 0xf, 0xf5,
    0xaf, 0xa0, 0x0, 0x3, 0x20, 0x0, 0xf, 0xf5,
    0xaf, 0xa0, 0x0, 0x0, 0x0, 0x0, 0xf, 0xf5,

    /* U+004E "N" */
    0xaf, 0xf3, 0x0, 0x0, 0x0, 0x4f, 0xf2, 0xaf,
    0xfc, 0x0, 0x0, 0x0, 0x4f, 0xf2, 0xaf, 0xff,
    0x50, 0x0, 0x0, 0x4f, 0xf2, 0xaf, 0xdf, 0xd0,
    0x0, 0x0, 0x4f, 0xf2, 0xaf, 0x8d, 0xf7, 0x0,
    0x0, 0x4f, 0xf2, 0xaf, 0x95, 0xff, 0x10, 0x0,
    0x4f, 0xf2, 0xaf, 0xa0, 0xdf, 0x90, 0x0, 0x4f,
    0xf2, 0xaf, 0xb0, 0x5f, 0xf2, 0x0, 0x4f, 0xf2,
    0xaf, 0xb0, 0xc, 0xfb, 0x0, 0x4f, 0xf2, 0xaf,
    0xc0, 0x3, 0xff, 0x40, 0x4f, 0xf2, 0xaf, 0xc0,
    0x0, 0xaf, 0xd0, 0x3f, 0xf2, 0xaf, 0xc0, 0x0,
    0x2f, 0xf5, 0x2f, 0xf2, 0xaf, 0xc0, 0x0, 0x8,
    0xfd, 0x1f, 0xf2, 0xaf, 0xc0, 0x0, 0x0, 0xef,
    0x6f, 0xf2, 0xaf, 0xc0, 0x0, 0x0, 0x6f, 0xdf,
    0xf2, 0xaf, 0xc0, 0x0, 0x0, 0xd, 0xff, 0xf2,
    0xaf, 0xc0, 0x0, 0x0, 0x4, 0xff, 0xf2, 0xaf,
    0xc0, 0x0, 0x0, 0x0, 0xbf, 0xf2,

    /* U+004F "O" */
    0x0, 0x0, 0x39, 0xdf, 0xfd, 0x92, 0x0, 0x0,
    0x0, 0x8, 0xff, 0xff, 0xff, 0xff, 0x70, 0x0,
    0x0, 0x9f, 0xfe, 0x85, 0x58, 0xef, 0xf8, 0x0,
    0x4, 0xff, 0xc1, 0x0, 0x0, 0x1c, 0xff, 0x30,
    0xc, 0xff, 0x10, 0x0, 0x0, 0x1, 0xff, 0xc0,
    0x2f, 0xf8, 0x0, 0x0, 0x0, 0x0, 0x9f, 0xf1,
    0x6f, 0xf3, 0x0, 0x0, 0x0, 0x0, 0x4f, 0xf5,
    0x8f, 0xf0, 0x0, 0x0, 0x0, 0x0, 0x1f, 0xf7,
    0x9f, 0xf0, 0x0, 0x0, 0x0, 0x0, 0xf, 0xf8,
    0x9f, 0xf0, 0x0, 0x0, 0x0, 0x0, 0xf, 0xf8,
    0x8f, 0xf1, 0x0, 0x0, 0x0, 0x0, 0x1f, 0xf7,
    0x6f, 0xf4, 0x0, 0x0, 0x0, 0x0, 0x4f, 0xf5,
    0x2f, 0xf9, 0x0, 0x0, 0x0, 0x0, 0x9f, 0xf1,
    0xc, 0xff, 0x20, 0x0, 0x0, 0x2, 0xff, 0xb0,
    0x3, 0xff, 0xd1, 0x0, 0x0, 0x1d, 0xff, 0x30,
    0x0, 0x8f, 0xfe, 0x85, 0x58, 0xff, 0xf7, 0x0,
    0x0, 0x7, 0xff, 0xff, 0xff, 0xff, 0x70, 0x0,
    0x0, 0x0, 0x29, 0xdf, 0xfd, 0x92, 0x0, 0x0,

    /* U+0050 "P" */
    0xaf, 0xff, 0xff, 0xfd, 0xa4, 0x0, 0xa, 0xff,
    0xff, 0xff, 0xff, 0xfa, 0x0, 0xaf, 0xe2, 0x22,
    0x36, 0xcf, 0xf9, 0xa, 0xfe, 0x0, 0x0, 0x0,
    0xbf, 0xf0, 0xaf, 0xe0, 0x0, 0x0, 0x5, 0xff,
    0x2a, 0xfe, 0x0, 0x0, 0x0, 0x4f, 0xf3, 0xaf,
    0xe0, 0x0, 0x0, 0x6, 0xff, 0x2a, 0xfe, 0x0,
    0x0, 0x0, 0xdf, 0xe0, 0xaf, 0xe2, 0x22, 0x36,
    0xdf, 0xf6, 0xa, 0xff, 0xff, 0xff, 0xff, 0xf8,
    0x0, 0xaf, 0xff, 0xff, 0xfd, 0x93, 0x0, 0xa,
    0xfe, 0x0, 0x0, 0x0, 0x0, 0x0, 0xaf, 0xe0,
    0x0, 0x0, 0x0, 0x0, 0xa, 0xfe, 0x0, 0x0,
    0x0, 0x0, 0x0, 0xaf, 0xe0, 0x0, 0x0, 0x0,
    0x0, 0xa, 0xfe, 0x0, 0x0, 0x0, 0x0, 0x0,
    0xaf, 0xe0, 0x0, 0x0, 0x0, 0x0, 0xa, 0xfe,
    0x0, 0x0, 0x0, 0x0, 0x0,

    /* U+0051 "Q" */
    0x0, 0x0, 0x39, 0xdf, 0xfd, 0x92, 0x0, 0x0,
    0x0, 0x0, 0x8f, 0xff, 0xff, 0xff, 0xf7, 0x0,
    0x0, 0x0, 0x9f, 0xfe, 0x85, 0x58, 0xef, 0xf8,
    0x0, 0x0, 0x4f, 0xfc, 0x10, 0x0, 0x1, 0xcf,
    0xf3, 0x0, 0xc, 0xff, 0x10, 0x0, 0x0, 0x1,
    0xff, 0xc0, 0x2, 0xff, 0x80, 0x0, 0x0, 0x0,
    0x9, 0xff, 0x10, 0x6f, 0xf3, 0x0, 0x0, 0x0,
    0x0, 0x4f, 0xf5, 0x8, 0xff, 0x0, 0x0, 0x0,
    0x0, 0x1, 0xff, 0x70, 0x9f, 0xf0, 0x0, 0x0,
    0x0, 0x0, 0xf, 0xf8, 0x9, 0xff, 0x0, 0x0,
    0x0, 0x0, 0x0, 0xff, 0x80, 0x8f, 0xf1, 0x0,
    0x0, 0x0, 0x0, 0x1f, 0xf7, 0x6, 0xff, 0x30,
    0x0, 0x0, 0x0, 0x4, 0xff, 0x50, 0x2f, 0xf8,
    0x0, 0x0, 0x0, 0x0, 0x9f, 0xf1, 0x0, 0xcf,
    0xf1, 0x0, 0x0, 0x0, 0x1f, 0xfb, 0x0, 0x3,
    0xff, 0xb0, 0x0, 0x0, 0xc, 0xff, 0x30, 0x0,
    0x8, 0xff, 0xd6, 0x33, 0x6d, 0xff, 0x70, 0x0,
    0x0, 0x7, 0xff, 0xff, 0xff, 0xff, 0x70, 0x0,
    0x0, 0x0, 0x2, 0x9e, 0xff, 0xe9, 0x20, 0x0,
    0x0, 0x0, 0x0, 0x0, 0xe, 0xfd, 0x10, 0x0,
    0x0, 0x0, 0x0, 0x0, 0x0, 0x4f, 0xfe, 0x62,
    0x0, 0x10, 0x0, 0x0, 0x0, 0x0, 0x5f, 0xff,
    0xff, 0xfc, 0x0, 0x0, 0x0, 0x0, 0x0, 0x29,
    0xef, 0xff, 0xd0, 0x0, 0x0, 0x0, 0x0, 0x0,
    0x0, 0x12, 0x10, 0x0,

    /* U+0052 "R" */
    0xaf, 0xff, 0xff, 0xfe, 0xb6, 0x0, 0xa, 0xff,
    0xff, 0xff, 0xff, 0xfd, 0x10, 0xaf, 0xe2, 0x22,
    0x24, 0xaf, 0xfb, 0xa, 0xfe, 0x0, 0x0, 0x0,
    0x9f, 0xf1, 0xaf, 0xe0, 0x0, 0x0, 0x4, 0xff,
    0x4a, 0xfe, 0x0, 0x0, 0x0, 0x4f, 0xf3, 0xaf,
    0xe0, 0x0, 0x0, 0xa, 0xff, 0x1a, 0xfe, 0x0,
    0x0, 0x3a, 0xff, 0xa0, 0xaf, 0xff, 0xff, 0xff,
    0xff, 0xc1, 0xa, 0xff, 0xff, 0xff, 0xfd, 0x60,
    0x0, 0xaf, 0xe1, 0x12, 0xef, 0xc0, 0x0, 0xa,
    0xfe, 0x0, 0x6, 0xff, 0x50, 0x0, 0xaf, 0xe0,
    0x0, 0xd, 0xfd, 0x0, 0xa, 0xfe, 0x0, 0x0,
    0x5f, 0xf6, 0x0, 0xaf, 0xe0, 0x0, 0x0, 0xcf,
    0xe0, 0xa, 0xfe, 0x0, 0x0, 0x4, 0xff, 0x80,
    0xaf, 0xe0, 0x0, 0x0, 0xc, 0xff, 0x1a, 0xfe,
    0x0, 0x0, 0x0, 0x3f, 0xf9,

    /* U+0053 "S" */
    0x0, 0x4, 0xbe, 0xfe, 0xb6, 0x0, 0x0, 0x9,
    0xff, 0xff, 0xff, 0xfd, 0x20, 0x7, 0xff, 0xc6,
    0x45, 0x9f, 0xf9, 0x0, 0xef, 0xc0, 0x0, 0x0,
    0x19, 0x0, 0x1f, 0xf8, 0x0, 0x0, 0x0, 0x0,
    0x0, 0xff, 0xa0, 0x0, 0x0, 0x0, 0x0, 0xa,
    0xff, 0x90, 0x0, 0x0, 0x0, 0x0, 0x1d, 0xff,
    0xf8, 0x20, 0x0, 0x0, 0x0, 0x19, 0xff, 0xff,
    0xb4, 0x0, 0x0, 0x0, 0x2, 0x8e, 0xff, 0xfa,
    0x0, 0x0, 0x0, 0x0, 0x6, 0xef, 0xfb, 0x0,
    0x0, 0x0, 0x0, 0x0, 0xbf, 0xf3, 0x0, 0x0,
    0x0, 0x0, 0x3, 0xff, 0x60, 0x10, 0x0, 0x0,
    0x0, 0x2f, 0xf6, 0x3f, 0x91, 0x0, 0x0, 0x9,
    0xff, 0x29, 0xff, 0xf9, 0x54, 0x6b, 0xff, 0xb0,
    0x7, 0xff, 0xff, 0xff, 0xff, 0xc0, 0x0, 0x1,
    0x8c, 0xff, 0xeb, 0x50, 0x0,

    /* U+0054 "T" */
    0x4f, 0xff, 0xff, 0xff, 0xff, 0xff, 0xfc, 0x4f,
    0xff, 0xff, 0xff, 0xff, 0xff, 0xfc, 0x3, 0x33,
    0x33, 0xff, 0x93, 0x33, 0x32, 0x0, 0x0, 0x0,
    0xff, 0x80, 0x0, 0x0, 0x0, 0x0, 0x0, 0xff,
    0x80, 0x0, 0x0, 0x0, 0x0, 0x0, 0xff, 0x80,
    0x0, 0x0, 0x0, 0x0, 0x0, 0xff, 0x80, 0x0,
    0x0, 0x0, 0x0, 0x0, 0xff, 0x80, 0x0, 0x0,
    0x0, 0x0, 0x0, 0xff, 0x80, 0x0, 0x0, 0x0,
    0x0, 0x0, 0xff, 0x80, 0x0, 0x0, 0x0, 0x0,
    0x0, 0xff, 0x80, 0x0, 0x0, 0x0, 0x0, 0x0,
    0xff, 0x80, 0x0, 0x0, 0x0, 0x0, 0x0, 0xff,
    0x80, 0x0, 0x0, 0x0, 0x0, 0x0, 0xff, 0x80,
    0x0, 0x0, 0x0, 0x0, 0x0, 0xff, 0x80, 0x0,
    0x0, 0x0, 0x0, 0x0, 0xff, 0x80, 0x0, 0x0,
    0x0, 0x0, 0x0, 0xff, 0x80, 0x0, 0x0, 0x0,
    0x0, 0x0, 0xff, 0x80, 0x0, 0x0,

    /* U+0055 "U" */
    0xbf, 0xc0, 0x0, 0x0, 0x0, 0x3f, 0xf2, 0xbf,
    0xc0, 0x0, 0x0, 0x0, 0x3f, 0xf2, 0xbf, 0xc0,
    0x0, 0x0, 0x0, 0x3f, 0xf2, 0xbf, 0xc0, 0x0,
    0x0, 0x0, 0x3f, 0xf2, 0xbf, 0xc0, 0x0, 0x0,
    0x0, 0x3f, 0xf2, 0xbf, 0xc0, 0x0, 0x0, 0x0,
    0x3f, 0xf2, 0xbf, 0xc0, 0x0, 0x0, 0x0, 0x3f,
    0xf2, 0xbf, 0xc0, 0x0, 0x0, 0x0, 0x3f, 0xf2,
    0xbf, 0xc0, 0x0, 0x0, 0x0, 0x3f, 0xf2, 0xbf,
    0xc0, 0x0, 0x0, 0x0, 0x3f, 0xf2, 0xbf, 0xc0,
    0x0, 0x0, 0x0, 0x3f, 0xf2, 0xaf, 0xd0, 0x0,
    0x0, 0x0, 0x4f, 0xf1, 0x8f, 0xf0, 0x0, 0x0,
    0x0, 0x7f, 0xf0, 0x5f, 0xf5, 0x0, 0x0, 0x0,
    0xcf, 0xc0, 0xf, 0xfd, 0x10, 0x0, 0x6, 0xff,
    0x70, 0x7, 0xff, 0xe7, 0x45, 0xaf, 0xfe, 0x0,
    0x0, 0x9f, 0xff, 0xff, 0xff, 0xe3, 0x0, 0x0,
    0x4, 0xbe, 0xff, 0xc8, 0x10, 0x0,

    /* U+0056 "V" */
    0xe, 0xfc, 0x0, 0x0, 0x0, 0x0, 0xaf, 0xe0,
    0x9, 0xff, 0x10, 0x0, 0x0, 0x0, 0xef, 0x90,
    0x4, 0xff, 0x50, 0x0, 0x0, 0x3, 0xff, 0x40,
    0x0, 0xef, 0xa0, 0x0, 0x0, 0x7, 0xff, 0x0,
    0x0, 0xaf, 0xe0, 0x0, 0x0, 0xc, 0xfa, 0x0,
    0x0, 0x5f, 0xf3, 0x0, 0x0, 0x1f, 0xf5, 0x0,
    0x0, 0xf, 0xf8, 0x0, 0x0, 0x5f, 0xf1, 0x0,
    0x0, 0xb, 0xfc, 0x0, 0x0, 0x9f, 0xb0, 0x0,
    0x0, 0x6, 0xff, 0x10, 0x0, 0xef, 0x60, 0x0,
    0x0, 0x1, 0xff, 0x50, 0x3, 0xff, 0x20, 0x0,
    0x0, 0x0, 0xcf, 0xa0, 0x7, 0xfd, 0x0, 0x0,
    0x0, 0x0, 0x7f, 0xe0, 0xc, 0xf8, 0x0, 0x0,
    0x0, 0x0, 0x2f, 0xf3, 0xf, 0xf3, 0x0, 0x0,
    0x0, 0x0, 0xd, 0xf7, 0x4f, 0xe0, 0x0, 0x0,
    0x0, 0x0, 0x8, 0xfc, 0x9f, 0x90, 0x0, 0x0,
    0x0, 0x0, 0x3, 0xff, 0xef, 0x40, 0x0, 0x0,
    0x0, 0x0, 0x0, 0xef, 0xff, 0x0, 0x0, 0x0,
    0x0, 0x0, 0x0, 0x9f, 0xfa, 0x0, 0x0, 0x0,

    /* U+0057 "W" */
    0x5f, 0xf3, 0x0, 0x0, 0x8, 0xff, 0x0, 0x0,
    0x0, 0xdf, 0x81, 0xff, 0x60, 0x0, 0x0, 0xcf,
    0xf3, 0x0, 0x0, 0xf, 0xf5, 0xe, 0xf9, 0x0,
    0x0, 0xf, 0xff, 0x70, 0x0, 0x3, 0xff, 0x20,
    0xbf, 0xc0, 0x0, 0x4, 0xfe, 0xfb, 0x0, 0x0,
    0x6f, 0xf0, 0x8, 0xff, 0x0, 0x0, 0x8f, 0x7f,
    0xe0, 0x0, 0x9, 0xfc, 0x0, 0x4f, 0xf2, 0x0,
    0xc, 0xf2, 0xef, 0x30, 0x0, 0xcf, 0x90, 0x1,
    0xff, 0x50, 0x0, 0xff, 0xb, 0xf7, 0x0, 0xf,
    0xf5, 0x0, 0xe, 0xf8, 0x0, 0x4f, 0xb0, 0x7f,
    0xa0, 0x2, 0xff, 0x20, 0x0, 0xbf, 0xb0, 0x7,
    0xf7, 0x4, 0xfe, 0x0, 0x5f, 0xf0, 0x0, 0x7,
    0xfe, 0x0, 0xbf, 0x40, 0xf, 0xf2, 0x8, 0xfc,
    0x0, 0x0, 0x4f, 0xf0, 0xf, 0xf0, 0x0, 0xcf,
    0x60, 0xaf, 0x90, 0x0, 0x1, 0xff, 0x32, 0xfc,
    0x0, 0x8, 0xf9, 0xd, 0xf6, 0x0, 0x0, 0xd,
    0xf6, 0x6f, 0x80, 0x0, 0x4f, 0xd0, 0xff, 0x20,
    0x0, 0x0, 0xaf, 0x99, 0xf5, 0x0, 0x0, 0xff,
    0x3f, 0xf0, 0x0, 0x0, 0x7, 0xfc, 0xdf, 0x10,
    0x0, 0xc, 0xf9, 0xfc, 0x0, 0x0, 0x0, 0x4f,
    0xff, 0xd0, 0x0, 0x0, 0x9f, 0xef, 0x90, 0x0,
    0x0, 0x1, 0xff, 0xf9, 0x0, 0x0, 0x5, 0xff,
    0xf6, 0x0, 0x0, 0x0, 0xd, 0xff, 0x50, 0x0,
    0x0, 0x1f, 0xff, 0x30, 0x0,

    /* U+0058 "X" */
    0x1e, 0xfc, 0x0, 0x0, 0x0, 0x9f, 0xf1, 0x7,
    0xff, 0x40, 0x0, 0x1, 0xff, 0x80, 0x0, 0xef,
    0xc0, 0x0, 0x9, 0xfe, 0x0, 0x0, 0x5f, 0xf4,
    0x0, 0x1f, 0xf6, 0x0, 0x0, 0xc, 0xfc, 0x0,
    0x9f, 0xd0, 0x0, 0x0, 0x4, 0xff, 0x51, 0xff,
    0x50, 0x0, 0x0, 0x0, 0xbf, 0xc8, 0xfc, 0x0,
    0x0, 0x0, 0x0, 0x2f, 0xff, 0xf4, 0x0, 0x0,
    0x0, 0x0, 0xa, 0xff, 0xb0, 0x0, 0x0, 0x0,
    0x0, 0xe, 0xff, 0xe0, 0x0, 0x0, 0x0, 0x0,
    0x7f, 0xdf, 0xf7, 0x0, 0x0, 0x0, 0x1, 0xff,
    0x58, 0xff, 0x10, 0x0, 0x0, 0x9, 0xfd, 0x1,
    0xef, 0x90, 0x0, 0x0, 0x2f, 0xf5, 0x0, 0x7f,
    0xf2, 0x0, 0x0, 0xaf, 0xd0, 0x0, 0xe, 0xfb,
    0x0, 0x3, 0xff, 0x50, 0x0, 0x7, 0xff, 0x40,
    0xc, 0xfc, 0x0, 0x0, 0x0, 0xef, 0xd0, 0x5f,
    0xf4, 0x0, 0x0, 0x0, 0x6f, 0xf6,

    /* U+0059 "Y" */
    0xc, 0xfd, 0x0, 0x0, 0x0, 0xc, 0xfd, 0x0,
    0x5f, 0xf4, 0x0, 0x0, 0x3, 0xff, 0x50, 0x0,
    0xdf, 0xb0, 0x0, 0x0, 0xaf, 0xd0, 0x0, 0x6,
    0xff, 0x20, 0x0, 0x1f, 0xf6, 0x0, 0x0, 0xe,
    0xf9, 0x0, 0x8, 0xfe, 0x0, 0x0, 0x0, 0x6f,
    0xf0, 0x0, 0xef, 0x60, 0x0, 0x0, 0x0, 0xef,
    0x60, 0x5f, 0xe0, 0x0, 0x0, 0x0, 0x7, 0xfd,
    0xd, 0xf7, 0x0, 0x0, 0x0, 0x0, 0xf, 0xf9,
    0xff, 0x10, 0x0, 0x0, 0x0, 0x0, 0x8f, 0xff,
    0x80, 0x0, 0x0, 0x0, 0x0, 0x1, 0xff, 0xf1,
    0x0, 0x0, 0x0, 0x0, 0x0, 0xc, 0xfc, 0x0,
    0x0, 0x0, 0x0, 0x0, 0x0, 0xcf, 0xc0, 0x0,
    0x0, 0x0, 0x0, 0x0, 0xc, 0xfc, 0x0, 0x0,
    0x0, 0x0, 0x0, 0x0, 0xcf, 0xc0, 0x0, 0x0,
    0x0, 0x0, 0x0, 0xc, 0xfc, 0x0, 0x0, 0x0,
    0x0, 0x0, 0x0, 0xcf, 0xc0, 0x0, 0x0, 0x0,
    0x0, 0x0, 0xc, 0xfc, 0x0, 0x0, 0x0,

    /* U+005A "Z" */
    0xf, 0xff, 0xff, 0xff, 0xff, 0xff, 0x50, 0xff,
    0xff, 0xff, 0xff, 0xff, 0xf4, 0x3, 0x33, 0x33,
    0x33, 0x4f, 0xfb, 0x0, 0x0, 0x0, 0x0, 0x9,
    0xff, 0x10, 0x0, 0x0, 0x0, 0x4, 0xff, 0x60,
    0x0, 0x0, 0x0, 0x0, 0xdf, 0xc0, 0x0, 0x0,
    0x0, 0x0, 0x8f, 0xf2, 0x0, 0x0, 0x0, 0x0,
    0x2f, 0xf8, 0x0, 0x0, 0x0, 0x0, 0xc, 0xfd,
    0x0, 0x0, 0x0, 0x0, 0x6, 0xff, 0x40, 0x0,
    0x0, 0x0, 0x1, 0xff, 0xa0, 0x0, 0x0, 0x0,
    0x0, 0xbf, 0xe1, 0x0, 0x0, 0x0, 0x0, 0x5f,
    0xf5, 0x0, 0x0, 0x0, 0x0, 0x1e, 0xfb, 0x0,
    0x0, 0x0, 0x0, 0x9, 0xff, 0x10, 0x0, 0x0,
    0x0, 0x4, 0xff, 0x93, 0x33, 0x33, 0x33, 0x31,
    0xcf, 0xff, 0xff, 0xff, 0xff, 0xff, 0x6d, 0xff,
    0xff, 0xff, 0xff, 0xff, 0xf6,

    /* U+005B "[" */
    0x7f, 0xff, 0xf7, 0x7f, 0xa7, 0x73, 0x7f, 0x60,
    0x0, 0x7f, 0x60, 0x0, 0x7f, 0x60, 0x0, 0x7f,
    0x60, 0x0, 0x7f, 0x60, 0x0, 0x7f, 0x60, 0x0,
    0x7f, 0x60, 0x0, 0x7f, 0x60, 0x0, 0x7f, 0x60,
    0x0, 0x7f, 0x60, 0x0, 0x7f, 0x60, 0x0, 0x7f,
    0x60, 0x0, 0x7f, 0x60, 0x0, 0x7f, 0x60, 0x0,
    0x7f, 0x60, 0x0, 0x7f, 0x60, 0x0, 0x7f, 0x60,
    0x0, 0x7f, 0x60, 0x0, 0x7f, 0x60, 0x0, 0x7f,
    0x60, 0x0, 0x7f, 0x71, 0x10, 0x7f, 0xff, 0xf7,
    0x24, 0x44, 0x42,

    /* U+005C "\\" */
    0x6f, 0x50, 0x0, 0x0, 0x0, 0x2f, 0x90, 0x0,
    0x0, 0x0, 0xd, 0xe0, 0x0, 0x0, 0x0, 0x9,
    0xf2, 0x0, 0x0, 0x0, 0x4, 0xf7, 0x0, 0x0,
    0x0, 0x0, 0xfb, 0x0, 0x0, 0x0, 0x0, 0xbf,
    0x0, 0x0, 0x0, 0x0, 0x7f, 0x40, 0x0, 0x0,
    0x0, 0x2f, 0x90, 0x0, 0x0, 0x0, 0xe, 0xd0,
    0x0, 0x0, 0x0, 0x9, 0xf2, 0x0, 0x0, 0x0,
    0x5, 0xf6, 0x0, 0x0, 0x0, 0x0, 0xfb, 0x0,
    0x0, 0x0, 0x0, 0xcf, 0x0, 0x0, 0x0, 0x0,
    0x7f, 0x40, 0x0, 0x0, 0x0, 0x3f, 0x80, 0x0,
    0x0, 0x0, 0xe, 0xd0, 0x0, 0x0, 0x0, 0xa,
    0xf1, 0x0, 0x0, 0x0, 0x5, 0xf6, 0x0, 0x0,
    0x0, 0x1, 0xfb, 0x0, 0x0, 0x0, 0x0, 0xcf,
    0x0, 0x0, 0x0, 0x0, 0x8f, 0x40, 0x0, 0x0,
    0x0, 0x3f, 0x80, 0x0, 0x0, 0x0, 0xe, 0xd0,
    0x0, 0x0, 0x0, 0x5, 0x70,

    /* U+005D "]" */
    0x1f, 0xff, 0xfd, 0x7, 0x77, 0xfd, 0x0, 0x0,
    0xfd, 0x0, 0x0, 0xfd, 0x0, 0x0, 0xfd, 0x0,
    0x0, 0xfd, 0x0, 0x0, 0xfd, 0x0, 0x0, 0xfd,
    0x0, 0x0, 0xfd, 0x0, 0x0, 0xfd, 0x0, 0x0,
    0xfd, 0x0, 0x0, 0xfd, 0x0, 0x0, 0xfd, 0x0,
    0x0, 0xfd, 0x0, 0x0, 0xfd, 0x0, 0x0, 0xfd,
    0x0, 0x0, 0xfd, 0x0, 0x0, 0xfd, 0x0, 0x0,
    0xfd, 0x0, 0x0, 0xfd, 0x0, 0x0, 0xfd, 0x0,
    0x0, 0xfd, 0x1, 0x12, 0xfd, 0x1f, 0xff, 0xfd,
    0x4, 0x44, 0x43,

    /* U+005E "^" */
    0x0, 0x0, 0x8f, 0xf0, 0x0, 0x0, 0x0, 0xd,
    0xff, 0x60, 0x0, 0x0, 0x4, 0xfd, 0xfc, 0x0,
    0x0, 0x0, 0x9f, 0x5d, 0xf2, 0x0, 0x0, 0xf,
    0xf0, 0x7f, 0x80, 0x0, 0x5, 0xfa, 0x2, 0xfd,
    0x0, 0x0, 0xbf, 0x40, 0xc, 0xf4, 0x0, 0x1f,
    0xe0, 0x0, 0x7f, 0x90, 0x7, 0xf9, 0x0, 0x1,
    0xff, 0x0, 0xdf, 0x30, 0x0, 0xb, 0xf5, 0x3f,
    0xe0, 0x0, 0x0, 0x6f, 0xb0,

    /* U+005F "_" */
    0x7a, 0xaa, 0xaa, 0xaa, 0xaa, 0xaa, 0xa1, 0xbf,
    0xff, 0xff, 0xff, 0xff, 0xff, 0xf2,

    /* U+0060 "`" */
    0x0, 0x0, 0x0, 0x9, 0x70, 0x0, 0x7f, 0xf5,
    0x0, 0xc, 0xff, 0x20, 0x0, 0xcf, 0xd1, 0x0,
    0xc, 0xfa, 0x0, 0x0, 0xb2,

    /* U+0061 "a" */
    0x0, 0x28, 0xdf, 0xfd, 0x70, 0x0, 0x9f, 0xff,
    0xff, 0xff, 0x90, 0xa, 0xf9, 0x41, 0x3b, 0xff,
    0x30, 0x22, 0x0, 0x0, 0xf, 0xf8, 0x0, 0x0,
    0x0, 0x0, 0xcf, 0xb0, 0x0, 0x1, 0x58, 0xbe,
    0xfc, 0x0, 0x4b, 0xff, 0xff, 0xff, 0xc0, 0x8f,
    0xfb, 0x52, 0xb, 0xfc, 0x4f, 0xf6, 0x0, 0x0,
    0xbf, 0xc8, 0xfd, 0x0, 0x0, 0xb, 0xfc, 0x9f,
    0xd0, 0x0, 0x1, 0xdf, 0xc6, 0xff, 0x71, 0x16,
    0xef, 0xfc, 0xd, 0xff, 0xff, 0xfc, 0x8f, 0xc0,
    0x1a, 0xff, 0xd6, 0x4, 0xfc,

    /* U+0062 "b" */
    0xdf, 0xa0, 0x0, 0x0, 0x0, 0x0, 0xdf, 0xa0,
    0x0, 0x0, 0x0, 0x0, 0xdf, 0xa0, 0x0, 0x0,
    0x0, 0x0, 0xdf, 0xa0, 0x0, 0x0, 0x0, 0x0,
    0xdf, 0xa0, 0x0, 0x0, 0x0, 0x0, 0xdf, 0x90,
    0x0, 0x0, 0x0, 0x0, 0xdf, 0x90, 0x7d, 0xfe,
    0xa1, 0x0, 0xdf, 0xbd, 0xff, 0xff, 0xfe, 0x20,
    0xdf, 0xff, 0x73, 0x38, 0xff, 0xc0, 0xdf, 0xd2,
    0x0, 0x0, 0x8f, 0xf4, 0xdf, 0xa0, 0x0, 0x0,
    0x1f, 0xf8, 0xdf, 0xa0, 0x0, 0x0, 0xe, 0xfb,
    0xdf, 0xa0, 0x0, 0x0, 0xc, 0xfc, 0xdf, 0xa0,
    0x0, 0x0, 0xd, 0xfc, 0xdf, 0xa0, 0x0, 0x0,
    0xf, 0xfa, 0xdf, 0xa0, 0x0, 0x0, 0x4f, 0xf6,
    0xdf, 0xb0, 0x0, 0x0, 0xcf, 0xf1, 0xdf, 0xfc,
    0x52, 0x4c, 0xff, 0x70, 0xdf, 0xaf, 0xff, 0xff,
    0xfa, 0x0, 0xdf, 0x22, 0xaf, 0xfc, 0x50, 0x0,

    /* U+0063 "c" */
    0x0, 0x3, 0xae, 0xfe, 0xa2, 0x0, 0x8, 0xff,
    0xff, 0xff, 0xf2, 0x6, 0xff, 0xd5, 0x23, 0xbb,
    0x1, 0xff, 0xd0, 0x0, 0x0, 0x0, 0x7f, 0xf4,
    0x0, 0x0, 0x0, 0xa, 0xfe, 0x0, 0x0, 0x0,
    0x0, 0xcf, 0xc0, 0x0, 0x0, 0x0, 0xc, 0xfc,
    0x0, 0x0, 0x0, 0x0, 0xaf, 0xe0, 0x0, 0x0,
    0x0, 0x7, 0xff, 0x30, 0x0, 0x0, 0x0, 0x1f,
    0xfc, 0x0, 0x0, 0x2, 0x0, 0x8f, 0xfc, 0x52,
    0x3a, 0xf2, 0x0, 0xaf, 0xff, 0xff, 0xff, 0x50,
    0x0, 0x4b, 0xef, 0xe9, 0x20,

    /* U+0064 "d" */
    0x0, 0x0, 0x0, 0x0, 0x9, 0xfd, 0x0, 0x0,
    0x0, 0x0, 0x9, 0xfd, 0x0, 0x0, 0x0, 0x0,
    0x9, 0xfd, 0x0, 0x0, 0x0, 0x0, 0x9, 0xfd,
    0x0, 0x0, 0x0, 0x0, 0x9, 0xfd, 0x0, 0x0,
    0x0, 0x0, 0x9, 0xfd, 0x0, 0x5, 0xcf, 0xfb,
    0x38, 0xfd, 0x0, 0xaf, 0xff, 0xff, 0xfd, 0xfd,
    0x8, 0xff, 0xc4, 0x25, 0xcf, 0xfd, 0x1f, 0xfc,
    0x0, 0x0, 0xb, 0xfd, 0x7f, 0xf4, 0x0, 0x0,
    0x9, 0xfd, 0xaf, 0xf0, 0x0, 0x0, 0x9, 0xfd,
    0xcf, 0xd0, 0x0, 0x0, 0x9, 0xfd, 0xcf, 0xd0,
    0x0, 0x0, 0x9, 0xfd, 0xbf, 0xe0, 0x0, 0x0,
    0x9, 0xfd, 0x8f, 0xf2, 0x0, 0x0, 0x9, 0xfd,
    0x3f, 0xfa, 0x0, 0x0, 0x1d, 0xfd, 0xb, 0xff,
    0xa3, 0x36, 0xef, 0xfd, 0x1, 0xef, 0xff, 0xff,
    0xe9, 0xfd, 0x0, 0x18, 0xef, 0xe9, 0x13, 0xfd,

    /* U+0065 "e" */
    0x0, 0x4, 0xbf, 0xfd, 0x70, 0x0, 0x0, 0x9f,
    0xff, 0xff, 0xfc, 0x0, 0x7, 0xff, 0x82, 0x15,
    0xef, 0x80, 0x1f, 0xf8, 0x0, 0x0, 0x4f, 0xf0,
    0x7f, 0xe0, 0x0, 0x0, 0xe, 0xf4, 0xaf, 0xa0,
    0x0, 0x0, 0xc, 0xf6, 0xcf, 0xff, 0xff, 0xff,
    0xff, 0xf6, 0xcf, 0xfd, 0xdd, 0xdd, 0xdd, 0xd4,
    0xaf, 0xb0, 0x0, 0x0, 0x0, 0x0, 0x7f, 0xf1,
    0x0, 0x0, 0x0, 0x0, 0x1f, 0xfa, 0x0, 0x0,
    0x0, 0x0, 0x7, 0xff, 0xb3, 0x1, 0x4b, 0x50,
    0x0, 0x8f, 0xff, 0xff, 0xff, 0xa0, 0x0, 0x3,
    0xae, 0xff, 0xb5, 0x0,

    /* U+0066 "f" */
    0x0, 0x0, 0x0, 0x10, 0x0, 0x0, 0x9, 0xff,
    0xf8, 0x0, 0xb, 0xff, 0xff, 0x70, 0x2, 0xff,
    0xa0, 0x11, 0x0, 0x6f, 0xf2, 0x0, 0x0, 0x7,
    0xff, 0x0, 0x0, 0x0, 0x7f, 0xf0, 0x0, 0x3,
    0xef, 0xff, 0xff, 0xc0, 0x3f, 0xff, 0xff, 0xfc,
    0x0, 0x17, 0xff, 0x11, 0x0, 0x0, 0x7f, 0xf0,
    0x0, 0x0, 0x7, 0xff, 0x0, 0x0, 0x0, 0x7f,
    0xf0, 0x0, 0x0, 0x7, 0xff, 0x0, 0x0, 0x0,
    0x7f, 0xf0, 0x0, 0x0, 0x7, 0xff, 0x0, 0x0,
    0x0, 0x7f, 0xf0, 0x0, 0x0, 0x7, 0xff, 0x0,
    0x0, 0x0, 0x7f, 0xf0, 0x0, 0x0, 0x7, 0xff,
    0x0, 0x0, 0x0, 0x7f, 0xf0, 0x0, 0x0,

    /* U+0067 "g" */
    0x0, 0x19, 0xef, 0xff, 0xff, 0xff, 0x20, 0x2e,
    0xff, 0xdf, 0xff, 0xff, 0xf1, 0xc, 0xfd, 0x20,
    0xa, 0xfe, 0x0, 0x3, 0xff, 0x40, 0x0, 0xf,
    0xf5, 0x0, 0x5f, 0xf0, 0x0, 0x0, 0xcf, 0x70,
    0x5, 0xff, 0x10, 0x0, 0xc, 0xf7, 0x0, 0x1f,
    0xf6, 0x0, 0x1, 0xff, 0x30, 0x0, 0x8f, 0xe4,
    0x2, 0xcf, 0xc0, 0x0, 0x0, 0xdf, 0xff, 0xff,
    0xd1, 0x0, 0x0, 0x7f, 0x88, 0xba, 0x50, 0x0,
    0x0, 0xf, 0xf0, 0x0, 0x0, 0x0, 0x0, 0x0,
    0xff, 0x72, 0x11, 0x10, 0x0, 0x0, 0x9, 0xff,
    0xff, 0xff, 0xfe, 0x91, 0x0, 0x4f, 0xef, 0xff,
    0xff, 0xff, 0xd0, 0x3f, 0xd0, 0x0, 0x0, 0x19,
    0xff, 0x4a, 0xf6, 0x0, 0x0, 0x0, 0x1f, 0xf5,
    0xcf, 0x60, 0x0, 0x0, 0x5, 0xff, 0x19, 0xfe,
    0x40, 0x0, 0x5, 0xff, 0x90, 0x1d, 0xff, 0xec,
    0xce, 0xff, 0x90, 0x0, 0x7, 0xce, 0xff, 0xd9,
    0x30, 0x0,

    /* U+0068 "h" */
    0xdf, 0xa0, 0x0, 0x0, 0x0, 0xd, 0xfa, 0x0,
    0x0, 0x0, 0x0, 0xdf, 0xa0, 0x0, 0x0, 0x0,
    0xd, 0xfa, 0x0, 0x0, 0x0, 0x0, 0xdf, 0xa0,
    0x0, 0x0, 0x0, 0xd, 0xf9, 0x0, 0x0, 0x0,
    0x0, 0xdf, 0x90, 0x6c, 0xff, 0xb2, 0xd, 0xf9,
    0xaf, 0xff, 0xff, 0xe0, 0xdf, 0xff, 0xa4, 0x4b,
    0xff, 0x6d, 0xff, 0x50, 0x0, 0xe, 0xfa, 0xdf,
    0xa0, 0x0, 0x0, 0xbf, 0xcd, 0xfa, 0x0, 0x0,
    0xa, 0xfd, 0xdf, 0xa0, 0x0, 0x0, 0xaf, 0xdd,
    0xfa, 0x0, 0x0, 0xa, 0xfd, 0xdf, 0xa0, 0x0,
    0x0, 0xaf, 0xdd, 0xfa, 0x0, 0x0, 0xa, 0xfd,
    0xdf, 0xa0, 0x0, 0x0, 0xaf, 0xdd, 0xfa, 0x0,
    0x0, 0xa, 0xfd, 0xdf, 0xa0, 0x0, 0x0, 0xaf,
    0xdd, 0xfa, 0x0, 0x0, 0xa, 0xfd,

    /* U+0069 "i" */
    0xb, 0xf8, 0x2f, 0xff, 0xd, 0xfb, 0x0, 0x30,
    0x0, 0x0, 0x0, 0x0, 0xd, 0xfa, 0xd, 0xfa,
    0xd, 0xfa, 0xd, 0xfa, 0xd, 0xfa, 0xd, 0xfa,
    0xd, 0xfa, 0xd, 0xfa, 0xd, 0xfa, 0xd, 0xfa,
    0xd, 0xfa, 0xd, 0xfa, 0xd, 0xfa, 0xd, 0xfa,

    /* U+006A "j" */
    0x0, 0x0, 0xbf, 0x80, 0x0, 0x2f, 0xff, 0x0,
    0x0, 0xef, 0xa0, 0x0, 0x0, 0x30, 0x0, 0x0,
    0x0, 0x0, 0x0, 0x0, 0x0, 0x0, 0x0, 0xdf,
    0xa0, 0x0, 0xd, 0xfa, 0x0, 0x0, 0xdf, 0xa0,
    0x0, 0xd, 0xfa, 0x0, 0x0, 0xdf, 0xa0, 0x0,
    0xd, 0xfa, 0x0, 0x0, 0xdf, 0xa0, 0x0, 0xd,
    0xfa, 0x0, 0x0, 0xdf, 0xa0, 0x0, 0xd, 0xfa,
    0x0, 0x0, 0xdf, 0xa0, 0x0, 0xd, 0xfa, 0x0,
    0x0, 0xdf, 0xa0, 0x0, 0xd, 0xfa, 0x0, 0x0,
    0xdf, 0xa0, 0x0, 0xd, 0xfa, 0x0, 0x0, 0xff,
    0x90, 0x21, 0x6f, 0xf5, 0xd, 0xff, 0xfd, 0x0,
    0xdf, 0xfb, 0x20,

    /* U+006B "k" */
    0xdf, 0x90, 0x0, 0x0, 0x0, 0x0, 0xdf, 0x90,
    0x0, 0x0, 0x0, 0x0, 0xdf, 0x90, 0x0, 0x0,
    0x0, 0x0, 0xdf, 0x90, 0x0, 0x0, 0x0, 0x0,
    0xdf, 0x90, 0x0, 0x0, 0x0, 0x0, 0xdf, 0x90,
    0x0, 0x0, 0x0, 0x0, 0xdf, 0x90, 0x0, 0x5,
    0xff, 0x60, 0xdf, 0x90, 0x0, 0x2f, 0xf9, 0x0,
    0xdf, 0x90, 0x0, 0xdf, 0xc0, 0x0, 0xdf, 0x90,
    0x9, 0xfe, 0x20, 0x0, 0xdf, 0x90, 0x5f, 0xf4,
    0x0, 0x0, 0xdf, 0x92, 0xff, 0x90, 0x0, 0x0,
    0xdf, 0x9d, 0xff, 0xd0, 0x0, 0x0, 0xdf, 0xff,
    0xdf, 0xf6, 0x0, 0x0, 0xdf, 0xfe, 0x28, 0xff,
    0x10, 0x0, 0xdf, 0xf4, 0x0, 0xef, 0xa0, 0x0,
    0xdf, 0xa0, 0x0, 0x5f, 0xf3, 0x0, 0xdf, 0x90,
    0x0, 0xc, 0xfc, 0x0, 0xdf, 0x90, 0x0, 0x3,
    0xff, 0x60, 0xdf, 0x90, 0x0, 0x0, 0xaf, 0xe1,

    /* U+006C "l" */
    0xdf, 0xa0, 0xd, 0xfa, 0x0, 0xdf, 0xa0, 0xd,
    0xfa, 0x0, 0xdf, 0xa0, 0xd, 0xfa, 0x0, 0xdf,
    0xa0, 0xd, 0xfa, 0x0, 0xdf, 0xa0, 0xd, 0xfa,
    0x0, 0xdf, 0xa0, 0xd, 0xfa, 0x0, 0xdf, 0xa0,
    0xd, 0xfa, 0x0, 0xdf, 0xa0, 0xd, 0xfa, 0x0,
    0xdf, 0xa0, 0xc, 0xfc, 0x10, 0x9f, 0xfd, 0x1,
    0xcf, 0xe0,

    /* U+006D "m" */
    0xdf, 0x30, 0x6d, 0xfe, 0x80, 0x0, 0x7d, 0xfe,
    0x70, 0xd, 0xf5, 0xbf, 0xff, 0xff, 0x90, 0xbf,
    0xff, 0xff, 0x80, 0xdf, 0xff, 0x94, 0x5e, 0xff,
    0xcf, 0x84, 0x6e, 0xff, 0xd, 0xff, 0x50, 0x0,
    0x4f, 0xff, 0x40, 0x0, 0x6f, 0xf4, 0xdf, 0xa0,
    0x0, 0x0, 0xff, 0x80, 0x0, 0x1, 0xff, 0x6d,
    0xfa, 0x0, 0x0, 0xf, 0xf8, 0x0, 0x0, 0xf,
    0xf7, 0xdf, 0xa0, 0x0, 0x0, 0xff, 0x80, 0x0,
    0x0, 0xff, 0x7d, 0xfa, 0x0, 0x0, 0xf, 0xf8,
    0x0, 0x0, 0xf, 0xf7, 0xdf, 0xa0, 0x0, 0x0,
    0xff, 0x80, 0x0, 0x0, 0xff, 0x7d, 0xfa, 0x0,
    0x0, 0xf, 0xf8, 0x0, 0x0, 0xf, 0xf7, 0xdf,
    0xa0, 0x0, 0x0, 0xff, 0x80, 0x0, 0x0, 0xff,
    0x7d, 0xfa, 0x0, 0x0, 0xf, 0xf8, 0x0, 0x0,
    0xf, 0xf7, 0xdf, 0xa0, 0x0, 0x0, 0xff, 0x80,
    0x0, 0x0, 0xff, 0x7d, 0xfa, 0x0, 0x0, 0xf,
    0xf8, 0x0, 0x0, 0xf, 0xf7,

    /* U+006E "n" */
    0xdf, 0x30, 0x5c, 0xff, 0xb2, 0xd, 0xf5, 0xaf,
    0xff, 0xff, 0xe0, 0xdf, 0xff, 0xa4, 0x4b, 0xff,
    0x6d, 0xff, 0x50, 0x0, 0xe, 0xfa, 0xdf, 0xa0,
    0x0, 0x0, 0xbf, 0xcd, 0xfa, 0x0, 0x0, 0xa,
    0xfd, 0xdf, 0xa0, 0x0, 0x0, 0xaf, 0xdd, 0xfa,
    0x0, 0x0, 0xa, 0xfd, 0xdf, 0xa0, 0x0, 0x0,
    0xaf, 0xdd, 0xfa, 0x0, 0x0, 0xa, 0xfd, 0xdf,
    0xa0, 0x0, 0x0, 0xaf, 0xdd, 0xfa, 0x0, 0x0,
    0xa, 0xfd, 0xdf, 0xa0, 0x0, 0x0, 0xaf, 0xdd,
    0xfa, 0x0, 0x0, 0xa, 0xfd,

    /* U+006F "o" */
    0x0, 0x4, 0xbe, 0xfe, 0x91, 0x0, 0x0, 0x9,
    0xff, 0xff, 0xff, 0xf4, 0x0, 0x7, 0xff, 0xb3,
    0x25, 0xef, 0xf2, 0x1, 0xff, 0xb0, 0x0, 0x2,
    0xff, 0xb0, 0x7f, 0xf2, 0x0, 0x0, 0x8, 0xff,
    0x1a, 0xfe, 0x0, 0x0, 0x0, 0x4f, 0xf5, 0xcf,
    0xc0, 0x0, 0x0, 0x2, 0xff, 0x6c, 0xfc, 0x0,
    0x0, 0x0, 0x2f, 0xf6, 0xaf, 0xe0, 0x0, 0x0,
    0x4, 0xff, 0x57, 0xff, 0x20, 0x0, 0x0, 0x8f,
    0xf1, 0x1f, 0xfb, 0x0, 0x0, 0x1f, 0xfb, 0x0,
    0x7f, 0xfb, 0x32, 0x5e, 0xff, 0x20, 0x0, 0x9f,
    0xff, 0xff, 0xff, 0x40, 0x0, 0x0, 0x4b, 0xef,
    0xd9, 0x10, 0x0,

    /* U+0070 "p" */
    0xdf, 0x30, 0x8d, 0xfe, 0xa2, 0x0, 0xdf, 0x9e,
    0xff, 0xff, 0xff, 0x30, 0xdf, 0xff, 0x73, 0x38,
    0xff, 0xd0, 0xdf, 0xe2, 0x0, 0x0, 0x8f, 0xf4,
    0xdf, 0xa0, 0x0, 0x0, 0x1f, 0xf8, 0xdf, 0xa0,
    0x0, 0x0, 0xe, 0xfb, 0xdf, 0xa0, 0x0, 0x0,
    0xc, 0xfc, 0xdf, 0xa0, 0x0, 0x0, 0xd, 0xfc,
    0xdf, 0xa0, 0x0, 0x0, 0xf, 0xfa, 0xdf, 0xa0,
    0x0, 0x0, 0x4f, 0xf6, 0xdf, 0xb0, 0x0, 0x0,
    0xcf, 0xf1, 0xdf, 0xfc, 0x62, 0x4c, 0xff, 0x70,
    0xdf, 0xdf, 0xff, 0xff, 0xfa, 0x0, 0xdf, 0x92,
    0xaf, 0xfc, 0x50, 0x0, 0xdf, 0x90, 0x0, 0x0,
    0x0, 0x0, 0xdf, 0xa0, 0x0, 0x0, 0x0, 0x0,
    0xdf, 0xa0, 0x0, 0x0, 0x0, 0x0, 0xdf, 0xa0,
    0x0, 0x0, 0x0, 0x0, 0xdf, 0xa0, 0x0, 0x0,
    0x0, 0x0, 0xdf, 0xa0, 0x0, 0x0, 0x0, 0x0,

    /* U+0071 "q" */
    0x0, 0x5, 0xcf, 0xfb, 0x42, 0xfd, 0x0, 0xaf,
    0xff, 0xff, 0xfc, 0xfd, 0x8, 0xff, 0xc4, 0x25,
    0xcf, 0xfd, 0x1f, 0xfc, 0x0, 0x0, 0xb, 0xfd,
    0x7f, 0xf4, 0x0, 0x0, 0x9, 0xfd, 0xaf, 0xf0,
    0x0, 0x0, 0x9, 0xfd, 0xcf, 0xd0, 0x0, 0x0,
    0x9, 0xfd, 0xcf, 0xd0, 0x0, 0x0, 0x9, 0xfd,
    0xbf, 0xe0, 0x0, 0x0, 0x9, 0xfd, 0x8f, 0xf2,
    0x0, 0x0, 0x9, 0xfd, 0x3f, 0xfa, 0x0, 0x0,
    0x1d, 0xfd, 0xb, 0xff, 0xa3, 0x36, 0xef, 0xfd,
    0x1, 0xef, 0xff, 0xff, 0xeb, 0xfd, 0x0, 0x18,
    0xef, 0xe9, 0x19, 0xfd, 0x0, 0x0, 0x0, 0x0,
    0x9, 0xfd, 0x0, 0x0, 0x0, 0x0, 0x9, 0xfd,
    0x0, 0x0, 0x0, 0x0, 0x9, 0xfd, 0x0, 0x0,
    0x0, 0x0, 0x9, 0xfd, 0x0, 0x0, 0x0, 0x0,
    0x9, 0xfd, 0x0, 0x0, 0x0, 0x0, 0x9, 0xfd,

    /* U+0072 "r" */
    0xdf, 0x30, 0x7e, 0xf8, 0xdf, 0x4a, 0xff, 0xf5,
    0xdf, 0xbf, 0xc5, 0x51, 0xdf, 0xfa, 0x0, 0x0,
    0xdf, 0xf1, 0x0, 0x0, 0xdf, 0xa0, 0x0, 0x0,
    0xdf, 0xa0, 0x0, 0x0, 0xdf, 0xa0, 0x0, 0x0,
    0xdf, 0xa0, 0x0, 0x0, 0xdf, 0xa0, 0x0, 0x0,
    0xdf, 0xa0, 0x0, 0x0, 0xdf, 0xa0, 0x0, 0x0,
    0xdf, 0xa0, 0x0, 0x0, 0xdf, 0xa0, 0x0, 0x0,

    /* U+0073 "s" */
    0x0, 0x7, 0xdf, 0xfd, 0x70, 0x0, 0xb, 0xff,
    0xff, 0xff, 0xe0, 0x4, 0xff, 0x70, 0x3, 0xc8,
    0x0, 0x8f, 0xd0, 0x0, 0x0, 0x0, 0x7, 0xff,
    0x10, 0x0, 0x0, 0x0, 0x1f, 0xfe, 0x71, 0x0,
    0x0, 0x0, 0x3d, 0xff, 0xfa, 0x30, 0x0, 0x0,
    0x6, 0xdf, 0xff, 0x60, 0x0, 0x0, 0x0, 0x3c,
    0xff, 0x30, 0x0, 0x0, 0x0, 0xf, 0xf7, 0x2,
    0x20, 0x0, 0x0, 0xef, 0x70, 0xcf, 0x82, 0x1,
    0x8f, 0xf3, 0xa, 0xff, 0xff, 0xff, 0xf8, 0x0,
    0x3, 0xae, 0xff, 0xc5, 0x0,

    /* U+0074 "t" */
    0x0, 0x1f, 0xf0, 0x0, 0x0, 0x2, 0xff, 0x0,
    0x0, 0x0, 0x3f, 0xf0, 0x0, 0x0, 0x4, 0xff,
    0x0, 0x0, 0x6f, 0xff, 0xff, 0xff, 0x86, 0xff,
    0xff, 0xff, 0xf8, 0x0, 0x7f, 0xf0, 0x0, 0x0,
    0x7, 0xff, 0x0, 0x0, 0x0, 0x7f, 0xf0, 0x0,
    0x0, 0x7, 0xff, 0x0, 0x0, 0x0, 0x7f, 0xf0,
    0x0, 0x0, 0x7, 0xff, 0x0, 0x0, 0x0, 0x7f,
    0xf0, 0x0, 0x0, 0x6, 0xff, 0x0, 0x0, 0x0,
    0x5f, 0xf2, 0x0, 0x0, 0x2, 0xff, 0xb2, 0x22,
    0x0, 0xb, 0xff, 0xff, 0xa0, 0x0, 0x9, 0xef,
    0xe8,

    /* U+0075 "u" */
    0xf, 0xf7, 0x0, 0x0, 0xe, 0xf9, 0xf, 0xf7,
    0x0, 0x0, 0xe, 0xf9, 0xf, 0xf7, 0x0, 0x0,
    0xe, 0xf9, 0xf, 0xf7, 0x0, 0x0, 0xe, 0xf9,
    0xf, 0xf7, 0x0, 0x0, 0xe, 0xf9, 0xf, 0xf7,
    0x0, 0x0, 0xe, 0xf9, 0xf, 0xf7, 0x0, 0x0,
    0xe, 0xf9, 0xf, 0xf7, 0x0, 0x0, 0xe, 0xf9,
    0xf, 0xf7, 0x0, 0x0, 0xe, 0xf9, 0xf, 0xf8,
    0x0, 0x0, 0xe, 0xf9, 0xe, 0xfc, 0x0, 0x0,
    0xaf, 0xf9, 0x9, 0xff, 0x94, 0x5c, 0xfe, 0xf9,
    0x2, 0xff, 0xff, 0xff, 0x68, 0xf9, 0x0, 0x3c,
    0xff, 0xb3, 0x7, 0xf9,

    /* U+0076 "v" */
    0x8f, 0xf0, 0x0, 0x0, 0x1, 0xff, 0x52, 0xff,
    0x50, 0x0, 0x0, 0x6f, 0xf0, 0xd, 0xfa, 0x0,
    0x0, 0xb, 0xfa, 0x0, 0x8f, 0xe0, 0x0, 0x0,
    0xff, 0x50, 0x2, 0xff, 0x30, 0x0, 0x5f, 0xf0,
    0x0, 0xd, 0xf8, 0x0, 0x9, 0xfa, 0x0, 0x0,
    0x8f, 0xd0, 0x0, 0xef, 0x50, 0x0, 0x2, 0xff,
    0x10, 0x3f, 0xf0, 0x0, 0x0, 0xd, 0xf6, 0x8,
    0xfb, 0x0, 0x0, 0x0, 0x8f, 0xb0, 0xcf, 0x50,
    0x0, 0x0, 0x2, 0xff, 0x2f, 0xf1, 0x0, 0x0,
    0x0, 0xd, 0xfa, 0xfb, 0x0, 0x0, 0x0, 0x0,
    0x8f, 0xff, 0x60, 0x0, 0x0, 0x0, 0x2, 0xff,
    0xf1, 0x0, 0x0,

    /* U+0077 "w" */
    0x3f, 0xf4, 0x0, 0x0, 0x7f, 0xf2, 0x0, 0x0,
    0x8f, 0xd0, 0xff, 0x80, 0x0, 0xb, 0xff, 0x60,
    0x0, 0xc, 0xf9, 0xb, 0xfc, 0x0, 0x0, 0xff,
    0xfa, 0x0, 0x0, 0xff, 0x50, 0x7f, 0xf0, 0x0,
    0x3f, 0x9f, 0xe0, 0x0, 0x3f, 0xf1, 0x3, 0xff,
    0x30, 0x7, 0xf5, 0xcf, 0x20, 0x7, 0xfd, 0x0,
    0xe, 0xf7, 0x0, 0xbf, 0x29, 0xf6, 0x0, 0xbf,
    0x90, 0x0, 0xbf, 0xb0, 0xf, 0xe0, 0x6f, 0xa0,
    0xe, 0xf5, 0x0, 0x6, 0xfe, 0x3, 0xfb, 0x2,
    0xfe, 0x2, 0xff, 0x10, 0x0, 0x2f, 0xf2, 0x6f,
    0x70, 0xe, 0xf2, 0x5f, 0xd0, 0x0, 0x0, 0xef,
    0x5a, 0xf3, 0x0, 0xaf, 0x59, 0xf9, 0x0, 0x0,
    0xa, 0xf8, 0xdf, 0x0, 0x6, 0xf9, 0xcf, 0x50,
    0x0, 0x0, 0x6f, 0xcf, 0xb0, 0x0, 0x2f, 0xdf,
    0xf1, 0x0, 0x0, 0x2, 0xff, 0xf7, 0x0, 0x0,
    0xef, 0xfd, 0x0, 0x0, 0x0, 0xe, 0xff, 0x30,
    0x0, 0xa, 0xff, 0x90, 0x0,

    /* U+0078 "x" */
    0x1e, 0xfa, 0x0, 0x0, 0x3f, 0xf4, 0x6, 0xff,
    0x30, 0x0, 0xbf, 0xb0, 0x0, 0xdf, 0xc0, 0x3,
    0xff, 0x30, 0x0, 0x4f, 0xf5, 0xc, 0xf9, 0x0,
    0x0, 0xa, 0xfd, 0x4f, 0xf1, 0x0, 0x0, 0x1,
    0xff, 0xef, 0x70, 0x0, 0x0, 0x0, 0x8f, 0xfe,
    0x0, 0x0, 0x0, 0x0, 0xdf, 0xfe, 0x0, 0x0,
    0x0, 0x6, 0xfd, 0xef, 0x90, 0x0, 0x0, 0x1e,
    0xf4, 0x5f, 0xf3, 0x0, 0x0, 0x9f, 0xc0, 0xc,
    0xfc, 0x0, 0x3, 0xff, 0x40, 0x3, 0xff, 0x60,
    0xc, 0xfc, 0x0, 0x0, 0xaf, 0xe1, 0x5f, 0xf3,
    0x0, 0x0, 0x1f, 0xf9,

    /* U+0079 "y" */
    0x8f, 0xf1, 0x0, 0x0, 0x1, 0xff, 0x52, 0xff,
    0x60, 0x0, 0x0, 0x6f, 0xf0, 0xc, 0xfb, 0x0,
    0x0, 0xa, 0xfa, 0x0, 0x6f, 0xf1, 0x0, 0x0,
    0xff, 0x50, 0x0, 0xff, 0x60, 0x0, 0x4f, 0xf0,
    0x0, 0xa, 0xfb, 0x0, 0x9, 0xfb, 0x0, 0x0,
    0x4f, 0xf1, 0x0, 0xdf, 0x50, 0x0, 0x0, 0xef,
    0x60, 0x2f, 0xf1, 0x0, 0x0, 0x8, 0xfb, 0x6,
    0xfb, 0x0, 0x0, 0x0, 0x2f, 0xf0, 0xbf, 0x60,
    0x0, 0x0, 0x0, 0xcf, 0x5f, 0xf1, 0x0, 0x0,
    0x0, 0x6, 0xfd, 0xfb, 0x0, 0x0, 0x0, 0x0,
    0x1f, 0xff, 0x60, 0x0, 0x0, 0x0, 0x0, 0xaf,
    0xf1, 0x0, 0x0, 0x0, 0x0, 0x9, 0xfc, 0x0,
    0x0, 0x0, 0x0, 0x0, 0xdf, 0x60, 0x0, 0x0,
    0x0, 0x0, 0x6f, 0xf1, 0x0, 0x0, 0x0, 0x21,
    0x6f, 0xf8, 0x0, 0x0, 0x0, 0xc, 0xff, 0xfc,
    0x0, 0x0, 0x0, 0x0, 0xdf, 0xe8, 0x0, 0x0,
    0x0, 0x0,

    /* U+007A "z" */
    0x6, 0xff, 0xff, 0xff, 0xff, 0xb0, 0x6f, 0xff,
    0xff, 0xff, 0xf9, 0x0, 0x11, 0x11, 0x1c, 0xfe,
    0x10, 0x0, 0x0, 0x5, 0xff, 0x50, 0x0, 0x0,
    0x1, 0xef, 0xb0, 0x0, 0x0, 0x0, 0x9f, 0xf1,
    0x0, 0x0, 0x0, 0x4f, 0xf6, 0x0, 0x0, 0x0,
    0xd, 0xfc, 0x0, 0x0, 0x0, 0x8, 0xff, 0x20,
    0x0, 0x0, 0x2, 0xff, 0x80, 0x0, 0x0, 0x0,
    0xcf, 0xd0, 0x0, 0x0, 0x0, 0x6f, 0xf5, 0x11,
    0x11, 0x11, 0x1f, 0xff, 0xff, 0xff, 0xff, 0xe2,
    0xff, 0xff, 0xff, 0xff, 0xfe,

    /* U+007B "{" */
    0x0, 0x1, 0xaf, 0xf7, 0x0, 0xa, 0xfd, 0x73,
    0x0, 0xe, 0xf2, 0x0, 0x0, 0xf, 0xf0, 0x0,
    0x0, 0xf, 0xf0, 0x0, 0x0, 0xf, 0xf0, 0x0,
    0x0, 0xe, 0xf1, 0x0, 0x0, 0xd, 0xf1, 0x0,
    0x0, 0xc, 0xf2, 0x0, 0x0, 0xd, 0xf1, 0x0,
    0x0, 0x2f, 0xf0, 0x0, 0xa, 0xff, 0x70, 0x0,
    0x1f, 0xfd, 0x20, 0x0, 0x0, 0x8f, 0xd0, 0x0,
    0x0, 0xe, 0xf1, 0x0, 0x0, 0xc, 0xf2, 0x0,
    0x0, 0xd, 0xf1, 0x0, 0x0, 0xe, 0xf1, 0x0,
    0x0, 0xf, 0xf0, 0x0, 0x0, 0xf, 0xf0, 0x0,
    0x0, 0xf, 0xf0, 0x0, 0x0, 0xf, 0xf1, 0x0,
    0x0, 0xc, 0xf9, 0x20, 0x0, 0x4, 0xff, 0xf7,
    0x0, 0x0, 0x3, 0x42,

    /* U+007C "|" */
    0x8f, 0x28, 0xf2, 0x8f, 0x28, 0xf2, 0x8f, 0x28,
    0xf2, 0x8f, 0x28, 0xf2, 0x8f, 0x28, 0xf2, 0x8f,
    0x28, 0xf2, 0x8f, 0x28, 0xf2, 0x8f, 0x28, 0xf2,
    0x8f, 0x28, 0xf2, 0x8f, 0x28, 0xf2, 0x8f, 0x28,
    0xf2, 0x8f, 0x28, 0xf2, 0x8f, 0x28, 0xf2, 0x8f,
    0x28, 0xf2,

    /* U+007D "}" */
    0x1f, 0xfc, 0x40, 0x0, 0x7, 0xaf, 0xf0, 0x0,
    0x0, 0xd, 0xf4, 0x0, 0x0, 0xa, 0xf5, 0x0,
    0x0, 0xa, 0xf5, 0x0, 0x0, 0xb, 0xf4, 0x0,
    0x0, 0xb, 0xf3, 0x0, 0x0, 0xc, 0xf2, 0x0,
    0x0, 0xc, 0xf2, 0x0, 0x0, 0xc, 0xf2, 0x0,
    0x0, 0xa, 0xf7, 0x0, 0x0, 0x3, 0xff, 0xb4,
    0x0, 0x0, 0xaf, 0xf6, 0x0, 0x8, 0xfc, 0x20,
    0x0, 0xc, 0xf3, 0x0, 0x0, 0xd, 0xf1, 0x0,
    0x0, 0xc, 0xf2, 0x0, 0x0, 0xc, 0xf3, 0x0,
    0x0, 0xb, 0xf4, 0x0, 0x0, 0xa, 0xf5, 0x0,
    0x0, 0xa, 0xf5, 0x0, 0x0, 0xc, 0xf4, 0x0,
    0x1, 0x5f, 0xf1, 0x0, 0x1f, 0xff, 0x80, 0x0,
    0x4, 0x41, 0x0, 0x0,

    /* U+007E "~" */
    0x0, 0x5d, 0xfc, 0x40, 0x0, 0x1, 0x0, 0x6f,
    0xff, 0xff, 0x91, 0x8, 0xf3, 0xb, 0xd2, 0x4,
    0xef, 0xff, 0xfd, 0x10, 0x1, 0x0, 0x1, 0x9e,
    0xfa, 0x10,

    /* U+3002 "。" */
    0x0, 0x2a, 0xdc, 0x50, 0x0, 0x3f, 0xd7, 0xaf,
    0x70, 0xb, 0xc0, 0x0, 0x7f, 0x10, 0xf5, 0x0,
    0x0, 0xf4, 0xf, 0x50, 0x0, 0xf, 0x50, 0xcb,
    0x0, 0x6, 0xf1, 0x4, 0xfb, 0x58, 0xf8, 0x0,
    0x4, 0xcf, 0xe7, 0x0,

    /* U+4E00 "一" */
    0x44, 0x44, 0x44, 0x44, 0x44, 0x44, 0x44, 0x44,
    0x44, 0x44, 0x44, 0xf, 0xff, 0xff, 0xff, 0xff,
    0xff, 0xff, 0xff, 0xff, 0xff, 0xff, 0xf1, 0xef,
    0xff, 0xff, 0xff, 0xff, 0xff, 0xff, 0xff, 0xff,
    0xff, 0xff, 0x0,

    /* U+4E0A "上" */
    0x0, 0x0, 0x0, 0x0, 0x0, 0x11, 0x0, 0x0,
    0x0, 0x0, 0x0, 0x0, 0x0, 0x0, 0x0, 0x0,
    0x1f, 0xf1, 0x0, 0x0, 0x0, 0x0, 0x0, 0x0,
    0x0, 0x0, 0x0, 0x1, 0xff, 0x10, 0x0, 0x0,
    0x0, 0x0, 0x0, 0x0, 0x0, 0x0, 0x0, 0x1f,
    0xf1, 0x0, 0x0, 0x0, 0x0, 0x0, 0x0, 0x0,
    0x0, 0x0, 0x1, 0xff, 0x10, 0x0, 0x0, 0x0,
    0x0, 0x0, 0x0, 0x0, 0x0, 0x0, 0x1f, 0xf1,
    0x0, 0x0, 0x0, 0x0, 0x0, 0x0, 0x0, 0x0,
    0x0, 0x1, 0xff, 0x10, 0x0, 0x0, 0x0, 0x0,
    0x0, 0x0, 0x0, 0x0, 0x0, 0x1f, 0xf1, 0x0,
    0x0, 0x0, 0x0, 0x0, 0x0, 0x0, 0x0, 0x0,
    0x1, 0xff, 0xcc, 0xcc, 0xcc, 0xcc, 0xc0, 0x0,
    0x0, 0x0, 0x0, 0x0, 0x1f, 0xff, 0xff, 0xff,
    0xff, 0xff, 0x0, 0x0, 0x0, 0x0, 0x0, 0x1,
    0xff, 0x54, 0x44, 0x44, 0x44, 0x40, 0x0, 0x0,
    0x0, 0x0, 0x0, 0x1f, 0xf1, 0x0, 0x0, 0x0,
    0x0, 0x0, 0x0, 0x0, 0x0, 0x0, 0x1, 0xff,
    0x10, 0x0, 0x0, 0x0, 0x0, 0x0, 0x0, 0x0,
    0x0, 0x0, 0x1f, 0xf1, 0x0, 0x0, 0x0, 0x0,
    0x0, 0x0, 0x0, 0x0, 0x0, 0x1, 0xff, 0x10,
    0x0, 0x0, 0x0, 0x0, 0x0, 0x0, 0x0, 0x0,
    0x0, 0x1f, 0xf1, 0x0, 0x0, 0x0, 0x0, 0x0,
    0x0, 0x0, 0x0, 0x0, 0x1, 0xff, 0x10, 0x0,
    0x0, 0x0, 0x0, 0x0, 0x0, 0x0, 0x0, 0x0,
    0x1f, 0xf1, 0x0, 0x0, 0x0, 0x0, 0x0, 0x0,
    0x0, 0x0, 0x0, 0x1, 0xff, 0x10, 0x0, 0x0,
    0x0, 0x0, 0x0, 0x22, 0x22, 0x22, 0x22, 0x3f,
    0xf3, 0x22, 0x22, 0x22, 0x22, 0x21, 0xf, 0xff,
    0xff, 0xff, 0xff, 0xff, 0xff, 0xff, 0xff, 0xff,
    0xff, 0xa0, 0xee, 0xee, 0xee, 0xee, 0xee, 0xee,
    0xee, 0xee, 0xee, 0xee, 0xe9,

    /* U+4E0B "下" */
    0x37, 0x77, 0x77, 0x77, 0x77, 0x77, 0x77, 0x77,
    0x77, 0x77, 0x76, 0x7f, 0xff, 0xff, 0xff, 0xff,
    0xff, 0xff, 0xff, 0xff, 0xff, 0xfe, 0x49, 0x99,
    0x99, 0x99, 0x9c, 0xfe, 0x99, 0x99, 0x99, 0x99,
    0x99, 0x0, 0x0, 0x0, 0x0, 0x5, 0xfd, 0x0,
    0x0, 0x0, 0x0, 0x0, 0x0, 0x0, 0x0, 0x0,
    0x5, 0xfd, 0x0, 0x0, 0x0, 0x0, 0x0, 0x0,
    0x0, 0x0, 0x0, 0x5, 0xfd, 0x0, 0x0, 0x0,
    0x0, 0x0, 0x0, 0x0, 0x0, 0x0, 0x5, 0xfd,
    0x60, 0x0, 0x0, 0x0, 0x0, 0x0, 0x0, 0x0,
    0x0, 0x5, 0xff, 0xfe, 0x70, 0x0, 0x0, 0x0,
    0x0, 0x0, 0x0, 0x0, 0x5, 0xfe, 0xdf, 0xfd,
    0x50, 0x0, 0x0, 0x0, 0x0, 0x0, 0x0, 0x5,
    0xfd, 0x7, 0xff, 0xfb, 0x20, 0x0, 0x0, 0x0,
    0x0, 0x0, 0x5, 0xfd, 0x0, 0x1a, 0xff, 0xf7,
    0x0, 0x0, 0x0, 0x0, 0x0, 0x5, 0xfd, 0x0,
    0x0, 0x4e, 0xff, 0x70, 0x0, 0x0, 0x0, 0x0,
    0x5, 0xfd, 0x0, 0x0, 0x1, 0xbc, 0x0, 0x0,
    0x0, 0x0, 0x0, 0x5, 0xfd, 0x0, 0x0, 0x0,
    0x1, 0x0, 0x0, 0x0, 0x0, 0x0, 0x5, 0xfd,
    0x0, 0x0, 0x0, 0x0, 0x0, 0x0, 0x0, 0x0,
    0x0, 0x5, 0xfd, 0x0, 0x0, 0x0, 0x0, 0x0,
    0x0, 0x0, 0x0, 0x0, 0x5, 0xfd, 0x0, 0x0,
    0x0, 0x0, 0x0, 0x0, 0x0, 0x0, 0x0, 0x5,
    0xfd, 0x0, 0x0, 0x0, 0x0, 0x0, 0x0, 0x0,
    0x0, 0x0, 0x5, 0xfd, 0x0, 0x0, 0x0, 0x0,
    0x0, 0x0, 0x0, 0x0, 0x0, 0x5, 0xfd, 0x0,
    0x0, 0x0, 0x0, 0x0, 0x0, 0x0, 0x0, 0x0,
    0x5, 0xfd, 0x0, 0x0, 0x0, 0x0, 0x0,

    /* U+4E0D "不" */
    0x1c, 0xcc, 0xcc, 0xcc, 0xcc, 0xcc, 0xcc, 0xcc,
    0xcc, 0xcc, 0xc7, 0x2, 0xff, 0xff, 0xff, 0xff,
    0xff, 0xff, 0xff, 0xff, 0xff, 0xff, 0x90, 0x5,
    0x55, 0x55, 0x55, 0x55, 0x5e, 0xfd, 0x55, 0x55,
    0x55, 0x53, 0x0, 0x0, 0x0, 0x0, 0x0, 0x7,
    0xff, 0x40, 0x0, 0x0, 0x0, 0x0, 0x0, 0x0,
    0x0, 0x0, 0x2, 0xff, 0x90, 0x0, 0x0, 0x0,
    0x0, 0x0, 0x0, 0x0, 0x0, 0x1, 0xdf, 0xf4,
    0x0, 0x0, 0x0, 0x0, 0x0, 0x0, 0x0, 0x0,
    0x0, 0xbf, 0xff, 0x44, 0x80, 0x0, 0x0, 0x0,
    0x0, 0x0, 0x0, 0x0, 0xaf, 0xff, 0xf6, 0xff,
    0xc2, 0x0, 0x0, 0x0, 0x0, 0x0, 0x0, 0xbf,
    0xf6, 0xef, 0x43, 0xef, 0xf5, 0x0, 0x0, 0x0,
    0x0, 0x1, 0xcf, 0xf7, 0xe, 0xf4, 0x1, 0xbf,
    0xf9, 0x0, 0x0, 0x0, 0x3, 0xef, 0xf6, 0x0,
    0xef, 0x40, 0x0, 0x8f, 0xfc, 0x10, 0x0, 0x8,
    0xff, 0xf4, 0x0, 0xe, 0xf4, 0x0, 0x0, 0x5f,
    0xfe, 0x20, 0x4d, 0xff, 0xc2, 0x0, 0x0, 0xef,
    0x40, 0x0, 0x0, 0x4f, 0xfe, 0x13, 0xff, 0x70,
    0x0, 0x0, 0xe, 0xf4, 0x0, 0x0, 0x0, 0x3e,
    0x80, 0x5, 0x20, 0x0, 0x0, 0x0, 0xef, 0x40,
    0x0, 0x0, 0x0, 0x10, 0x0, 0x0, 0x0, 0x0,
    0x0, 0xe, 0xf4, 0x0, 0x0, 0x0, 0x0, 0x0,
    0x0, 0x0, 0x0, 0x0, 0x0, 0xef, 0x40, 0x0,
    0x0, 0x0, 0x0, 0x0, 0x0, 0x0, 0x0, 0x0,
    0xe, 0xf4, 0x0, 0x0, 0x0, 0x0, 0x0, 0x0,
    0x0, 0x0, 0x0, 0x0, 0xef, 0x40, 0x0, 0x0,
    0x0, 0x0, 0x0, 0x0, 0x0, 0x0, 0x0, 0xe,
    0xf4, 0x0, 0x0, 0x0, 0x0, 0x0, 0x0, 0x0,
    0x0, 0x0, 0x0, 0xef, 0x40, 0x0, 0x0, 0x0,
    0x0, 0x0,

    /* U+4E0E "与" */
    0x0, 0x0, 0x1a, 0x80, 0x0, 0x0, 0x0, 0x0,
    0x0, 0x0, 0x0, 0x0, 0x4, 0xfd, 0x0, 0x0,
    0x0, 0x0, 0x0, 0x0, 0x0, 0x0, 0x0, 0x6f,
    0xa0, 0x0, 0x0, 0x0, 0x0, 0x0, 0x0, 0x0,
    0x0, 0xa, 0xff, 0xff, 0xff, 0xff, 0xff, 0xff,
    0xff, 0xd0, 0x0, 0x0, 0xdf, 0xff, 0xff, 0xff,
    0xff, 0xff, 0xff, 0xfd, 0x0, 0x0, 0xf, 0xf0,
    0x0, 0x0, 0x0, 0x0, 0x0, 0x0, 0x0, 0x0,
    0x4, 0xfd, 0x0, 0x0, 0x0, 0x0, 0x0, 0x0,
    0x0, 0x0, 0x0, 0x7f, 0xa0, 0x0, 0x0, 0x0,
    0x0, 0x0, 0x0, 0x0, 0x0, 0xb, 0xf6, 0x0,
    0x0, 0x0, 0x0, 0x0, 0x0, 0x0, 0x0, 0x0,
    0xff, 0xff, 0xff, 0xff, 0xff, 0xff, 0xff, 0xff,
    0xf3, 0x0, 0x3f, 0xff, 0xff, 0xff, 0xff, 0xff,
    0xff, 0xff, 0xff, 0x20, 0x0, 0x0, 0x0, 0x0,
    0x0, 0x0, 0x0, 0x0, 0xf, 0xf1, 0x0, 0x0,
    0x0, 0x0, 0x0, 0x0, 0x0, 0x0, 0x2, 0xff,
    0x0, 0x0, 0x0, 0x0, 0x0, 0x0, 0x0, 0x0,
    0x0, 0x4f, 0xd0, 0xce, 0xee, 0xee, 0xee, 0xee,
    0xee, 0xee, 0xe1, 0x6, 0xfb, 0xe, 0xff, 0xff,
    0xff, 0xff, 0xff, 0xff, 0xff, 0x10, 0x8f, 0x90,
    0x0, 0x0, 0x0, 0x0, 0x0, 0x0, 0x0, 0x0,
    0xb, 0xf6, 0x0, 0x0, 0x0, 0x0, 0x0, 0x0,
    0x0, 0x0, 0x0, 0xef, 0x30, 0x0, 0x0, 0x0,
    0x0, 0x0, 0x0, 0x0, 0x0, 0x3f, 0xf0, 0x0,
    0x0, 0x0, 0x0, 0x0, 0x0, 0x0, 0x0, 0xb,
    0xfa, 0x0, 0x0, 0x0, 0x0, 0x0, 0x0, 0x6f,
    0xfe, 0xef, 0xff, 0x30, 0x0, 0x0, 0x0, 0x0,
    0x0, 0x1, 0xff, 0xff, 0xfd, 0x40, 0x0, 0x0,
    0x0, 0x0, 0x0, 0x0, 0x0, 0x0, 0x0, 0x0,
    0x0, 0x0,

    /* U+4E2D "中" */
    0x0, 0x0, 0x0, 0x0, 0x3, 0x30, 0x0, 0x0,
    0x0, 0x0, 0x0, 0x0, 0x0, 0x0, 0x3f, 0xe0,
    0x0, 0x0, 0x0, 0x0, 0x0, 0x0, 0x0, 0x0,
    0x3f, 0xe0, 0x0, 0x0, 0x0, 0x0, 0x0, 0x0,
    0x0, 0x0, 0x3f, 0xe0, 0x0, 0x0, 0x0, 0x0,
    0x0, 0x0, 0x0, 0x0, 0x3f, 0xe0, 0x0, 0x0,
    0x0, 0x0, 0xef, 0xff, 0xff, 0xff, 0xff, 0xff,
    0xff, 0xff, 0xff, 0xf4, 0xff, 0xff, 0xff, 0xff,
    0xff, 0xff, 0xff, 0xff, 0xff, 0xf4, 0xff, 0x21,
    0x11, 0x11, 0x4f, 0xf1, 0x11, 0x11, 0x1d, 0xf4,
    0xff, 0x10, 0x0, 0x0, 0x3f, 0xe0, 0x0, 0x0,
    0xd, 0xf4, 0xff, 0x10, 0x0, 0x0, 0x3f, 0xe0,
    0x0, 0x0, 0xd, 0xf4, 0xff, 0x10, 0x0, 0x0,
    0x3f, 0xe0, 0x0, 0x0, 0xd, 0xf4, 0xff, 0x10,
    0x0, 0x0, 0x3f, 0xe0, 0x0, 0x0, 0xd, 0xf4,
    0xff, 0x10, 0x0, 0x0, 0x3f, 0xe0, 0x0, 0x0,
    0xd, 0xf4, 0xff, 0xff, 0xff, 0xff, 0xff, 0xff,
    0xff, 0xff, 0xff, 0xf4, 0xff, 0xff, 0xff, 0xff,
    0xff, 0xff, 0xff, 0xff, 0xff, 0xf4, 0xff, 0x20,
    0x0, 0x0, 0x4f, 0xe0, 0x0, 0x0, 0xd, 0xf4,
    0x78, 0x0, 0x0, 0x0, 0x3f, 0xe0, 0x0, 0x0,
    0x5, 0x61, 0x0, 0x0, 0x0, 0x0, 0x3f, 0xe0,
    0x0, 0x0, 0x0, 0x0, 0x0, 0x0, 0x0, 0x0,
    0x3f, 0xe0, 0x0, 0x0, 0x0, 0x0, 0x0, 0x0,
    0x0, 0x0, 0x3f, 0xe0, 0x0, 0x0, 0x0, 0x0,
    0x0, 0x0, 0x0, 0x0, 0x3f, 0xe0, 0x0, 0x0,
    0x0, 0x0, 0x0, 0x0, 0x0, 0x0, 0x3f, 0xe0,
    0x0, 0x0, 0x0, 0x0, 0x0, 0x0, 0x0, 0x0,
    0x3f, 0xe0, 0x0, 0x0, 0x0, 0x0,

    /* U+4E32 "串" */
    0x0, 0x0, 0x0, 0x0, 0x16, 0x60, 0x0, 0x0,
    0x0, 0x0, 0x0, 0x0, 0x0, 0x0, 0x4f, 0xe0,
    0x0, 0x0, 0x0, 0x0, 0x0, 0x0, 0x0, 0x0,
    0x4f, 0xe0, 0x0, 0x0, 0x0, 0x0, 0x8, 0xaa,
    0xaa, 0xaa, 0xcf, 0xfa, 0xaa, 0xaa, 0xaa, 0x20,
    0xd, 0xff, 0xff, 0xff, 0xff, 0xff, 0xff, 0xff,
    0xff, 0x40, 0xd, 0xf5, 0x22, 0x22, 0x5f, 0xf2,
    0x22, 0x22, 0xef, 0x40, 0xd, 0xf4, 0x0, 0x0,
    0x4f, 0xe0, 0x0, 0x0, 0xef, 0x40, 0xd, 0xf4,
    0x0, 0x0, 0x4f, 0xe0, 0x0, 0x0, 0xef, 0x40,
    0xd, 0xfd, 0xcc, 0xcc, 0xdf, 0xfc, 0xcc, 0xcc,
    0xff, 0x40, 0xd, 0xff, 0xff, 0xff, 0xff, 0xff,
    0xff, 0xff, 0xff, 0x40, 0x0, 0x0, 0x0, 0x0,
    0x4f, 0xe0, 0x0, 0x0, 0x0, 0x0, 0x0, 0x0,
    0x0, 0x0, 0x4f, 0xe0, 0x0, 0x0, 0x0, 0x0,
    0xbe, 0xee, 0xee, 0xee, 0xef, 0xfe, 0xee, 0xee,
    0xee, 0xe5, 0xcf, 0xff, 0xff, 0xff, 0xff, 0xff,
    0xff, 0xff, 0xff, 0xf5, 0xcf, 0x50, 0x0, 0x0,
    0x4f, 0xe0, 0x0, 0x0, 0xe, 0xf5, 0xcf, 0x50,
    0x0, 0x0, 0x4f, 0xe0, 0x0, 0x0, 0xe, 0xf5,
    0xcf, 0x50, 0x0, 0x0, 0x4f, 0xe0, 0x0, 0x0,
    0xe, 0xf5, 0xcf, 0xdc, 0xcc, 0xcc, 0xdf, 0xfc,
    0xcc, 0xcc, 0xcf, 0xf5, 0xcf, 0xff, 0xff, 0xff,
    0xff, 0xff, 0xff, 0xff, 0xff, 0xf5, 0xcf, 0x50,
    0x0, 0x0, 0x4f, 0xe0, 0x0, 0x0, 0xe, 0xf5,
    0x0, 0x0, 0x0, 0x0, 0x4f, 0xe0, 0x0, 0x0,
    0x0, 0x0, 0x0, 0x0, 0x0, 0x0, 0x4f, 0xe0,
    0x0, 0x0, 0x0, 0x0, 0x0, 0x0, 0x0, 0x0,
    0x4f, 0xe0, 0x0, 0x0, 0x0, 0x0,

    /* U+4E3B "主" */
    0x0, 0x0, 0x0, 0x0, 0x0, 0x0, 0x0, 0x0,
    0x0, 0x0, 0x0, 0x0, 0x0, 0x0, 0x0, 0x7f,
    0x60, 0x0, 0x0, 0x0, 0x0, 0x0, 0x0, 0x0,
    0x0, 0x0, 0x8f, 0xfa, 0x0, 0x0, 0x0, 0x0,
    0x0, 0x0, 0x0, 0x0, 0x0, 0x5, 0xff, 0xc1,
    0x0, 0x0, 0x0, 0x0, 0x0, 0x0, 0x0, 0x0,
    0x0, 0x3f, 0xfb, 0x0, 0x0, 0x0, 0x0, 0x4,
    0x77, 0x77, 0x77, 0x77, 0x7b, 0xf9, 0x77, 0x77,
    0x77, 0x40, 0x9, 0xff, 0xff, 0xff, 0xff, 0xff,
    0xff, 0xff, 0xff, 0xff, 0x80, 0x4, 0x88, 0x88,
    0x88, 0x89, 0xff, 0x98, 0x88, 0x88, 0x88, 0x40,
    0x0, 0x0, 0x0, 0x0, 0x1, 0xff, 0x10, 0x0,
    0x0, 0x0, 0x0, 0x0, 0x0, 0x0, 0x0, 0x1,
    0xff, 0x10, 0x0, 0x0, 0x0, 0x0, 0x0, 0x0,
    0x0, 0x0, 0x1, 0xff, 0x10, 0x0, 0x0, 0x0,
    0x0, 0x0, 0x0, 0x0, 0x0, 0x1, 0xff, 0x10,
    0x0, 0x0, 0x0, 0x0, 0x0, 0x13, 0x33, 0x33,
    0x35, 0xff, 0x53, 0x33, 0x33, 0x32, 0x0, 0x0,
    0x6f, 0xff, 0xff, 0xff, 0xff, 0xff, 0xff, 0xff,
    0xf8, 0x0, 0x0, 0x5c, 0xcc, 0xcc, 0xcc, 0xff,
    0xcc, 0xcc, 0xcc, 0xc6, 0x0, 0x0, 0x0, 0x0,
    0x0, 0x1, 0xff, 0x10, 0x0, 0x0, 0x0, 0x0,
    0x0, 0x0, 0x0, 0x0, 0x1, 0xff, 0x10, 0x0,
    0x0, 0x0, 0x0, 0x0, 0x0, 0x0, 0x0, 0x1,
    0xff, 0x10, 0x0, 0x0, 0x0, 0x0, 0x0, 0x0,
    0x0, 0x0, 0x1, 0xff, 0x10, 0x0, 0x0, 0x0,
    0x0, 0x0, 0x0, 0x0, 0x0, 0x1, 0xff, 0x10,
    0x0, 0x0, 0x0, 0x0, 0xaf, 0xff, 0xff, 0xff,
    0xff, 0xff, 0xff, 0xff, 0xff, 0xff, 0xfb, 0xbf,
    0xff, 0xff, 0xff, 0xff, 0xff, 0xff, 0xff, 0xff,
    0xff, 0xfc, 0x0, 0x0, 0x0, 0x0, 0x0, 0x0,
    0x0, 0x0, 0x0, 0x0, 0x0,

    /* U+4E3E "举" */
    0x0, 0x0, 0x0, 0x0, 0x0, 0x43, 0x0, 0x0,
    0x0, 0x0, 0x0, 0x0, 0x0, 0x0, 0x8b, 0x0,
    0x5, 0xfd, 0x0, 0x0, 0x3, 0xfb, 0x10, 0x0,
    0x0, 0x0, 0xdf, 0x90, 0x0, 0xbf, 0x80, 0x0,
    0xd, 0xf9, 0x0, 0x0, 0x0, 0x0, 0x2f, 0xf5,
    0x0, 0x2f, 0xf1, 0x0, 0x8f, 0xd0, 0x0, 0x0,
    0x0, 0x0, 0x6, 0xfb, 0x0, 0x9, 0x81, 0x3,
    0xff, 0x20, 0x0, 0x0, 0x6, 0xcc, 0xcc, 0xfc,
    0xcc, 0xcc, 0xcc, 0xce, 0xfe, 0xcc, 0xcc, 0xb0,
    0x8, 0xff, 0xff, 0xff, 0xff, 0xff, 0xff, 0xff,
    0xff, 0xff, 0xff, 0xe0, 0x0, 0x11, 0x11, 0x4f,
    0xd1, 0x11, 0x11, 0x1b, 0xf9, 0x11, 0x11, 0x10,
    0x0, 0x0, 0x1, 0xdf, 0x40, 0x0, 0x0, 0x1,
    0xff, 0x50, 0x0, 0x0, 0x0, 0x0, 0xb, 0xf9,
    0x0, 0xf, 0xf0, 0x0, 0x5f, 0xf5, 0x0, 0x0,
    0x0, 0x1, 0xcf, 0xb0, 0x0, 0xf, 0xf0, 0x0,
    0x7, 0xff, 0x70, 0x0, 0x0, 0x4e, 0xfb, 0x10,
    0x0, 0x1f, 0xf1, 0x0, 0x0, 0x7f, 0xfc, 0x20,
    0xb, 0xff, 0x95, 0xff, 0xff, 0xff, 0xff, 0xff,
    0xff, 0x75, 0xff, 0xf3, 0x7, 0xe4, 0x4, 0xdd,
    0xdd, 0xdf, 0xfd, 0xdd, 0xdd, 0x60, 0x2b, 0x60,
    0x0, 0x0, 0x0, 0x0, 0x0, 0xf, 0xf0, 0x0,
    0x0, 0x0, 0x0, 0x0, 0x0, 0x0, 0x0, 0x0,
    0x0, 0xf, 0xf0, 0x0, 0x0, 0x0, 0x0, 0x0,
    0x0, 0x9c, 0xcc, 0xcc, 0xcc, 0xcf, 0xfc, 0xcc,
    0xcc, 0xcc, 0xcc, 0x0, 0x0, 0xdf, 0xff, 0xff,
    0xff, 0xff, 0xff, 0xff, 0xff, 0xff, 0xff, 0x0,
    0x0, 0x22, 0x22, 0x22, 0x22, 0x3f, 0xf3, 0x22,
    0x22, 0x22, 0x22, 0x0, 0x0, 0x0, 0x0, 0x0,
    0x0, 0xf, 0xf0, 0x0, 0x0, 0x0, 0x0, 0x0,
    0x0, 0x0, 0x0, 0x0, 0x0, 0xf, 0xf0, 0x0,
    0x0, 0x0, 0x0, 0x0, 0x0, 0x0, 0x0, 0x0,
    0x0, 0xf, 0xf0, 0x0, 0x0, 0x0, 0x0, 0x0,
    0x0, 0x0, 0x0, 0x0, 0x0, 0xf, 0xf0, 0x0,
    0x0, 0x0, 0x0, 0x0,

    /* U+4E8E "于" */
    0x1, 0xaa, 0xaa, 0xaa, 0xaa, 0xaa, 0xaa, 0xaa,
    0xaa, 0xaa, 0x0, 0x2, 0xff, 0xff, 0xff, 0xff,
    0xff, 0xff, 0xff, 0xff, 0xff, 0x0, 0x0, 0x66,
    0x66, 0x66, 0x66, 0xff, 0x86, 0x66, 0x66, 0x66,
    0x0, 0x0, 0x0, 0x0, 0x0, 0x0, 0xef, 0x30,
    0x0, 0x0, 0x0, 0x0, 0x0, 0x0, 0x0, 0x0,
    0x0, 0xef, 0x30, 0x0, 0x0, 0x0, 0x0, 0x0,
    0x0, 0x0, 0x0, 0x0, 0xef, 0x30, 0x0, 0x0,
    0x0, 0x0, 0x0, 0x0, 0x0, 0x0, 0x0, 0xef,
    0x30, 0x0, 0x0, 0x0, 0x0, 0x0, 0x0, 0x0,
    0x0, 0x0, 0xef, 0x30, 0x0, 0x0, 0x0, 0x0,
    0xbe, 0xee, 0xee, 0xee, 0xee, 0xff, 0xee, 0xee,
    0xee, 0xee, 0xe9, 0xcf, 0xff, 0xff, 0xff, 0xff,
    0xff, 0xff, 0xff, 0xff, 0xff, 0xfa, 0x12, 0x22,
    0x22, 0x22, 0x22, 0xff, 0x52, 0x22, 0x22, 0x22,
    0x21, 0x0, 0x0, 0x0, 0x0, 0x0, 0xef, 0x30,
    0x0, 0x0, 0x0, 0x0, 0x0, 0x0, 0x0, 0x0,
    0x0, 0xef, 0x30, 0x0, 0x0, 0x0, 0x0, 0x0,
    0x0, 0x0, 0x0, 0x0, 0xef, 0x30, 0x0, 0x0,
    0x0, 0x0, 0x0, 0x0, 0x0, 0x0, 0x0, 0xef,
    0x30, 0x0, 0x0, 0x0, 0x0, 0x0, 0x0, 0x0,
    0x0, 0x0, 0xef, 0x30, 0x0, 0x0, 0x0, 0x0,
    0x0, 0x0, 0x0, 0x0, 0x0, 0xef, 0x30, 0x0,
    0x0, 0x0, 0x0, 0x0, 0x0, 0x0, 0x0, 0x0,
    0xef, 0x30, 0x0, 0x0, 0x0, 0x0, 0x0, 0x0,
    0x1, 0x0, 0x1, 0xff, 0x30, 0x0, 0x0, 0x0,
    0x0, 0x0, 0x0, 0xa, 0xff, 0xff, 0xff, 0x10,
    0x0, 0x0, 0x0, 0x0, 0x0, 0x0, 0x4, 0xff,
    0xff, 0xc4, 0x0, 0x0, 0x0, 0x0, 0x0, 0x0,
    0x0, 0x0, 0x0, 0x0, 0x0, 0x0, 0x0, 0x0,
    0x0, 0x0,

    /* U+4EA4 "交" */
    0x0, 0x0, 0x0, 0x0, 0x0, 0x14, 0x0, 0x0,
    0x0, 0x0, 0x0, 0x0, 0x0, 0x0, 0x0, 0x0,
    0x1f, 0xf4, 0x0, 0x0, 0x0, 0x0, 0x0, 0x0,
    0x0, 0x0, 0x0, 0x0, 0x8f, 0xd0, 0x0, 0x0,
    0x0, 0x0, 0x0, 0x0, 0x0, 0x0, 0x0, 0x1,
    0xff, 0x30, 0x0, 0x0, 0x0, 0x0, 0x9, 0xff,
    0xff, 0xff, 0xff, 0xff, 0xff, 0xff, 0xff, 0xff,
    0xff, 0x20, 0xaf, 0xff, 0xff, 0xff, 0xff, 0xff,
    0xff, 0xff, 0xff, 0xff, 0xf2, 0x0, 0x0, 0x0,
    0x3, 0x0, 0x0, 0x0, 0x1, 0x20, 0x0, 0x0,
    0x0, 0x0, 0x0, 0x6, 0xfd, 0x10, 0x0, 0x2,
    0xef, 0x60, 0x0, 0x0, 0x0, 0x0, 0x7, 0xff,
    0x50, 0x0, 0x0, 0x8, 0xff, 0xa0, 0x0, 0x0,
    0x0, 0x9, 0xff, 0x60, 0x0, 0x0, 0x0, 0x4,
    0xff, 0xc1, 0x0, 0x0, 0x2c, 0xff, 0x50, 0x0,
    0x0, 0x0, 0x1, 0x2, 0xef, 0xe2, 0x0, 0x4f,
    0xfe, 0x33, 0xd9, 0x0, 0x0, 0x0, 0xfe, 0x21,
    0xdf, 0xe1, 0x0, 0x8a, 0x10, 0xf, 0xf2, 0x0,
    0x0, 0x7f, 0xd0, 0x1, 0xd6, 0x0, 0x0, 0x0,
    0x0, 0x7f, 0xb0, 0x0, 0x1f, 0xf5, 0x0, 0x0,
    0x0, 0x0, 0x0, 0x0, 0x0, 0xdf, 0x70, 0xb,
    0xfc, 0x0, 0x0, 0x0, 0x0, 0x0, 0x0, 0x0,
    0x3, 0xff, 0x59, 0xfe, 0x20, 0x0, 0x0, 0x0,
    0x0, 0x0, 0x0, 0x0, 0x6, 0xff, 0xff, 0x40,
    0x0, 0x0, 0x0, 0x0, 0x0, 0x0, 0x0, 0x0,
    0x1e, 0xff, 0xb0, 0x0, 0x0, 0x0, 0x0, 0x0,
    0x0, 0x0, 0x0, 0x7f, 0xfe, 0xff, 0xd5, 0x0,
    0x0, 0x0, 0x0, 0x0, 0x0, 0x28, 0xef, 0xf9,
    0x13, 0xdf, 0xfd, 0x61, 0x0, 0x0, 0x0, 0x37,
    0xcf, 0xff, 0xb3, 0x0, 0x0, 0x7e, 0xff, 0xfc,
    0x74, 0x10, 0xcf, 0xff, 0xf9, 0x20, 0x0, 0x0,
    0x0, 0x6, 0xcf, 0xff, 0xf5, 0x2, 0xea, 0x50,
    0x0, 0x0, 0x0, 0x0, 0x0, 0x0, 0x15, 0x99,
    0x0, 0x0, 0x0, 0x0, 0x0, 0x0, 0x0, 0x0,
    0x0, 0x0, 0x0, 0x0,

    /* U+4EC5 "仅" */
    0x0, 0x0, 0x0, 0x1, 0x0, 0x0, 0x0, 0x0,
    0x0, 0x0, 0x0, 0x0, 0x0, 0x0, 0x0, 0x7f,
    0xa0, 0x0, 0x0, 0x0, 0x0, 0x0, 0x0, 0x0,
    0x0, 0x0, 0x0, 0xef, 0x60, 0x0, 0x0, 0x0,
    0x0, 0x0, 0x0, 0x0, 0x0, 0x0, 0x6, 0xfe,
    0x3d, 0xdd, 0xdd, 0xdd, 0xdd, 0xdd, 0xe9, 0x0,
    0x0, 0x0, 0x1e, 0xf7, 0x3f, 0xff, 0xff, 0xff,
    0xff, 0xff, 0xfd, 0x0, 0x0, 0x0, 0x9f, 0xd0,
    0x6, 0xf9, 0x11, 0x11, 0x11, 0x17, 0xfa, 0x0,
    0x0, 0x4, 0xff, 0x50, 0x2, 0xfd, 0x0, 0x0,
    0x0, 0xa, 0xf6, 0x0, 0x0, 0x1e, 0xff, 0x20,
    0x0, 0xdf, 0x10, 0x0, 0x0, 0xe, 0xf2, 0x0,
    0x0, 0xcf, 0xff, 0x20, 0x0, 0x8f, 0x60, 0x0,
    0x0, 0x3f, 0xd0, 0x0, 0xa, 0xff, 0xff, 0x20,
    0x0, 0x3f, 0xc0, 0x0, 0x0, 0x9f, 0x80, 0x0,
    0x7f, 0xf7, 0xdf, 0x20, 0x0, 0xd, 0xf2, 0x0,
    0x0, 0xff, 0x20, 0x0, 0x1f, 0x90, 0xdf, 0x20,
    0x0, 0x7, 0xf9, 0x0, 0x7, 0xfb, 0x0, 0x0,
    0x4, 0x0, 0xdf, 0x20, 0x0, 0x1, 0xff, 0x10,
    0xe, 0xf4, 0x0, 0x0, 0x0, 0x0, 0xdf, 0x20,
    0x0, 0x0, 0x9f, 0x90, 0x8f, 0xc0, 0x0, 0x0,
    0x0, 0x0, 0xdf, 0x20, 0x0, 0x0, 0x1f, 0xf7,
    0xff, 0x30, 0x0, 0x0, 0x0, 0x0, 0xdf, 0x20,
    0x0, 0x0, 0x8, 0xff, 0xf9, 0x0, 0x0, 0x0,
    0x0, 0x0, 0xdf, 0x20, 0x0, 0x0, 0x1, 0xff,
    0xf0, 0x0, 0x0, 0x0, 0x0, 0x0, 0xdf, 0x20,
    0x0, 0x0, 0xb, 0xff, 0xf9, 0x0, 0x0, 0x0,
    0x0, 0x0, 0xdf, 0x20, 0x0, 0x2, 0xcf, 0xe6,
    0xff, 0xa0, 0x0, 0x0, 0x0, 0x0, 0xdf, 0x20,
    0x0, 0x6f, 0xfd, 0x20, 0x5f, 0xfd, 0x30, 0x0,
    0x0, 0x0, 0xdf, 0x20, 0x4c, 0xff, 0xb1, 0x0,
    0x3, 0xef, 0xf9, 0x20, 0x0, 0x0, 0xdf, 0x28,
    0xff, 0xe5, 0x0, 0x0, 0x0, 0x1a, 0xff, 0xe1,
    0x0, 0x0, 0xdf, 0x20, 0xc7, 0x0, 0x0, 0x0,
    0x0, 0x0, 0x3b, 0x50, 0x0, 0x0, 0x0, 0x0,
    0x0, 0x0, 0x0, 0x0, 0x0, 0x0, 0x0, 0x0,

    /* U+4EE4 "令" */
    0x0, 0x0, 0x0, 0x0, 0x0, 0x0, 0x0, 0x0,
    0x0, 0x0, 0x0, 0x0, 0x0, 0x0, 0x0, 0x0,
    0x0, 0x5, 0xf8, 0x0, 0x0, 0x0, 0x0, 0x0,
    0x0, 0x0, 0x0, 0x0, 0x0, 0x4f, 0xfa, 0x0,
    0x0, 0x0, 0x0, 0x0, 0x0, 0x0, 0x0, 0x0,
    0x4, 0xff, 0xff, 0x60, 0x0, 0x0, 0x0, 0x0,
    0x0, 0x0, 0x0, 0x0, 0x6f, 0xf9, 0x5f, 0xf9,
    0x0, 0x0, 0x0, 0x0, 0x0, 0x0, 0x0, 0x1a,
    0xff, 0x80, 0x4, 0xff, 0xd2, 0x0, 0x0, 0x0,
    0x0, 0x0, 0x4, 0xef, 0xf5, 0x1, 0x0, 0x2d,
    0xff, 0x80, 0x0, 0x0, 0x0, 0x2, 0xbf, 0xfd,
    0x22, 0xdd, 0x20, 0x0, 0x9f, 0xfe, 0x60, 0x0,
    0x2, 0xaf, 0xff, 0x80, 0x0, 0xaf, 0xe2, 0x0,
    0x4, 0xef, 0xfe, 0x71, 0xc, 0xff, 0xb2, 0x0,
    0x0, 0xa, 0xfe, 0x20, 0x0, 0x8, 0xff, 0xd1,
    0x1, 0xb4, 0x0, 0x0, 0x0, 0x0, 0xbf, 0x50,
    0x0, 0x0, 0x29, 0x20, 0x0, 0x0, 0x0, 0x0,
    0x0, 0x0, 0x14, 0x0, 0x0, 0x10, 0x0, 0x0,
    0x0, 0x0, 0xff, 0xff, 0xff, 0xff, 0xff, 0xff,
    0xff, 0xfe, 0x40, 0x0, 0x0, 0x0, 0xff, 0xff,
    0xff, 0xff, 0xff, 0xff, 0xff, 0xfe, 0x20, 0x0,
    0x0, 0x0, 0x0, 0x0, 0x0, 0x0, 0x0, 0x0,
    0xbf, 0xe2, 0x0, 0x0, 0x0, 0x0, 0x0, 0x0,
    0x0, 0x0, 0x0, 0xb, 0xfe, 0x20, 0x0, 0x0,
    0x0, 0x0, 0x0, 0x0, 0x95, 0x0, 0x0, 0xbf,
    0xe2, 0x0, 0x0, 0x0, 0x0, 0x0, 0x0, 0x7,
    0xff, 0xc2, 0xb, 0xfe, 0x20, 0x0, 0x0, 0x0,
    0x0, 0x0, 0x0, 0x0, 0x6f, 0xff, 0xdf, 0xe2,
    0x0, 0x0, 0x0, 0x0, 0x0, 0x0, 0x0, 0x0,
    0x1, 0xbf, 0xff, 0x50, 0x0, 0x0, 0x0, 0x0,
    0x0, 0x0, 0x0, 0x0, 0x0, 0x6, 0xff, 0xf7,
    0x0, 0x0, 0x0, 0x0, 0x0, 0x0, 0x0, 0x0,
    0x0, 0x0, 0x2d, 0xff, 0x60, 0x0, 0x0, 0x0,
    0x0, 0x0, 0x0, 0x0, 0x0, 0x0, 0x0, 0xac,
    0x0, 0x0, 0x0, 0x0, 0x0, 0x0, 0x0, 0x0,
    0x0, 0x0, 0x0, 0x0, 0x0, 0x0, 0x0, 0x0,

    /* U+4EEA "仪" */
    0x0, 0x0, 0x0, 0x0, 0x0, 0x0, 0x0, 0x0,
    0x0, 0x0, 0x0, 0x0, 0x0, 0x0, 0x0, 0xcb,
    0x10, 0x0, 0x1, 0x60, 0x0, 0x0, 0x0, 0x0,
    0x0, 0x0, 0x4, 0xfe, 0x3, 0x40, 0xb, 0xf6,
    0x0, 0x0, 0xa7, 0x0, 0x0, 0x0, 0xb, 0xf7,
    0x1f, 0xe0, 0x2, 0xff, 0x10, 0x2, 0xff, 0x0,
    0x0, 0x0, 0x3f, 0xf1, 0xe, 0xf1, 0x0, 0x9f,
    0x90, 0x5, 0xfc, 0x0, 0x0, 0x0, 0xcf, 0x80,
    0xa, 0xf5, 0x0, 0x1f, 0xf2, 0x8, 0xf8, 0x0,
    0x0, 0x6, 0xff, 0x0, 0x7, 0xf8, 0x0, 0x9,
    0xa1, 0xc, 0xf4, 0x0, 0x0, 0x1f, 0xfd, 0x0,
    0x3, 0xfd, 0x0, 0x0, 0x0, 0x1f, 0xf0, 0x0,
    0x0, 0xcf, 0xfd, 0x0, 0x0, 0xef, 0x10, 0x0,
    0x0, 0x5f, 0xb0, 0x0, 0xa, 0xff, 0xfd, 0x0,
    0x0, 0x9f, 0x70, 0x0, 0x0, 0xbf, 0x60, 0x0,
    0x4f, 0xf6, 0xfd, 0x0, 0x0, 0x4f, 0xd0, 0x0,
    0x1, 0xff, 0x10, 0x0, 0xc, 0x81, 0xfd, 0x0,
    0x0, 0xe, 0xf3, 0x0, 0x7, 0xfa, 0x0, 0x0,
    0x2, 0x1, 0xfd, 0x0, 0x0, 0x8, 0xfb, 0x0,
    0xe, 0xf3, 0x0, 0x0, 0x0, 0x1, 0xfd, 0x0,
    0x0, 0x1, 0xff, 0x30, 0x8f, 0xb0, 0x0, 0x0,
    0x0, 0x1, 0xfd, 0x0, 0x0, 0x0, 0x9f, 0xd3,
    0xff, 0x20, 0x0, 0x0, 0x0, 0x1, 0xfd, 0x0,
    0x0, 0x0, 0x1e, 0xff, 0xf8, 0x0, 0x0, 0x0,
    0x0, 0x1, 0xfd, 0x0, 0x0, 0x0, 0x6, 0xff,
    0xd0, 0x0, 0x0, 0x0, 0x0, 0x1, 0xfd, 0x0,
    0x0, 0x0, 0xb, 0xff, 0xf4, 0x0, 0x0, 0x0,
    0x0, 0x1, 0xfd, 0x0, 0x0, 0x1, 0xcf, 0xec,
    0xff, 0x60, 0x0, 0x0, 0x0, 0x1, 0xfd, 0x0,
    0x0, 0x5e, 0xfd, 0x20, 0xcf, 0xfa, 0x10, 0x0,
    0x0, 0x1, 0xfd, 0x0, 0x4c, 0xff, 0x90, 0x0,
    0x9, 0xff, 0xe7, 0x10, 0x0, 0x1, 0xfd, 0x1d,
    0xff, 0xd4, 0x0, 0x0, 0x0, 0x5e, 0xff, 0xe1,
    0x0, 0x1, 0xfd, 0x8, 0xc5, 0x0, 0x0, 0x0,
    0x0, 0x0, 0x7e, 0x50, 0x0, 0x0, 0x0, 0x0,
    0x0, 0x0, 0x0, 0x0, 0x0, 0x0, 0x0, 0x0,

    /* U+4EF6 "件" */
    0x0, 0x0, 0x0, 0x99, 0x20, 0x0, 0x0, 0x3b,
    0x80, 0x0, 0x0, 0x0, 0x0, 0x0, 0x1, 0xff,
    0x20, 0x69, 0x30, 0x4f, 0xc0, 0x0, 0x0, 0x0,
    0x0, 0x0, 0x8, 0xfb, 0x0, 0xbf, 0x50, 0x4f,
    0xc0, 0x0, 0x0, 0x0, 0x0, 0x0, 0xe, 0xf4,
    0x0, 0xef, 0x10, 0x4f, 0xc0, 0x0, 0x0, 0x0,
    0x0, 0x0, 0x8f, 0xc0, 0x3, 0xfe, 0x22, 0x6f,
    0xc2, 0x22, 0x22, 0x0, 0x0, 0x2, 0xff, 0x30,
    0x8, 0xff, 0xff, 0xff, 0xff, 0xff, 0xff, 0x20,
    0x0, 0xc, 0xfe, 0x0, 0xe, 0xfe, 0xee, 0xef,
    0xfe, 0xee, 0xee, 0x20, 0x0, 0x7f, 0xfe, 0x0,
    0x5f, 0xd0, 0x0, 0x4f, 0xc0, 0x0, 0x0, 0x0,
    0x4, 0xff, 0xfe, 0x0, 0xdf, 0x60, 0x0, 0x4f,
    0xc0, 0x0, 0x0, 0x0, 0x1f, 0xfb, 0xfe, 0x2,
    0xde, 0x0, 0x0, 0x4f, 0xc0, 0x0, 0x0, 0x0,
    0xa, 0xd2, 0xfe, 0x0, 0x2, 0x0, 0x0, 0x4f,
    0xc0, 0x0, 0x0, 0x0, 0x2, 0x11, 0xfe, 0x0,
    0x11, 0x11, 0x11, 0x5f, 0xc1, 0x11, 0x11, 0x10,
    0x0, 0x1, 0xfe, 0x1, 0xff, 0xff, 0xff, 0xff,
    0xff, 0xff, 0xff, 0xf3, 0x0, 0x1, 0xfe, 0x1,
    0xee, 0xee, 0xee, 0xff, 0xfe, 0xee, 0xee, 0xe3,
    0x0, 0x1, 0xfe, 0x0, 0x0, 0x0, 0x0, 0x4f,
    0xc0, 0x0, 0x0, 0x0, 0x0, 0x1, 0xfe, 0x0,
    0x0, 0x0, 0x0, 0x4f, 0xc0, 0x0, 0x0, 0x0,
    0x0, 0x1, 0xfe, 0x0, 0x0, 0x0, 0x0, 0x4f,
    0xc0, 0x0, 0x0, 0x0, 0x0, 0x1, 0xfe, 0x0,
    0x0, 0x0, 0x0, 0x4f, 0xc0, 0x0, 0x0, 0x0,
    0x0, 0x1, 0xfe, 0x0, 0x0, 0x0, 0x0, 0x4f,
    0xc0, 0x0, 0x0, 0x0, 0x0, 0x1, 0xfe, 0x0,
    0x0, 0x0, 0x0, 0x4f, 0xc0, 0x0, 0x0, 0x0,
    0x0, 0x1, 0xfe, 0x0, 0x0, 0x0, 0x0, 0x4f,
    0xc0, 0x0, 0x0, 0x0, 0x0, 0x1, 0xfd, 0x0,
    0x0, 0x0, 0x0, 0x4f, 0xc0, 0x0, 0x0, 0x0,

    /* U+4EFD "份" */
    0x0, 0x0, 0x0, 0x0, 0x0, 0x0, 0x0, 0x0,
    0x0, 0x0, 0x0, 0x0, 0x0, 0x0, 0x1, 0xfb,
    0x0, 0x1, 0x73, 0x0, 0x4a, 0x30, 0x0, 0x0,
    0x0, 0x0, 0x7, 0xfa, 0x0, 0x6, 0xfa, 0x0,
    0x7f, 0x80, 0x0, 0x0, 0x0, 0x0, 0xd, 0xf4,
    0x0, 0xb, 0xf5, 0x0, 0x2f, 0xd0, 0x0, 0x0,
    0x0, 0x0, 0x5f, 0xd0, 0x0, 0x2f, 0xf0, 0x0,
    0xd, 0xf3, 0x0, 0x0, 0x0, 0x0, 0xdf, 0x50,
    0x0, 0x9f, 0x90, 0x0, 0x8, 0xfa, 0x0, 0x0,
    0x0, 0x6, 0xff, 0x0, 0x2, 0xff, 0x20, 0x0,
    0x1, 0xff, 0x30, 0x0, 0x0, 0x1e, 0xff, 0x0,
    0xb, 0xf9, 0x0, 0x0, 0x0, 0x9f, 0xc0, 0x0,
    0x0, 0xaf, 0xff, 0x0, 0x7f, 0xe1, 0x0, 0x0,
    0x0, 0x1e, 0xfa, 0x0, 0x7, 0xff, 0xff, 0x6,
    0xff, 0x50, 0x0, 0x0, 0x0, 0x4, 0xff, 0xa0,
    0xe, 0xf9, 0xff, 0xd, 0xfe, 0xee, 0xee, 0xee,
    0xee, 0xfe, 0xcf, 0xd1, 0x6, 0xb1, 0xff, 0x4,
    0x88, 0xff, 0xff, 0xff, 0xff, 0xff, 0x66, 0x20,
    0x0, 0x11, 0xff, 0x0, 0x0, 0x0, 0xbf, 0x40,
    0x0, 0x9f, 0x60, 0x0, 0x0, 0x1, 0xff, 0x0,
    0x0, 0x0, 0xdf, 0x20, 0x0, 0xaf, 0x50, 0x0,
    0x0, 0x1, 0xff, 0x0, 0x0, 0x0, 0xff, 0x0,
    0x0, 0xbf, 0x40, 0x0, 0x0, 0x1, 0xff, 0x0,
    0x0, 0x4, 0xfb, 0x0, 0x0, 0xcf, 0x30, 0x0,
    0x0, 0x1, 0xff, 0x0, 0x0, 0x9, 0xf6, 0x0,
    0x0, 0xdf, 0x20, 0x0, 0x0, 0x1, 0xff, 0x0,
    0x0, 0x1f, 0xf1, 0x0, 0x0, 0xff, 0x10, 0x0,
    0x0, 0x1, 0xff, 0x0, 0x0, 0x8f, 0xa0, 0x0,
    0x1, 0xff, 0x0, 0x0, 0x0, 0x1, 0xff, 0x0,
    0x4, 0xff, 0x20, 0x0, 0x4, 0xfd, 0x0, 0x0,
    0x0, 0x1, 0xff, 0x0, 0x5f, 0xf6, 0x0, 0x0,
    0x9, 0xf9, 0x0, 0x0, 0x0, 0x1, 0xff, 0x6,
    0xff, 0x80, 0x0, 0xbf, 0xff, 0xf4, 0x0, 0x0,
    0x0, 0x1, 0xff, 0x0, 0xc6, 0x0, 0x0, 0x6d,
    0xdc, 0x60, 0x0, 0x0, 0x0, 0x0, 0x0, 0x0,
    0x0, 0x0, 0x0, 0x0, 0x0, 0x0, 0x0, 0x0,

    /* U+4F1A "会" */
    0x0, 0x0, 0x0, 0x0, 0x0, 0x0, 0x10, 0x0,
    0x0, 0x0, 0x0, 0x0, 0x0, 0x0, 0x0, 0x0,
    0x0, 0x8, 0xf8, 0x0, 0x0, 0x0, 0x0, 0x0,
    0x0, 0x0, 0x0, 0x0, 0x0, 0x6f, 0xf7, 0x0,
    0x0, 0x0, 0x0, 0x0, 0x0, 0x0, 0x0, 0x0,
    0x6, 0xff, 0xff, 0x50, 0x0, 0x0, 0x0, 0x0,
    0x0, 0x0, 0x0, 0x0, 0x8f, 0xf8, 0x5f, 0xf8,
    0x0, 0x0, 0x0, 0x0, 0x0, 0x0, 0x0, 0x2c,
    0xff, 0x70, 0x3, 0xef, 0xc3, 0x0, 0x0, 0x0,
    0x0, 0x0, 0x7, 0xff, 0xf5, 0x0, 0x0, 0x2c,
    0xff, 0x91, 0x0, 0x0, 0x0, 0x5, 0xdf, 0xfc,
    0x20, 0x0, 0x0, 0x0, 0x8f, 0xff, 0x81, 0x0,
    0x5, 0xdf, 0xff, 0xed, 0xdd, 0xdd, 0xdd, 0xdd,
    0xdd, 0xcf, 0xff, 0xa0, 0x7, 0xff, 0xa1, 0xaf,
    0xff, 0xff, 0xff, 0xff, 0xfc, 0x5, 0xdf, 0x60,
    0x0, 0x72, 0x0, 0x0, 0x0, 0x0, 0x0, 0x0,
    0x0, 0x0, 0x3, 0x0, 0x0, 0x0, 0x0, 0x0,
    0x0, 0x0, 0x0, 0x0, 0x0, 0x0, 0x0, 0x0,
    0x0, 0x0, 0x0, 0x0, 0x0, 0x0, 0x0, 0x0,
    0x0, 0x0, 0x0, 0x0, 0x0, 0xdf, 0xff, 0xff,
    0xff, 0xff, 0xff, 0xff, 0xff, 0xff, 0xff, 0x0,
    0x0, 0xdf, 0xff, 0xff, 0xff, 0xff, 0xff, 0xff,
    0xff, 0xff, 0xff, 0x0, 0x0, 0x0, 0x0, 0x0,
    0xaf, 0xf2, 0x0, 0x0, 0x20, 0x0, 0x0, 0x0,
    0x0, 0x0, 0x0, 0x7, 0xff, 0x40, 0x0, 0x1d,
    0xf4, 0x0, 0x0, 0x0, 0x0, 0x0, 0x0, 0x5f,
    0xf6, 0x0, 0x0, 0x6, 0xff, 0x40, 0x0, 0x0,
    0x0, 0x0, 0x4, 0xff, 0x80, 0x0, 0x0, 0x0,
    0x7f, 0xf3, 0x0, 0x0, 0x0, 0x0, 0x5f, 0xf8,
    0x1, 0x23, 0x56, 0x78, 0x9f, 0xfe, 0x20, 0x0,
    0x0, 0x8, 0xff, 0xff, 0xff, 0xff, 0xff, 0xff,
    0xff, 0xff, 0xd0, 0x0, 0x0, 0x8, 0xff, 0xff,
    0xfe, 0xcb, 0xa8, 0x76, 0x43, 0x3e, 0xf8, 0x0,
    0x0, 0x2, 0x64, 0x20, 0x0, 0x0, 0x0, 0x0,
    0x0, 0x5, 0xc3, 0x0, 0x0, 0x0, 0x0, 0x0,
    0x0, 0x0, 0x0, 0x0, 0x0, 0x0, 0x0, 0x0,

    /* U+4F46 "但" */
    0x0, 0x0, 0x0, 0x20, 0x0, 0x0, 0x0, 0x0,
    0x0, 0x0, 0x0, 0x0, 0x0, 0x0, 0x0, 0xef,
    0x20, 0x0, 0x0, 0x0, 0x0, 0x0, 0x0, 0x0,
    0x0, 0x0, 0x4, 0xfd, 0x9, 0xcc, 0xcc, 0xcc,
    0xcc, 0xcc, 0xc1, 0x0, 0x0, 0x0, 0xc, 0xf6,
    0xc, 0xff, 0xff, 0xff, 0xff, 0xff, 0xf1, 0x0,
    0x0, 0x0, 0x4f, 0xe0, 0xc, 0xf7, 0x22, 0x22,
    0x22, 0x3f, 0xf1, 0x0, 0x0, 0x0, 0xdf, 0x70,
    0xc, 0xf5, 0x0, 0x0, 0x0, 0x1f, 0xf1, 0x0,
    0x0, 0x6, 0xff, 0x10, 0xc, 0xf5, 0x0, 0x0,
    0x0, 0x1f, 0xf1, 0x0, 0x0, 0x1f, 0xff, 0x0,
    0xc, 0xf5, 0x0, 0x0, 0x0, 0x1f, 0xf1, 0x0,
    0x0, 0xbf, 0xff, 0x0, 0xc, 0xf6, 0x0, 0x0,
    0x0, 0x1f, 0xf1, 0x0, 0x8, 0xff, 0xff, 0x0,
    0xc, 0xff, 0xff, 0xff, 0xff, 0xff, 0xf1, 0x0,
    0x3f, 0xf6, 0xff, 0x0, 0xc, 0xfe, 0xdd, 0xdd,
    0xdd, 0xdf, 0xf1, 0x0, 0xc, 0x90, 0xff, 0x0,
    0xc, 0xf5, 0x0, 0x0, 0x0, 0x1f, 0xf1, 0x0,
    0x2, 0x0, 0xff, 0x0, 0xc, 0xf5, 0x0, 0x0,
    0x0, 0x1f, 0xf1, 0x0, 0x0, 0x0, 0xff, 0x0,
    0xc, 0xf5, 0x0, 0x0, 0x0, 0x1f, 0xf1, 0x0,
    0x0, 0x0, 0xff, 0x0, 0xc, 0xf5, 0x0, 0x0,
    0x0, 0x1f, 0xf1, 0x0, 0x0, 0x0, 0xff, 0x0,
    0xc, 0xfe, 0xdd, 0xdd, 0xdd, 0xdf, 0xf1, 0x0,
    0x0, 0x0, 0xff, 0x0, 0xc, 0xff, 0xff, 0xff,
    0xff, 0xff, 0xf1, 0x0, 0x0, 0x0, 0xff, 0x0,
    0x0, 0x0, 0x0, 0x0, 0x0, 0x0, 0x0, 0x0,
    0x0, 0x0, 0xff, 0x0, 0x0, 0x0, 0x0, 0x0,
    0x0, 0x0, 0x0, 0x0, 0x0, 0x0, 0xff, 0x0,
    0x0, 0x0, 0x0, 0x0, 0x0, 0x0, 0x0, 0x0,
    0x0, 0x0, 0xff, 0xa, 0xee, 0xee, 0xee, 0xee,
    0xee, 0xee, 0xee, 0xe1, 0x0, 0x0, 0xff, 0xb,
    0xff, 0xff, 0xff, 0xff, 0xff, 0xff, 0xff, 0xf1,
    0x0, 0x0, 0xff, 0x0, 0x0, 0x0, 0x0, 0x0,
    0x0, 0x0, 0x0, 0x0,

    /* U+4F53 "体" */
    0x0, 0x0, 0x0, 0x30, 0x0, 0x0, 0x0, 0x55,
    0x0, 0x0, 0x0, 0x0, 0x0, 0x0, 0x4, 0xfc,
    0x0, 0x0, 0x0, 0xff, 0x0, 0x0, 0x0, 0x0,
    0x0, 0x0, 0xa, 0xf7, 0x0, 0x0, 0x0, 0xff,
    0x0, 0x0, 0x0, 0x0, 0x0, 0x0, 0x1f, 0xf1,
    0x0, 0x0, 0x0, 0xff, 0x0, 0x0, 0x0, 0x0,
    0x0, 0x0, 0x8f, 0xb0, 0x0, 0x0, 0x0, 0xff,
    0x0, 0x0, 0x0, 0x0, 0x0, 0x1, 0xff, 0x36,
    0xbb, 0xbb, 0xbb, 0xff, 0xbb, 0xbb, 0xbb, 0xb1,
    0x0, 0x8, 0xfe, 0x9, 0xff, 0xff, 0xff, 0xff,
    0xff, 0xff, 0xff, 0xf1, 0x0, 0x2f, 0xfd, 0x2,
    0x44, 0x44, 0x6f, 0xff, 0xf8, 0x44, 0x44, 0x40,
    0x0, 0xcf, 0xfd, 0x0, 0x0, 0x0, 0x8f, 0xff,
    0xfb, 0x0, 0x0, 0x0, 0x8, 0xff, 0xfd, 0x0,
    0x0, 0x0, 0xec, 0xff, 0xbf, 0x10, 0x0, 0x0,
    0xe, 0xf7, 0xfd, 0x0, 0x0, 0x6, 0xf6, 0xff,
    0x5f, 0x90, 0x0, 0x0, 0x7, 0xa1, 0xfd, 0x0,
    0x0, 0xe, 0xe0, 0xff, 0xd, 0xf1, 0x0, 0x0,
    0x0, 0x1, 0xfd, 0x0, 0x0, 0x7f, 0x80, 0xff,
    0x6, 0xf9, 0x0, 0x0, 0x0, 0x1, 0xfd, 0x0,
    0x1, 0xff, 0x10, 0xff, 0x0, 0xef, 0x30, 0x0,
    0x0, 0x1, 0xfd, 0x0, 0xb, 0xf7, 0x0, 0xff,
    0x0, 0x6f, 0xd0, 0x0, 0x0, 0x1, 0xfd, 0x0,
    0x7f, 0xd0, 0x0, 0xff, 0x0, 0xc, 0xf8, 0x0,
    0x0, 0x1, 0xfd, 0x4, 0xff, 0x40, 0x0, 0xff,
    0x10, 0x3, 0xff, 0x60, 0x0, 0x1, 0xfd, 0x4f,
    0xf7, 0xcf, 0xff, 0xff, 0xff, 0xfc, 0x7f, 0xf4,
    0x0, 0x1, 0xfd, 0x1d, 0xa0, 0x9c, 0xcc, 0xff,
    0xcc, 0xc9, 0xa, 0xb0, 0x0, 0x1, 0xfd, 0x1,
    0x0, 0x0, 0x0, 0xff, 0x0, 0x0, 0x0, 0x0,
    0x0, 0x1, 0xfd, 0x0, 0x0, 0x0, 0x0, 0xff,
    0x0, 0x0, 0x0, 0x0, 0x0, 0x1, 0xfd, 0x0,
    0x0, 0x0, 0x0, 0xff, 0x0, 0x0, 0x0, 0x0,
    0x0, 0x1, 0xfd, 0x0, 0x0, 0x0, 0x0, 0xee,
    0x0, 0x0, 0x0, 0x0,

    /* U+4F5C "作" */
    0x0, 0x0, 0x0, 0x7a, 0x30, 0x0, 0x58, 0x20,
    0x0, 0x0, 0x0, 0x0, 0x0, 0x0, 0x0, 0xef,
    0x40, 0x0, 0xcf, 0x50, 0x0, 0x0, 0x0, 0x0,
    0x0, 0x0, 0x6, 0xfd, 0x0, 0x3, 0xfe, 0x0,
    0x0, 0x0, 0x0, 0x0, 0x0, 0x0, 0xe, 0xf6,
    0x0, 0xb, 0xf8, 0x0, 0x0, 0x0, 0x0, 0x0,
    0x0, 0x0, 0x8f, 0xd0, 0x0, 0x3f, 0xff, 0xff,
    0xff, 0xff, 0xff, 0xf4, 0x0, 0x2, 0xff, 0x50,
    0x0, 0xcf, 0xff, 0xff, 0xff, 0xff, 0xff, 0xf3,
    0x0, 0xc, 0xff, 0x20, 0x7, 0xfe, 0x2, 0xfe,
    0x0, 0x0, 0x0, 0x0, 0x0, 0x9f, 0xff, 0x20,
    0x2f, 0xf5, 0x2, 0xfe, 0x0, 0x0, 0x0, 0x0,
    0x7, 0xff, 0xff, 0x21, 0xef, 0xa0, 0x2, 0xfe,
    0x0, 0x0, 0x0, 0x0, 0x1f, 0xf9, 0xef, 0x25,
    0xfd, 0x0, 0x2, 0xff, 0xff, 0xff, 0xff, 0xa0,
    0x8, 0xb0, 0xef, 0x20, 0x42, 0x0, 0x2, 0xff,
    0xee, 0xee, 0xee, 0x90, 0x1, 0x0, 0xef, 0x20,
    0x0, 0x0, 0x2, 0xfe, 0x0, 0x0, 0x0, 0x0,
    0x0, 0x0, 0xef, 0x20, 0x0, 0x0, 0x2, 0xfe,
    0x0, 0x0, 0x0, 0x0, 0x0, 0x0, 0xef, 0x20,
    0x0, 0x0, 0x2, 0xfe, 0x0, 0x0, 0x0, 0x0,
    0x0, 0x0, 0xef, 0x20, 0x0, 0x0, 0x2, 0xff,
    0xee, 0xee, 0xee, 0xe0, 0x0, 0x0, 0xef, 0x20,
    0x0, 0x0, 0x2, 0xff, 0xff, 0xff, 0xff, 0xf0,
    0x0, 0x0, 0xef, 0x20, 0x0, 0x0, 0x2, 0xfe,
    0x0, 0x0, 0x0, 0x0, 0x0, 0x0, 0xef, 0x20,
    0x0, 0x0, 0x2, 0xfe, 0x0, 0x0, 0x0, 0x0,
    0x0, 0x0, 0xef, 0x20, 0x0, 0x0, 0x2, 0xfe,
    0x0, 0x0, 0x0, 0x0, 0x0, 0x0, 0xef, 0x20,
    0x0, 0x0, 0x2, 0xfe, 0x0, 0x0, 0x0, 0x0,
    0x0, 0x0, 0xef, 0x20, 0x0, 0x0, 0x2, 0xfe,
    0x0, 0x0, 0x0, 0x0, 0x0, 0x0, 0xef, 0x20,
    0x0, 0x0, 0x2, 0xfe, 0x0, 0x0, 0x0, 0x0,

    /* U+4F7F "使" */
    0x0, 0x0, 0x0, 0x41, 0x0, 0x0, 0x0, 0x45,
    0x0, 0x0, 0x0, 0x0, 0x0, 0x0, 0x0, 0xff,
    0x10, 0x0, 0x0, 0xef, 0x10, 0x0, 0x0, 0x0,
    0x0, 0x0, 0x7, 0xfa, 0x0, 0x0, 0x0, 0xef,
    0x10, 0x0, 0x0, 0x0, 0x0, 0x0, 0xe, 0xf9,
    0xdd, 0xdd, 0xdd, 0xff, 0xdd, 0xdd, 0xdd, 0xc0,
    0x0, 0x0, 0x7f, 0xb7, 0xff, 0xff, 0xff, 0xff,
    0xff, 0xff, 0xff, 0xf0, 0x0, 0x1, 0xff, 0x30,
    0x0, 0x0, 0x0, 0xef, 0x20, 0x0, 0x0, 0x0,
    0x0, 0xb, 0xff, 0x0, 0x0, 0x0, 0x0, 0xef,
    0x10, 0x0, 0x0, 0x0, 0x0, 0x6f, 0xff, 0x0,
    0x8a, 0xaa, 0xaa, 0xff, 0xaa, 0xaa, 0xaa, 0x10,
    0x3, 0xff, 0xff, 0x0, 0xcf, 0xff, 0xff, 0xff,
    0xff, 0xff, 0xff, 0x20, 0x2e, 0xfa, 0xff, 0x0,
    0xcf, 0x10, 0x0, 0xef, 0x20, 0x0, 0xdf, 0x20,
    0x3f, 0xd0, 0xff, 0x0, 0xcf, 0x10, 0x0, 0xef,
    0x10, 0x0, 0xdf, 0x20, 0x9, 0x20, 0xff, 0x0,
    0xcf, 0x10, 0x0, 0xef, 0x10, 0x0, 0xdf, 0x20,
    0x0, 0x0, 0xff, 0x0, 0xcf, 0xba, 0xaa, 0xff,
    0xba, 0xaa, 0xff, 0x20, 0x0, 0x0, 0xff, 0x0,
    0xcf, 0xff, 0xff, 0xff, 0xff, 0xff, 0xff, 0x20,
    0x0, 0x0, 0xff, 0x0, 0x16, 0x10, 0x2, 0xfe,
    0x0, 0x0, 0x0, 0x0, 0x0, 0x0, 0xff, 0x0,
    0x8f, 0x90, 0x5, 0xfb, 0x0, 0x0, 0x0, 0x0,
    0x0, 0x0, 0xff, 0x0, 0xc, 0xf7, 0xa, 0xf7,
    0x0, 0x0, 0x0, 0x0, 0x0, 0x0, 0xff, 0x0,
    0x1, 0xdf, 0xbf, 0xf1, 0x0, 0x0, 0x0, 0x0,
    0x0, 0x0, 0xff, 0x0, 0x0, 0x1d, 0xff, 0xb0,
    0x0, 0x0, 0x0, 0x0, 0x0, 0x0, 0xff, 0x0,
    0x0, 0x4e, 0xff, 0xfd, 0x71, 0x0, 0x0, 0x0,
    0x0, 0x0, 0xff, 0x0, 0x4b, 0xff, 0xb4, 0xcf,
    0xff, 0xc8, 0x52, 0x0, 0x0, 0x0, 0xff, 0x1d,
    0xff, 0xe6, 0x0, 0x3, 0x9e, 0xff, 0xff, 0xc0,
    0x0, 0x0, 0xff, 0x5, 0xc6, 0x0, 0x0, 0x0,
    0x0, 0x37, 0xad, 0x30,

    /* U+4F9B "供" */
    0x0, 0x0, 0x0, 0x0, 0x0, 0x0, 0x0, 0x0,
    0x0, 0x0, 0x0, 0x0, 0x0, 0x0, 0x0, 0xda,
    0x10, 0xc, 0xd1, 0x0, 0x2, 0xdb, 0x0, 0x0,
    0x0, 0x0, 0x4, 0xfd, 0x0, 0xe, 0xf1, 0x0,
    0x3, 0xfd, 0x0, 0x0, 0x0, 0x0, 0xc, 0xf6,
    0x0, 0xe, 0xf1, 0x0, 0x3, 0xfd, 0x0, 0x0,
    0x0, 0x0, 0x3f, 0xe0, 0x0, 0xe, 0xf1, 0x0,
    0x3, 0xfd, 0x0, 0x0, 0x0, 0x0, 0xcf, 0x70,
    0x0, 0xe, 0xf2, 0x0, 0x3, 0xfd, 0x0, 0x0,
    0x0, 0x6, 0xff, 0x0, 0xef, 0xff, 0xff, 0xff,
    0xff, 0xff, 0xff, 0xf2, 0x0, 0x2f, 0xff, 0x0,
    0xde, 0xef, 0xfe, 0xee, 0xee, 0xff, 0xee, 0xe2,
    0x0, 0xcf, 0xff, 0x0, 0x0, 0xe, 0xf1, 0x0,
    0x3, 0xfd, 0x0, 0x0, 0xa, 0xfe, 0xff, 0x0,
    0x0, 0xe, 0xf1, 0x0, 0x3, 0xfd, 0x0, 0x0,
    0x3f, 0xf4, 0xff, 0x0, 0x0, 0xe, 0xf1, 0x0,
    0x3, 0xfd, 0x0, 0x0, 0x9, 0x51, 0xff, 0x0,
    0x0, 0xe, 0xf1, 0x0, 0x3, 0xfd, 0x0, 0x0,
    0x0, 0x1, 0xff, 0x0, 0x0, 0xe, 0xf1, 0x0,
    0x3, 0xfd, 0x0, 0x0, 0x0, 0x1, 0xff, 0x6,
    0xcc, 0xcf, 0xfc, 0xcc, 0xcc, 0xff, 0xcc, 0xc5,
    0x0, 0x1, 0xff, 0x8, 0xff, 0xff, 0xff, 0xff,
    0xff, 0xff, 0xff, 0xf7, 0x0, 0x1, 0xff, 0x1,
    0x33, 0x33, 0x33, 0x33, 0x33, 0x33, 0x33, 0x31,
    0x0, 0x1, 0xff, 0x0, 0x0, 0x3, 0x20, 0x0,
    0x0, 0x21, 0x0, 0x0, 0x0, 0x1, 0xff, 0x0,
    0x0, 0xe, 0xf5, 0x0, 0x5, 0xfc, 0x0, 0x0,
    0x0, 0x1, 0xff, 0x0, 0x0, 0x9f, 0xc0, 0x0,
    0x0, 0xbf, 0xb0, 0x0, 0x0, 0x1, 0xff, 0x0,
    0x7, 0xfe, 0x20, 0x0, 0x0, 0x1d, 0xf8, 0x0,
    0x0, 0x1, 0xff, 0x0, 0x6f, 0xf4, 0x0, 0x0,
    0x0, 0x3, 0xff, 0x40, 0x0, 0x1, 0xff, 0x6,
    0xff, 0x60, 0x0, 0x0, 0x0, 0x0, 0x7f, 0xe0,
    0x0, 0x1, 0xff, 0x0, 0x96, 0x0, 0x0, 0x0,
    0x0, 0x0, 0xb, 0x60, 0x0, 0x0, 0x0, 0x0,
    0x0, 0x0, 0x0, 0x0, 0x0, 0x0, 0x0, 0x0,

    /* U+4FDD "保" */
    0x0, 0x0, 0x0, 0x0, 0x0, 0x0, 0x0, 0x0,
    0x0, 0x0, 0x0, 0x0, 0x0, 0x0, 0x0, 0xbb,
    0x20, 0x0, 0x0, 0x0, 0x0, 0x0, 0x0, 0x0,
    0x0, 0x0, 0x3, 0xfe, 0xd, 0xff, 0xff, 0xff,
    0xff, 0xff, 0xfd, 0x0, 0x0, 0x0, 0xa, 0xf7,
    0xd, 0xfc, 0xcc, 0xcc, 0xcc, 0xcd, 0xfd, 0x0,
    0x0, 0x0, 0x3f, 0xe0, 0xd, 0xf1, 0x0, 0x0,
    0x0, 0x2, 0xfd, 0x0, 0x0, 0x0, 0xcf, 0x70,
    0xd, 0xf1, 0x0, 0x0, 0x0, 0x2, 0xfd, 0x0,
    0x0, 0x7, 0xff, 0x0, 0xd, 0xf1, 0x0, 0x0,
    0x0, 0x2, 0xfd, 0x0, 0x0, 0x2f, 0xff, 0x0,
    0xd, 0xf3, 0x22, 0x22, 0x22, 0x24, 0xfd, 0x0,
    0x1, 0xdf, 0xff, 0x0, 0xd, 0xff, 0xff, 0xff,
    0xff, 0xff, 0xfd, 0x0, 0xc, 0xfd, 0xff, 0x0,
    0x9, 0xbb, 0xbb, 0xff, 0xcb, 0xbb, 0xb9, 0x0,
    0x3f, 0xe2, 0xff, 0x0, 0x0, 0x0, 0x0, 0xef,
    0x20, 0x0, 0x0, 0x0, 0x9, 0x30, 0xff, 0x0,
    0x0, 0x0, 0x0, 0xef, 0x20, 0x0, 0x0, 0x0,
    0x0, 0x0, 0xff, 0x8, 0xbb, 0xbb, 0xbb, 0xff,
    0xcb, 0xbb, 0xbb, 0x80, 0x0, 0x0, 0xff, 0xc,
    0xff, 0xff, 0xff, 0xff, 0xff, 0xff, 0xff, 0xc0,
    0x0, 0x0, 0xff, 0x1, 0x22, 0x22, 0x6f, 0xff,
    0xf9, 0x22, 0x22, 0x10, 0x0, 0x0, 0xff, 0x0,
    0x0, 0x1, 0xef, 0xff, 0xef, 0x30, 0x0, 0x0,
    0x0, 0x0, 0xff, 0x0, 0x0, 0xc, 0xf8, 0xef,
    0x5f, 0xe1, 0x0, 0x0, 0x0, 0x0, 0xff, 0x0,
    0x0, 0xbf, 0xc0, 0xef, 0x26, 0xfd, 0x10, 0x0,
    0x0, 0x0, 0xff, 0x0, 0x1b, 0xfd, 0x10, 0xef,
    0x20, 0x9f, 0xd1, 0x0, 0x0, 0x0, 0xff, 0x4,
    0xef, 0xe2, 0x0, 0xef, 0x20, 0xb, 0xfe, 0x40,
    0x0, 0x0, 0xff, 0x2f, 0xfd, 0x10, 0x0, 0xef,
    0x20, 0x0, 0xaf, 0xf2, 0x0, 0x0, 0xff, 0x5,
    0x90, 0x0, 0x0, 0xef, 0x20, 0x0, 0x7, 0x80,
    0x0, 0x0, 0xde, 0x0, 0x0, 0x0, 0x0, 0xef,
    0x20, 0x0, 0x0, 0x0,

    /* U+4FE1 "信" */
    0x0, 0x0, 0x0, 0x0, 0x0, 0x0, 0x0, 0x0,
    0x0, 0x0, 0x0, 0x0, 0x0, 0x0, 0x1c, 0x70,
    0x0, 0x0, 0x8d, 0x10, 0x0, 0x0, 0x0, 0x0,
    0x0, 0x6, 0xf9, 0x0, 0x0, 0x8, 0xfa, 0x0,
    0x0, 0x0, 0x0, 0x0, 0x0, 0xdf, 0x30, 0x0,
    0x0, 0xe, 0xf3, 0x0, 0x0, 0x0, 0x0, 0x0,
    0x5f, 0xb0, 0x11, 0x11, 0x11, 0x8a, 0x31, 0x11,
    0x11, 0x10, 0x0, 0xd, 0xf3, 0x6f, 0xff, 0xff,
    0xff, 0xff, 0xff, 0xff, 0xfe, 0x0, 0x6, 0xfe,
    0x4, 0xaa, 0xaa, 0xaa, 0xaa, 0xaa, 0xaa, 0xaa,
    0x90, 0x1, 0xff, 0xe0, 0x0, 0x0, 0x0, 0x0,
    0x0, 0x0, 0x0, 0x0, 0x0, 0xbf, 0xfe, 0x0,
    0x9, 0xbb, 0xbb, 0xbb, 0xbb, 0xbb, 0xa0, 0x0,
    0x8f, 0xdf, 0xe0, 0x0, 0xcf, 0xff, 0xff, 0xff,
    0xff, 0xfe, 0x0, 0x1f, 0xf2, 0xfe, 0x0, 0x0,
    0x0, 0x0, 0x0, 0x0, 0x0, 0x0, 0x0, 0x75,
    0xf, 0xe0, 0x0, 0x79, 0x99, 0x99, 0x99, 0x99,
    0x99, 0x0, 0x0, 0x0, 0xfe, 0x0, 0xd, 0xff,
    0xff, 0xff, 0xff, 0xff, 0xf0, 0x0, 0x0, 0xf,
    0xe0, 0x0, 0x0, 0x0, 0x0, 0x0, 0x0, 0x0,
    0x0, 0x0, 0x0, 0xfe, 0x0, 0x0, 0x0, 0x0,
    0x0, 0x0, 0x0, 0x0, 0x0, 0x0, 0xf, 0xe0,
    0x2, 0xff, 0xff, 0xff, 0xff, 0xff, 0xff, 0x30,
    0x0, 0x0, 0xfe, 0x0, 0x2f, 0xeb, 0xbb, 0xbb,
    0xbb, 0xbe, 0xf3, 0x0, 0x0, 0xf, 0xe0, 0x2,
    0xf9, 0x0, 0x0, 0x0, 0x0, 0x9f, 0x30, 0x0,
    0x0, 0xfe, 0x0, 0x2f, 0x90, 0x0, 0x0, 0x0,
    0x9, 0xf3, 0x0, 0x0, 0xf, 0xe0, 0x2, 0xf9,
    0x0, 0x0, 0x0, 0x0, 0x9f, 0x30, 0x0, 0x0,
    0xfe, 0x0, 0x2f, 0xd9, 0x99, 0x99, 0x99, 0x9d,
    0xf3, 0x0, 0x0, 0xf, 0xe0, 0x2, 0xff, 0xff,
    0xff, 0xff, 0xff, 0xff, 0x30, 0x0, 0x0, 0xfe,
    0x0, 0x2f, 0xa0, 0x0, 0x0, 0x0, 0xa, 0xf3,
    0x0, 0x0, 0x2, 0x20, 0x0, 0x10, 0x0, 0x0,
    0x0, 0x0, 0x0, 0x0,

    /* U+4FEE "修" */
    0x0, 0x0, 0x0, 0x0, 0x0, 0x0, 0x1, 0x0,
    0x0, 0x0, 0x0, 0x0, 0x0, 0x0, 0x9, 0xd3,
    0x0, 0x0, 0xb, 0xf4, 0x0, 0x0, 0x0, 0x0,
    0x0, 0x0, 0xe, 0xf1, 0x0, 0x0, 0x3f, 0xe0,
    0x0, 0x0, 0x0, 0x0, 0x0, 0x0, 0x4f, 0xb0,
    0x0, 0x0, 0xcf, 0xda, 0xaa, 0xaa, 0xa9, 0x20,
    0x0, 0x0, 0xaf, 0x50, 0x0, 0x7, 0xff, 0xff,
    0xff, 0xff, 0xff, 0x30, 0x0, 0x2, 0xfe, 0x0,
    0x0, 0x4f, 0xfe, 0x10, 0x0, 0x7, 0xfb, 0x0,
    0x0, 0xa, 0xfb, 0x0, 0x3, 0xff, 0xaf, 0xb0,
    0x0, 0x4f, 0xe1, 0x0, 0x0, 0x3f, 0xfb, 0x5,
    0x9a, 0xf8, 0x7, 0xfc, 0x16, 0xff, 0x30, 0x0,
    0x0, 0xcf, 0xfb, 0xa, 0xf1, 0x40, 0x0, 0x7f,
    0xff, 0xe3, 0x0, 0x0, 0x8, 0xff, 0xfb, 0xa,
    0xf1, 0x0, 0x3, 0xaf, 0xff, 0xd6, 0x0, 0x0,
    0x2f, 0xf8, 0xfb, 0xa, 0xf2, 0x48, 0xdf, 0xfc,
    0x59, 0xff, 0xfb, 0x62, 0xc, 0x93, 0xfb, 0xa,
    0xfb, 0xff, 0xe9, 0x30, 0x11, 0x28, 0xef, 0xf1,
    0x3, 0x3, 0xfb, 0xa, 0xf2, 0x73, 0x0, 0x5,
    0xee, 0x20, 0x3, 0x30, 0x0, 0x3, 0xfb, 0xa,
    0xf1, 0x0, 0x4, 0xcf, 0xc2, 0x0, 0x0, 0x0,
    0x0, 0x3, 0xfb, 0xa, 0xf1, 0x7, 0xef, 0xd6,
    0x0, 0x5d, 0x50, 0x0, 0x0, 0x3, 0xfb, 0xa,
    0xf1, 0x2, 0xa4, 0x0, 0x2a, 0xfc, 0x10, 0x0,
    0x0, 0x3, 0xfb, 0xa, 0xf1, 0x0, 0x0, 0x3a,
    0xff, 0x70, 0x3, 0x0, 0x0, 0x3, 0xfb, 0xa,
    0xf1, 0x3, 0x9e, 0xfe, 0x81, 0x0, 0x8f, 0xc0,
    0x0, 0x3, 0xfb, 0xa, 0xf1, 0x1, 0xda, 0x50,
    0x0, 0x3c, 0xfd, 0x20, 0x0, 0x3, 0xfb, 0x0,
    0x0, 0x0, 0x0, 0x0, 0x5b, 0xff, 0xa1, 0x0,
    0x0, 0x3, 0xfb, 0x0, 0x0, 0x0, 0x36, 0xaf,
    0xff, 0xb3, 0x0, 0x0, 0x0, 0x3, 0xfb, 0x0,
    0x0, 0xaf, 0xff, 0xfd, 0x82, 0x0, 0x0, 0x0,
    0x0, 0x3, 0xfb, 0x0, 0x0, 0x3d, 0xa6, 0x20,
    0x0, 0x0, 0x0, 0x0,

    /* U+5165 "入" */
    0x0, 0x0, 0x0, 0x1, 0x80, 0x0, 0x0, 0x0,
    0x0, 0x0, 0x0, 0x0, 0x0, 0x0, 0x0, 0xb,
    0xfb, 0x0, 0x0, 0x0, 0x0, 0x0, 0x0, 0x0,
    0x0, 0x0, 0x0, 0x5, 0xff, 0xc0, 0x0, 0x0,
    0x0, 0x0, 0x0, 0x0, 0x0, 0x0, 0x0, 0x0,
    0x3f, 0xfa, 0x0, 0x0, 0x0, 0x0, 0x0, 0x0,
    0x0, 0x0, 0x0, 0x0, 0x4, 0xff, 0x70, 0x0,
    0x0, 0x0, 0x0, 0x0, 0x0, 0x0, 0x0, 0x0,
    0x0, 0x7f, 0xf2, 0x0, 0x0, 0x0, 0x0, 0x0,
    0x0, 0x0, 0x0, 0x0, 0x0, 0x6f, 0xfb, 0x0,
    0x0, 0x0, 0x0, 0x0, 0x0, 0x0, 0x0, 0x0,
    0x0, 0xaf, 0xff, 0x40, 0x0, 0x0, 0x0, 0x0,
    0x0, 0x0, 0x0, 0x0, 0x0, 0xef, 0xef, 0xc0,
    0x0, 0x0, 0x0, 0x0, 0x0, 0x0, 0x0, 0x0,
    0x4, 0xff, 0x3f, 0xf4, 0x0, 0x0, 0x0, 0x0,
    0x0, 0x0, 0x0, 0x0, 0xa, 0xfc, 0x8, 0xfc,
    0x0, 0x0, 0x0, 0x0, 0x0, 0x0, 0x0, 0x0,
    0x1f, 0xf6, 0x1, 0xff, 0x50, 0x0, 0x0, 0x0,
    0x0, 0x0, 0x0, 0x0, 0x8f, 0xe0, 0x0, 0x8f,
    0xd0, 0x0, 0x0, 0x0, 0x0, 0x0, 0x0, 0x1,
    0xff, 0x70, 0x0, 0x1f, 0xf7, 0x0, 0x0, 0x0,
    0x0, 0x0, 0x0, 0xb, 0xfe, 0x0, 0x0, 0x7,
    0xff, 0x20, 0x0, 0x0, 0x0, 0x0, 0x0, 0x6f,
    0xf5, 0x0, 0x0, 0x0, 0xdf, 0xc0, 0x0, 0x0,
    0x0, 0x0, 0x4, 0xff, 0xa0, 0x0, 0x0, 0x0,
    0x4f, 0xfa, 0x0, 0x0, 0x0, 0x0, 0x4f, 0xfd,
    0x0, 0x0, 0x0, 0x0, 0x8, 0xff, 0xa0, 0x0,
    0x0, 0x7, 0xff, 0xd1, 0x0, 0x0, 0x0, 0x0,
    0x0, 0xbf, 0xfc, 0x10, 0x2, 0xcf, 0xfd, 0x10,
    0x0, 0x0, 0x0, 0x0, 0x0, 0xc, 0xff, 0xe0,
    0x9, 0xff, 0xa0, 0x0, 0x0, 0x0, 0x0, 0x0,
    0x0, 0x0, 0x9f, 0xa0, 0x0, 0x75, 0x0, 0x0,
    0x0, 0x0, 0x0, 0x0, 0x0, 0x0, 0x4, 0x30,

    /* U+5173 "关" */
    0x0, 0x0, 0x0, 0x0, 0x0, 0x0, 0x0, 0x0,
    0x0, 0x0, 0x0, 0x0, 0x0, 0x2, 0xb5, 0x0,
    0x0, 0x0, 0x0, 0x4e, 0x80, 0x0, 0x0, 0x0,
    0x0, 0x4f, 0xf1, 0x0, 0x0, 0x0, 0xc, 0xfb,
    0x0, 0x0, 0x0, 0x0, 0x0, 0xaf, 0xb0, 0x0,
    0x0, 0x4, 0xff, 0x20, 0x0, 0x0, 0x0, 0x0,
    0x1, 0xff, 0x30, 0x0, 0x0, 0xcf, 0x80, 0x0,
    0x0, 0x0, 0x0, 0x11, 0x19, 0xa2, 0x11, 0x11,
    0x6f, 0xe1, 0x11, 0x10, 0x0, 0x0, 0xef, 0xff,
    0xff, 0xff, 0xff, 0xff, 0xff, 0xff, 0xff, 0x30,
    0x0, 0xd, 0xff, 0xff, 0xff, 0xff, 0xff, 0xff,
    0xff, 0xff, 0xf2, 0x0, 0x0, 0x0, 0x0, 0x0,
    0x1, 0xff, 0x40, 0x0, 0x0, 0x0, 0x0, 0x0,
    0x0, 0x0, 0x0, 0x0, 0x1f, 0xf4, 0x0, 0x0,
    0x0, 0x0, 0x0, 0x0, 0x0, 0x0, 0x0, 0x1,
    0xff, 0x40, 0x0, 0x0, 0x0, 0x0, 0x0, 0x0,
    0x0, 0x0, 0x0, 0x2f, 0xf4, 0x0, 0x0, 0x0,
    0x0, 0x0, 0x6f, 0xff, 0xff, 0xff, 0xff, 0xff,
    0xff, 0xff, 0xff, 0xff, 0xf7, 0x5, 0xff, 0xff,
    0xff, 0xff, 0xff, 0xff, 0xff, 0xff, 0xff, 0xff,
    0x70, 0x0, 0x0, 0x0, 0x0, 0xb, 0xff, 0xf1,
    0x0, 0x0, 0x0, 0x0, 0x0, 0x0, 0x0, 0x0,
    0x3, 0xff, 0xef, 0xb0, 0x0, 0x0, 0x0, 0x0,
    0x0, 0x0, 0x0, 0x1, 0xdf, 0xe1, 0xef, 0x90,
    0x0, 0x0, 0x0, 0x0, 0x0, 0x0, 0x1, 0xcf,
    0xf4, 0x4, 0xff, 0x90, 0x0, 0x0, 0x0, 0x0,
    0x0, 0x4, 0xef, 0xf6, 0x0, 0x6, 0xff, 0xb1,
    0x0, 0x0, 0x0, 0x0, 0x3b, 0xff, 0xf5, 0x0,
    0x0, 0x6, 0xff, 0xf8, 0x10, 0x0, 0x5, 0xcf,
    0xff, 0xb2, 0x0, 0x0, 0x0, 0x3, 0xef, 0xff,
    0xa5, 0x8, 0xff, 0xfc, 0x40, 0x0, 0x0, 0x0,
    0x0, 0x0, 0x8f, 0xff, 0x90, 0xa, 0x93, 0x0,
    0x0, 0x0, 0x0, 0x0, 0x0, 0x0, 0x6, 0xa0,
    0x0,

    /* U+5177 "具" */
    0x0, 0x0, 0x0, 0x0, 0x0, 0x0, 0x0, 0x0,
    0x0, 0x0, 0x0, 0x0, 0x0, 0x0, 0xff, 0xff,
    0xff, 0xff, 0xff, 0xff, 0xff, 0x20, 0x0, 0x0,
    0x0, 0xf, 0xf9, 0x99, 0x99, 0x99, 0x99, 0x9f,
    0xf2, 0x0, 0x0, 0x0, 0x0, 0xff, 0x0, 0x0,
    0x0, 0x0, 0x0, 0xef, 0x20, 0x0, 0x0, 0x0,
    0xf, 0xf8, 0x88, 0x88, 0x88, 0x88, 0x8f, 0xf2,
    0x0, 0x0, 0x0, 0x0, 0xff, 0xff, 0xff, 0xff,
    0xff, 0xff, 0xff, 0x20, 0x0, 0x0, 0x0, 0xf,
    0xf0, 0x0, 0x0, 0x0, 0x0, 0xe, 0xf2, 0x0,
    0x0, 0x0, 0x0, 0xff, 0x0, 0x0, 0x0, 0x0,
    0x0, 0xef, 0x20, 0x0, 0x0, 0x0, 0xf, 0xff,
    0xff, 0xff, 0xff, 0xff, 0xff, 0xf2, 0x0, 0x0,
    0x0, 0x0, 0xff, 0x88, 0x88, 0x88, 0x88, 0x88,
    0xff, 0x20, 0x0, 0x0, 0x0, 0xf, 0xf0, 0x0,
    0x0, 0x0, 0x0, 0xe, 0xf2, 0x0, 0x0, 0x0,
    0x0, 0xff, 0x88, 0x88, 0x88, 0x88, 0x88, 0xff,
    0x20, 0x0, 0x0, 0x0, 0xf, 0xff, 0xff, 0xff,
    0xff, 0xff, 0xff, 0xf2, 0x0, 0x0, 0x0, 0x0,
    0xff, 0x0, 0x0, 0x0, 0x0, 0x0, 0xef, 0x20,
    0x0, 0x0, 0x0, 0xf, 0xf0, 0x0, 0x0, 0x0,
    0x0, 0xe, 0xf2, 0x0, 0x0, 0xcf, 0xff, 0xff,
    0xff, 0xff, 0xff, 0xff, 0xff, 0xff, 0xff, 0xfb,
    0xa, 0xdd, 0xdd, 0xdd, 0xdd, 0xdd, 0xdd, 0xde,
    0xdd, 0xdd, 0xdd, 0x90, 0x0, 0x0, 0x2, 0xd9,
    0x0, 0x0, 0x2, 0xec, 0x50, 0x0, 0x0, 0x0,
    0x0, 0x8, 0xff, 0xe3, 0x0, 0x0, 0x4d, 0xff,
    0xd5, 0x0, 0x0, 0x1, 0x7e, 0xff, 0x91, 0x0,
    0x0, 0x0, 0x5, 0xdf, 0xfc, 0x40, 0x8, 0xff,
    0xfb, 0x30, 0x0, 0x0, 0x0, 0x0, 0x0, 0x6e,
    0xff, 0x90, 0x3e, 0xa3, 0x0, 0x0, 0x0, 0x0,
    0x0, 0x0, 0x0, 0x9, 0xe2, 0x0, 0x0, 0x0,
    0x0, 0x0, 0x0, 0x0, 0x0, 0x0, 0x0, 0x0,
    0x0,

    /* U+51FA "出" */
    0x0, 0x0, 0x0, 0x0, 0x6, 0x61, 0x0, 0x0,
    0x0, 0x0, 0x0, 0x0, 0x0, 0x0, 0xf, 0xf4,
    0x0, 0x0, 0x0, 0x0, 0x1, 0x44, 0x0, 0x0,
    0xf, 0xf4, 0x0, 0x0, 0x14, 0x40, 0x4, 0xfe,
    0x0, 0x0, 0xf, 0xf4, 0x0, 0x0, 0x4f, 0xe0,
    0x4, 0xfe, 0x0, 0x0, 0xf, 0xf4, 0x0, 0x0,
    0x4f, 0xe0, 0x4, 0xfe, 0x0, 0x0, 0xf, 0xf4,
    0x0, 0x0, 0x4f, 0xe0, 0x4, 0xfe, 0x0, 0x0,
    0xf, 0xf4, 0x0, 0x0, 0x4f, 0xe0, 0x4, 0xfe,
    0x0, 0x0, 0xf, 0xf4, 0x0, 0x0, 0x4f, 0xe0,
    0x4, 0xfe, 0x0, 0x0, 0xf, 0xf4, 0x0, 0x0,
    0x4f, 0xe0, 0x4, 0xff, 0xee, 0xee, 0xef, 0xfe,
    0xee, 0xee, 0xef, 0xe0, 0x4, 0xff, 0xff, 0xff,
    0xff, 0xff, 0xff, 0xff, 0xff, 0xe0, 0x0, 0x11,
    0x11, 0x11, 0x1f, 0xf5, 0x11, 0x11, 0x11, 0x10,
    0x0, 0x0, 0x0, 0x0, 0xf, 0xf4, 0x0, 0x0,
    0x0, 0x0, 0x5f, 0xd0, 0x0, 0x0, 0xf, 0xf4,
    0x0, 0x0, 0x5, 0xfe, 0x6f, 0xe0, 0x0, 0x0,
    0xf, 0xf4, 0x0, 0x0, 0x5, 0xfe, 0x6f, 0xe0,
    0x0, 0x0, 0xf, 0xf4, 0x0, 0x0, 0x5, 0xfe,
    0x6f, 0xe0, 0x0, 0x0, 0xf, 0xf4, 0x0, 0x0,
    0x5, 0xfe, 0x6f, 0xe0, 0x0, 0x0, 0xf, 0xf4,
    0x0, 0x0, 0x5, 0xfe, 0x6f, 0xe0, 0x0, 0x0,
    0xf, 0xf4, 0x0, 0x0, 0x5, 0xfe, 0x6f, 0xe3,
    0x33, 0x33, 0x3f, 0xf7, 0x33, 0x33, 0x38, 0xfe,
    0x6f, 0xff, 0xff, 0xff, 0xff, 0xff, 0xff, 0xff,
    0xff, 0xfe, 0x4c, 0xcc, 0xcc, 0xcc, 0xcc, 0xcc,
    0xcc, 0xcc, 0xce, 0xfe, 0x0, 0x0, 0x0, 0x0,
    0x0, 0x0, 0x0, 0x0, 0x5, 0xfe,

    /* U+5207 "切" */
    0x0, 0x0, 0x11, 0x0, 0x0, 0x0, 0x0, 0x0,
    0x0, 0x0, 0x0, 0x0, 0x0, 0x1, 0xfd, 0x0,
    0x0, 0x0, 0x0, 0x0, 0x0, 0x0, 0x0, 0x0,
    0x0, 0x1, 0xfd, 0x0, 0x0, 0xcf, 0xff, 0xff,
    0xff, 0xff, 0xff, 0xf0, 0x0, 0x1, 0xfd, 0x0,
    0x0, 0xbf, 0xff, 0xff, 0xff, 0xff, 0xff, 0xf0,
    0x0, 0x1, 0xfd, 0x0, 0x0, 0x0, 0x0, 0xff,
    0x0, 0x0, 0x1f, 0xf0, 0x0, 0x1, 0xfd, 0x0,
    0x14, 0x20, 0x0, 0xff, 0x0, 0x0, 0x1f, 0xf0,
    0x0, 0x2, 0xff, 0xae, 0xff, 0x70, 0x1, 0xff,
    0x0, 0x0, 0x2f, 0xe0, 0x1a, 0xdf, 0xff, 0xff,
    0xda, 0x40, 0x1, 0xfe, 0x0, 0x0, 0x3f, 0xe0,
    0xf, 0xfe, 0xfe, 0x41, 0x0, 0x0, 0x3, 0xfd,
    0x0, 0x0, 0x3f, 0xd0, 0x4, 0x11, 0xfd, 0x0,
    0x0, 0x0, 0x4, 0xfb, 0x0, 0x0, 0x4f, 0xd0,
    0x0, 0x1, 0xfd, 0x0, 0x0, 0x0, 0x6, 0xfa,
    0x0, 0x0, 0x4f, 0xc0, 0x0, 0x1, 0xfd, 0x0,
    0x0, 0x0, 0x8, 0xf7, 0x0, 0x0, 0x5f, 0xb0,
    0x0, 0x1, 0xfd, 0x0, 0x0, 0x0, 0xb, 0xf5,
    0x0, 0x0, 0x6f, 0xb0, 0x0, 0x1, 0xfd, 0x0,
    0x2, 0x30, 0xf, 0xf1, 0x0, 0x0, 0x7f, 0xa0,
    0x0, 0x1, 0xfd, 0x4, 0xbf, 0x90, 0x4f, 0xd0,
    0x0, 0x0, 0x8f, 0x90, 0x0, 0x2, 0xff, 0xdf,
    0xfd, 0x50, 0xbf, 0x80, 0x0, 0x0, 0x9f, 0x80,
    0x0, 0x9, 0xff, 0xfd, 0x50, 0x3, 0xff, 0x20,
    0x0, 0x0, 0xbf, 0x60, 0x0, 0xd, 0xfc, 0x40,
    0x0, 0xc, 0xfa, 0x0, 0x0, 0x0, 0xdf, 0x40,
    0x0, 0x5, 0x50, 0x0, 0x0, 0x9f, 0xf1, 0x0,
    0x0, 0x0, 0xff, 0x20, 0x0, 0x0, 0x0, 0x0,
    0xa, 0xff, 0x50, 0x1, 0x0, 0x8, 0xff, 0x0,
    0x0, 0x0, 0x0, 0x1, 0xdf, 0xf7, 0x0, 0x7,
    0xff, 0xff, 0xf9, 0x0, 0x0, 0x0, 0x0, 0x0,
    0x7f, 0x50, 0x0, 0x2, 0xff, 0xff, 0x90, 0x0,
    0x0, 0x0, 0x0, 0x0, 0x1, 0x0, 0x0, 0x0,
    0x0, 0x0, 0x0, 0x0,

    /* U+5217 "列" */
    0x0, 0x0, 0x0, 0x0, 0x0, 0x0, 0x0, 0x0,
    0x0, 0xa, 0xe3, 0x5d, 0xdd, 0xdd, 0xdd, 0xdd,
    0xdd, 0xc0, 0x0, 0x0, 0xc, 0xf4, 0x6f, 0xff,
    0xff, 0xff, 0xff, 0xff, 0xe0, 0x57, 0x20, 0xc,
    0xf4, 0x0, 0x0, 0xcf, 0x40, 0x0, 0x0, 0x0,
    0xbf, 0x40, 0xc, 0xf4, 0x0, 0x0, 0xff, 0x0,
    0x0, 0x0, 0x0, 0xbf, 0x40, 0xc, 0xf4, 0x0,
    0x5, 0xfb, 0x0, 0x0, 0x0, 0x0, 0xbf, 0x40,
    0xc, 0xf4, 0x0, 0xa, 0xfd, 0x99, 0x99, 0xa8,
    0x10, 0xbf, 0x40, 0xc, 0xf4, 0x0, 0xf, 0xff,
    0xff, 0xff, 0xff, 0x20, 0xbf, 0x40, 0xc, 0xf4,
    0x0, 0x7f, 0xb4, 0x44, 0x44, 0xff, 0x0, 0xbf,
    0x40, 0xc, 0xf4, 0x0, 0xef, 0x40, 0x0, 0x3,
    0xfc, 0x0, 0xbf, 0x40, 0xc, 0xf4, 0x8, 0xfc,
    0x0, 0x0, 0x8, 0xf8, 0x0, 0xbf, 0x40, 0xc,
    0xf4, 0x3f, 0xf3, 0x52, 0x0, 0xd, 0xf3, 0x0,
    0xbf, 0x40, 0xc, 0xf4, 0x3e, 0x93, 0xff, 0x60,
    0x3f, 0xe0, 0x0, 0xbf, 0x40, 0xc, 0xf4, 0x1,
    0x0, 0x9f, 0xf9, 0xbf, 0x70, 0x0, 0xbf, 0x40,
    0xc, 0xf4, 0x0, 0x0, 0x6, 0xff, 0xff, 0x10,
    0x0, 0xbf, 0x40, 0xc, 0xf4, 0x0, 0x0, 0x0,
    0x4f, 0xf8, 0x0, 0x0, 0xbf, 0x40, 0xc, 0xf4,
    0x0, 0x0, 0x0, 0x9f, 0xe0, 0x0, 0x0, 0x0,
    0x0, 0xc, 0xf4, 0x0, 0x0, 0x7, 0xff, 0x30,
    0x0, 0x0, 0x0, 0x0, 0xc, 0xf4, 0x0, 0x0,
    0x9f, 0xf6, 0x0, 0x0, 0x0, 0x0, 0x0, 0xc,
    0xf4, 0x0, 0x2c, 0xff, 0x60, 0x0, 0x0, 0x0,
    0x0, 0x0, 0xc, 0xf4, 0x9, 0xff, 0xe4, 0x0,
    0x0, 0x0, 0x0, 0x1, 0xee, 0xef, 0xf2, 0x4,
    0xf9, 0x10, 0x0, 0x0, 0x0, 0x0, 0x0, 0xbf,
    0xfe, 0x70, 0x0, 0x10, 0x0, 0x0, 0x0, 0x0,
    0x0, 0x0, 0x0, 0x0, 0x0,

    /* U+521D "初" */
    0x0, 0x0, 0x1, 0x0, 0x0, 0x0, 0x0, 0x0,
    0x0, 0x0, 0x0, 0x0, 0x0, 0xa, 0xf2, 0x0,
    0x0, 0x0, 0x0, 0x0, 0x0, 0x0, 0x0, 0x0,
    0x0, 0x7f, 0xc0, 0x0, 0x23, 0x33, 0x33, 0x33,
    0x33, 0x33, 0x0, 0x0, 0x0, 0xdf, 0x60, 0xc,
    0xff, 0xff, 0xff, 0xff, 0xff, 0xf3, 0x0, 0x0,
    0x4, 0xb1, 0x0, 0x9c, 0xcc, 0xff, 0xcc, 0xcc,
    0xff, 0x30, 0xbf, 0xff, 0xff, 0xff, 0x70, 0x0,
    0x1f, 0xf0, 0x0, 0xc, 0xf3, 0x9, 0xdd, 0xdd,
    0xdf, 0xf8, 0x0, 0x2, 0xfe, 0x0, 0x0, 0xdf,
    0x20, 0x0, 0x0, 0x1, 0xff, 0x10, 0x0, 0x3f,
    0xd0, 0x0, 0xd, 0xf2, 0x0, 0x0, 0x0, 0xaf,
    0x80, 0x0, 0x4, 0xfc, 0x0, 0x0, 0xef, 0x10,
    0x0, 0x0, 0x5f, 0xe1, 0x10, 0x0, 0x5f, 0xa0,
    0x0, 0xe, 0xf1, 0x0, 0x0, 0x1e, 0xf5, 0x1e,
    0x80, 0x7, 0xf9, 0x0, 0x0, 0xff, 0x0, 0x0,
    0xc, 0xff, 0x3c, 0xf4, 0x0, 0x9f, 0x70, 0x0,
    0xf, 0xf0, 0x0, 0xb, 0xff, 0xff, 0xf4, 0x0,
    0xc, 0xf4, 0x0, 0x0, 0xff, 0x0, 0xb, 0xff,
    0xff, 0xfe, 0x10, 0x0, 0xff, 0x10, 0x0, 0x1f,
    0xe0, 0xc, 0xff, 0x6f, 0xe6, 0xfd, 0x10, 0x3f,
    0xe0, 0x0, 0x2, 0xfe, 0x0, 0xbf, 0x42, 0xfe,
    0x9, 0xf4, 0x7, 0xfa, 0x0, 0x0, 0x3f, 0xd0,
    0x3, 0x30, 0x2f, 0xe0, 0x7, 0x0, 0xdf, 0x50,
    0x0, 0x4, 0xfc, 0x0, 0x0, 0x2, 0xfe, 0x0,
    0x0, 0x4f, 0xe0, 0x0, 0x0, 0x5f, 0xa0, 0x0,
    0x0, 0x2f, 0xe0, 0x0, 0xd, 0xf8, 0x0, 0x0,
    0x7, 0xf9, 0x0, 0x0, 0x2, 0xfe, 0x0, 0x8,
    0xfe, 0x10, 0x0, 0x0, 0xaf, 0x60, 0x0, 0x0,
    0x2f, 0xe0, 0x6, 0xff, 0x60, 0x0, 0x0, 0x1f,
    0xf3, 0x0, 0x0, 0x2, 0xfe, 0x4, 0xff, 0xa0,
    0x0, 0xef, 0xef, 0xfd, 0x0, 0x0, 0x0, 0x2f,
    0xe0, 0x8, 0xb0, 0x0, 0xa, 0xff, 0xfb, 0x20,
    0x0, 0x0, 0x0, 0x11, 0x0, 0x0, 0x0, 0x0,
    0x0, 0x0, 0x0, 0x0,

    /* U+522B "别" */
    0x0, 0x11, 0x11, 0x11, 0x11, 0x11, 0x0, 0x0,
    0x0, 0x0, 0xaa, 0x0, 0xdf, 0xff, 0xff, 0xff,
    0xfe, 0x0, 0x0, 0x0, 0x0, 0xff, 0x0, 0xdf,
    0xaa, 0xaa, 0xab, 0xfe, 0x0, 0x5, 0x40, 0x0,
    0xff, 0x0, 0xdf, 0x0, 0x0, 0x1, 0xfe, 0x0,
    0x1f, 0xe0, 0x0, 0xff, 0x0, 0xdf, 0x0, 0x0,
    0x1, 0xfe, 0x0, 0x1f, 0xe0, 0x0, 0xff, 0x0,
    0xdf, 0x0, 0x0, 0x1, 0xfe, 0x0, 0x1f, 0xe0,
    0x0, 0xff, 0x0, 0xdf, 0x0, 0x0, 0x1, 0xfe,
    0x0, 0x1f, 0xe0, 0x0, 0xff, 0x0, 0xdf, 0xff,
    0xff, 0xff, 0xfe, 0x0, 0x1f, 0xe0, 0x0, 0xff,
    0x0, 0xbd, 0xdd, 0xdd, 0xdd, 0xdc, 0x0, 0x1f,
    0xe0, 0x0, 0xff, 0x0, 0x0, 0x6, 0x92, 0x0,
    0x0, 0x0, 0x1f, 0xe0, 0x0, 0xff, 0x0, 0x0,
    0xb, 0xf3, 0x0, 0x0, 0x0, 0x1f, 0xe0, 0x0,
    0xff, 0x8, 0x99, 0x9e, 0xfb, 0x99, 0xaa, 0x30,
    0x1f, 0xe0, 0x0, 0xff, 0xd, 0xff, 0xff, 0xff,
    0xff, 0xff, 0x40, 0x1f, 0xe0, 0x0, 0xff, 0x3,
    0x33, 0x3f, 0xf3, 0x33, 0xcf, 0x40, 0x1f, 0xe0,
    0x0, 0xff, 0x0, 0x0, 0x2f, 0xc0, 0x0, 0xcf,
    0x30, 0x1f, 0xe0, 0x0, 0xff, 0x0, 0x0, 0x6f,
    0x90, 0x0, 0xdf, 0x20, 0x1f, 0xe0, 0x0, 0xff,
    0x0, 0x0, 0xbf, 0x50, 0x0, 0xef, 0x10, 0x0,
    0x0, 0x0, 0xff, 0x0, 0x3, 0xfe, 0x0, 0x0,
    0xff, 0x0, 0x0, 0x0, 0x0, 0xff, 0x0, 0xc,
    0xf8, 0x0, 0x2, 0xfe, 0x0, 0x0, 0x0, 0x0,
    0xff, 0x1, 0xbf, 0xd0, 0x11, 0x8, 0xfb, 0x0,
    0x0, 0x0, 0x1, 0xff, 0x2e, 0xfe, 0x20, 0x7f,
    0xff, 0xf6, 0x0, 0x0, 0xcf, 0xff, 0xfd, 0x8,
    0xc2, 0x0, 0x3d, 0xdc, 0x70, 0x0, 0x0, 0x6f,
    0xff, 0xc4, 0x0, 0x0, 0x0, 0x0, 0x0, 0x0,
    0x0, 0x0, 0x0, 0x0, 0x0,

    /* U+5230 "到" */
    0x0, 0x0, 0x0, 0x0, 0x0, 0x0, 0x0, 0x0,
    0x0, 0xc, 0xc3, 0xaa, 0xaa, 0xaa, 0xaa, 0xaa,
    0xaa, 0x0, 0x0, 0x0, 0xff, 0x5f, 0xff, 0xff,
    0xff, 0xff, 0xff, 0xf0, 0xdf, 0x10, 0xf, 0xf0,
    0x22, 0x3f, 0xf6, 0x22, 0x32, 0x22, 0xd, 0xf1,
    0x0, 0xff, 0x0, 0x7, 0xfc, 0x0, 0xae, 0x10,
    0x0, 0xdf, 0x10, 0xf, 0xf0, 0x1, 0xff, 0x20,
    0x6, 0xfc, 0x0, 0xd, 0xf1, 0x0, 0xff, 0x0,
    0xaf, 0x80, 0x0, 0xb, 0xf8, 0x0, 0xdf, 0x10,
    0xf, 0xf0, 0x8f, 0xfa, 0xbd, 0xef, 0xff, 0xf3,
    0xd, 0xf1, 0x0, 0xff, 0x9, 0xff, 0xff, 0xed,
    0xb9, 0x9f, 0xd0, 0xdf, 0x10, 0xf, 0xf0, 0x25,
    0x31, 0x2, 0x20, 0x0, 0xa4, 0xd, 0xf1, 0x0,
    0xff, 0x0, 0x0, 0x2, 0xfc, 0x0, 0x0, 0x0,
    0xdf, 0x10, 0xf, 0xf0, 0x0, 0x0, 0x2f, 0xc0,
    0x0, 0x0, 0xd, 0xf1, 0x0, 0xff, 0x8, 0xbb,
    0xbb, 0xff, 0xbb, 0xbb, 0x60, 0xdf, 0x10, 0xf,
    0xf0, 0xcf, 0xff, 0xff, 0xff, 0xff, 0xf9, 0xd,
    0xf1, 0x0, 0xff, 0x1, 0x22, 0x24, 0xfd, 0x22,
    0x22, 0x10, 0xdf, 0x10, 0xf, 0xf0, 0x0, 0x0,
    0x2f, 0xc0, 0x0, 0x0, 0xd, 0xf1, 0x0, 0xff,
    0x0, 0x0, 0x2, 0xfc, 0x0, 0x0, 0x10, 0x68,
    0x0, 0xf, 0xf0, 0x0, 0x0, 0x2f, 0xd5, 0x8b,
    0xed, 0x0, 0x0, 0x0, 0xff, 0x0, 0x25, 0x8c,
    0xff, 0xff, 0xfe, 0x90, 0x0, 0x0, 0xf, 0xf6,
    0xff, 0xff, 0xff, 0xd9, 0x51, 0x0, 0x0, 0x0,
    0x0, 0xff, 0x4f, 0xfc, 0x84, 0x0, 0x0, 0x0,
    0x0, 0x7, 0xff, 0xff, 0xd0, 0x30, 0x0, 0x0,
    0x0, 0x0, 0x0, 0x0, 0x2f, 0xfe, 0xb3,

    /* U+5236 "制" */
    0x0, 0x0, 0x0, 0x11, 0x0, 0x0, 0x0, 0x0,
    0x0, 0x0, 0x0, 0x0, 0x77, 0x1, 0xfe, 0x0,
    0x0, 0x0, 0x0, 0x0, 0xc, 0xe1, 0x0, 0xef,
    0x1, 0xfe, 0x0, 0x0, 0x0, 0x0, 0x0, 0xd,
    0xf1, 0x3, 0xfb, 0x1, 0xfe, 0x0, 0x0, 0x0,
    0xf, 0xf0, 0xd, 0xf1, 0x8, 0xfe, 0xcd, 0xff,
    0xcc, 0xcc, 0x80, 0xf, 0xf0, 0xd, 0xf1, 0xe,
    0xff, 0xff, 0xff, 0xff, 0xff, 0xa0, 0xf, 0xf0,
    0xd, 0xf1, 0x5f, 0xa0, 0x2, 0xfe, 0x0, 0x0,
    0x0, 0xf, 0xf0, 0xd, 0xf1, 0xbf, 0x30, 0x1,
    0xfe, 0x0, 0x0, 0x0, 0xf, 0xf0, 0xd, 0xf1,
    0x8c, 0x99, 0x99, 0xff, 0x99, 0x99, 0x95, 0xf,
    0xf0, 0xd, 0xf1, 0xdf, 0xff, 0xff, 0xff, 0xff,
    0xff, 0xf9, 0xf, 0xf0, 0xd, 0xf1, 0x44, 0x44,
    0x45, 0xfe, 0x44, 0x44, 0x42, 0xf, 0xf0, 0xd,
    0xf1, 0x0, 0x0, 0x1, 0xfe, 0x0, 0x0, 0x0,
    0xf, 0xf0, 0xd, 0xf1, 0x6, 0x66, 0x67, 0xff,
    0x66, 0x67, 0x50, 0xf, 0xf0, 0xd, 0xf1, 0xe,
    0xff, 0xff, 0xff, 0xff, 0xff, 0xd0, 0xf, 0xf0,
    0xd, 0xf1, 0xe, 0xf6, 0x67, 0xff, 0x66, 0x6f,
    0xd0, 0xf, 0xf0, 0xd, 0xf1, 0xe, 0xf0, 0x1,
    0xfe, 0x0, 0xf, 0xd0, 0xf, 0xf0, 0xd, 0xf1,
    0xe, 0xf0, 0x1, 0xfe, 0x0, 0xf, 0xd0, 0x4,
    0x40, 0xd, 0xf1, 0xe, 0xf0, 0x1, 0xfe, 0x0,
    0xf, 0xd0, 0x0, 0x0, 0xd, 0xf1, 0xe, 0xf0,
    0x1, 0xfe, 0x0, 0xf, 0xd0, 0x0, 0x0, 0xd,
    0xf1, 0xe, 0xf0, 0x1, 0xfe, 0x1a, 0xaf, 0xd0,
    0x0, 0x0, 0xd, 0xf1, 0xe, 0xf0, 0x1, 0xfe,
    0xe, 0xff, 0x60, 0x0, 0x11, 0x1e, 0xf1, 0x0,
    0x0, 0x1, 0xfe, 0x1, 0x10, 0x0, 0x1, 0xff,
    0xff, 0xf0, 0x0, 0x0, 0x1, 0xfe, 0x0, 0x0,
    0x0, 0x0, 0xcf, 0xec, 0x40, 0x0, 0x0, 0x0,
    0x0, 0x0, 0x0, 0x0, 0x0, 0x0, 0x0, 0x0,

    /* U+524D "前" */
    0x0, 0x0, 0x5, 0x0, 0x0, 0x0, 0x0, 0x0,
    0x61, 0x0, 0x0, 0x0, 0x0, 0xcf, 0x80, 0x0,
    0x0, 0x0, 0x6, 0xff, 0x10, 0x0, 0x0, 0x0,
    0x2f, 0xf5, 0x0, 0x0, 0x0, 0xe, 0xf7, 0x0,
    0x0, 0x0, 0x0, 0x7, 0xfe, 0x0, 0x0, 0x0,
    0x8f, 0xc0, 0x0, 0x0, 0xab, 0xbb, 0xbb, 0xfc,
    0xbb, 0xbb, 0xbb, 0xff, 0xcb, 0xbb, 0xb7, 0xef,
    0xff, 0xff, 0xff, 0xff, 0xff, 0xff, 0xff, 0xff,
    0xff, 0xfa, 0x23, 0x33, 0x33, 0x33, 0x33, 0x33,
    0x33, 0x33, 0x33, 0x33, 0x31, 0x0, 0x0, 0x0,
    0x0, 0x0, 0x0, 0x0, 0x0, 0x0, 0x0, 0x0,
    0x1, 0x55, 0x55, 0x55, 0x66, 0x30, 0x1, 0x20,
    0x0, 0xce, 0x10, 0x4, 0xff, 0xff, 0xff, 0xff,
    0xa0, 0xa, 0xf3, 0x0, 0xef, 0x20, 0x4, 0xfc,
    0x66, 0x66, 0x9f, 0xa0, 0xa, 0xf3, 0x0, 0xef,
    0x20, 0x4, 0xfa, 0x0, 0x0, 0x5f, 0xa0, 0xa,
    0xf3, 0x0, 0xef, 0x20, 0x4, 0xfc, 0x66, 0x66,
    0xaf, 0xa0, 0xa, 0xf3, 0x0, 0xef, 0x20, 0x4,
    0xff, 0xff, 0xff, 0xff, 0xa0, 0xa, 0xf3, 0x0,
    0xef, 0x20, 0x4, 0xfb, 0x22, 0x22, 0x6f, 0xa0,
    0xa, 0xf3, 0x0, 0xef, 0x20, 0x4, 0xfa, 0x0,
    0x0, 0x5f, 0xa0, 0xa, 0xf3, 0x0, 0xef, 0x20,
    0x4, 0xfe, 0xaa, 0xaa, 0xcf, 0xa0, 0xa, 0xf3,
    0x0, 0xef, 0x20, 0x4, 0xff, 0xff, 0xff, 0xff,
    0xa0, 0xa, 0xf3, 0x0, 0xef, 0x20, 0x4, 0xfa,
    0x0, 0x0, 0x5f, 0xa0, 0x7, 0xb2, 0x0, 0xef,
    0x20, 0x4, 0xfa, 0x0, 0x0, 0x5f, 0xa0, 0x0,
    0x0, 0x0, 0xef, 0x20, 0x4, 0xfa, 0x0, 0x0,
    0x5f, 0xa0, 0x0, 0x0, 0x0, 0xef, 0x20, 0x4,
    0xfa, 0x1, 0xbb, 0xdf, 0x90, 0x0, 0x2d, 0xde,
    0xff, 0x0, 0x4, 0xfa, 0x0, 0xcf, 0xfc, 0x20,
    0x0, 0xd, 0xff, 0xe6, 0x0, 0x0, 0x0, 0x0,
    0x0, 0x0, 0x0, 0x0, 0x0, 0x0, 0x0, 0x0,

    /* U+526F "副" */
    0x0, 0x0, 0x0, 0x0, 0x0, 0x0, 0x0, 0x0,
    0x0, 0xa, 0xae, 0xff, 0xff, 0xff, 0xff, 0xff,
    0xff, 0x60, 0x0, 0x0, 0xff, 0x9b, 0xbb, 0xbb,
    0xbb, 0xbb, 0xbb, 0xb4, 0x4, 0x20, 0xf, 0xf0,
    0x0, 0x0, 0x0, 0x0, 0x0, 0x0, 0x1, 0xfb,
    0x0, 0xff, 0x4, 0xaa, 0xaa, 0xaa, 0xaa, 0xaa,
    0x0, 0x1f, 0xb0, 0xf, 0xf0, 0x7f, 0xff, 0xff,
    0xff, 0xff, 0xf1, 0x1, 0xfb, 0x0, 0xff, 0x7,
    0xf6, 0x0, 0x0, 0x0, 0xdf, 0x10, 0x1f, 0xb0,
    0xf, 0xf0, 0x7f, 0x60, 0x0, 0x0, 0xd, 0xf1,
    0x1, 0xfb, 0x0, 0xff, 0x7, 0xfc, 0xaa, 0xaa,
    0xaa, 0xff, 0x10, 0x1f, 0xb0, 0xf, 0xf0, 0x6f,
    0xff, 0xff, 0xff, 0xff, 0xf1, 0x1, 0xfb, 0x0,
    0xff, 0x0, 0x0, 0x0, 0x0, 0x0, 0x0, 0x0,
    0x1f, 0xb0, 0xf, 0xf2, 0x99, 0x99, 0x99, 0x99,
    0x99, 0x99, 0x1, 0xfb, 0x0, 0xff, 0x4f, 0xff,
    0xff, 0xff, 0xff, 0xff, 0xf1, 0x1f, 0xb0, 0xf,
    0xf4, 0xf9, 0x0, 0x1f, 0xc0, 0x0, 0xdf, 0x11,
    0xfb, 0x0, 0xff, 0x4f, 0x90, 0x1, 0xfc, 0x0,
    0xd, 0xf1, 0x1f, 0xb0, 0xf, 0xf4, 0xfd, 0x99,
    0x9f, 0xe9, 0x99, 0xff, 0x11, 0xfb, 0x0, 0xff,
    0x4f, 0xff, 0xff, 0xff, 0xff, 0xff, 0xf1, 0x2,
    0x10, 0xf, 0xf4, 0xf9, 0x0, 0x1f, 0xc0, 0x0,
    0xdf, 0x10, 0x0, 0x0, 0xff, 0x4f, 0x90, 0x1,
    0xfc, 0x0, 0xd, 0xf1, 0x0, 0x0, 0xf, 0xf4,
    0xff, 0xff, 0xff, 0xff, 0xff, 0xff, 0x10, 0x0,
    0x1, 0xff, 0x4f, 0xea, 0xaa, 0xaa, 0xaa, 0xaf,
    0xf1, 0x9, 0xff, 0xff, 0xd4, 0xe8, 0x0, 0x0,
    0x0, 0x0, 0xdf, 0x10, 0x4f, 0xfe, 0xb3,

    /* U+529B "力" */
    0x0, 0x0, 0x0, 0x0, 0x2, 0x20, 0x0, 0x0,
    0x0, 0x0, 0x0, 0x0, 0x0, 0x0, 0x0, 0x3f,
    0xe0, 0x0, 0x0, 0x0, 0x0, 0x0, 0x0, 0x0,
    0x0, 0x0, 0x3f, 0xe0, 0x0, 0x0, 0x0, 0x0,
    0x0, 0x0, 0x0, 0x0, 0x0, 0x3f, 0xe0, 0x0,
    0x0, 0x0, 0x0, 0x0, 0x0, 0x0, 0x0, 0x0,
    0x3f, 0xe0, 0x0, 0x0, 0x0, 0x0, 0x0, 0x0,
    0x0, 0x0, 0x0, 0x3f, 0xe0, 0x0, 0x0, 0x0,
    0x0, 0x0, 0xf, 0xff, 0xff, 0xff, 0xff, 0xff,
    0xff, 0xff, 0xff, 0xff, 0xf1, 0xf, 0xff, 0xff,
    0xff, 0xff, 0xff, 0xff, 0xff, 0xff, 0xff, 0xf0,
    0x1, 0x11, 0x11, 0x11, 0x6f, 0xc1, 0x11, 0x11,
    0x11, 0x2f, 0xf0, 0x0, 0x0, 0x0, 0x0, 0x7f,
    0xb0, 0x0, 0x0, 0x0, 0x2f, 0xf0, 0x0, 0x0,
    0x0, 0x0, 0xaf, 0x90, 0x0, 0x0, 0x0, 0x3f,
    0xe0, 0x0, 0x0, 0x0, 0x0, 0xef, 0x60, 0x0,
    0x0, 0x0, 0x4f, 0xd0, 0x0, 0x0, 0x0, 0x2,
    0xff, 0x20, 0x0, 0x0, 0x0, 0x5f, 0xb0, 0x0,
    0x0, 0x0, 0x7, 0xfd, 0x0, 0x0, 0x0, 0x0,
    0x6f, 0xa0, 0x0, 0x0, 0x0, 0xe, 0xf8, 0x0,
    0x0, 0x0, 0x0, 0x8f, 0x90, 0x0, 0x0, 0x0,
    0x6f, 0xf1, 0x0, 0x0, 0x0, 0x0, 0x9f, 0x70,
    0x0, 0x0, 0x1, 0xef, 0x90, 0x0, 0x0, 0x0,
    0x0, 0xbf, 0x60, 0x0, 0x0, 0xb, 0xfe, 0x10,
    0x0, 0x0, 0x0, 0x0, 0xef, 0x40, 0x0, 0x0,
    0x9f, 0xf5, 0x0, 0x0, 0x0, 0x0, 0x1, 0xff,
    0x10, 0x0, 0xa, 0xff, 0x80, 0x0, 0x0, 0x0,
    0x0, 0x5, 0xfe, 0x0, 0x2, 0xcf, 0xf8, 0x0,
    0x0, 0x0, 0x11, 0x0, 0x1c, 0xfa, 0x0, 0x4f,
    0xff, 0x60, 0x0, 0x0, 0x0, 0x9f, 0xff, 0xff,
    0xf3, 0x0, 0xc, 0xd3, 0x0, 0x0, 0x0, 0x0,
    0x3f, 0xff, 0xfd, 0x50, 0x0, 0x0, 0x0, 0x0,
    0x0, 0x0, 0x0, 0x0, 0x0, 0x0, 0x0, 0x0,

    /* U+529F "功" */
    0x0, 0x0, 0x0, 0x0, 0x0, 0x0, 0xa, 0xe5,
    0x0, 0x0, 0x0, 0x0, 0x0, 0x0, 0x0, 0x0,
    0x0, 0xb, 0xf5, 0x0, 0x0, 0x0, 0x46, 0x66,
    0x66, 0x66, 0x61, 0x0, 0xb, 0xf5, 0x0, 0x0,
    0x0, 0x9f, 0xff, 0xff, 0xff, 0xf4, 0x0, 0xb,
    0xf5, 0x0, 0x0, 0x0, 0x47, 0x78, 0xfe, 0x77,
    0x72, 0x0, 0xc, 0xf4, 0x0, 0x0, 0x0, 0x0,
    0x2, 0xfd, 0x0, 0x8, 0xee, 0xef, 0xff, 0xee,
    0xee, 0xfe, 0x0, 0x2, 0xfd, 0x0, 0x9, 0xff,
    0xff, 0xff, 0xff, 0xff, 0xff, 0x0, 0x2, 0xfd,
    0x0, 0x0, 0x0, 0xd, 0xf3, 0x0, 0x2, 0xfe,
    0x0, 0x2, 0xfd, 0x0, 0x0, 0x0, 0xf, 0xf1,
    0x0, 0x2, 0xfd, 0x0, 0x2, 0xfd, 0x0, 0x0,
    0x0, 0xf, 0xf0, 0x0, 0x2, 0xfd, 0x0, 0x2,
    0xfd, 0x0, 0x0, 0x0, 0x2f, 0xe0, 0x0, 0x3,
    0xfc, 0x0, 0x2, 0xfd, 0x0, 0x0, 0x0, 0x5f,
    0xb0, 0x0, 0x4, 0xfb, 0x0, 0x2, 0xfd, 0x0,
    0x0, 0x0, 0x8f, 0x80, 0x0, 0x5, 0xfb, 0x0,
    0x2, 0xfd, 0x5, 0x96, 0x0, 0xcf, 0x40, 0x0,
    0x6, 0xfa, 0x0, 0x5, 0xff, 0xff, 0xfa, 0x2,
    0xff, 0x0, 0x0, 0x7, 0xf9, 0x6b, 0xef, 0xff,
    0xfc, 0x72, 0x9, 0xfb, 0x0, 0x0, 0x8, 0xf7,
    0xbf, 0xff, 0xb6, 0x10, 0x0, 0x2f, 0xf4, 0x0,
    0x0, 0xa, 0xf6, 0x68, 0x40, 0x0, 0x0, 0x0,
    0xcf, 0xc0, 0x0, 0x0, 0xc, 0xf4, 0x0, 0x0,
    0x0, 0x0, 0xa, 0xff, 0x20, 0x0, 0x0, 0xf,
    0xf2, 0x0, 0x0, 0x0, 0x0, 0xbf, 0xf6, 0x0,
    0x0, 0x0, 0x6f, 0xe0, 0x0, 0x0, 0x0, 0x1e,
    0xff, 0x60, 0x0, 0xaf, 0xff, 0xff, 0x80, 0x0,
    0x0, 0x0, 0x7, 0xe4, 0x0, 0x0, 0x5f, 0xff,
    0xe9, 0x0, 0x0, 0x0, 0x0, 0x0, 0x0, 0x0,
    0x0, 0x0, 0x0, 0x0, 0x0,

    /* U+52A8 "动" */
    0x0, 0x0, 0x0, 0x0, 0x0, 0x0, 0x0, 0x8c,
    0x40, 0x0, 0x0, 0x0, 0x0, 0x0, 0x0, 0x0,
    0x0, 0x0, 0xbf, 0x50, 0x0, 0x0, 0xd, 0xff,
    0xff, 0xff, 0xff, 0x70, 0x0, 0xbf, 0x40, 0x0,
    0x0, 0x9, 0xcc, 0xcc, 0xcc, 0xcc, 0x50, 0x0,
    0xbf, 0x40, 0x0, 0x0, 0x0, 0x0, 0x0, 0x0,
    0x0, 0x0, 0x0, 0xbf, 0x40, 0x0, 0x0, 0x0,
    0x0, 0x0, 0x0, 0x0, 0xb, 0xbb, 0xef, 0xcb,
    0xbb, 0xca, 0x0, 0x0, 0x0, 0x0, 0x0, 0xf,
    0xff, 0xff, 0xff, 0xff, 0xfd, 0x8c, 0xcc, 0xcc,
    0xcc, 0xcc, 0xb0, 0x0, 0xdf, 0x30, 0x2, 0xfd,
    0xbf, 0xff, 0xff, 0xff, 0xff, 0xe0, 0x0, 0xef,
    0x10, 0x3, 0xfd, 0x0, 0x8, 0xf9, 0x0, 0x0,
    0x0, 0x0, 0xff, 0x0, 0x3, 0xfc, 0x0, 0xc,
    0xf4, 0x0, 0x0, 0x0, 0x1, 0xfe, 0x0, 0x4,
    0xfb, 0x0, 0xf, 0xf0, 0x4, 0xb2, 0x0, 0x3,
    0xfd, 0x0, 0x4, 0xfb, 0x0, 0x5f, 0xa0, 0x5,
    0xf8, 0x0, 0x5, 0xfa, 0x0, 0x5, 0xfa, 0x0,
    0xaf, 0x50, 0x0, 0xed, 0x0, 0x8, 0xf7, 0x0,
    0x6, 0xf9, 0x0, 0xff, 0x0, 0x0, 0x9f, 0x20,
    0xb, 0xf4, 0x0, 0x7, 0xf8, 0x6, 0xf9, 0x0,
    0x26, 0xbf, 0x70, 0xf, 0xf0, 0x0, 0x8, 0xf7,
    0x1d, 0xfa, 0xbe, 0xff, 0xff, 0xc0, 0x5f, 0xb0,
    0x0, 0x9, 0xf6, 0x3f, 0xff, 0xff, 0xd9, 0x5b,
    0xf0, 0xcf, 0x60, 0x0, 0xc, 0xf4, 0xf, 0xe9,
    0x51, 0x0, 0x4, 0x64, 0xfe, 0x0, 0x0, 0xe,
    0xf2, 0x3, 0x0, 0x0, 0x0, 0x0, 0xd, 0xf7,
    0x0, 0x0, 0x4f, 0xf0, 0x0, 0x0, 0x0, 0x0,
    0x0, 0xaf, 0xd0, 0x5f, 0xee, 0xff, 0xa0, 0x0,
    0x0, 0x0, 0x0, 0x0, 0x5e, 0x20, 0xf, 0xff,
    0xfb, 0x10, 0x0, 0x0, 0x0, 0x0, 0x0, 0x1,
    0x0, 0x0, 0x0, 0x0, 0x0,

    /* U+5316 "化" */
    0x0, 0x0, 0x0, 0x9, 0x50, 0x0, 0x45, 0x10,
    0x0, 0x0, 0x0, 0x0, 0x0, 0x0, 0x0, 0x4f,
    0xf1, 0x0, 0xef, 0x40, 0x0, 0x0, 0x0, 0x0,
    0x0, 0x0, 0x0, 0xcf, 0x90, 0x0, 0xef, 0x40,
    0x0, 0x0, 0x0, 0x0, 0x0, 0x0, 0x4, 0xff,
    0x10, 0x0, 0xef, 0x40, 0x0, 0x0, 0x10, 0x0,
    0x0, 0x0, 0xd, 0xf8, 0x0, 0x0, 0xef, 0x40,
    0x0, 0x0, 0xdc, 0x20, 0x0, 0x0, 0x8f, 0xf0,
    0x0, 0x0, 0xef, 0x40, 0x0, 0xa, 0xff, 0x40,
    0x0, 0x3, 0xff, 0xf0, 0x0, 0x0, 0xef, 0x40,
    0x0, 0x7f, 0xf7, 0x0, 0x0, 0x1e, 0xff, 0xf0,
    0x0, 0x0, 0xef, 0x40, 0x6, 0xff, 0x90, 0x0,
    0x0, 0xcf, 0xff, 0xf0, 0x0, 0x0, 0xef, 0x40,
    0x6f, 0xfa, 0x0, 0x0, 0xc, 0xff, 0x6f, 0xf0,
    0x0, 0x0, 0xef, 0x47, 0xff, 0xa0, 0x0, 0x0,
    0x7, 0xf6, 0x2f, 0xf0, 0x0, 0x0, 0xef, 0xdf,
    0xf9, 0x0, 0x0, 0x0, 0x0, 0x50, 0x2f, 0xf0,
    0x0, 0x0, 0xef, 0xff, 0x70, 0x0, 0x0, 0x0,
    0x0, 0x0, 0x2f, 0xf0, 0x0, 0x6, 0xff, 0xe4,
    0x0, 0x0, 0x0, 0x0, 0x0, 0x0, 0x2f, 0xf0,
    0x3, 0xcf, 0xff, 0x40, 0x0, 0x0, 0x0, 0x0,
    0x0, 0x0, 0x2f, 0xf1, 0xaf, 0xfe, 0xff, 0x40,
    0x0, 0x0, 0x0, 0x0, 0x0, 0x0, 0x2f, 0xf0,
    0xbf, 0x91, 0xef, 0x40, 0x0, 0x0, 0xc, 0x60,
    0x0, 0x0, 0x2f, 0xf0, 0x2, 0x0, 0xef, 0x40,
    0x0, 0x0, 0xf, 0xf1, 0x0, 0x0, 0x2f, 0xf0,
    0x0, 0x0, 0xef, 0x40, 0x0, 0x0, 0xf, 0xf0,
    0x0, 0x0, 0x2f, 0xf0, 0x0, 0x0, 0xef, 0x40,
    0x0, 0x0, 0x3f, 0xd0, 0x0, 0x0, 0x2f, 0xf0,
    0x0, 0x0, 0xdf, 0x80, 0x0, 0x0, 0x9f, 0xa0,
    0x0, 0x0, 0x2f, 0xf0, 0x0, 0x0, 0x9f, 0xff,
    0xff, 0xff, 0xff, 0x40, 0x0, 0x0, 0x2f, 0xf0,
    0x0, 0x0, 0x1b, 0xff, 0xff, 0xff, 0xe7, 0x0,

    /* U+539F "原" */
    0x0, 0xe, 0xfe, 0xee, 0xee, 0xee, 0xee, 0xee,
    0xee, 0xee, 0xee, 0xa0, 0x0, 0xff, 0xff, 0xff,
    0xff, 0xff, 0xff, 0xff, 0xff, 0xff, 0xfa, 0x0,
    0xf, 0xf0, 0x0, 0x0, 0x0, 0x7b, 0x70, 0x0,
    0x0, 0x0, 0x0, 0x0, 0xff, 0x0, 0x0, 0x0,
    0xe, 0xf6, 0x0, 0x0, 0x0, 0x0, 0x0, 0xf,
    0xf0, 0x9, 0xaa, 0xab, 0xff, 0xaa, 0xaa, 0xaa,
    0x90, 0x0, 0x0, 0xff, 0x0, 0xef, 0xff, 0xff,
    0xff, 0xff, 0xff, 0xfe, 0x0, 0x0, 0xf, 0xf0,
    0xe, 0xf1, 0x0, 0x0, 0x0, 0x0, 0x2f, 0xe0,
    0x0, 0x0, 0xff, 0x0, 0xef, 0x21, 0x11, 0x11,
    0x11, 0x13, 0xfe, 0x0, 0x0, 0xf, 0xf0, 0xe,
    0xff, 0xff, 0xff, 0xff, 0xff, 0xff, 0xe0, 0x0,
    0x0, 0xff, 0x0, 0xef, 0x76, 0x66, 0x66, 0x66,
    0x68, 0xfe, 0x0, 0x0, 0xf, 0xf0, 0xe, 0xf1,
    0x0, 0x0, 0x0, 0x0, 0x2f, 0xe0, 0x0, 0x2,
    0xfd, 0x0, 0xef, 0x87, 0x77, 0x77, 0x77, 0x78,
    0xfe, 0x0, 0x0, 0x3f, 0xc0, 0xe, 0xff, 0xff,
    0xff, 0xff, 0xff, 0xff, 0xe0, 0x0, 0x5, 0xfa,
    0x0, 0x12, 0x22, 0x23, 0xfe, 0x22, 0x22, 0x21,
    0x0, 0x0, 0x8f, 0x70, 0x0, 0x58, 0x20, 0x1f,
    0xe0, 0x3, 0x80, 0x0, 0x0, 0xb, 0xf4, 0x0,
    0x1e, 0xf5, 0x1, 0xfe, 0x0, 0xcf, 0x90, 0x0,
    0x0, 0xff, 0x10, 0xc, 0xf9, 0x0, 0x1f, 0xe0,
    0x1, 0xdf, 0x70, 0x0, 0x5f, 0xc0, 0xb, 0xfc,
    0x0, 0x1, 0xfe, 0x0, 0x2, 0xff, 0x50, 0xb,
    0xf7, 0xb, 0xfe, 0x10, 0x0, 0x1f, 0xe0, 0x0,
    0x4, 0xff, 0x31, 0xdf, 0x10, 0x5d, 0x20, 0x3c,
    0xcc, 0xfd, 0x0, 0x0, 0x7, 0xd3, 0x0, 0x40,
    0x0, 0x0, 0x0, 0xff, 0xfd, 0x50, 0x0, 0x0,
    0x0, 0x0, 0x0, 0x0, 0x0, 0x0, 0x0, 0x0,
    0x0, 0x0, 0x0, 0x0, 0x0,

    /* U+53C2 "参" */
    0x0, 0x0, 0x0, 0x0, 0x0, 0x60, 0x0, 0x0,
    0x0, 0x0, 0x0, 0x0, 0x0, 0x0, 0x0, 0x0,
    0x1c, 0xfc, 0x0, 0x29, 0x10, 0x0, 0x0, 0x0,
    0x0, 0x0, 0x0, 0x4, 0xef, 0xb1, 0x0, 0xbf,
    0xf6, 0x0, 0x0, 0x0, 0x0, 0x0, 0x0, 0x9f,
    0xf7, 0x0, 0x0, 0x7, 0xff, 0xa0, 0x0, 0x0,
    0x0, 0x0, 0x7e, 0xff, 0xa8, 0x89, 0xaa, 0xbb,
    0xef, 0xfd, 0x20, 0x0, 0x0, 0x0, 0xff, 0xff,
    0xff, 0xff, 0xff, 0xff, 0xed, 0xef, 0xe2, 0x0,
    0x0, 0x0, 0x77, 0x65, 0x4b, 0xfb, 0x10, 0x0,
    0x0, 0xc, 0xd3, 0x0, 0x0, 0x0, 0x0, 0x0,
    0x1f, 0xf4, 0x0, 0x0, 0x0, 0x0, 0x0, 0x0,
    0x7, 0xbb, 0xbb, 0xbb, 0xdf, 0xfb, 0xbb, 0xbb,
    0xbb, 0xbb, 0xbb, 0xa0, 0xb, 0xff, 0xff, 0xff,
    0xff, 0xff, 0xff, 0xff, 0xff, 0xff, 0xff, 0xe0,
    0x1, 0x22, 0x22, 0x5f, 0xf7, 0x22, 0x22, 0x4f,
    0xf6, 0x22, 0x22, 0x10, 0x0, 0x0, 0x4, 0xff,
    0xa0, 0x0, 0x69, 0x15, 0xff, 0x50, 0x0, 0x0,
    0x0, 0x0, 0x6f, 0xfa, 0x2, 0x7e, 0xfe, 0x40,
    0x5f, 0xf9, 0x0, 0x0, 0x0, 0x2b, 0xff, 0xc8,
    0xcf, 0xfd, 0x60, 0x0, 0x4, 0xef, 0xe5, 0x0,
    0x9, 0xff, 0xf6, 0x3f, 0xe9, 0x40, 0x1, 0x9d,
    0x50, 0x2c, 0xff, 0xd1, 0x4, 0xfb, 0x20, 0x2,
    0x0, 0x3, 0x9f, 0xfc, 0x20, 0x0, 0x6e, 0x60,
    0x0, 0x10, 0x0, 0x1, 0x59, 0xdf, 0xfc, 0x50,
    0x1, 0x40, 0x0, 0x0, 0x0, 0x0, 0x0, 0xcf,
    0xff, 0xe8, 0x20, 0x0, 0x3d, 0xfa, 0x0, 0x0,
    0x0, 0x0, 0x0, 0x5b, 0x72, 0x0, 0x0, 0x3a,
    0xff, 0xa1, 0x0, 0x0, 0x0, 0x0, 0x0, 0x0,
    0x0, 0x3, 0x8d, 0xff, 0xd5, 0x0, 0x0, 0x0,
    0x0, 0x0, 0x2, 0x46, 0x9c, 0xff, 0xff, 0xb4,
    0x0, 0x0, 0x0, 0x0, 0x0, 0x0, 0x7f, 0xff,
    0xff, 0xd9, 0x51, 0x0, 0x0, 0x0, 0x0, 0x0,
    0x0, 0x0, 0xb, 0x97, 0x41, 0x0, 0x0, 0x0,
    0x0, 0x0, 0x0, 0x0,

    /* U+53D1 "发" */
    0x0, 0x0, 0x0, 0x0, 0x0, 0x23, 0x10, 0x0,
    0x0, 0x0, 0x0, 0x0, 0x0, 0x0, 0x8, 0x60,
    0x0, 0x8f, 0xc0, 0x0, 0x6c, 0x10, 0x0, 0x0,
    0x0, 0x0, 0x4f, 0xf0, 0x0, 0xaf, 0xa0, 0x0,
    0xaf, 0xd1, 0x0, 0x0, 0x0, 0x0, 0x9f, 0x90,
    0x0, 0xdf, 0x70, 0x0, 0xb, 0xfc, 0x0, 0x0,
    0x0, 0x0, 0xff, 0x30, 0x0, 0xff, 0x40, 0x0,
    0x0, 0xdf, 0x40, 0x0, 0x0, 0x7, 0xfc, 0x0,
    0x4, 0xff, 0x10, 0x0, 0x0, 0x22, 0x0, 0x0,
    0x0, 0x3f, 0xff, 0xee, 0xef, 0xff, 0xee, 0xee,
    0xee, 0xee, 0xee, 0x20, 0x0, 0x2f, 0xff, 0xff,
    0xff, 0xff, 0xff, 0xff, 0xff, 0xff, 0xff, 0x30,
    0x0, 0x5, 0x10, 0x0, 0x2f, 0xf5, 0x0, 0x0,
    0x0, 0x0, 0x0, 0x0, 0x0, 0x0, 0x0, 0x0,
    0x6f, 0xf0, 0x0, 0x0, 0x0, 0x0, 0x0, 0x0,
    0x0, 0x0, 0x0, 0x0, 0xcf, 0xc3, 0x33, 0x33,
    0x33, 0x41, 0x0, 0x0, 0x0, 0x0, 0x0, 0x4,
    0xff, 0xff, 0xff, 0xff, 0xff, 0xff, 0x10, 0x0,
    0x0, 0x0, 0x0, 0xc, 0xff, 0xdc, 0xcc, 0xcc,
    0xce, 0xfd, 0x0, 0x0, 0x0, 0x0, 0x0, 0x5f,
    0xff, 0xa0, 0x0, 0x0, 0xe, 0xf6, 0x0, 0x0,
    0x0, 0x0, 0x1, 0xef, 0xbd, 0xf4, 0x0, 0x0,
    0x8f, 0xd0, 0x0, 0x0, 0x0, 0x0, 0xb, 0xff,
    0x23, 0xfe, 0x20, 0x4, 0xff, 0x40, 0x0, 0x0,
    0x0, 0x0, 0x9f, 0xf5, 0x0, 0x8f, 0xd1, 0x3f,
    0xf9, 0x0, 0x0, 0x0, 0x0, 0x9, 0xff, 0x80,
    0x0, 0xa, 0xfe, 0xff, 0xb0, 0x0, 0x0, 0x0,
    0x1, 0xbf, 0xf9, 0x0, 0x0, 0x0, 0xef, 0xfe,
    0x0, 0x0, 0x0, 0x0, 0x3e, 0xff, 0x70, 0x0,
    0x0, 0x5d, 0xff, 0xff, 0xd5, 0x0, 0x0, 0x0,
    0xa, 0xe4, 0x0, 0x1, 0x7d, 0xff, 0xd3, 0x4d,
    0xff, 0xd7, 0x20, 0x0, 0x0, 0x0, 0x2, 0xcf,
    0xff, 0xd6, 0x0, 0x0, 0x6d, 0xff, 0xfe, 0x80,
    0x0, 0x0, 0x0, 0xcf, 0xa4, 0x0, 0x0, 0x0,
    0x0, 0x4a, 0xef, 0x30, 0x0, 0x0, 0x0, 0x10,
    0x0, 0x0, 0x0, 0x0, 0x0, 0x0, 0x1, 0x0,

    /* U+53D6 "取" */
    0x11, 0x11, 0x11, 0x11, 0x11, 0x10, 0x0, 0x0,
    0x0, 0x0, 0x0, 0xa, 0xff, 0xff, 0xff, 0xff,
    0xff, 0x40, 0x0, 0x0, 0x0, 0x0, 0x0, 0x58,
    0xfe, 0x88, 0x8b, 0xfc, 0x8b, 0xcc, 0xcc, 0xcc,
    0xcc, 0xb3, 0x0, 0x1f, 0xd0, 0x0, 0x6f, 0x90,
    0xdf, 0xff, 0xff, 0xff, 0xff, 0x40, 0x1, 0xfd,
    0x0, 0x6, 0xf9, 0x2, 0x8f, 0x62, 0x22, 0x2d,
    0xf1, 0x0, 0x1f, 0xd0, 0x0, 0x7f, 0x90, 0x4,
    0xf7, 0x0, 0x0, 0xff, 0x0, 0x1, 0xff, 0xff,
    0xff, 0xf9, 0x0, 0x1f, 0xa0, 0x0, 0x2f, 0xc0,
    0x0, 0x1f, 0xfb, 0xbb, 0xdf, 0x90, 0x0, 0xed,
    0x0, 0x6, 0xf8, 0x0, 0x1, 0xfd, 0x0, 0x6,
    0xf9, 0x0, 0xb, 0xf1, 0x0, 0xaf, 0x50, 0x0,
    0x1f, 0xd0, 0x0, 0x6f, 0x90, 0x0, 0x7f, 0x60,
    0xf, 0xf1, 0x0, 0x1, 0xfd, 0x0, 0x7, 0xf9,
    0x0, 0x2, 0xfa, 0x4, 0xfb, 0x0, 0x0, 0x1f,
    0xff, 0xff, 0xff, 0x90, 0x0, 0xe, 0xf0, 0xaf,
    0x60, 0x0, 0x1, 0xff, 0xbb, 0xbd, 0xf9, 0x0,
    0x0, 0x9f, 0x7f, 0xf1, 0x0, 0x0, 0x1f, 0xd0,
    0x0, 0x6f, 0x90, 0x0, 0x3, 0xff, 0xf9, 0x0,
    0x0, 0x1, 0xfd, 0x0, 0x6, 0xf9, 0x0, 0x0,
    0xc, 0xff, 0x20, 0x0, 0x0, 0x1f, 0xd0, 0x1,
    0x8f, 0xdc, 0x80, 0x0, 0xaf, 0xd0, 0x0, 0x0,
    0x36, 0xff, 0xdf, 0xff, 0xff, 0xf9, 0x0, 0x4f,
    0xff, 0x60, 0x0, 0xb, 0xff, 0xff, 0xfc, 0xcf,
    0xa0, 0x0, 0x1e, 0xfa, 0xff, 0x30, 0x0, 0x6a,
    0x74, 0x20, 0x6, 0xf9, 0x0, 0x1d, 0xfa, 0x9,
    0xfe, 0x20, 0x0, 0x0, 0x0, 0x0, 0x6f, 0x90,
    0x2d, 0xfc, 0x0, 0xc, 0xfe, 0x40, 0x0, 0x0,
    0x0, 0x6, 0xf9, 0x1e, 0xfc, 0x10, 0x0, 0xc,
    0xfe, 0x0, 0x0, 0x0, 0x0, 0x6f, 0x90, 0x6a,
    0x0, 0x0, 0x0, 0x9, 0x20, 0x0, 0x0, 0x0,
    0x0, 0x0, 0x0, 0x0, 0x0, 0x0, 0x0, 0x0,
    0x0,

    /* U+53D8 "变" */
    0x0, 0x0, 0x0, 0x0, 0x0, 0x43, 0x0, 0x0,
    0x0, 0x0, 0x0, 0x0, 0x0, 0x0, 0x0, 0x0,
    0x7f, 0xe0, 0x0, 0x0, 0x0, 0x0, 0x0, 0x0,
    0x0, 0x0, 0x0, 0x0, 0xdf, 0x80, 0x0, 0x0,
    0x0, 0x0, 0x5, 0xdd, 0xdd, 0xdd, 0xdd, 0xde,
    0xff, 0xdd, 0xdd, 0xdd, 0xdd, 0x60, 0x6f, 0xff,
    0xff, 0xff, 0xff, 0xff, 0xff, 0xff, 0xff, 0xff,
    0xf7, 0x0, 0x0, 0x0, 0x0, 0xef, 0x20, 0x2,
    0xfe, 0x0, 0x0, 0x0, 0x0, 0x0, 0x3, 0xf8,
    0xe, 0xf2, 0x0, 0x2f, 0xe3, 0xc6, 0x0, 0x0,
    0x0, 0x0, 0xcf, 0x50, 0xef, 0x20, 0x2, 0xfe,
    0x3e, 0xf8, 0x0, 0x0, 0x0, 0x7f, 0xc0, 0xe,
    0xf2, 0x0, 0x2f, 0xe0, 0x2e, 0xf9, 0x0, 0x0,
    0x4f, 0xe2, 0x0, 0xef, 0x20, 0x2, 0xfe, 0x0,
    0x3f, 0xf8, 0x0, 0xc, 0xf4, 0x0, 0xe, 0xf2,
    0x0, 0x2f, 0xe0, 0x0, 0x4f, 0xe1, 0x0, 0x3,
    0x0, 0x0, 0xef, 0x20, 0x2, 0xfe, 0x0, 0x0,
    0x40, 0x0, 0x0, 0x0, 0x0, 0x3, 0x31, 0x0,
    0x12, 0x20, 0x10, 0x0, 0x0, 0x0, 0x1f, 0xff,
    0xff, 0xff, 0xff, 0xff, 0xff, 0xff, 0xf6, 0x0,
    0x0, 0x0, 0xcc, 0xff, 0xdc, 0xcc, 0xcc, 0xcc,
    0xcd, 0xff, 0x50, 0x0, 0x0, 0x0, 0x8, 0xfc,
    0x10, 0x0, 0x0, 0x2, 0xef, 0xa0, 0x0, 0x0,
    0x0, 0x0, 0xa, 0xfd, 0x20, 0x0, 0x4, 0xef,
    0xb0, 0x0, 0x0, 0x0, 0x0, 0x0, 0x9, 0xff,
    0x60, 0x8, 0xff, 0xa0, 0x0, 0x0, 0x0, 0x0,
    0x0, 0x0, 0x6, 0xff, 0xde, 0xff, 0x60, 0x0,
    0x0, 0x0, 0x0, 0x0, 0x0, 0x0, 0x3b, 0xff,
    0xff, 0x92, 0x0, 0x0, 0x0, 0x0, 0x0, 0x3,
    0x6a, 0xef, 0xff, 0x9b, 0xff, 0xfd, 0x95, 0x20,
    0x0, 0x8, 0xdf, 0xff, 0xff, 0xb6, 0x0, 0x2,
    0x7d, 0xff, 0xff, 0xfd, 0x90, 0x3f, 0xeb, 0x84,
    0x0, 0x0, 0x0, 0x0, 0x1, 0x59, 0xcf, 0xf4,
    0x0, 0x10, 0x0, 0x0, 0x0, 0x0, 0x0, 0x0,
    0x0, 0x0, 0x1, 0x0,

    /* U+53E3 "口" */
    0x1f, 0xff, 0xff, 0xff, 0xff, 0xff, 0xff, 0xff,
    0xff, 0xf2, 0x1f, 0xff, 0xff, 0xff, 0xff, 0xff,
    0xff, 0xff, 0xff, 0xf2, 0x1f, 0xf2, 0x11, 0x11,
    0x11, 0x11, 0x11, 0x11, 0x2f, 0xf2, 0x1f, 0xf0,
    0x0, 0x0, 0x0, 0x0, 0x0, 0x0, 0x1f, 0xf2,
    0x1f, 0xf0, 0x0, 0x0, 0x0, 0x0, 0x0, 0x0,
    0x1f, 0xf2, 0x1f, 0xf0, 0x0, 0x0, 0x0, 0x0,
    0x0, 0x0, 0x1f, 0xf2, 0x1f, 0xf0, 0x0, 0x0,
    0x0, 0x0, 0x0, 0x0, 0x1f, 0xf2, 0x1f, 0xf0,
    0x0, 0x0, 0x0, 0x0, 0x0, 0x0, 0x1f, 0xf2,
    0x1f, 0xf0, 0x0, 0x0, 0x0, 0x0, 0x0, 0x0,
    0x1f, 0xf2, 0x1f, 0xf0, 0x0, 0x0, 0x0, 0x0,
    0x0, 0x0, 0x1f, 0xf2, 0x1f, 0xf0, 0x0, 0x0,
    0x0, 0x0, 0x0, 0x0, 0x1f, 0xf2, 0x1f, 0xf0,
    0x0, 0x0, 0x0, 0x0, 0x0, 0x0, 0x1f, 0xf2,
    0x1f, 0xf0, 0x0, 0x0, 0x0, 0x0, 0x0, 0x0,
    0x1f, 0xf2, 0x1f, 0xf0, 0x0, 0x0, 0x0, 0x0,
    0x0, 0x0, 0x1f, 0xf2, 0x1f, 0xf0, 0x0, 0x0,
    0x0, 0x0, 0x0, 0x0, 0x1f, 0xf2, 0x1f, 0xff,
    0xff, 0xff, 0xff, 0xff, 0xff, 0xff, 0xff, 0xf2,
    0x1f, 0xff, 0xff, 0xff, 0xff, 0xff, 0xff, 0xff,
    0xff, 0xf2, 0x1f, 0xf3, 0x22, 0x22, 0x22, 0x22,
    0x22, 0x22, 0x3f, 0xf2, 0x1f, 0xf0, 0x0, 0x0,
    0x0, 0x0, 0x0, 0x0, 0x1f, 0xf2, 0x3, 0x30,
    0x0, 0x0, 0x0, 0x0, 0x0, 0x0, 0x1, 0x10,

    /* U+53F7 "号" */
    0x0, 0x0, 0x0, 0x0, 0x0, 0x0, 0x0, 0x0,
    0x0, 0x0, 0x0, 0x0, 0xd, 0xff, 0xff, 0xff,
    0xff, 0xff, 0xff, 0xff, 0x60, 0x0, 0x0, 0xd,
    0xfc, 0xcc, 0xcc, 0xcc, 0xcc, 0xcc, 0xff, 0x60,
    0x0, 0x0, 0xd, 0xf3, 0x0, 0x0, 0x0, 0x0,
    0x0, 0xcf, 0x60, 0x0, 0x0, 0xd, 0xf3, 0x0,
    0x0, 0x0, 0x0, 0x0, 0xcf, 0x60, 0x0, 0x0,
    0xd, 0xfb, 0xaa, 0xaa, 0xaa, 0xaa, 0xaa, 0xef,
    0x60, 0x0, 0x0, 0xd, 0xff, 0xff, 0xff, 0xff,
    0xff, 0xff, 0xff, 0x60, 0x0, 0x0, 0x2, 0x22,
    0x22, 0x22, 0x22, 0x22, 0x22, 0x22, 0x10, 0x0,
    0x0, 0x0, 0x0, 0x0, 0x0, 0x0, 0x0, 0x0,
    0x0, 0x0, 0x0, 0x9d, 0xdd, 0xdd, 0xdd, 0xdd,
    0xdd, 0xdd, 0xdd, 0xdd, 0xdd, 0xd2, 0xcf, 0xff,
    0xff, 0xff, 0xff, 0xff, 0xff, 0xff, 0xff, 0xff,
    0xf3, 0x0, 0x0, 0x1f, 0xf4, 0x0, 0x0, 0x0,
    0x0, 0x0, 0x0, 0x0, 0x0, 0x0, 0x5f, 0xe0,
    0x0, 0x0, 0x0, 0x0, 0x0, 0x0, 0x0, 0x0,
    0x0, 0xaf, 0xa0, 0x0, 0x0, 0x0, 0x0, 0x10,
    0x0, 0x0, 0x0, 0x0, 0xff, 0xff, 0xff, 0xff,
    0xff, 0xff, 0xff, 0x60, 0x0, 0x0, 0x4, 0xcd,
    0xcc, 0xcc, 0xcc, 0xcc, 0xcc, 0xff, 0x30, 0x0,
    0x0, 0x0, 0x0, 0x0, 0x0, 0x0, 0x0, 0x1,
    0xff, 0x10, 0x0, 0x0, 0x0, 0x0, 0x0, 0x0,
    0x0, 0x0, 0x4, 0xfe, 0x0, 0x0, 0x0, 0x0,
    0x0, 0x0, 0x0, 0x0, 0x0, 0x9, 0xfa, 0x0,
    0x0, 0x0, 0x0, 0x0, 0x0, 0x0, 0x0, 0x0,
    0x1f, 0xf5, 0x0, 0x0, 0x0, 0x0, 0x0, 0x0,
    0x6, 0xed, 0xdc, 0xff, 0xe0, 0x0, 0x0, 0x0,
    0x0, 0x0, 0x0, 0x1, 0xff, 0xff, 0xfc, 0x20,
    0x0, 0x0, 0x0, 0x0, 0x0, 0x0, 0x0, 0x0,
    0x0, 0x0, 0x0, 0x0, 0x0,

    /* U+540C "同" */
    0xff, 0xff, 0xff, 0xff, 0xff, 0xff, 0xff, 0xff,
    0xff, 0xff, 0xf, 0xff, 0xff, 0xff, 0xff, 0xff,
    0xff, 0xff, 0xff, 0xff, 0xf0, 0xff, 0x0, 0x0,
    0x0, 0x0, 0x0, 0x0, 0x0, 0x0, 0xff, 0xf,
    0xf0, 0x0, 0x0, 0x0, 0x0, 0x0, 0x0, 0x0,
    0xf, 0xf0, 0xff, 0x0, 0xbb, 0xbb, 0xbb, 0xbb,
    0xbb, 0xbb, 0x10, 0xff, 0xf, 0xf0, 0xf, 0xff,
    0xff, 0xff, 0xff, 0xff, 0xf2, 0xf, 0xf0, 0xff,
    0x0, 0x0, 0x0, 0x0, 0x0, 0x0, 0x0, 0x0,
    0xff, 0xf, 0xf0, 0x0, 0x0, 0x0, 0x0, 0x0,
    0x0, 0x0, 0xf, 0xf0, 0xff, 0x0, 0x9, 0xbb,
    0xbb, 0xbb, 0xbb, 0x90, 0x0, 0xff, 0xf, 0xf0,
    0x0, 0xdf, 0xff, 0xff, 0xff, 0xfe, 0x0, 0xf,
    0xf0, 0xff, 0x0, 0xd, 0xf1, 0x0, 0x0, 0x1f,
    0xe0, 0x0, 0xff, 0xf, 0xf0, 0x0, 0xdf, 0x0,
    0x0, 0x0, 0xfe, 0x0, 0xf, 0xf0, 0xff, 0x0,
    0xd, 0xf0, 0x0, 0x0, 0xf, 0xe0, 0x0, 0xff,
    0xf, 0xf0, 0x0, 0xdf, 0x0, 0x0, 0x0, 0xfe,
    0x0, 0xf, 0xf0, 0xff, 0x0, 0xd, 0xfb, 0xbb,
    0xbb, 0xbf, 0xe0, 0x0, 0xff, 0xf, 0xf0, 0x0,
    0xdf, 0xff, 0xff, 0xff, 0xfe, 0x0, 0xf, 0xf0,
    0xff, 0x0, 0xd, 0xf1, 0x0, 0x0, 0x0, 0x0,
    0x0, 0xff, 0xf, 0xf0, 0x0, 0xac, 0x0, 0x0,
    0x0, 0x0, 0x0, 0xf, 0xf0, 0xff, 0x0, 0x0,
    0x0, 0x0, 0x0, 0x0, 0x0, 0x0, 0xff, 0xf,
    0xf0, 0x0, 0x0, 0x0, 0x0, 0x0, 0x9, 0xff,
    0xff, 0xe0, 0xff, 0x0, 0x0, 0x0, 0x0, 0x0,
    0x0, 0x3f, 0xfe, 0xc4, 0x0,

    /* U+540D "名" */
    0x0, 0x0, 0x0, 0x0, 0x21, 0x0, 0x0, 0x0,
    0x0, 0x0, 0x0, 0x0, 0x0, 0x1, 0xef, 0x80,
    0x0, 0x0, 0x0, 0x0, 0x0, 0x0, 0x0, 0xb,
    0xfd, 0x0, 0x0, 0x0, 0x0, 0x0, 0x0, 0x0,
    0x0, 0xaf, 0xfe, 0xdd, 0xdd, 0xdd, 0xde, 0x80,
    0x0, 0x0, 0x1b, 0xff, 0xff, 0xff, 0xff, 0xff,
    0xff, 0xe0, 0x0, 0x3, 0xdf, 0xf4, 0x0, 0x0,
    0x0, 0x2, 0xff, 0x50, 0x0, 0x8f, 0xfd, 0x20,
    0x0, 0x0, 0x0, 0xd, 0xfa, 0x0, 0x2e, 0xff,
    0xa0, 0x62, 0x0, 0x0, 0x0, 0xcf, 0xd0, 0x0,
    0x7, 0xd4, 0x7, 0xff, 0x50, 0x0, 0x1c, 0xfd,
    0x10, 0x0, 0x0, 0x0, 0x0, 0x9f, 0xf8, 0x4,
    0xef, 0xd1, 0x0, 0x0, 0x0, 0x0, 0x0, 0x6,
    0xff, 0xdf, 0xfb, 0x10, 0x0, 0x0, 0x0, 0x0,
    0x0, 0x0, 0xbf, 0xff, 0x60, 0x0, 0x0, 0x0,
    0x0, 0x0, 0x1, 0x7e, 0xff, 0xc3, 0x11, 0x11,
    0x11, 0x10, 0x0, 0x15, 0xbf, 0xff, 0xff, 0xff,
    0xff, 0xff, 0xff, 0xf5, 0x7c, 0xff, 0xff, 0xfd,
    0xdd, 0xdd, 0xdd, 0xdd, 0xdf, 0xf5, 0x5f, 0xfb,
    0x6f, 0xf0, 0x0, 0x0, 0x0, 0x0, 0xb, 0xf5,
    0x4, 0x0, 0xf, 0xf0, 0x0, 0x0, 0x0, 0x0,
    0xb, 0xf5, 0x0, 0x0, 0xf, 0xf0, 0x0, 0x0,
    0x0, 0x0, 0xb, 0xf5, 0x0, 0x0, 0xf, 0xf0,
    0x0, 0x0, 0x0, 0x0, 0xb, 0xf5, 0x0, 0x0,
    0xf, 0xf0, 0x0, 0x0, 0x0, 0x0, 0xb, 0xf5,
    0x0, 0x0, 0xf, 0xff, 0xff, 0xff, 0xff, 0xff,
    0xff, 0xf5, 0x0, 0x0, 0xf, 0xfd, 0xdd, 0xdd,
    0xdd, 0xdd, 0xdf, 0xf5, 0x0, 0x0, 0xf, 0xf0,
    0x0, 0x0, 0x0, 0x0, 0xb, 0xf5,

    /* U+540E "后" */
    0x0, 0x0, 0x0, 0x0, 0x0, 0x0, 0x0, 0x0,
    0x0, 0x0, 0x0, 0x0, 0x0, 0x0, 0x0, 0x0,
    0x0, 0x0, 0x0, 0x13, 0x69, 0xcf, 0x40, 0x0,
    0x0, 0x0, 0x33, 0x45, 0x68, 0x9b, 0xdf, 0xff,
    0xff, 0xff, 0xc1, 0x0, 0x0, 0x3, 0xff, 0xff,
    0xff, 0xff, 0xff, 0xda, 0x86, 0x30, 0x0, 0x0,
    0x0, 0x3, 0xff, 0x97, 0x65, 0x32, 0x0, 0x0,
    0x0, 0x0, 0x0, 0x0, 0x0, 0x3, 0xfd, 0x0,
    0x0, 0x0, 0x0, 0x0, 0x0, 0x0, 0x0, 0x0,
    0x0, 0x3, 0xfd, 0x0, 0x0, 0x0, 0x0, 0x0,
    0x0, 0x0, 0x0, 0x0, 0x0, 0x3, 0xff, 0xcc,
    0xcc, 0xcc, 0xcc, 0xcc, 0xcc, 0xcc, 0xcc, 0xc2,
    0x0, 0x3, 0xff, 0xff, 0xff, 0xff, 0xff, 0xff,
    0xff, 0xff, 0xff, 0xf3, 0x0, 0x3, 0xfe, 0x22,
    0x22, 0x22, 0x22, 0x22, 0x22, 0x22, 0x22, 0x20,
    0x0, 0x4, 0xfd, 0x0, 0x0, 0x0, 0x0, 0x0,
    0x0, 0x0, 0x0, 0x0, 0x0, 0x4, 0xfc, 0x0,
    0x0, 0x0, 0x0, 0x0, 0x0, 0x0, 0x0, 0x0,
    0x0, 0x5, 0xfc, 0x0, 0x22, 0x22, 0x22, 0x22,
    0x22, 0x22, 0x20, 0x0, 0x0, 0x6, 0xfa, 0x1,
    0xff, 0xff, 0xff, 0xff, 0xff, 0xff, 0xf4, 0x0,
    0x0, 0x8, 0xf9, 0x1, 0xff, 0xcc, 0xcc, 0xcc,
    0xcc, 0xcf, 0xf4, 0x0, 0x0, 0xa, 0xf6, 0x1,
    0xfe, 0x0, 0x0, 0x0, 0x0, 0xd, 0xf4, 0x0,
    0x0, 0xd, 0xf3, 0x1, 0xfe, 0x0, 0x0, 0x0,
    0x0, 0xd, 0xf4, 0x0, 0x0, 0x1f, 0xf0, 0x1,
    0xfe, 0x0, 0x0, 0x0, 0x0, 0xd, 0xf4, 0x0,
    0x0, 0x6f, 0xc0, 0x1, 0xfe, 0x0, 0x0, 0x0,
    0x0, 0xd, 0xf4, 0x0, 0x0, 0xdf, 0x70, 0x1,
    0xfe, 0x0, 0x0, 0x0, 0x0, 0xd, 0xf4, 0x0,
    0x4, 0xff, 0x10, 0x1, 0xff, 0xff, 0xff, 0xff,
    0xff, 0xff, 0xf4, 0x0, 0xd, 0xf9, 0x0, 0x1,
    0xff, 0xee, 0xee, 0xee, 0xee, 0xef, 0xf4, 0x0,
    0x2, 0xc1, 0x0, 0x1, 0xfe, 0x0, 0x0, 0x0,
    0x0, 0xd, 0xf4, 0x0, 0x0, 0x0, 0x0, 0x0,
    0x0, 0x0, 0x0, 0x0, 0x0, 0x0, 0x0, 0x0,

    /* U+547D "命" */
    0x0, 0x0, 0x0, 0x0, 0x0, 0x0, 0x40, 0x0,
    0x0, 0x0, 0x0, 0x0, 0x0, 0x0, 0x0, 0x0,
    0x0, 0xa, 0xf7, 0x0, 0x0, 0x0, 0x0, 0x0,
    0x0, 0x0, 0x0, 0x0, 0x0, 0x9f, 0xfb, 0x0,
    0x0, 0x0, 0x0, 0x0, 0x0, 0x0, 0x0, 0x0,
    0x1b, 0xff, 0xdf, 0xb1, 0x0, 0x0, 0x0, 0x0,
    0x0, 0x0, 0x0, 0x3, 0xdf, 0xe3, 0x1d, 0xfd,
    0x30, 0x0, 0x0, 0x0, 0x0, 0x0, 0x1, 0xaf,
    0xfd, 0x20, 0x1, 0xbf, 0xfa, 0x20, 0x0, 0x0,
    0x0, 0x2, 0x9f, 0xff, 0x80, 0x0, 0x0, 0x8,
    0xff, 0xfa, 0x30, 0x0, 0x6, 0xbf, 0xff, 0xcf,
    0xee, 0xee, 0xee, 0xee, 0xec, 0xff, 0xfd, 0x81,
    0xb, 0xff, 0xc5, 0xe, 0xff, 0xff, 0xff, 0xff,
    0xc0, 0x5d, 0xff, 0xa0, 0x2, 0xa3, 0x0, 0x0,
    0x0, 0x0, 0x0, 0x0, 0x0, 0x0, 0x49, 0x0,
    0x0, 0x0, 0x10, 0x0, 0x0, 0x0, 0x0, 0x0,
    0x0, 0x1, 0x0, 0x0, 0x0, 0xf, 0xff, 0xff,
    0xff, 0x80, 0x1f, 0xff, 0xff, 0xff, 0xf3, 0x0,
    0x0, 0xf, 0xfc, 0xcc, 0xdf, 0x80, 0x1f, 0xfc,
    0xcc, 0xcf, 0xf3, 0x0, 0x0, 0xf, 0xe0, 0x0,
    0x6f, 0x80, 0x1f, 0xe0, 0x0, 0xc, 0xf3, 0x0,
    0x0, 0xf, 0xe0, 0x0, 0x6f, 0x80, 0x1f, 0xe0,
    0x0, 0xc, 0xf3, 0x0, 0x0, 0xf, 0xe0, 0x0,
    0x6f, 0x80, 0x1f, 0xe0, 0x0, 0xc, 0xf3, 0x0,
    0x0, 0xf, 0xe0, 0x0, 0x6f, 0x80, 0x1f, 0xe0,
    0x0, 0xc, 0xf3, 0x0, 0x0, 0xf, 0xfa, 0xaa,
    0xcf, 0x80, 0x1f, 0xe0, 0x0, 0xd, 0xf2, 0x0,
    0x0, 0xf, 0xff, 0xff, 0xff, 0x80, 0x1f, 0xe0,
    0xbf, 0xff, 0xf1, 0x0, 0x0, 0xf, 0xf2, 0x22,
    0x22, 0x10, 0x1f, 0xe0, 0x5c, 0xcb, 0x50, 0x0,
    0x0, 0xf, 0xe0, 0x0, 0x0, 0x0, 0x1f, 0xe0,
    0x0, 0x0, 0x0, 0x0, 0x0, 0x2, 0x20, 0x0,
    0x0, 0x0, 0x1f, 0xe0, 0x0, 0x0, 0x0, 0x0,
    0x0, 0x0, 0x0, 0x0, 0x0, 0x0, 0x1f, 0xe0,
    0x0, 0x0, 0x0, 0x0,

    /* U+548C "和" */
    0x0, 0x0, 0x0, 0x1, 0x5a, 0xc1, 0x0, 0x0,
    0x0, 0x0, 0x0, 0x0, 0x24, 0x7a, 0xdf, 0xff,
    0xf7, 0x0, 0x0, 0x0, 0x0, 0x0, 0x5, 0xff,
    0xff, 0xff, 0x85, 0x10, 0x1f, 0xff, 0xff, 0xff,
    0xfd, 0x0, 0x97, 0x44, 0xfe, 0x0, 0x0, 0x1f,
    0xff, 0xff, 0xff, 0xfe, 0x0, 0x0, 0x2, 0xfe,
    0x0, 0x0, 0x1f, 0xe0, 0x0, 0x3, 0xfe, 0x0,
    0x0, 0x2, 0xfe, 0x0, 0x0, 0x1f, 0xe0, 0x0,
    0x3, 0xfe, 0x0, 0x0, 0x2, 0xfe, 0x0, 0x0,
    0x1f, 0xe0, 0x0, 0x3, 0xfe, 0xb, 0xff, 0xff,
    0xff, 0xff, 0xff, 0x1f, 0xe0, 0x0, 0x3, 0xfe,
    0xa, 0xdd, 0xdf, 0xff, 0xdd, 0xdd, 0x1f, 0xe0,
    0x0, 0x3, 0xfe, 0x0, 0x0, 0xd, 0xff, 0x10,
    0x0, 0x1f, 0xe0, 0x0, 0x3, 0xfe, 0x0, 0x0,
    0x4f, 0xff, 0xd1, 0x0, 0x1f, 0xe0, 0x0, 0x3,
    0xfe, 0x0, 0x0, 0xcf, 0xff, 0xfc, 0x0, 0x1f,
    0xe0, 0x0, 0x3, 0xfe, 0x0, 0x4, 0xfa, 0xfe,
    0x8f, 0xa0, 0x1f, 0xe0, 0x0, 0x3, 0xfe, 0x0,
    0xd, 0xf3, 0xfe, 0xc, 0xf8, 0x1f, 0xe0, 0x0,
    0x3, 0xfe, 0x0, 0x8f, 0x92, 0xfe, 0x2, 0xf7,
    0x1f, 0xe0, 0x0, 0x3, 0xfe, 0x3, 0xfe, 0x12,
    0xfe, 0x0, 0x40, 0x1f, 0xe0, 0x0, 0x3, 0xfe,
    0x1e, 0xf6, 0x2, 0xfe, 0x0, 0x0, 0x1f, 0xe0,
    0x0, 0x4, 0xfe, 0xd, 0xb0, 0x2, 0xfe, 0x0,
    0x0, 0x1f, 0xff, 0xff, 0xff, 0xfe, 0x3, 0x0,
    0x2, 0xfe, 0x0, 0x0, 0x1f, 0xfe, 0xee, 0xee,
    0xfe, 0x0, 0x0, 0x2, 0xfe, 0x0, 0x0, 0x1f,
    0xe0, 0x0, 0x3, 0xfe, 0x0, 0x0, 0x2, 0xfe,
    0x0, 0x0, 0x1e, 0xd0, 0x0, 0x2, 0xba, 0x0,
    0x0, 0x2, 0xfe, 0x0, 0x0, 0x0, 0x0, 0x0,
    0x0, 0x0,

    /* U+54CD "响" */
    0x0, 0x0, 0x0, 0x0, 0x0, 0x0, 0x0, 0x0,
    0x0, 0x0, 0x0, 0x0, 0x0, 0x0, 0x0, 0x0,
    0x0, 0x0, 0xfd, 0x30, 0x0, 0x0, 0x0, 0x0,
    0x0, 0x0, 0x0, 0x0, 0x5, 0xfe, 0x0, 0x0,
    0x0, 0xd, 0xdd, 0xdd, 0xd0, 0x0, 0x0, 0xa,
    0xf8, 0x0, 0x0, 0x0, 0xf, 0xff, 0xff, 0xf1,
    0x0, 0x0, 0x1f, 0xf2, 0x0, 0x0, 0x10, 0xf,
    0xc1, 0x1a, 0xf1, 0x1f, 0xff, 0xff, 0xff, 0xff,
    0xff, 0xfe, 0xf, 0xc0, 0xa, 0xf1, 0x1f, 0xfb,
    0xbb, 0xbb, 0xbb, 0xbc, 0xfe, 0xf, 0xc0, 0xa,
    0xf1, 0x1f, 0xd0, 0x0, 0x0, 0x0, 0x1, 0xfe,
    0xf, 0xc0, 0xa, 0xf1, 0x1f, 0xd0, 0x0, 0x0,
    0x0, 0x1, 0xfe, 0xf, 0xc0, 0xa, 0xf1, 0x1f,
    0xd0, 0x7f, 0xff, 0xfe, 0x1, 0xfe, 0xf, 0xc0,
    0xa, 0xf1, 0x1f, 0xd0, 0x7f, 0x88, 0xce, 0x1,
    0xfe, 0xf, 0xc0, 0xa, 0xf1, 0x1f, 0xd0, 0x7f,
    0x0, 0x8e, 0x1, 0xfe, 0xf, 0xc0, 0xa, 0xf1,
    0x1f, 0xd0, 0x7f, 0x0, 0x8e, 0x1, 0xfe, 0xf,
    0xc0, 0xa, 0xf1, 0x1f, 0xd0, 0x7f, 0x0, 0x8e,
    0x1, 0xfe, 0xf, 0xd4, 0x4b, 0xf1, 0x1f, 0xd0,
    0x7f, 0x0, 0x8e, 0x1, 0xfe, 0xf, 0xff, 0xff,
    0xf1, 0x1f, 0xd0, 0x7f, 0x44, 0xae, 0x1, 0xfe,
    0xf, 0xe9, 0x99, 0x90, 0x1f, 0xd0, 0x7f, 0xff,
    0xfe, 0x1, 0xfe, 0xf, 0xc0, 0x0, 0x0, 0x1f,
    0xd0, 0x7f, 0x33, 0x33, 0x1, 0xfe, 0xe, 0xa0,
    0x0, 0x0, 0x1f, 0xd0, 0x48, 0x0, 0x0, 0x1,
    0xfe, 0x0, 0x0, 0x0, 0x0, 0x1f, 0xd0, 0x0,
    0x0, 0x0, 0x1, 0xfe, 0x0, 0x0, 0x0, 0x0,
    0x1f, 0xd0, 0x0, 0x0, 0x0, 0x1, 0xfe, 0x0,
    0x0, 0x0, 0x0, 0x1f, 0xd0, 0x0, 0x0, 0xb,
    0xde, 0xfc, 0x0, 0x0, 0x0, 0x0, 0x1e, 0xc0,
    0x0, 0x0, 0x7, 0xff, 0xc4,

    /* U+5668 "器" */
    0x0, 0x0, 0x0, 0x0, 0x0, 0x0, 0x0, 0x0,
    0x0, 0x0, 0x0, 0x0, 0x0, 0xe, 0xff, 0xff,
    0xff, 0xb0, 0xb, 0xff, 0xff, 0xff, 0xf2, 0x0,
    0x0, 0xe, 0xfb, 0xbb, 0xcf, 0xb0, 0xb, 0xfc,
    0xbb, 0xbf, 0xf2, 0x0, 0x0, 0xe, 0xf0, 0x0,
    0x4f, 0xb0, 0xb, 0xf2, 0x0, 0xd, 0xf2, 0x0,
    0x0, 0xe, 0xf0, 0x0, 0x4f, 0xb0, 0xb, 0xf2,
    0x0, 0xd, 0xf2, 0x0, 0x0, 0xe, 0xf1, 0x11,
    0x5f, 0xb0, 0xb, 0xf3, 0x11, 0x1d, 0xf2, 0x0,
    0x0, 0xe, 0xff, 0xff, 0xff, 0xb0, 0xb, 0xff,
    0xff, 0xff, 0xf2, 0x0, 0x0, 0x9, 0xbb, 0xbb,
    0xbb, 0xc5, 0x17, 0xbd, 0xeb, 0xbb, 0xb1, 0x0,
    0x0, 0x0, 0x0, 0x0, 0x3, 0xff, 0x10, 0xc,
    0xfc, 0x40, 0x0, 0x0, 0x0, 0x0, 0x0, 0x0,
    0x1d, 0xf7, 0x0, 0x0, 0x6e, 0xf2, 0x0, 0x0,
    0xb, 0xff, 0xff, 0xff, 0xff, 0xff, 0xff, 0xff,
    0xff, 0xff, 0xff, 0xe0, 0x8, 0xcc, 0xcc, 0xdf,
    0xfd, 0xcc, 0xcc, 0xff, 0xfc, 0xcc, 0xcc, 0xb0,
    0x0, 0x0, 0x5, 0xef, 0xb0, 0x0, 0x0, 0x3e,
    0xfa, 0x10, 0x0, 0x0, 0x0, 0x2, 0xbf, 0xf8,
    0x0, 0x0, 0x0, 0x1, 0xcf, 0xf8, 0x20, 0x0,
    0x5, 0xbf, 0xff, 0xeb, 0xbb, 0x70, 0x7, 0xbb,
    0xbf, 0xff, 0xfc, 0x71, 0xc, 0xff, 0xff, 0xff,
    0xff, 0xb0, 0xa, 0xff, 0xff, 0xff, 0xff, 0xd0,
    0x2, 0x4e, 0xf1, 0x11, 0x5f, 0xb0, 0xa, 0xf4,
    0x11, 0x1d, 0xf5, 0x20, 0x0, 0xe, 0xf0, 0x0,
    0x4f, 0xb0, 0xa, 0xf3, 0x0, 0xd, 0xf2, 0x0,
    0x0, 0xe, 0xf0, 0x0, 0x4f, 0xb0, 0xa, 0xf3,
    0x0, 0xd, 0xf2, 0x0, 0x0, 0xe, 0xfb, 0xbb,
    0xcf, 0xb0, 0xa, 0xfc, 0xbb, 0xbf, 0xf2, 0x0,
    0x0, 0xe, 0xff, 0xff, 0xff, 0xb0, 0xa, 0xff,
    0xff, 0xff, 0xf2, 0x0, 0x0, 0xe, 0xf1, 0x11,
    0x5f, 0xb0, 0xa, 0xf4, 0x11, 0x1d, 0xf2, 0x0,
    0x0, 0x2, 0x20, 0x0, 0x0, 0x0, 0x1, 0x20,
    0x0, 0x0, 0x0, 0x0,

    /* U+56DE "回" */
    0x1, 0x11, 0x11, 0x11, 0x11, 0x11, 0x11, 0x11,
    0x11, 0x11, 0x10, 0x1f, 0xff, 0xff, 0xff, 0xff,
    0xff, 0xff, 0xff, 0xff, 0xff, 0xf1, 0x1f, 0xff,
    0xff, 0xff, 0xff, 0xff, 0xff, 0xff, 0xff, 0xff,
    0xf1, 0x1f, 0xf0, 0x0, 0x0, 0x0, 0x0, 0x0,
    0x0, 0x0, 0x1f, 0xf1, 0x1f, 0xf0, 0x0, 0x0,
    0x0, 0x0, 0x0, 0x0, 0x0, 0x1f, 0xf1, 0x1f,
    0xf0, 0x0, 0x0, 0x0, 0x0, 0x0, 0x0, 0x0,
    0x1f, 0xf1, 0x1f, 0xf0, 0x0, 0xac, 0xcc, 0xcc,
    0xcc, 0xca, 0x0, 0x1f, 0xf1, 0x1f, 0xf0, 0x0,
    0xdf, 0xff, 0xff, 0xff, 0xfd, 0x0, 0x1f, 0xf1,
    0x1f, 0xf0, 0x0, 0xdf, 0x10, 0x0, 0x3, 0xfd,
    0x0, 0x1f, 0xf1, 0x1f, 0xf0, 0x0, 0xdf, 0x10,
    0x0, 0x2, 0xfd, 0x0, 0x1f, 0xf1, 0x1f, 0xf0,
    0x0, 0xdf, 0x10, 0x0, 0x2, 0xfd, 0x0, 0x1f,
    0xf1, 0x1f, 0xf0, 0x0, 0xdf, 0x10, 0x0, 0x2,
    0xfd, 0x0, 0x1f, 0xf1, 0x1f, 0xf0, 0x0, 0xdf,
    0x10, 0x0, 0x2, 0xfd, 0x0, 0x1f, 0xf1, 0x1f,
    0xf0, 0x0, 0xdf, 0xcb, 0xbb, 0xbc, 0xfd, 0x0,
    0x1f, 0xf1, 0x1f, 0xf0, 0x0, 0xdf, 0xff, 0xff,
    0xff, 0xfd, 0x0, 0x1f, 0xf1, 0x1f, 0xf0, 0x0,
    0x0, 0x0, 0x0, 0x0, 0x0, 0x0, 0x1f, 0xf1,
    0x1f, 0xf0, 0x0, 0x0, 0x0, 0x0, 0x0, 0x0,
    0x0, 0x1f, 0xf1, 0x1f, 0xf0, 0x0, 0x0, 0x0,
    0x0, 0x0, 0x0, 0x0, 0x1f, 0xf1, 0x1f, 0xf0,
    0x0, 0x0, 0x0, 0x0, 0x0, 0x0, 0x0, 0x2f,
    0xf1, 0x1f, 0xff, 0xff, 0xff, 0xff, 0xff, 0xff,
    0xff, 0xff, 0xff, 0xf1, 0x1f, 0xfd, 0xdd, 0xdd,
    0xdd, 0xdd, 0xdd, 0xdd, 0xdd, 0xef, 0xf1, 0x1f,
    0xf0, 0x0, 0x0, 0x0, 0x0, 0x0, 0x0, 0x0,
    0x1f, 0xf1,

    /* U+56FA "固" */
    0x0, 0x0, 0x0, 0x0, 0x0, 0x0, 0x0, 0x0,
    0x0, 0x0, 0x0, 0xf, 0xff, 0xff, 0xff, 0xff,
    0xff, 0xff, 0xff, 0xff, 0xff, 0xf2, 0xf, 0xfd,
    0xdd, 0xdd, 0xdd, 0xdd, 0xdd, 0xdd, 0xdd, 0xdf,
    0xf2, 0xf, 0xf0, 0x0, 0x0, 0x0, 0x43, 0x0,
    0x0, 0x0, 0xf, 0xf2, 0xf, 0xf0, 0x0, 0x0,
    0x1, 0xfd, 0x0, 0x0, 0x0, 0xf, 0xf2, 0xf,
    0xf0, 0x0, 0x0, 0x1, 0xfd, 0x0, 0x0, 0x0,
    0xf, 0xf2, 0xf, 0xf0, 0x5a, 0xaa, 0xaa, 0xff,
    0xaa, 0xaa, 0xa5, 0xf, 0xf2, 0xf, 0xf0, 0x9f,
    0xff, 0xff, 0xff, 0xff, 0xff, 0xf9, 0xf, 0xf2,
    0xf, 0xf0, 0x0, 0x0, 0x2, 0xfd, 0x0, 0x0,
    0x0, 0xf, 0xf2, 0xf, 0xf0, 0x0, 0x0, 0x1,
    0xfd, 0x0, 0x0, 0x0, 0xf, 0xf2, 0xf, 0xf0,
    0x0, 0x22, 0x23, 0xfe, 0x22, 0x22, 0x0, 0xf,
    0xf2, 0xf, 0xf0, 0x1, 0xff, 0xff, 0xff, 0xff,
    0xff, 0x10, 0xf, 0xf2, 0xf, 0xf0, 0x1, 0xfd,
    0x77, 0x77, 0x77, 0xef, 0x10, 0xf, 0xf2, 0xf,
    0xf0, 0x1, 0xfb, 0x0, 0x0, 0x0, 0xdf, 0x10,
    0xf, 0xf2, 0xf, 0xf0, 0x1, 0xfb, 0x0, 0x0,
    0x0, 0xdf, 0x10, 0xf, 0xf2, 0xf, 0xf0, 0x1,
    0xfe, 0x99, 0x99, 0x99, 0xef, 0x10, 0xf, 0xf2,
    0xf, 0xf0, 0x1, 0xff, 0xff, 0xff, 0xff, 0xff,
    0x10, 0xf, 0xf2, 0xf, 0xf0, 0x0, 0x0, 0x0,
    0x0, 0x0, 0x0, 0x0, 0xf, 0xf2, 0xf, 0xf0,
    0x0, 0x0, 0x0, 0x0, 0x0, 0x0, 0x0, 0xf,
    0xf2, 0xf, 0xff, 0xff, 0xff, 0xff, 0xff, 0xff,
    0xff, 0xff, 0xff, 0xf2, 0xf, 0xfe, 0xee, 0xee,
    0xee, 0xee, 0xee, 0xee, 0xee, 0xef, 0xf2, 0xf,
    0xf0, 0x0, 0x0, 0x0, 0x0, 0x0, 0x0, 0x0,
    0xf, 0xf2,

    /* U+5728 "在" */
    0x0, 0x0, 0x0, 0x0, 0x42, 0x0, 0x0, 0x0,
    0x0, 0x0, 0x0, 0x0, 0x0, 0x0, 0x0, 0xef,
    0x30, 0x0, 0x0, 0x0, 0x0, 0x0, 0x0, 0x0,
    0x0, 0x4, 0xfe, 0x0, 0x0, 0x0, 0x0, 0x0,
    0x0, 0x0, 0x0, 0x0, 0x9, 0xf9, 0x0, 0x0,
    0x0, 0x0, 0x0, 0x0, 0x4c, 0xcc, 0xcc, 0xcf,
    0xfd, 0xcc, 0xcc, 0xcc, 0xcc, 0xcc, 0xc9, 0x5f,
    0xff, 0xff, 0xff, 0xff, 0xff, 0xff, 0xff, 0xff,
    0xff, 0xfc, 0x2, 0x22, 0x23, 0xef, 0x62, 0x22,
    0x22, 0x22, 0x22, 0x22, 0x22, 0x0, 0x0, 0x6,
    0xfd, 0x0, 0x0, 0x5, 0x72, 0x0, 0x0, 0x0,
    0x0, 0x0, 0x1e, 0xf5, 0x0, 0x0, 0xb, 0xf5,
    0x0, 0x0, 0x0, 0x0, 0x0, 0xaf, 0xc0, 0x0,
    0x0, 0xb, 0xf5, 0x0, 0x0, 0x0, 0x0, 0x5,
    0xff, 0x20, 0x0, 0x0, 0xb, 0xf5, 0x0, 0x0,
    0x0, 0x0, 0x3f, 0xfa, 0x0, 0x0, 0x0, 0xb,
    0xf5, 0x0, 0x0, 0x0, 0x2, 0xef, 0xfa, 0x0,
    0xee, 0xee, 0xef, 0xff, 0xee, 0xee, 0x90, 0x4f,
    0xff, 0xfa, 0x0, 0xff, 0xff, 0xff, 0xff, 0xff,
    0xff, 0x90, 0xaf, 0xc6, 0xfa, 0x0, 0x0, 0x0,
    0xb, 0xf5, 0x0, 0x0, 0x0, 0x2a, 0x5, 0xfa,
    0x0, 0x0, 0x0, 0xb, 0xf5, 0x0, 0x0, 0x0,
    0x0, 0x5, 0xfa, 0x0, 0x0, 0x0, 0xb, 0xf5,
    0x0, 0x0, 0x0, 0x0, 0x5, 0xfa, 0x0, 0x0,
    0x0, 0xb, 0xf5, 0x0, 0x0, 0x0, 0x0, 0x5,
    0xfa, 0x0, 0x0, 0x0, 0xb, 0xf5, 0x0, 0x0,
    0x0, 0x0, 0x5, 0xfa, 0x0, 0x0, 0x0, 0xb,
    0xf5, 0x0, 0x0, 0x0, 0x0, 0x5, 0xfa, 0x4,
    0x44, 0x44, 0x4c, 0xf8, 0x44, 0x44, 0x43, 0x0,
    0x5, 0xfa, 0xf, 0xff, 0xff, 0xff, 0xff, 0xff,
    0xff, 0xfc, 0x0, 0x5, 0xfa, 0xf, 0xff, 0xff,
    0xff, 0xff, 0xff, 0xff, 0xfc,

    /* U+5730 "地" */
    0x0, 0x0, 0x0, 0x0, 0x0, 0x0, 0x0, 0x0,
    0x0, 0x0, 0x0, 0x0, 0x0, 0x0, 0xed, 0x0,
    0x0, 0x0, 0x0, 0xd, 0xf1, 0x0, 0x0, 0x0,
    0x0, 0x0, 0xfe, 0x0, 0x0, 0x0, 0x0, 0xd,
    0xf1, 0x0, 0x0, 0x0, 0x0, 0x0, 0xfe, 0x0,
    0x0, 0xdf, 0x10, 0xd, 0xf1, 0x0, 0x0, 0x0,
    0x0, 0x0, 0xfe, 0x0, 0x0, 0xdf, 0x10, 0xd,
    0xf1, 0x0, 0x0, 0x0, 0x0, 0x0, 0xfe, 0x0,
    0x0, 0xdf, 0x10, 0xd, 0xf1, 0x5, 0xee, 0x10,
    0x7, 0x77, 0xff, 0x77, 0x40, 0xdf, 0x10, 0xd,
    0xf9, 0xef, 0xff, 0x10, 0xf, 0xff, 0xff, 0xff,
    0xa0, 0xdf, 0x10, 0x4e, 0xff, 0xfb, 0xef, 0x10,
    0x7, 0x77, 0xff, 0x77, 0x40, 0xdf, 0x7d, 0xff,
    0xf9, 0x20, 0xdf, 0x10, 0x0, 0x0, 0xfe, 0x0,
    0x2, 0xef, 0xff, 0xdf, 0xf1, 0x0, 0xdf, 0x10,
    0x0, 0x0, 0xfe, 0x1, 0xbf, 0xff, 0xb4, 0xd,
    0xf1, 0x0, 0xdf, 0x10, 0x0, 0x0, 0xfe, 0x0,
    0xef, 0xff, 0x10, 0xd, 0xf1, 0x0, 0xef, 0x0,
    0x0, 0x0, 0xfe, 0x0, 0x30, 0xdf, 0x10, 0xd,
    0xf1, 0x0, 0xef, 0x0, 0x0, 0x0, 0xfe, 0x0,
    0x0, 0xdf, 0x10, 0xd, 0xf1, 0x0, 0xef, 0x0,
    0x0, 0x0, 0xfe, 0x18, 0x90, 0xdf, 0x10, 0xd,
    0xf1, 0x34, 0xfe, 0x0, 0x0, 0x0, 0xff, 0xff,
    0xd0, 0xdf, 0x10, 0xd, 0xf1, 0xef, 0xf9, 0x0,
    0x0, 0x4b, 0xff, 0xf9, 0x10, 0xdf, 0x10, 0xd,
    0xf1, 0x67, 0x50, 0x0, 0x1d, 0xff, 0xfa, 0x20,
    0x0, 0xdf, 0x10, 0x9, 0xb0, 0x0, 0x4, 0x10,
    0xe, 0xfa, 0x20, 0x0, 0x0, 0xdf, 0x10, 0x0,
    0x0, 0x0, 0xa, 0xf2, 0x5, 0x20, 0x0, 0x0,
    0x0, 0xdf, 0x10, 0x0, 0x0, 0x0, 0xc, 0xf1,
    0x0, 0x0, 0x0, 0x0, 0x0, 0xcf, 0x30, 0x0,
    0x0, 0x0, 0x2f, 0xe0, 0x0, 0x0, 0x0, 0x0,
    0x0, 0x9f, 0xfd, 0xdd, 0xdd, 0xdd, 0xff, 0x80,
    0x0, 0x0, 0x0, 0x0, 0x0, 0x1a, 0xef, 0xff,
    0xff, 0xff, 0xea, 0x0,

    /* U+5747 "均" */
    0x0, 0x0, 0x22, 0x0, 0x0, 0x0, 0x3, 0x10,
    0x0, 0x0, 0x0, 0x0, 0x0, 0x1f, 0xe0, 0x0,
    0x0, 0x0, 0xdf, 0x20, 0x0, 0x0, 0x0, 0x0,
    0x1, 0xfe, 0x0, 0x0, 0x0, 0x4f, 0xc0, 0x0,
    0x0, 0x0, 0x0, 0x0, 0x1f, 0xe0, 0x0, 0x0,
    0xc, 0xf5, 0x0, 0x0, 0x0, 0x0, 0x0, 0x1,
    0xfe, 0x0, 0x0, 0x5, 0xff, 0xaa, 0xaa, 0xaa,
    0xba, 0x20, 0x0, 0x1f, 0xe0, 0x0, 0x0, 0xef,
    0xff, 0xff, 0xff, 0xff, 0xf3, 0xb, 0xbb, 0xff,
    0xbb, 0x80, 0x9f, 0xb3, 0x33, 0x33, 0x33, 0xcf,
    0x30, 0xff, 0xff, 0xff, 0xfb, 0x6f, 0xf1, 0x0,
    0x0, 0x0, 0xb, 0xf2, 0x3, 0x34, 0xfe, 0x33,
    0x6f, 0xf5, 0x10, 0x0, 0x0, 0x0, 0xcf, 0x20,
    0x0, 0x1f, 0xe0, 0x0, 0xb8, 0x3e, 0xb0, 0x0,
    0x0, 0xc, 0xf1, 0x0, 0x1, 0xfe, 0x0, 0x0,
    0x0, 0xaf, 0xd1, 0x0, 0x0, 0xdf, 0x10, 0x0,
    0x1f, 0xe0, 0x0, 0x0, 0x0, 0x9f, 0xe3, 0x0,
    0xd, 0xf0, 0x0, 0x1, 0xfe, 0x0, 0x0, 0x0,
    0x0, 0x8f, 0xb0, 0x0, 0xef, 0x0, 0x0, 0x1f,
    0xe0, 0x0, 0x0, 0x0, 0x0, 0x71, 0x28, 0xe,
    0xf0, 0x0, 0x1, 0xfe, 0x6, 0xd5, 0x0, 0x0,
    0x1, 0xaf, 0xf1, 0xfe, 0x0, 0x0, 0x1f, 0xfd,
    0xff, 0x50, 0x0, 0x18, 0xff, 0xc3, 0xf, 0xd0,
    0x0, 0x7, 0xff, 0xfa, 0x20, 0x0, 0x7f, 0xfe,
    0x50, 0x2, 0xfc, 0x0, 0x8e, 0xff, 0xc3, 0x0,
    0x7, 0xef, 0xf8, 0x0, 0x0, 0x3f, 0xb0, 0xe,
    0xfd, 0x50, 0x0, 0x2, 0xff, 0xb2, 0x0, 0x0,
    0x5, 0xf9, 0x0, 0x87, 0x0, 0x0, 0x0, 0x9,
    0x40, 0x0, 0x0, 0x0, 0x8f, 0x70, 0x0, 0x0,
    0x0, 0x0, 0x0, 0x0, 0x0, 0x0, 0x0, 0xd,
    0xf4, 0x0, 0x0, 0x0, 0x0, 0x0, 0x0, 0x0,
    0x9, 0xed, 0xde, 0xfe, 0x0, 0x0, 0x0, 0x0,
    0x0, 0x0, 0x0, 0x0, 0x5f, 0xff, 0xfc, 0x30,
    0x0, 0x0, 0x0, 0x0, 0x0, 0x0, 0x0, 0x0,
    0x0, 0x0, 0x0, 0x0,

    /* U+578B "型" */
    0x0, 0x0, 0x0, 0x0, 0x0, 0x0, 0x0, 0x0,
    0x0, 0x0, 0x0, 0x0, 0x3, 0x44, 0x44, 0x44,
    0x44, 0x44, 0x0, 0x0, 0x0, 0xdf, 0x10, 0x0,
    0xdf, 0xff, 0xff, 0xff, 0xff, 0xf0, 0x1f, 0xb0,
    0xd, 0xf1, 0x0, 0x6, 0x7d, 0xf9, 0x77, 0xff,
    0x77, 0x1, 0xfc, 0x0, 0xdf, 0x10, 0x0, 0x0,
    0xbf, 0x30, 0xf, 0xe0, 0x0, 0x1f, 0xc0, 0xd,
    0xf1, 0x0, 0x0, 0xb, 0xf3, 0x0, 0xfe, 0x0,
    0x1, 0xfc, 0x0, 0xdf, 0x10, 0x4, 0x77, 0xdf,
    0x97, 0x7f, 0xf7, 0x73, 0x1f, 0xc0, 0xd, 0xf1,
    0x0, 0xaf, 0xff, 0xff, 0xff, 0xff, 0xff, 0x81,
    0xfc, 0x0, 0xdf, 0x10, 0x3, 0x66, 0xff, 0x66,
    0x6f, 0xf6, 0x63, 0x1f, 0xc0, 0xd, 0xf1, 0x0,
    0x0, 0x1f, 0xd0, 0x0, 0xfe, 0x0, 0x1, 0xfc,
    0x0, 0xdf, 0x10, 0x0, 0x8, 0xf8, 0x0, 0xf,
    0xe0, 0x0, 0x1, 0x10, 0xd, 0xf1, 0x0, 0x4,
    0xff, 0x10, 0x0, 0xfe, 0x0, 0x0, 0x0, 0x0,
    0xef, 0x10, 0x6, 0xff, 0x60, 0x0, 0xf, 0xe0,
    0x0, 0x0, 0xbf, 0xff, 0xf0, 0x0, 0x4e, 0x60,
    0x0, 0x0, 0x89, 0xba, 0x0, 0x5, 0xdc, 0xa4,
    0x0, 0x0, 0x0, 0x0, 0x0, 0x0, 0x2f, 0xe0,
    0x0, 0x0, 0x0, 0x0, 0x0, 0x0, 0x13, 0x33,
    0x33, 0x35, 0xfe, 0x33, 0x33, 0x33, 0x30, 0x0,
    0x0, 0x9, 0xff, 0xff, 0xff, 0xff, 0xff, 0xff,
    0xff, 0xff, 0x20, 0x0, 0x0, 0x6a, 0xaa, 0xaa,
    0xab, 0xff, 0xaa, 0xaa, 0xaa, 0xa1, 0x0, 0x0,
    0x0, 0x0, 0x0, 0x0, 0x2f, 0xe0, 0x0, 0x0,
    0x0, 0x0, 0x0, 0x0, 0x0, 0x0, 0x0, 0x2,
    0xfe, 0x0, 0x0, 0x0, 0x0, 0x0, 0x1f, 0xff,
    0xff, 0xff, 0xff, 0xff, 0xff, 0xff, 0xff, 0xff,
    0xff, 0x91, 0xff, 0xff, 0xff, 0xff, 0xff, 0xff,
    0xff, 0xff, 0xff, 0xff, 0xf9,

    /* U+5907 "备" */
    0x0, 0x0, 0x0, 0x0, 0x0, 0x0, 0x0, 0x0,
    0x0, 0x0, 0x0, 0x0, 0x0, 0x0, 0x0, 0x0,
    0x9f, 0xa0, 0x0, 0x0, 0x0, 0x0, 0x0, 0x0,
    0x0, 0x0, 0x0, 0x6, 0xff, 0x30, 0x0, 0x0,
    0x1, 0x0, 0x0, 0x0, 0x0, 0x0, 0x0, 0x5f,
    0xff, 0xff, 0xff, 0xff, 0xff, 0xd3, 0x0, 0x0,
    0x0, 0x0, 0x7, 0xff, 0xcc, 0xcc, 0xcc, 0xcc,
    0xff, 0xd1, 0x0, 0x0, 0x0, 0x2, 0xbf, 0xff,
    0x90, 0x0, 0x0, 0x1b, 0xfe, 0x20, 0x0, 0x0,
    0x0, 0x9f, 0xfd, 0x5e, 0xfc, 0x20, 0x5, 0xef,
    0xd2, 0x0, 0x0, 0x0, 0x0, 0x7f, 0x70, 0x1,
    0xbf, 0xfa, 0xcf, 0xfa, 0x0, 0x0, 0x0, 0x0,
    0x0, 0x0, 0x0, 0x0, 0x1b, 0xff, 0xff, 0xa1,
    0x0, 0x0, 0x0, 0x0, 0x0, 0x0, 0x2, 0x6b,
    0xff, 0xfd, 0xdf, 0xff, 0xc8, 0x41, 0x0, 0x0,
    0x16, 0x8b, 0xef, 0xff, 0xe9, 0x30, 0x3, 0x9e,
    0xff, 0xff, 0xec, 0xa1, 0xe, 0xff, 0xfc, 0x84,
    0x0, 0x0, 0x0, 0x0, 0x26, 0xad, 0xff, 0xa0,
    0x5, 0x74, 0xcc, 0xcc, 0xcc, 0xcc, 0xcc, 0xcc,
    0xcc, 0xcb, 0x3, 0x10, 0x0, 0x0, 0xff, 0xff,
    0xff, 0xff, 0xff, 0xff, 0xff, 0xfe, 0x0, 0x0,
    0x0, 0x0, 0xff, 0x10, 0x0, 0x2f, 0xf1, 0x0,
    0x6, 0xfe, 0x0, 0x0, 0x0, 0x0, 0xff, 0x10,
    0x0, 0x1f, 0xf0, 0x0, 0x6, 0xfe, 0x0, 0x0,
    0x0, 0x0, 0xff, 0xa9, 0x99, 0xaf, 0xf9, 0x99,
    0x9c, 0xfe, 0x0, 0x0, 0x0, 0x0, 0xff, 0xff,
    0xff, 0xff, 0xff, 0xff, 0xff, 0xfe, 0x0, 0x0,
    0x0, 0x0, 0xff, 0x10, 0x0, 0x2f, 0xf0, 0x0,
    0x6, 0xfe, 0x0, 0x0, 0x0, 0x0, 0xff, 0x10,
    0x0, 0x1f, 0xf0, 0x0, 0x6, 0xfe, 0x0, 0x0,
    0x0, 0x0, 0xff, 0xcc, 0xcc, 0xcf, 0xfc, 0xcc,
    0xcd, 0xfe, 0x0, 0x0, 0x0, 0x0, 0xff, 0xff,
    0xff, 0xff, 0xff, 0xff, 0xff, 0xfe, 0x0, 0x0,
    0x0, 0x0, 0xff, 0x10, 0x0, 0x0, 0x0, 0x0,
    0x6, 0xfe, 0x0, 0x0, 0x0, 0x0, 0x0, 0x0,
    0x0, 0x0, 0x0, 0x0, 0x0, 0x0, 0x0, 0x0,

    /* U+590D "复" */
    0x0, 0x0, 0x0, 0x10, 0x0, 0x0, 0x0, 0x0,
    0x0, 0x0, 0x0, 0x0, 0x0, 0x0, 0x1, 0xfd,
    0x0, 0x0, 0x0, 0x0, 0x0, 0x0, 0x0, 0x0,
    0x0, 0x0, 0xb, 0xf8, 0x0, 0x0, 0x0, 0x0,
    0x0, 0x0, 0x0, 0x0, 0x0, 0x0, 0x7f, 0xff,
    0xff, 0xff, 0xff, 0xff, 0xff, 0xff, 0xff, 0x0,
    0x0, 0x6, 0xff, 0xcc, 0xcc, 0xcc, 0xcc, 0xcc,
    0xcc, 0xcc, 0xcb, 0x0, 0x0, 0x8f, 0xf4, 0x0,
    0x0, 0x0, 0x0, 0x0, 0x0, 0x0, 0x0, 0x0,
    0x9, 0xff, 0x5e, 0xff, 0xff, 0xff, 0xff, 0xff,
    0xff, 0xff, 0x40, 0x0, 0x2, 0xe4, 0xf, 0xf8,
    0x77, 0x77, 0x77, 0x77, 0x77, 0xef, 0x50, 0x0,
    0x0, 0x0, 0xf, 0xf1, 0x0, 0x0, 0x0, 0x0,
    0x0, 0xdf, 0x50, 0x0, 0x0, 0x0, 0xf, 0xff,
    0xff, 0xff, 0xff, 0xff, 0xff, 0xff, 0x50, 0x0,
    0x0, 0x0, 0xf, 0xf7, 0x66, 0x66, 0x66, 0x66,
    0x66, 0xef, 0x50, 0x0, 0x0, 0x0, 0xf, 0xf1,
    0x0, 0x0, 0x0, 0x0, 0x0, 0xdf, 0x50, 0x0,
    0x0, 0x0, 0xf, 0xff, 0xff, 0xff, 0xff, 0xff,
    0xff, 0xff, 0x50, 0x0, 0x0, 0x0, 0x5, 0x6a,
    0xfd, 0x66, 0x66, 0x66, 0x66, 0x66, 0x10, 0x0,
    0x0, 0x0, 0x0, 0x3f, 0xf3, 0x0, 0x0, 0x0,
    0x0, 0x10, 0x0, 0x0, 0x0, 0x0, 0x4, 0xff,
    0xff, 0xff, 0xff, 0xff, 0xff, 0xf9, 0x0, 0x0,
    0x0, 0x0, 0x7f, 0xff, 0x97, 0x77, 0x77, 0x77,
    0xbf, 0xf5, 0x0, 0x0, 0x0, 0x3c, 0xfe, 0x7f,
    0xe4, 0x0, 0x0, 0x8, 0xff, 0x60, 0x0, 0x0,
    0x0, 0x4f, 0xb1, 0x3, 0xef, 0xb3, 0x17, 0xef,
    0xd3, 0x0, 0x0, 0x0, 0x0, 0x1, 0x0, 0x0,
    0x1a, 0xff, 0xff, 0xf7, 0x0, 0x0, 0x0, 0x0,
    0x0, 0x0, 0x14, 0x69, 0xdf, 0xff, 0xff, 0xfe,
    0xb8, 0x53, 0x10, 0x0, 0xb, 0xdf, 0xff, 0xff,
    0xfc, 0x72, 0x4, 0x9d, 0xff, 0xff, 0xff, 0xe1,
    0xa, 0xfe, 0xb9, 0x63, 0x0, 0x0, 0x0, 0x0,
    0x14, 0x79, 0xbd, 0x70, 0x0, 0x0, 0x0, 0x0,
    0x0, 0x0, 0x0, 0x0, 0x0, 0x0, 0x0, 0x0,

    /* U+5916 "外" */
    0x0, 0x0, 0x1, 0x0, 0x0, 0x0, 0x0, 0x22,
    0x0, 0x0, 0x0, 0x0, 0x0, 0x0, 0xff, 0x10,
    0x0, 0x0, 0xe, 0xf4, 0x0, 0x0, 0x0, 0x0,
    0x0, 0x3f, 0xe0, 0x0, 0x0, 0x0, 0xef, 0x40,
    0x0, 0x0, 0x0, 0x0, 0x8, 0xf9, 0x0, 0x0,
    0x0, 0xe, 0xf4, 0x0, 0x0, 0x0, 0x0, 0x0,
    0xcf, 0xec, 0xcc, 0xdb, 0x30, 0xef, 0x40, 0x0,
    0x0, 0x0, 0x0, 0x1f, 0xff, 0xff, 0xff, 0xf4,
    0xe, 0xf4, 0x0, 0x0, 0x0, 0x0, 0x8, 0xfa,
    0x22, 0x22, 0xff, 0x20, 0xef, 0x40, 0x0, 0x0,
    0x0, 0x0, 0xef, 0x40, 0x0, 0x2f, 0xf0, 0xe,
    0xf4, 0x0, 0x0, 0x0, 0x0, 0x7f, 0xd0, 0x0,
    0x5, 0xfc, 0x0, 0xef, 0xdb, 0x0, 0x0, 0x0,
    0x1f, 0xf5, 0x0, 0x0, 0x9f, 0x80, 0xe, 0xff,
    0xfc, 0x10, 0x0, 0xb, 0xfc, 0x68, 0x0, 0xe,
    0xf3, 0x0, 0xef, 0x6d, 0xfd, 0x20, 0x1, 0xdf,
    0x4e, 0xfc, 0x23, 0xfe, 0x0, 0xe, 0xf4, 0x1d,
    0xfe, 0x20, 0x0, 0x40, 0x2c, 0xfe, 0xcf, 0x90,
    0x0, 0xef, 0x40, 0x1d, 0xfe, 0x20, 0x0, 0x0,
    0xa, 0xff, 0xf3, 0x0, 0xe, 0xf4, 0x0, 0x1e,
    0xf8, 0x0, 0x0, 0x0, 0xc, 0xfb, 0x0, 0x0,
    0xef, 0x40, 0x0, 0x27, 0x0, 0x0, 0x0, 0x3,
    0xff, 0x30, 0x0, 0xe, 0xf4, 0x0, 0x0, 0x0,
    0x0, 0x0, 0x0, 0xdf, 0xa0, 0x0, 0x0, 0xef,
    0x40, 0x0, 0x0, 0x0, 0x0, 0x0, 0xbf, 0xf1,
    0x0, 0x0, 0xe, 0xf4, 0x0, 0x0, 0x0, 0x0,
    0x0, 0xaf, 0xf5, 0x0, 0x0, 0x0, 0xef, 0x40,
    0x0, 0x0, 0x0, 0x1, 0xcf, 0xf7, 0x0, 0x0,
    0x0, 0xe, 0xf4, 0x0, 0x0, 0x0, 0x6, 0xef,
    0xf7, 0x0, 0x0, 0x0, 0x0, 0xef, 0x40, 0x0,
    0x0, 0x1, 0xcf, 0xf5, 0x0, 0x0, 0x0, 0x0,
    0xe, 0xf4, 0x0, 0x0, 0x0, 0x1, 0x92, 0x0,
    0x0, 0x0, 0x0, 0x0, 0xef, 0x40, 0x0, 0x0,
    0x0,

    /* U+5927 "大" */
    0x0, 0x0, 0x0, 0x0, 0x0, 0xdf, 0x50, 0x0,
    0x0, 0x0, 0x0, 0x0, 0x0, 0x0, 0x0, 0x0,
    0xe, 0xf5, 0x0, 0x0, 0x0, 0x0, 0x0, 0x0,
    0x0, 0x0, 0x0, 0x0, 0xef, 0x40, 0x0, 0x0,
    0x0, 0x0, 0x0, 0x0, 0x0, 0x0, 0x0, 0xf,
    0xf3, 0x0, 0x0, 0x0, 0x0, 0x0, 0x0, 0x0,
    0x0, 0x0, 0x0, 0xff, 0x20, 0x0, 0x0, 0x0,
    0x0, 0x0, 0x0, 0x0, 0x0, 0x0, 0x1f, 0xf1,
    0x0, 0x0, 0x0, 0x0, 0x0, 0x13, 0x33, 0x33,
    0x33, 0x35, 0xff, 0x33, 0x33, 0x33, 0x33, 0x32,
    0x5, 0xff, 0xff, 0xff, 0xff, 0xff, 0xff, 0xff,
    0xff, 0xff, 0xff, 0xd0, 0x4e, 0xee, 0xee, 0xee,
    0xef, 0xff, 0xfe, 0xee, 0xee, 0xee, 0xec, 0x0,
    0x0, 0x0, 0x0, 0x0, 0xbf, 0xff, 0x10, 0x0,
    0x0, 0x0, 0x0, 0x0, 0x0, 0x0, 0x0, 0xf,
    0xff, 0xf7, 0x0, 0x0, 0x0, 0x0, 0x0, 0x0,
    0x0, 0x0, 0x4, 0xff, 0x6f, 0xe0, 0x0, 0x0,
    0x0, 0x0, 0x0, 0x0, 0x0, 0x0, 0xbf, 0xa0,
    0xef, 0x60, 0x0, 0x0, 0x0, 0x0, 0x0, 0x0,
    0x0, 0x2f, 0xf4, 0x8, 0xfe, 0x0, 0x0, 0x0,
    0x0, 0x0, 0x0, 0x0, 0xb, 0xfc, 0x0, 0x1e,
    0xf8, 0x0, 0x0, 0x0, 0x0, 0x0, 0x0, 0x6,
    0xff, 0x30, 0x0, 0x6f, 0xf4, 0x0, 0x0, 0x0,
    0x0, 0x0, 0x4, 0xff, 0x90, 0x0, 0x0, 0xcf,
    0xe2, 0x0, 0x0, 0x0, 0x0, 0x4, 0xff, 0xd0,
    0x0, 0x0, 0x1, 0xef, 0xe2, 0x0, 0x0, 0x0,
    0x6, 0xff, 0xd1, 0x0, 0x0, 0x0, 0x3, 0xff,
    0xf5, 0x0, 0x0, 0x3c, 0xff, 0xc1, 0x0, 0x0,
    0x0, 0x0, 0x3, 0xff, 0xfa, 0x20, 0x6f, 0xff,
    0x90, 0x0, 0x0, 0x0, 0x0, 0x0, 0x2, 0xdf,
    0xfd, 0x0, 0xbc, 0x30, 0x0, 0x0, 0x0, 0x0,
    0x0, 0x0, 0x0, 0x7e, 0x20, 0x0, 0x0, 0x0,
    0x0, 0x0, 0x0, 0x0, 0x0, 0x0, 0x0, 0x0,
    0x0,

    /* U+5931 "失" */
    0x0, 0x0, 0x0, 0x0, 0x0, 0x3, 0x20, 0x0,
    0x0, 0x0, 0x0, 0x0, 0x0, 0x0, 0xa, 0xa3,
    0x0, 0x4f, 0xd0, 0x0, 0x0, 0x0, 0x0, 0x0,
    0x0, 0x0, 0xf, 0xf3, 0x0, 0x4f, 0xd0, 0x0,
    0x0, 0x0, 0x0, 0x0, 0x0, 0x0, 0x6f, 0xe0,
    0x0, 0x4f, 0xd0, 0x0, 0x0, 0x0, 0x0, 0x0,
    0x0, 0x0, 0xcf, 0x91, 0x11, 0x5f, 0xe1, 0x11,
    0x11, 0x11, 0x0, 0x0, 0x0, 0x3, 0xff, 0xff,
    0xff, 0xff, 0xff, 0xff, 0xff, 0xff, 0xb0, 0x0,
    0x0, 0xb, 0xff, 0xff, 0xff, 0xff, 0xff, 0xff,
    0xff, 0xff, 0xb0, 0x0, 0x0, 0x4f, 0xf3, 0x0,
    0x0, 0x4f, 0xd0, 0x0, 0x0, 0x0, 0x0, 0x0,
    0x0, 0xdf, 0xa0, 0x0, 0x0, 0x4f, 0xd0, 0x0,
    0x0, 0x0, 0x0, 0x0, 0x8, 0xff, 0x10, 0x0,
    0x0, 0x4f, 0xd0, 0x0, 0x0, 0x0, 0x0, 0x0,
    0x0, 0x55, 0x0, 0x0, 0x0, 0x6f, 0xc0, 0x0,
    0x0, 0x0, 0x0, 0x0, 0x3, 0x44, 0x44, 0x44,
    0x44, 0x9f, 0xc4, 0x44, 0x44, 0x44, 0x44, 0x20,
    0xe, 0xff, 0xff, 0xff, 0xff, 0xff, 0xff, 0xff,
    0xff, 0xff, 0xff, 0x90, 0xb, 0xcc, 0xcc, 0xcc,
    0xcd, 0xff, 0xff, 0xcc, 0xcc, 0xcc, 0xcc, 0x70,
    0x0, 0x0, 0x0, 0x0, 0x5, 0xff, 0xff, 0x0,
    0x0, 0x0, 0x0, 0x0, 0x0, 0x0, 0x0, 0x0,
    0xd, 0xfa, 0xaf, 0x80, 0x0, 0x0, 0x0, 0x0,
    0x0, 0x0, 0x0, 0x0, 0x8f, 0xf2, 0x2f, 0xf3,
    0x0, 0x0, 0x0, 0x0, 0x0, 0x0, 0x0, 0x6,
    0xff, 0x80, 0x8, 0xfe, 0x20, 0x0, 0x0, 0x0,
    0x0, 0x0, 0x0, 0x7f, 0xfb, 0x0, 0x0, 0xcf,
    0xe3, 0x0, 0x0, 0x0, 0x0, 0x0, 0x3c, 0xff,
    0xb0, 0x0, 0x0, 0x1c, 0xff, 0x80, 0x0, 0x0,
    0x0, 0x3a, 0xff, 0xf8, 0x0, 0x0, 0x0, 0x0,
    0xbf, 0xfe, 0x82, 0x0, 0xc, 0xff, 0xfc, 0x30,
    0x0, 0x0, 0x0, 0x0, 0x6, 0xef, 0xff, 0xc0,
    0x5, 0xfa, 0x30, 0x0, 0x0, 0x0, 0x0, 0x0,
    0x0, 0x6, 0xcf, 0x40, 0x0, 0x0, 0x0, 0x0,
    0x0, 0x0, 0x0, 0x0, 0x0, 0x0, 0x1, 0x0,

    /* U+59CB "始" */
    0x0, 0x0, 0x0, 0x0, 0x0, 0x0, 0x0, 0x0,
    0x0, 0x0, 0x0, 0x0, 0x0, 0x0, 0xdc, 0x0,
    0x0, 0x0, 0x0, 0x4d, 0x80, 0x0, 0x0, 0x0,
    0x0, 0x1, 0xfd, 0x0, 0x0, 0x0, 0x0, 0xbf,
    0x90, 0x0, 0x0, 0x0, 0x0, 0x3, 0xfa, 0x0,
    0x0, 0x0, 0x3, 0xff, 0x20, 0x0, 0x0, 0x0,
    0x0, 0x6, 0xf8, 0x0, 0x0, 0x0, 0xb, 0xf9,
    0x0, 0x14, 0x0, 0x0, 0x1, 0x19, 0xf6, 0x12,
    0x10, 0x0, 0x3f, 0xf1, 0x0, 0xef, 0x30, 0x0,
    0xf, 0xff, 0xff, 0xff, 0xf4, 0x0, 0xcf, 0x60,
    0x0, 0x4f, 0xd0, 0x0, 0xc, 0xcf, 0xfc, 0xce,
    0xf3, 0x6, 0xfd, 0x0, 0x0, 0xa, 0xf8, 0x0,
    0x0, 0x2f, 0xb0, 0xb, 0xf2, 0x2f, 0xf5, 0x34,
    0x56, 0x79, 0xff, 0x20, 0x0, 0x5f, 0x80, 0xd,
    0xf2, 0xdf, 0xff, 0xff, 0xff, 0xff, 0xff, 0xb0,
    0x0, 0x9f, 0x40, 0xf, 0xe0, 0xff, 0xfd, 0xca,
    0x98, 0x75, 0x4e, 0xf3, 0x0, 0xdf, 0x0, 0x2f,
    0xb0, 0x31, 0x0, 0x0, 0x0, 0x0, 0x6, 0x80,
    0x1, 0xfc, 0x0, 0x6f, 0x80, 0x0, 0x0, 0x0,
    0x0, 0x0, 0x0, 0x0, 0x6, 0xfd, 0x20, 0xaf,
    0x50, 0xd, 0xee, 0xee, 0xee, 0xee, 0xec, 0x0,
    0x1, 0xbf, 0xf5, 0xff, 0x0, 0xf, 0xff, 0xff,
    0xff, 0xff, 0xfd, 0x0, 0x0, 0x7, 0xff, 0xfb,
    0x0, 0xf, 0xe0, 0x0, 0x0, 0x1, 0xfd, 0x0,
    0x0, 0x0, 0x5f, 0xfa, 0x0, 0xf, 0xe0, 0x0,
    0x0, 0x1, 0xfd, 0x0, 0x0, 0x0, 0x5f, 0xff,
    0x90, 0xf, 0xe0, 0x0, 0x0, 0x1, 0xfd, 0x0,
    0x0, 0x1, 0xef, 0x9f, 0xf8, 0xf, 0xe0, 0x0,
    0x0, 0x1, 0xfd, 0x0, 0x0, 0xc, 0xfc, 0x4,
    0xf6, 0xf, 0xe0, 0x0, 0x0, 0x1, 0xfd, 0x0,
    0x1, 0xcf, 0xe1, 0x0, 0x40, 0xf, 0xfe, 0xee,
    0xee, 0xee, 0xfd, 0x0, 0xc, 0xfe, 0x20, 0x0,
    0x0, 0xf, 0xff, 0xff, 0xff, 0xff, 0xfd, 0x0,
    0x3, 0xb1, 0x0, 0x0, 0x0, 0xf, 0xe0, 0x0,
    0x0, 0x1, 0xfd, 0x0, 0x0, 0x0, 0x0, 0x0,
    0x0, 0x0, 0x0, 0x0, 0x0, 0x0, 0x0, 0x0,

    /* U+5B58 "存" */
    0x0, 0x0, 0x0, 0x0, 0x1, 0x0, 0x0, 0x0,
    0x0, 0x0, 0x0, 0x0, 0x0, 0x0, 0x0, 0x0,
    0xfe, 0x20, 0x0, 0x0, 0x0, 0x0, 0x0, 0x0,
    0x0, 0x0, 0x0, 0x4f, 0xe0, 0x0, 0x0, 0x0,
    0x0, 0x0, 0x0, 0x0, 0x0, 0x0, 0xa, 0xf9,
    0x0, 0x0, 0x0, 0x0, 0x0, 0x0, 0x5, 0xff,
    0xff, 0xff, 0xff, 0xff, 0xff, 0xff, 0xff, 0xff,
    0xff, 0xc0, 0x4e, 0xee, 0xee, 0xff, 0xfe, 0xee,
    0xee, 0xee, 0xee, 0xee, 0xeb, 0x0, 0x0, 0x0,
    0xd, 0xf5, 0x0, 0x0, 0x0, 0x0, 0x0, 0x0,
    0x0, 0x0, 0x0, 0x6, 0xfd, 0x0, 0x0, 0x0,
    0x0, 0x0, 0x0, 0x0, 0x0, 0x0, 0x0, 0xef,
    0x50, 0xbc, 0xcc, 0xcc, 0xcc, 0xcd, 0xc2, 0x0,
    0x0, 0x0, 0x9f, 0xc0, 0xe, 0xff, 0xff, 0xff,
    0xff, 0xff, 0x60, 0x0, 0x0, 0x5f, 0xf3, 0x0,
    0x0, 0x0, 0x0, 0x5, 0xff, 0x60, 0x0, 0x0,
    0x2f, 0xf9, 0x0, 0x0, 0x0, 0x0, 0x6, 0xff,
    0x50, 0x0, 0x0, 0x2e, 0xff, 0x80, 0x0, 0x0,
    0x0, 0x1a, 0xfe, 0x30, 0x0, 0x0, 0x3e, 0xff,
    0xf8, 0x0, 0x0, 0x0, 0x4, 0xfe, 0x10, 0x0,
    0x0, 0xe, 0xfd, 0x8f, 0x80, 0x33, 0x33, 0x33,
    0x6f, 0xe3, 0x33, 0x33, 0x30, 0x6b, 0x17, 0xf8,
    0xe, 0xff, 0xff, 0xff, 0xff, 0xff, 0xff, 0xff,
    0x0, 0x0, 0x7f, 0x80, 0x9b, 0xbb, 0xbb, 0xcf,
    0xfb, 0xbb, 0xbb, 0xa0, 0x0, 0x7, 0xf8, 0x0,
    0x0, 0x0, 0x4, 0xfd, 0x0, 0x0, 0x0, 0x0,
    0x0, 0x7f, 0x80, 0x0, 0x0, 0x0, 0x4f, 0xd0,
    0x0, 0x0, 0x0, 0x0, 0x7, 0xf8, 0x0, 0x0,
    0x0, 0x4, 0xfd, 0x0, 0x0, 0x0, 0x0, 0x0,
    0x7f, 0x80, 0x0, 0x0, 0x0, 0x4f, 0xd0, 0x0,
    0x0, 0x0, 0x0, 0x7, 0xf8, 0x0, 0x0, 0xdd,
    0xde, 0xfc, 0x0, 0x0, 0x0, 0x0, 0x0, 0x7f,
    0x80, 0x0, 0xb, 0xff, 0xfc, 0x30, 0x0, 0x0,
    0x0, 0x0, 0x0, 0x0, 0x0, 0x0, 0x0, 0x0,
    0x0, 0x0, 0x0, 0x0,

    /* U+5B8C "完" */
    0x0, 0x0, 0x0, 0x0, 0x4, 0x80, 0x0, 0x0,
    0x0, 0x0, 0x0, 0x0, 0x0, 0x0, 0x0, 0x0,
    0xef, 0x80, 0x0, 0x0, 0x0, 0x0, 0x0, 0x0,
    0x0, 0x0, 0x0, 0x6, 0xff, 0x0, 0x0, 0x0,
    0x0, 0x0, 0x1, 0xbb, 0xbb, 0xbb, 0xbb, 0xcf,
    0xfc, 0xbb, 0xbb, 0xbb, 0xbb, 0x0, 0x1f, 0xff,
    0xff, 0xff, 0xff, 0xff, 0xff, 0xff, 0xff, 0xff,
    0xf0, 0x1, 0xff, 0x33, 0x33, 0x33, 0x33, 0x33,
    0x33, 0x33, 0x34, 0xff, 0x0, 0x1f, 0xf0, 0x0,
    0x0, 0x0, 0x0, 0x0, 0x0, 0x0, 0x1f, 0xf0,
    0x1, 0xff, 0x0, 0x0, 0x0, 0x0, 0x0, 0x0,
    0x0, 0x1, 0xff, 0x0, 0x1b, 0xb0, 0xbf, 0xff,
    0xff, 0xff, 0xff, 0xff, 0xf3, 0xb, 0xb0, 0x0,
    0x0, 0x9, 0xdd, 0xdd, 0xdd, 0xdd, 0xdd, 0xdd,
    0x20, 0x0, 0x0, 0x0, 0x0, 0x0, 0x0, 0x0,
    0x0, 0x0, 0x0, 0x0, 0x0, 0x0, 0x0, 0x0,
    0x0, 0x0, 0x0, 0x0, 0x0, 0x0, 0x0, 0x0,
    0x0, 0x0, 0xae, 0xee, 0xee, 0xee, 0xee, 0xee,
    0xee, 0xee, 0xee, 0xee, 0xe9, 0xb, 0xff, 0xff,
    0xff, 0xff, 0xff, 0xff, 0xff, 0xff, 0xff, 0xff,
    0xa0, 0x0, 0x0, 0x0, 0x9f, 0x80, 0x0, 0x7f,
    0x90, 0x0, 0x0, 0x0, 0x0, 0x0, 0x0, 0xb,
    0xf6, 0x0, 0x7, 0xf9, 0x0, 0x0, 0x0, 0x0,
    0x0, 0x0, 0x0, 0xdf, 0x40, 0x0, 0x7f, 0x90,
    0x0, 0x0, 0x0, 0x0, 0x0, 0x0, 0x1f, 0xf0,
    0x0, 0x7, 0xf9, 0x0, 0x0, 0x0, 0x0, 0x0,
    0x0, 0x8, 0xfb, 0x0, 0x0, 0x7f, 0x90, 0x0,
    0x0, 0xd9, 0x0, 0x0, 0x4, 0xff, 0x40, 0x0,
    0x7, 0xf9, 0x0, 0x0, 0xe, 0xf0, 0x0, 0x18,
    0xff, 0x90, 0x0, 0x0, 0x7f, 0xa0, 0x0, 0x1,
    0xfc, 0x6, 0xbf, 0xff, 0x90, 0x0, 0x0, 0x5,
    0xff, 0xee, 0xee, 0xff, 0x80, 0x6f, 0xfa, 0x30,
    0x0, 0x0, 0x0, 0x9, 0xef, 0xff, 0xff, 0xb1,
    0x0, 0x40, 0x0, 0x0, 0x0, 0x0, 0x0, 0x0,
    0x0, 0x0, 0x0, 0x0,

    /* U+5B9A "定" */
    0x0, 0x0, 0x0, 0x0, 0x0, 0x27, 0x30, 0x0,
    0x0, 0x0, 0x0, 0x0, 0x0, 0x0, 0x0, 0x0,
    0x0, 0x9f, 0xc0, 0x0, 0x0, 0x0, 0x0, 0x0,
    0x0, 0x0, 0x0, 0x0, 0x0, 0x2f, 0xf3, 0x0,
    0x0, 0x0, 0x0, 0x0, 0x0, 0xcc, 0xcc, 0xcc,
    0xcc, 0xcf, 0xfe, 0xcc, 0xcc, 0xcc, 0xcc, 0x10,
    0x1, 0xff, 0xff, 0xff, 0xff, 0xff, 0xff, 0xff,
    0xff, 0xff, 0xff, 0x10, 0x1, 0xfe, 0x33, 0x33,
    0x33, 0x33, 0x33, 0x33, 0x33, 0x33, 0xff, 0x10,
    0x1, 0xfe, 0x0, 0x0, 0x0, 0x0, 0x0, 0x0,
    0x0, 0x0, 0xff, 0x10, 0x1, 0xfe, 0x0, 0x0,
    0x0, 0x0, 0x0, 0x0, 0x0, 0x0, 0xff, 0x10,
    0x0, 0xa9, 0xc, 0xee, 0xee, 0xee, 0xee, 0xee,
    0xee, 0xe0, 0xaa, 0x10, 0x0, 0x0, 0xd, 0xff,
    0xff, 0xff, 0xff, 0xff, 0xff, 0xf0, 0x0, 0x0,
    0x0, 0x0, 0x0, 0x0, 0x0, 0x2f, 0xf1, 0x0,
    0x0, 0x0, 0x0, 0x0, 0x0, 0x0, 0x0, 0x0,
    0x0, 0x1f, 0xf0, 0x0, 0x0, 0x0, 0x0, 0x0,
    0x0, 0x0, 0xd, 0xf3, 0x0, 0x1f, 0xf0, 0x0,
    0x0, 0x0, 0x0, 0x0, 0x0, 0x0, 0xf, 0xf2,
    0x0, 0x1f, 0xf1, 0x0, 0x0, 0x0, 0x0, 0x0,
    0x0, 0x0, 0x2f, 0xe0, 0x0, 0x1f, 0xff, 0xff,
    0xff, 0xff, 0x10, 0x0, 0x0, 0x0, 0x6f, 0xd0,
    0x0, 0x1f, 0xfe, 0xee, 0xee, 0xee, 0x0, 0x0,
    0x0, 0x0, 0xaf, 0xf3, 0x0, 0x1f, 0xf0, 0x0,
    0x0, 0x0, 0x0, 0x0, 0x0, 0x0, 0xff, 0xfc,
    0x0, 0x1f, 0xf0, 0x0, 0x0, 0x0, 0x0, 0x0,
    0x0, 0x6, 0xfc, 0xbf, 0x90, 0x1f, 0xf0, 0x0,
    0x0, 0x0, 0x0, 0x0, 0x0, 0xe, 0xf5, 0x1e,
    0xfb, 0x3f, 0xf0, 0x0, 0x0, 0x0, 0x0, 0x0,
    0x0, 0xaf, 0xc0, 0x3, 0xef, 0xff, 0xf4, 0x20,
    0x0, 0x0, 0x0, 0x0, 0x8, 0xff, 0x30, 0x0,
    0x1a, 0xff, 0xff, 0xff, 0xff, 0xff, 0xff, 0xd0,
    0x9, 0xf6, 0x0, 0x0, 0x0, 0x27, 0xad, 0xef,
    0xff, 0xff, 0xff, 0x70, 0x0, 0x30, 0x0, 0x0,
    0x0, 0x0, 0x0, 0x0, 0x0, 0x0, 0x0, 0x0,

    /* U+5BF9 "对" */
    0x0, 0x0, 0x0, 0x0, 0x0, 0x0, 0x0, 0x0,
    0x6, 0x60, 0x0, 0x0, 0x0, 0x0, 0x0, 0x0,
    0x0, 0x0, 0x0, 0xe, 0xf1, 0x0, 0x0, 0x0,
    0x0, 0x0, 0x0, 0x0, 0x0, 0x0, 0xe, 0xf1,
    0x0, 0x14, 0x44, 0x44, 0x44, 0x52, 0x0, 0x0,
    0x0, 0xe, 0xf1, 0x0, 0x5f, 0xff, 0xff, 0xff,
    0xff, 0x0, 0x0, 0x0, 0xe, 0xf1, 0x0, 0x3a,
    0xaa, 0xaa, 0xab, 0xfd, 0x0, 0x0, 0x0, 0xe,
    0xf1, 0x0, 0x0, 0x0, 0x0, 0x3, 0xfa, 0x6b,
    0xbb, 0xbb, 0xbf, 0xfc, 0xba, 0x0, 0x0, 0x0,
    0x6, 0xf8, 0x9f, 0xff, 0xff, 0xff, 0xff, 0xfe,
    0x0, 0x10, 0x0, 0x9, 0xf5, 0x23, 0x33, 0x33,
    0x3f, 0xf4, 0x33, 0x6, 0xf5, 0x0, 0xd, 0xf1,
    0x0, 0x0, 0x0, 0xe, 0xf1, 0x0, 0x6, 0xff,
    0x60, 0x2f, 0xe0, 0x0, 0x20, 0x0, 0xe, 0xf1,
    0x0, 0x0, 0x6f, 0xf6, 0x6f, 0x90, 0xd, 0xe1,
    0x0, 0xe, 0xf1, 0x0, 0x0, 0x6, 0xff, 0xef,
    0x40, 0x9, 0xf8, 0x0, 0xe, 0xf1, 0x0, 0x0,
    0x0, 0x7f, 0xff, 0x0, 0x1, 0xff, 0x10, 0xe,
    0xf1, 0x0, 0x0, 0x0, 0xc, 0xff, 0x20, 0x0,
    0x8f, 0x80, 0xe, 0xf1, 0x0, 0x0, 0x0, 0x1f,
    0xff, 0xd0, 0x0, 0x2f, 0xe0, 0xe, 0xf1, 0x0,
    0x0, 0x0, 0xaf, 0xbe, 0xfa, 0x0, 0xa, 0x50,
    0xe, 0xf1, 0x0, 0x0, 0x4, 0xff, 0x24, 0xff,
    0x50, 0x0, 0x0, 0xe, 0xf1, 0x0, 0x0, 0x1e,
    0xf8, 0x0, 0x8f, 0x90, 0x0, 0x0, 0xe, 0xf1,
    0x0, 0x1, 0xdf, 0xc0, 0x0, 0x9, 0x0, 0x0,
    0x0, 0xe, 0xf1, 0x0, 0x2d, 0xfe, 0x20, 0x0,
    0x0, 0x0, 0x1, 0x11, 0x2f, 0xf1, 0x0, 0xaf,
    0xe3, 0x0, 0x0, 0x0, 0x0, 0x7, 0xff, 0xff,
    0xe0, 0x0, 0xb, 0x20, 0x0, 0x0, 0x0, 0x0,
    0x2, 0xff, 0xec, 0x40, 0x0,

    /* U+5C0F "小" */
    0x0, 0x0, 0x0, 0x0, 0x0, 0xc, 0xc2, 0x0,
    0x0, 0x0, 0x0, 0x0, 0x0, 0x0, 0x0, 0x0,
    0x0, 0xf, 0xf3, 0x0, 0x0, 0x0, 0x0, 0x0,
    0x0, 0x0, 0x0, 0x0, 0x0, 0xf, 0xf3, 0x0,
    0x0, 0x0, 0x0, 0x0, 0x0, 0x0, 0x0, 0x0,
    0x0, 0xf, 0xf3, 0x0, 0x0, 0x0, 0x0, 0x0,
    0x0, 0x0, 0x0, 0x0, 0x0, 0xf, 0xf3, 0x0,
    0x0, 0x0, 0x0, 0x0, 0x0, 0x0, 0x0, 0x0,
    0x0, 0xf, 0xf3, 0x0, 0x0, 0x30, 0x0, 0x0,
    0x0, 0x0, 0x6f, 0xc0, 0x0, 0xf, 0xf3, 0x0,
    0xd, 0xf3, 0x0, 0x0, 0x0, 0x0, 0xaf, 0xa0,
    0x0, 0xf, 0xf3, 0x0, 0x9, 0xfd, 0x0, 0x0,
    0x0, 0x0, 0xef, 0x60, 0x0, 0xf, 0xf3, 0x0,
    0x1, 0xff, 0x50, 0x0, 0x0, 0x3, 0xff, 0x10,
    0x0, 0xf, 0xf3, 0x0, 0x0, 0x9f, 0xd0, 0x0,
    0x0, 0x8, 0xfc, 0x0, 0x0, 0xf, 0xf3, 0x0,
    0x0, 0x1f, 0xf5, 0x0, 0x0, 0xe, 0xf7, 0x0,
    0x0, 0xf, 0xf3, 0x0, 0x0, 0xa, 0xfc, 0x0,
    0x0, 0x5f, 0xf1, 0x0, 0x0, 0xf, 0xf3, 0x0,
    0x0, 0x3, 0xff, 0x30, 0x0, 0xcf, 0xa0, 0x0,
    0x0, 0xf, 0xf3, 0x0, 0x0, 0x0, 0xdf, 0x90,
    0x6, 0xff, 0x20, 0x0, 0x0, 0xf, 0xf3, 0x0,
    0x0, 0x0, 0x7f, 0xe0, 0x1e, 0xf9, 0x0, 0x0,
    0x0, 0xf, 0xf3, 0x0, 0x0, 0x0, 0x2f, 0xf4,
    0x2, 0x90, 0x0, 0x0, 0x0, 0xf, 0xf3, 0x0,
    0x0, 0x0, 0xe, 0xb3, 0x0, 0x0, 0x0, 0x0,
    0x0, 0xf, 0xf3, 0x0, 0x0, 0x0, 0x1, 0x0,
    0x0, 0x0, 0x0, 0x0, 0x0, 0xf, 0xf3, 0x0,
    0x0, 0x0, 0x0, 0x0, 0x0, 0x0, 0x0, 0x0,
    0x0, 0x1f, 0xf3, 0x0, 0x0, 0x0, 0x0, 0x0,
    0x0, 0x0, 0x0, 0x6f, 0xff, 0xff, 0xf1, 0x0,
    0x0, 0x0, 0x0, 0x0, 0x0, 0x0, 0x0, 0xf,
    0xff, 0xfc, 0x50, 0x0, 0x0, 0x0, 0x0, 0x0,
    0x0, 0x0, 0x0, 0x1, 0x10, 0x0, 0x0, 0x0,
    0x0, 0x0, 0x0, 0x0,

    /* U+5C1A "尚" */
    0x0, 0x10, 0x0, 0x0, 0x1f, 0xf0, 0x0, 0x0,
    0x4, 0x0, 0xb, 0xf5, 0x0, 0x0, 0x1f, 0xf0,
    0x0, 0x0, 0x4f, 0xc0, 0x5, 0xff, 0x30, 0x0,
    0x1f, 0xf0, 0x0, 0x0, 0xcf, 0x50, 0x0, 0xaf,
    0xd0, 0x0, 0x1f, 0xf0, 0x0, 0x5, 0xfb, 0x0,
    0x0, 0x1e, 0xf8, 0x0, 0x1f, 0xf0, 0x0, 0xe,
    0xf2, 0x0, 0x0, 0x6, 0xfb, 0x0, 0x1f, 0xf0,
    0x0, 0x7f, 0x60, 0x0, 0x0, 0x0, 0x20, 0x0,
    0x1f, 0xf0, 0x0, 0x3, 0x0, 0x0, 0x1f, 0xff,
    0xff, 0xff, 0xff, 0xff, 0xff, 0xff, 0xff, 0xf1,
    0x1f, 0xfe, 0xee, 0xee, 0xee, 0xee, 0xee, 0xee,
    0xef, 0xf1, 0x1f, 0xe0, 0x0, 0x0, 0x0, 0x0,
    0x0, 0x0, 0xe, 0xf1, 0x1f, 0xe0, 0x0, 0x1,
    0x0, 0x0, 0x0, 0x0, 0xe, 0xf1, 0x1f, 0xe0,
    0x2, 0xff, 0xff, 0xff, 0xff, 0xb0, 0xe, 0xf1,
    0x1f, 0xe0, 0x2, 0xfe, 0xbb, 0xbb, 0xcf, 0xb0,
    0xe, 0xf1, 0x1f, 0xe0, 0x2, 0xfb, 0x0, 0x0,
    0x3f, 0xb0, 0xe, 0xf1, 0x1f, 0xe0, 0x2, 0xfb,
    0x0, 0x0, 0x3f, 0xb0, 0xe, 0xf1, 0x1f, 0xe0,
    0x2, 0xfb, 0x0, 0x0, 0x3f, 0xb0, 0xe, 0xf1,
    0x1f, 0xe0, 0x2, 0xff, 0xcc, 0xcc, 0xcf, 0xb0,
    0xe, 0xf1, 0x1f, 0xe0, 0x2, 0xff, 0xff, 0xff,
    0xff, 0xa0, 0xe, 0xf1, 0x1f, 0xe0, 0x2, 0xfb,
    0x0, 0x0, 0x0, 0x0, 0xe, 0xf1, 0x1f, 0xe0,
    0x1, 0x85, 0x0, 0x0, 0x0, 0x0, 0xf, 0xf0,
    0x1f, 0xe0, 0x0, 0x0, 0x0, 0x0, 0x0, 0xef,
    0xff, 0xf0, 0x1f, 0xe0, 0x0, 0x0, 0x0, 0x0,
    0x0, 0x8e, 0xec, 0x50,

    /* U+5C31 "就" */
    0x0, 0x0, 0x0, 0x20, 0x0, 0x0, 0x0, 0x0,
    0x21, 0x0, 0x0, 0x0, 0x0, 0x0, 0xb, 0xf4,
    0x0, 0x0, 0x0, 0x3, 0xfb, 0x0, 0x0, 0x0,
    0x0, 0x0, 0x6, 0xfb, 0x0, 0x0, 0x0, 0x3,
    0xfb, 0x4d, 0x30, 0x0, 0x1, 0x11, 0x12, 0xff,
    0x21, 0x11, 0x0, 0x3, 0xfb, 0x1e, 0xe1, 0x0,
    0xe, 0xff, 0xff, 0xff, 0xff, 0xff, 0x10, 0x3,
    0xfa, 0x5, 0xfa, 0x0, 0xa, 0xbb, 0xbb, 0xbb,
    0xbb, 0xbb, 0x0, 0x4, 0xfa, 0x0, 0xbe, 0x10,
    0x0, 0x0, 0x0, 0x0, 0x0, 0x0, 0x0, 0x4,
    0xf9, 0x0, 0x21, 0x0, 0x0, 0x7b, 0xbb, 0xbb,
    0xbb, 0xb1, 0x6f, 0xff, 0xff, 0xff, 0xff, 0xf0,
    0x0, 0xaf, 0xff, 0xff, 0xff, 0xf2, 0x6d, 0xde,
    0xfe, 0xdd, 0xdd, 0xd0, 0x0, 0xaf, 0x20, 0x0,
    0xc, 0xf2, 0x0, 0x7, 0xf5, 0x0, 0x0, 0x0,
    0x0, 0xaf, 0x20, 0x0, 0xc, 0xf2, 0x0, 0x9,
    0xf4, 0x0, 0x0, 0x0, 0x0, 0xaf, 0xa9, 0x99,
    0x9e, 0xf2, 0x0, 0xb, 0xfb, 0xd0, 0x0, 0x0,
    0x0, 0xaf, 0xff, 0xff, 0xff, 0xf2, 0x0, 0xe,
    0xfa, 0xf0, 0x0, 0x0, 0x0, 0x0, 0x1, 0xfc,
    0x0, 0x0, 0x0, 0x1f, 0xca, 0xf0, 0x0, 0x0,
    0x0, 0x9, 0x51, 0xfc, 0x2b, 0x40, 0x0, 0x5f,
    0x8a, 0xf0, 0x0, 0x0, 0x0, 0x2f, 0xa1, 0xfc,
    0x1f, 0xc0, 0x0, 0x9f, 0x4a, 0xf0, 0x0, 0x0,
    0x0, 0x7f, 0x51, 0xfc, 0x9, 0xf2, 0x0, 0xef,
    0xa, 0xf0, 0x0, 0x0, 0x0, 0xcf, 0x11, 0xfc,
    0x3, 0xf8, 0x5, 0xf9, 0xa, 0xf0, 0x1, 0x0,
    0x2, 0xfb, 0x1, 0xfc, 0x0, 0xea, 0xd, 0xf2,
    0xa, 0xf0, 0x6, 0xb1, 0xa, 0xf5, 0x1, 0xfc,
    0x0, 0x30, 0x6f, 0xa0, 0xa, 0xf0, 0x6, 0xf3,
    0x9, 0xd0, 0x1, 0xfc, 0x0, 0x2, 0xff, 0x10,
    0xa, 0xf0, 0x7, 0xf2, 0x0, 0x11, 0xbb, 0xfb,
    0x0, 0x2e, 0xf5, 0x0, 0x9, 0xfa, 0x9e, 0xf0,
    0x0, 0x0, 0xcf, 0xd4, 0x0, 0x3d, 0x70, 0x0,
    0x3, 0xdf, 0xfe, 0x60, 0x0, 0x0, 0x0, 0x0,
    0x0, 0x0, 0x0, 0x0, 0x0, 0x0, 0x0, 0x0,

    /* U+5C4F "屏" */
    0x0, 0x0, 0x10, 0x0, 0x0, 0x0, 0x0, 0x0,
    0x0, 0x0, 0x0, 0x0, 0x0, 0xff, 0xff, 0xff,
    0xff, 0xff, 0xff, 0xff, 0xff, 0xff, 0x30, 0x0,
    0xf, 0xfb, 0xbb, 0xbb, 0xbb, 0xbb, 0xbb, 0xbb,
    0xbf, 0xf3, 0x0, 0x0, 0xff, 0x10, 0x0, 0x0,
    0x0, 0x0, 0x0, 0x0, 0xef, 0x30, 0x0, 0xf,
    0xf2, 0x0, 0x0, 0x0, 0x0, 0x0, 0x0, 0xe,
    0xf3, 0x0, 0x0, 0xff, 0xff, 0xff, 0xff, 0xff,
    0xff, 0xff, 0xff, 0xff, 0x30, 0x0, 0xf, 0xfc,
    0xbb, 0xbb, 0xcb, 0xbb, 0xbb, 0xbd, 0xbb, 0xb2,
    0x0, 0x0, 0xff, 0x10, 0x4, 0xeb, 0x0, 0x0,
    0x0, 0xee, 0x20, 0x0, 0x0, 0xf, 0xf1, 0x0,
    0xd, 0xf6, 0x0, 0x0, 0x6f, 0xb0, 0x0, 0x0,
    0x0, 0xff, 0x14, 0x66, 0x9b, 0x66, 0x66, 0x6e,
    0xf7, 0x66, 0x50, 0x0, 0xf, 0xf1, 0xcf, 0xff,
    0xff, 0xff, 0xff, 0xff, 0xff, 0xff, 0x0, 0x0,
    0xff, 0x4, 0x55, 0x7f, 0xe5, 0x55, 0x5f, 0xf6,
    0x55, 0x40, 0x0, 0x1f, 0xf0, 0x0, 0x2, 0xfd,
    0x0, 0x0, 0xef, 0x10, 0x0, 0x0, 0x2, 0xfe,
    0x0, 0x0, 0x2f, 0xd0, 0x0, 0xe, 0xf1, 0x0,
    0x0, 0x0, 0x4f, 0xc0, 0x11, 0x14, 0xfd, 0x11,
    0x11, 0xff, 0x31, 0x11, 0x10, 0x6, 0xfa, 0x6f,
    0xff, 0xff, 0xff, 0xff, 0xff, 0xff, 0xff, 0xf9,
    0x0, 0xaf, 0x73, 0xaa, 0xae, 0xfd, 0xaa, 0xaa,
    0xff, 0xba, 0xaa, 0x60, 0xe, 0xf4, 0x0, 0x1,
    0xef, 0x40, 0x0, 0xe, 0xf1, 0x0, 0x0, 0x3,
    0xff, 0x0, 0x0, 0xbf, 0xd0, 0x0, 0x0, 0xef,
    0x10, 0x0, 0x0, 0x9f, 0xa0, 0x2, 0xcf, 0xf3,
    0x0, 0x0, 0xe, 0xf1, 0x0, 0x0, 0x2f, 0xf3,
    0x5, 0xff, 0xe4, 0x0, 0x0, 0x0, 0xef, 0x10,
    0x0, 0x0, 0x7a, 0x0, 0xb, 0xa1, 0x0, 0x0,
    0x0, 0xe, 0xf1, 0x0, 0x0, 0x0, 0x0, 0x0,
    0x0, 0x0, 0x0, 0x0, 0x0, 0x0, 0x0, 0x0,
    0x0,

    /* U+5DF2 "已" */
    0x8f, 0xff, 0xff, 0xff, 0xff, 0xff, 0xff, 0xff,
    0xff, 0x10, 0x0, 0x8f, 0xff, 0xff, 0xff, 0xff,
    0xff, 0xff, 0xff, 0xff, 0x10, 0x0, 0x1, 0x11,
    0x11, 0x11, 0x11, 0x11, 0x11, 0x11, 0xff, 0x10,
    0x0, 0x0, 0x0, 0x0, 0x0, 0x0, 0x0, 0x0,
    0x0, 0xff, 0x10, 0x0, 0x4, 0xb7, 0x0, 0x0,
    0x0, 0x0, 0x0, 0x0, 0xff, 0x10, 0x0, 0x6,
    0xfb, 0x0, 0x0, 0x0, 0x0, 0x0, 0x0, 0xff,
    0x10, 0x0, 0x6, 0xfb, 0x0, 0x0, 0x0, 0x0,
    0x0, 0x0, 0xff, 0x10, 0x0, 0x6, 0xfb, 0x0,
    0x0, 0x0, 0x0, 0x0, 0x0, 0xff, 0x10, 0x0,
    0x6, 0xff, 0xee, 0xee, 0xee, 0xee, 0xee, 0xee,
    0xff, 0x10, 0x0, 0x6, 0xff, 0xff, 0xff, 0xff,
    0xff, 0xff, 0xff, 0xff, 0x10, 0x0, 0x6, 0xfc,
    0x22, 0x22, 0x22, 0x22, 0x22, 0x22, 0xff, 0x10,
    0x0, 0x6, 0xfb, 0x0, 0x0, 0x0, 0x0, 0x0,
    0x0, 0x44, 0x0, 0x0, 0x6, 0xfb, 0x0, 0x0,
    0x0, 0x0, 0x0, 0x0, 0x0, 0x0, 0x0, 0x6,
    0xfb, 0x0, 0x0, 0x0, 0x0, 0x0, 0x0, 0x0,
    0x4, 0x0, 0x6, 0xfb, 0x0, 0x0, 0x0, 0x0,
    0x0, 0x0, 0x0, 0xf, 0xe1, 0x6, 0xfb, 0x0,
    0x0, 0x0, 0x0, 0x0, 0x0, 0x0, 0x2f, 0xf0,
    0x5, 0xfb, 0x0, 0x0, 0x0, 0x0, 0x0, 0x0,
    0x0, 0x6f, 0xd0, 0x3, 0xff, 0x40, 0x0, 0x0,
    0x0, 0x0, 0x0, 0x3, 0xef, 0x90, 0x0, 0xdf,
    0xff, 0xff, 0xff, 0xff, 0xff, 0xff, 0xff, 0xff,
    0x20, 0x0, 0x1a, 0xef, 0xff, 0xff, 0xff, 0xff,
    0xff, 0xff, 0xb3, 0x0, 0x0, 0x0, 0x0, 0x1,
    0x11, 0x11, 0x11, 0x11, 0x0, 0x0, 0x0,

    /* U+5E73 "平" */
    0x6, 0xcc, 0xcc, 0xcc, 0xcc, 0xcc, 0xcc, 0xcc,
    0xcc, 0xcc, 0x50, 0x8, 0xff, 0xff, 0xff, 0xff,
    0xff, 0xff, 0xff, 0xff, 0xff, 0x70, 0x2, 0x44,
    0x44, 0x44, 0x45, 0xff, 0x44, 0x44, 0x44, 0x44,
    0x10, 0x0, 0x2, 0x71, 0x0, 0x1, 0xff, 0x0,
    0x0, 0x19, 0x40, 0x0, 0x0, 0xa, 0xf8, 0x0,
    0x1, 0xff, 0x0, 0x0, 0x7f, 0xd0, 0x0, 0x0,
    0x3, 0xfe, 0x0, 0x1, 0xff, 0x0, 0x0, 0xdf,
    0x60, 0x0, 0x0, 0x0, 0xcf, 0x50, 0x1, 0xff,
    0x0, 0x4, 0xfe, 0x0, 0x0, 0x0, 0x0, 0x6f,
    0xb0, 0x1, 0xff, 0x0, 0xb, 0xf7, 0x0, 0x0,
    0x0, 0x0, 0x1f, 0xf0, 0x1, 0xff, 0x0, 0x3f,
    0xe0, 0x0, 0x0, 0x0, 0x0, 0x6, 0x20, 0x1,
    0xff, 0x0, 0x16, 0x40, 0x0, 0x0, 0x23, 0x33,
    0x33, 0x33, 0x34, 0xff, 0x33, 0x33, 0x33, 0x33,
    0x32, 0xcf, 0xff, 0xff, 0xff, 0xff, 0xff, 0xff,
    0xff, 0xff, 0xff, 0xfd, 0xad, 0xdd, 0xdd, 0xdd,
    0xdd, 0xff, 0xdd, 0xdd, 0xdd, 0xdd, 0xdb, 0x0,
    0x0, 0x0, 0x0, 0x1, 0xff, 0x0, 0x0, 0x0,
    0x0, 0x0, 0x0, 0x0, 0x0, 0x0, 0x1, 0xff,
    0x0, 0x0, 0x0, 0x0, 0x0, 0x0, 0x0, 0x0,
    0x0, 0x1, 0xff, 0x0, 0x0, 0x0, 0x0, 0x0,
    0x0, 0x0, 0x0, 0x0, 0x1, 0xff, 0x0, 0x0,
    0x0, 0x0, 0x0, 0x0, 0x0, 0x0, 0x0, 0x1,
    0xff, 0x0, 0x0, 0x0, 0x0, 0x0, 0x0, 0x0,
    0x0, 0x0, 0x1, 0xff, 0x0, 0x0, 0x0, 0x0,
    0x0, 0x0, 0x0, 0x0, 0x0, 0x1, 0xff, 0x0,
    0x0, 0x0, 0x0, 0x0, 0x0, 0x0, 0x0, 0x0,
    0x1, 0xff, 0x0, 0x0, 0x0, 0x0, 0x0,

    /* U+5E76 "并" */
    0x0, 0x0, 0x0, 0x0, 0x0, 0x0, 0x0, 0x0,
    0x0, 0x0, 0x0, 0x0, 0x0, 0x5c, 0x80, 0x0,
    0x0, 0x0, 0x9, 0xd7, 0x0, 0x0, 0x0, 0x0,
    0x3f, 0xf3, 0x0, 0x0, 0x0, 0xf, 0xf7, 0x0,
    0x0, 0x0, 0x0, 0x9, 0xfd, 0x0, 0x0, 0x0,
    0x6f, 0xe0, 0x0, 0x0, 0x0, 0x0, 0x1, 0xff,
    0x50, 0x0, 0x0, 0xdf, 0x70, 0x0, 0x0, 0x0,
    0x11, 0x11, 0x9b, 0x31, 0x11, 0x15, 0xfe, 0x11,
    0x11, 0x0, 0xd, 0xff, 0xff, 0xff, 0xff, 0xff,
    0xff, 0xff, 0xff, 0xff, 0xe0, 0xc, 0xee, 0xee,
    0xff, 0xee, 0xee, 0xee, 0xff, 0xee, 0xee, 0xd0,
    0x0, 0x0, 0x3, 0xfe, 0x0, 0x0, 0x0, 0xef,
    0x30, 0x0, 0x0, 0x0, 0x0, 0x3, 0xfe, 0x0,
    0x0, 0x0, 0xef, 0x30, 0x0, 0x0, 0x0, 0x0,
    0x3, 0xfe, 0x0, 0x0, 0x0, 0xef, 0x30, 0x0,
    0x0, 0x0, 0x0, 0x3, 0xfe, 0x0, 0x0, 0x0,
    0xef, 0x30, 0x0, 0x0, 0x12, 0x22, 0x25, 0xff,
    0x22, 0x22, 0x22, 0xff, 0x52, 0x22, 0x21, 0xbf,
    0xff, 0xff, 0xff, 0xff, 0xff, 0xff, 0xff, 0xff,
    0xff, 0xfa, 0x9d, 0xdd, 0xde, 0xff, 0xdd, 0xdd,
    0xdd, 0xff, 0xdd, 0xdd, 0xd8, 0x0, 0x0, 0x8,
    0xfa, 0x0, 0x0, 0x0, 0xef, 0x30, 0x0, 0x0,
    0x0, 0x0, 0xc, 0xf7, 0x0, 0x0, 0x0, 0xef,
    0x30, 0x0, 0x0, 0x0, 0x0, 0x3f, 0xf2, 0x0,
    0x0, 0x0, 0xef, 0x30, 0x0, 0x0, 0x0, 0x0,
    0xdf, 0xb0, 0x0, 0x0, 0x0, 0xef, 0x30, 0x0,
    0x0, 0x0, 0xa, 0xff, 0x30, 0x0, 0x0, 0x0,
    0xef, 0x30, 0x0, 0x0, 0x2, 0xcf, 0xf6, 0x0,
    0x0, 0x0, 0x0, 0xef, 0x30, 0x0, 0x0, 0x4f,
    0xff, 0x60, 0x0, 0x0, 0x0, 0x0, 0xef, 0x30,
    0x0, 0x0, 0xb, 0xc3, 0x0, 0x0, 0x0, 0x0,
    0x0, 0xef, 0x30, 0x0, 0x0, 0x0, 0x0, 0x0,
    0x0, 0x0, 0x0, 0x0, 0x0, 0x0, 0x0, 0x0,

    /* U+5E8F "序" */
    0x0, 0x0, 0x0, 0x0, 0x0, 0x0, 0x54, 0x0,
    0x0, 0x0, 0x0, 0x0, 0x0, 0x0, 0x0, 0x0,
    0x0, 0x5, 0xfe, 0x0, 0x0, 0x0, 0x0, 0x0,
    0x0, 0x0, 0x0, 0x0, 0x0, 0x0, 0xdf, 0x70,
    0x0, 0x0, 0x0, 0x0, 0x0, 0xc, 0xdc, 0xcc,
    0xcc, 0xcc, 0xef, 0xfc, 0xcc, 0xcc, 0xcc, 0xc0,
    0x0, 0xf, 0xff, 0xff, 0xff, 0xff, 0xff, 0xff,
    0xff, 0xff, 0xff, 0xf1, 0x0, 0xf, 0xf1, 0x11,
    0x11, 0x11, 0x11, 0x11, 0x11, 0x11, 0x11, 0x10,
    0x0, 0xf, 0xf0, 0x0, 0x0, 0x0, 0x0, 0x0,
    0x0, 0x11, 0x0, 0x0, 0x0, 0xf, 0xf0, 0x1f,
    0xff, 0xff, 0xff, 0xff, 0xff, 0xff, 0x70, 0x0,
    0x0, 0xf, 0xf0, 0x9, 0x99, 0x99, 0x99, 0x99,
    0xaf, 0xff, 0x60, 0x0, 0x0, 0xf, 0xf0, 0x0,
    0x0, 0x40, 0x0, 0x1, 0xcf, 0xf4, 0x0, 0x0,
    0x0, 0xf, 0xf0, 0x0, 0xa, 0xfd, 0x60, 0x4e,
    0xfc, 0x20, 0x0, 0x0, 0x0, 0xf, 0xf0, 0x0,
    0x0, 0x7e, 0xff, 0xff, 0x70, 0x0, 0x0, 0x0,
    0x0, 0xf, 0xe0, 0x0, 0x0, 0x0, 0x7e, 0xfe,
    0x50, 0x0, 0x0, 0x0, 0x0, 0x1f, 0xd2, 0xdd,
    0xdd, 0xdd, 0xde, 0xff, 0xfd, 0xdd, 0xde, 0x80,
    0x0, 0x2f, 0xc2, 0xee, 0xee, 0xee, 0xef, 0xfe,
    0xee, 0xee, 0xff, 0x60, 0x0, 0x4f, 0xb0, 0x0,
    0x0, 0x0, 0xe, 0xf2, 0x0, 0x7, 0xfa, 0x0,
    0x0, 0x6f, 0x90, 0x0, 0x0, 0x0, 0xe, 0xf2,
    0x0, 0x5f, 0xd0, 0x0, 0x0, 0x9f, 0x60, 0x0,
    0x0, 0x0, 0xe, 0xf2, 0x2, 0xfe, 0x20, 0x0,
    0x0, 0xdf, 0x30, 0x0, 0x0, 0x0, 0xe, 0xf2,
    0x0, 0x22, 0x0, 0x0, 0x1, 0xff, 0x0, 0x0,
    0x0, 0x0, 0xe, 0xf2, 0x0, 0x0, 0x0, 0x0,
    0x7, 0xfa, 0x0, 0x0, 0x0, 0x0, 0xe, 0xf2,
    0x0, 0x0, 0x0, 0x0, 0xe, 0xf5, 0x0, 0x0,
    0x3d, 0xdd, 0xdf, 0xf0, 0x0, 0x0, 0x0, 0x0,
    0x5, 0xc0, 0x0, 0x0, 0xe, 0xff, 0xfd, 0x60,
    0x0, 0x0, 0x0, 0x0, 0x0, 0x0, 0x0, 0x0,
    0x0, 0x0, 0x0, 0x0, 0x0, 0x0, 0x0, 0x0,

    /* U+5E94 "应" */
    0x0, 0x0, 0x0, 0x0, 0x0, 0x0, 0x11, 0x0,
    0x0, 0x0, 0x0, 0x0, 0x0, 0x0, 0x0, 0x0,
    0x0, 0x7, 0xfa, 0x0, 0x0, 0x0, 0x0, 0x0,
    0x0, 0x0, 0x0, 0x0, 0x0, 0x2, 0xff, 0x20,
    0x0, 0x0, 0x0, 0x0, 0x0, 0x0, 0x10, 0x0,
    0x0, 0x0, 0xbf, 0x90, 0x0, 0x0, 0x0, 0x0,
    0x0, 0x1f, 0xff, 0xff, 0xff, 0xff, 0xff, 0xff,
    0xff, 0xff, 0xff, 0xc0, 0x0, 0x1f, 0xfe, 0xee,
    0xee, 0xee, 0xee, 0xee, 0xee, 0xee, 0xee, 0xa0,
    0x0, 0x1f, 0xf0, 0x0, 0x0, 0x0, 0x0, 0x0,
    0x0, 0x0, 0x0, 0x0, 0x0, 0x1f, 0xf0, 0x0,
    0x0, 0x0, 0x43, 0x0, 0x0, 0x4, 0x50, 0x0,
    0x0, 0x1f, 0xf0, 0x1, 0x10, 0x5, 0xfb, 0x0,
    0x0, 0xa, 0xfa, 0x0, 0x0, 0x1f, 0xf0, 0x6f,
    0x80, 0x0, 0xff, 0x0, 0x0, 0xe, 0xf5, 0x0,
    0x0, 0x1f, 0xf0, 0x2f, 0xe0, 0x0, 0xcf, 0x40,
    0x0, 0x3f, 0xf0, 0x0, 0x0, 0x1f, 0xf0, 0xc,
    0xf4, 0x0, 0x8f, 0x80, 0x0, 0x8f, 0xa0, 0x0,
    0x0, 0x1f, 0xf0, 0x7, 0xfa, 0x0, 0x4f, 0xc0,
    0x0, 0xdf, 0x40, 0x0, 0x0, 0x2f, 0xe0, 0x1,
    0xff, 0x0, 0xf, 0xf0, 0x3, 0xfd, 0x0, 0x0,
    0x0, 0x3f, 0xd0, 0x0, 0xcf, 0x40, 0xc, 0xf4,
    0xa, 0xf7, 0x0, 0x0, 0x0, 0x4f, 0xc0, 0x0,
    0x8f, 0x90, 0x9, 0xe4, 0x1f, 0xf0, 0x0, 0x0,
    0x0, 0x6f, 0xa0, 0x0, 0x4f, 0xc0, 0x0, 0x0,
    0x8f, 0x80, 0x0, 0x0, 0x0, 0x9f, 0x70, 0x0,
    0x5, 0x0, 0x0, 0x1, 0xff, 0x10, 0x0, 0x0,
    0x0, 0xcf, 0x40, 0x0, 0x0, 0x0, 0x0, 0x8,
    0xf8, 0x0, 0x0, 0x0, 0x0, 0xff, 0x10, 0x0,
    0x0, 0x0, 0x0, 0x3f, 0xe1, 0x0, 0x0, 0x0,
    0x6, 0xfd, 0xd, 0xff, 0xff, 0xff, 0xff, 0xff,
    0xff, 0xff, 0xff, 0xf1, 0xc, 0xf7, 0xc, 0xee,
    0xee, 0xee, 0xee, 0xee, 0xee, 0xee, 0xee, 0xe1,
    0x5, 0xd1, 0x0, 0x0, 0x0, 0x0, 0x0, 0x0,
    0x0, 0x0, 0x0, 0x0, 0x0, 0x0, 0x0, 0x0,
    0x0, 0x0, 0x0, 0x0, 0x0, 0x0, 0x0, 0x0,

    /* U+5EA6 "度" */
    0x0, 0x0, 0x0, 0x0, 0x0, 0x0, 0x22, 0x0,
    0x0, 0x0, 0x0, 0x0, 0x0, 0x0, 0x0, 0x0,
    0x0, 0x8, 0xfc, 0x0, 0x0, 0x0, 0x0, 0x0,
    0x0, 0x0, 0x0, 0x0, 0x0, 0x1, 0xff, 0x40,
    0x0, 0x0, 0x0, 0x0, 0x0, 0xe, 0xfe, 0xee,
    0xee, 0xee, 0xff, 0xfe, 0xee, 0xee, 0xee, 0xb0,
    0x0, 0xf, 0xff, 0xff, 0xff, 0xff, 0xff, 0xff,
    0xff, 0xff, 0xff, 0xd0, 0x0, 0xf, 0xf0, 0x0,
    0x8, 0x91, 0x0, 0x0, 0x19, 0x80, 0x0, 0x0,
    0x0, 0xf, 0xf0, 0x0, 0xd, 0xf1, 0x0, 0x0,
    0x1f, 0xe0, 0x0, 0x0, 0x0, 0xf, 0xf5, 0x99,
    0x9f, 0xfa, 0x99, 0x99, 0xaf, 0xf9, 0x99, 0x60,
    0x0, 0xf, 0xf9, 0xff, 0xff, 0xff, 0xff, 0xff,
    0xff, 0xff, 0xff, 0xb0, 0x0, 0xf, 0xf0, 0x0,
    0xd, 0xf2, 0x0, 0x0, 0x2f, 0xe0, 0x0, 0x0,
    0x0, 0xf, 0xf0, 0x0, 0xd, 0xf1, 0x0, 0x0,
    0x1f, 0xe0, 0x0, 0x0, 0x0, 0x1f, 0xf0, 0x0,
    0xd, 0xf9, 0x99, 0x99, 0x9f, 0xe0, 0x0, 0x0,
    0x0, 0x1f, 0xe0, 0x0, 0xd, 0xff, 0xff, 0xff,
    0xff, 0xe0, 0x0, 0x0, 0x0, 0x2f, 0xd0, 0x0,
    0x0, 0x0, 0x0, 0x0, 0x0, 0x0, 0x0, 0x0,
    0x0, 0x3f, 0xc1, 0x99, 0x99, 0x99, 0x99, 0x99,
    0x99, 0x9b, 0x50, 0x0, 0x0, 0x5f, 0xa2, 0xff,
    0xff, 0xff, 0xff, 0xff, 0xff, 0xff, 0xd0, 0x0,
    0x0, 0x8f, 0x80, 0x0, 0xcf, 0x70, 0x0, 0x0,
    0x6, 0xff, 0x30, 0x0, 0x0, 0xaf, 0x50, 0x0,
    0x3e, 0xf8, 0x0, 0x0, 0x8f, 0xf4, 0x0, 0x0,
    0x0, 0xef, 0x20, 0x0, 0x2, 0xdf, 0xd6, 0x6e,
    0xfd, 0x30, 0x0, 0x0, 0x2, 0xfe, 0x0, 0x0,
    0x0, 0x1c, 0xff, 0xff, 0xb0, 0x0, 0x0, 0x0,
    0x8, 0xf9, 0x3, 0x47, 0x9c, 0xff, 0xfd, 0xff,
    0xfe, 0xb7, 0x53, 0x10, 0xe, 0xf4, 0xf, 0xff,
    0xff, 0xb7, 0x30, 0x5, 0xae, 0xff, 0xff, 0xc0,
    0x2, 0x80, 0x6, 0x75, 0x20, 0x0, 0x0, 0x0,
    0x0, 0x25, 0x8a, 0x40,

    /* U+5EFA "建" */
    0x0, 0x0, 0x0, 0x0, 0x0, 0x0, 0x0, 0x0,
    0x0, 0x0, 0x0, 0x0, 0x0, 0x0, 0x0, 0x0,
    0x0, 0x0, 0x1, 0xfd, 0x0, 0x0, 0x0, 0x0,
    0x4, 0x99, 0x99, 0xb8, 0x0, 0x0, 0x2, 0xfd,
    0x0, 0x0, 0x0, 0x0, 0x8, 0xff, 0xff, 0xfe,
    0x7, 0xff, 0xff, 0xff, 0xff, 0xff, 0xf1, 0x0,
    0x1, 0x33, 0x3c, 0xf7, 0x4, 0x88, 0x89, 0xfe,
    0x88, 0x8e, 0xf1, 0x0, 0x0, 0x0, 0x2f, 0xe0,
    0x0, 0x0, 0x1, 0xfd, 0x0, 0xc, 0xf1, 0x0,
    0x0, 0x0, 0x9f, 0x60, 0xff, 0xff, 0xff, 0xff,
    0xff, 0xff, 0xff, 0xa0, 0x0, 0x3, 0xfd, 0x0,
    0x99, 0x99, 0x9a, 0xff, 0x99, 0x9e, 0xfa, 0x60,
    0x0, 0xc, 0xf4, 0x0, 0x0, 0x0, 0x1, 0xfd,
    0x0, 0xc, 0xf1, 0x0, 0x0, 0x8f, 0xfd, 0xfc,
    0x16, 0xaa, 0xaa, 0xff, 0xaa, 0xae, 0xf1, 0x0,
    0x4, 0xff, 0xee, 0xff, 0x19, 0xff, 0xff, 0xff,
    0xff, 0xff, 0xf1, 0x0, 0x0, 0x81, 0x0, 0xfe,
    0x0, 0x0, 0x1, 0xfd, 0x0, 0x0, 0x0, 0x0,
    0x0, 0x11, 0x3, 0xfc, 0x6, 0x77, 0x78, 0xfe,
    0x77, 0x77, 0x75, 0x0, 0x1, 0xf8, 0x6, 0xf9,
    0xd, 0xff, 0xff, 0xff, 0xff, 0xff, 0xfb, 0x0,
    0x0, 0xdd, 0xa, 0xf5, 0x0, 0x0, 0x2, 0xfd,
    0x0, 0x0, 0x0, 0x0, 0x0, 0x7f, 0x5e, 0xf1,
    0x0, 0x0, 0x2, 0xfd, 0x0, 0x0, 0x0, 0x0,
    0x0, 0x1f, 0xef, 0xc0, 0xdf, 0xff, 0xff, 0xff,
    0xff, 0xff, 0xff, 0x90, 0x0, 0x8, 0xff, 0x60,
    0x79, 0x99, 0x99, 0xff, 0x99, 0x99, 0x99, 0x50,
    0x0, 0x2, 0xff, 0x70, 0x0, 0x0, 0x1, 0xfd,
    0x0, 0x0, 0x0, 0x0, 0x0, 0xb, 0xff, 0xfa,
    0x10, 0x0, 0x1, 0xca, 0x0, 0x0, 0x0, 0x0,
    0x0, 0x7f, 0xe3, 0xdf, 0xfb, 0x62, 0x0, 0x0,
    0x0, 0x0, 0x0, 0x0, 0x6, 0xff, 0x40, 0x7,
    0xef, 0xff, 0xfe, 0xed, 0xdd, 0xdd, 0xdd, 0xc0,
    0xb, 0xf7, 0x0, 0x0, 0x4, 0x8b, 0xde, 0xff,
    0xff, 0xff, 0xff, 0x90, 0x0, 0x40, 0x0, 0x0,
    0x0, 0x0, 0x0, 0x0, 0x0, 0x0, 0x0, 0x0,

    /* U+5F00 "开" */
    0xc, 0xee, 0xee, 0xee, 0xee, 0xee, 0xee, 0xee,
    0xee, 0xee, 0xc0, 0xe, 0xff, 0xff, 0xff, 0xff,
    0xff, 0xff, 0xff, 0xff, 0xff, 0xd0, 0x0, 0x0,
    0x2, 0xff, 0x0, 0x0, 0x0, 0xcf, 0x50, 0x0,
    0x0, 0x0, 0x0, 0x1, 0xff, 0x0, 0x0, 0x0,
    0xcf, 0x50, 0x0, 0x0, 0x0, 0x0, 0x1, 0xff,
    0x0, 0x0, 0x0, 0xcf, 0x50, 0x0, 0x0, 0x0,
    0x0, 0x1, 0xff, 0x0, 0x0, 0x0, 0xcf, 0x50,
    0x0, 0x0, 0x0, 0x0, 0x1, 0xff, 0x0, 0x0,
    0x0, 0xcf, 0x50, 0x0, 0x0, 0x0, 0x0, 0x1,
    0xff, 0x0, 0x0, 0x0, 0xcf, 0x50, 0x0, 0x0,
    0x0, 0x0, 0x2, 0xff, 0x0, 0x0, 0x0, 0xcf,
    0x50, 0x0, 0x0, 0xcf, 0xff, 0xff, 0xff, 0xff,
    0xff, 0xff, 0xff, 0xff, 0xff, 0xf9, 0xbe, 0xee,
    0xee, 0xff, 0xee, 0xee, 0xee, 0xff, 0xfe, 0xee,
    0xe8, 0x0, 0x0, 0x5, 0xfc, 0x0, 0x0, 0x0,
    0xcf, 0x50, 0x0, 0x0, 0x0, 0x0, 0x8, 0xfa,
    0x0, 0x0, 0x0, 0xcf, 0x50, 0x0, 0x0, 0x0,
    0x0, 0xc, 0xf6, 0x0, 0x0, 0x0, 0xcf, 0x50,
    0x0, 0x0, 0x0, 0x0, 0x2f, 0xf1, 0x0, 0x0,
    0x0, 0xcf, 0x50, 0x0, 0x0, 0x0, 0x0, 0xaf,
    0xc0, 0x0, 0x0, 0x0, 0xcf, 0x50, 0x0, 0x0,
    0x0, 0x5, 0xff, 0x40, 0x0, 0x0, 0x0, 0xcf,
    0x50, 0x0, 0x0, 0x0, 0x3f, 0xfa, 0x0, 0x0,
    0x0, 0x0, 0xcf, 0x50, 0x0, 0x0, 0x5, 0xff,
    0xd0, 0x0, 0x0, 0x0, 0x0, 0xcf, 0x50, 0x0,
    0x0, 0x6f, 0xfd, 0x10, 0x0, 0x0, 0x0, 0x0,
    0xcf, 0x50, 0x0, 0x0, 0xa, 0xa0, 0x0, 0x0,
    0x0, 0x0, 0x0, 0xcf, 0x50, 0x0, 0x0, 0x0,
    0x0, 0x0, 0x0, 0x0, 0x0, 0x0, 0x0, 0x0,
    0x0, 0x0,

    /* U+5F0F "式" */
    0x0, 0x0, 0x0, 0x0, 0x0, 0x0, 0x33, 0x10,
    0x0, 0x0, 0x0, 0x0, 0x0, 0x0, 0x0, 0x0,
    0x0, 0xe, 0xf4, 0xa, 0xe3, 0x0, 0x0, 0x0,
    0x0, 0x0, 0x0, 0x0, 0x0, 0xef, 0x40, 0x7f,
    0xf6, 0x0, 0x0, 0x0, 0x0, 0x0, 0x0, 0x0,
    0xd, 0xf4, 0x0, 0x4f, 0xf4, 0x0, 0x0, 0x0,
    0x0, 0x0, 0x0, 0x0, 0xdf, 0x40, 0x0, 0x49,
    0x0, 0xd, 0xff, 0xff, 0xff, 0xff, 0xff, 0xff,
    0xff, 0xff, 0xff, 0xff, 0x50, 0xef, 0xff, 0xff,
    0xff, 0xff, 0xff, 0xff, 0xff, 0xff, 0xff, 0xf6,
    0x0, 0x0, 0x0, 0x0, 0x0, 0x0, 0xa, 0xf8,
    0x0, 0x0, 0x0, 0x0, 0x0, 0x0, 0x0, 0x0,
    0x0, 0x0, 0x9f, 0x90, 0x0, 0x0, 0x0, 0x0,
    0x0, 0x0, 0x0, 0x0, 0x0, 0x7, 0xfa, 0x0,
    0x0, 0x0, 0x0, 0x3, 0x33, 0x33, 0x33, 0x33,
    0x31, 0x5f, 0xc0, 0x0, 0x0, 0x0, 0x1, 0xff,
    0xff, 0xff, 0xff, 0xff, 0x83, 0xff, 0x0, 0x0,
    0x0, 0x0, 0xc, 0xcc, 0xcf, 0xfc, 0xcc, 0xc6,
    0x1f, 0xf1, 0x0, 0x0, 0x0, 0x0, 0x0, 0x0,
    0xef, 0x20, 0x0, 0x0, 0xef, 0x40, 0x0, 0x0,
    0x0, 0x0, 0x0, 0xe, 0xf2, 0x0, 0x0, 0xb,
    0xf7, 0x0, 0x0, 0x0, 0x0, 0x0, 0x0, 0xef,
    0x20, 0x0, 0x0, 0x7f, 0xb0, 0x0, 0x0, 0x0,
    0x0, 0x0, 0xe, 0xf2, 0x0, 0x0, 0x3, 0xff,
    0x0, 0x0, 0x20, 0x0, 0x0, 0x0, 0xef, 0x20,
    0x0, 0x0, 0xe, 0xf5, 0x0, 0xd, 0xa0, 0x0,
    0x0, 0xe, 0xf4, 0x58, 0xcf, 0x10, 0x9f, 0xc0,
    0x0, 0xef, 0x0, 0x2, 0x58, 0xff, 0xff, 0xff,
    0xd1, 0x2, 0xff, 0x40, 0xf, 0xd0, 0x9f, 0xff,
    0xff, 0xfc, 0x85, 0x10, 0x0, 0x9, 0xfe, 0x46,
    0xfa, 0x7, 0xfe, 0xa7, 0x30, 0x0, 0x0, 0x0,
    0x0, 0x1d, 0xff, 0xff, 0x40, 0x12, 0x0, 0x0,
    0x0, 0x0, 0x0, 0x0, 0x0, 0x1a, 0xff, 0x80,
    0x0,

    /* U+5F53 "当" */
    0x0, 0x0, 0x0, 0x0, 0x6, 0x60, 0x0, 0x0,
    0x0, 0x0, 0x0, 0x30, 0x0, 0x0, 0x2f, 0xf1,
    0x0, 0x0, 0x6, 0x20, 0xd, 0xf5, 0x0, 0x0,
    0x2f, 0xf1, 0x0, 0x0, 0x3f, 0xf4, 0x6, 0xfe,
    0x10, 0x0, 0x2f, 0xf1, 0x0, 0x0, 0xaf, 0xc0,
    0x0, 0xcf, 0x90, 0x0, 0x2f, 0xf1, 0x0, 0x2,
    0xff, 0x30, 0x0, 0x3f, 0xf2, 0x0, 0x2f, 0xf1,
    0x0, 0xa, 0xfa, 0x0, 0x0, 0xb, 0xf9, 0x0,
    0x2f, 0xf1, 0x0, 0x3f, 0xf1, 0x0, 0x0, 0x4,
    0xa3, 0x0, 0x2f, 0xf1, 0x0, 0x6e, 0x60, 0x0,
    0x0, 0x0, 0x0, 0x0, 0x2f, 0xf1, 0x0, 0x0,
    0x0, 0x0, 0xc, 0xff, 0xff, 0xff, 0xff, 0xff,
    0xff, 0xff, 0xff, 0xf2, 0xd, 0xff, 0xff, 0xff,
    0xff, 0xff, 0xff, 0xff, 0xff, 0xf2, 0x1, 0x11,
    0x11, 0x11, 0x11, 0x11, 0x11, 0x11, 0x1f, 0xf2,
    0x0, 0x0, 0x0, 0x0, 0x0, 0x0, 0x0, 0x0,
    0xf, 0xf2, 0x0, 0x0, 0x0, 0x0, 0x0, 0x0,
    0x0, 0x0, 0xf, 0xf2, 0x0, 0xbb, 0xbb, 0xbb,
    0xbb, 0xbb, 0xbb, 0xbb, 0xbf, 0xf2, 0x0, 0xff,
    0xff, 0xff, 0xff, 0xff, 0xff, 0xff, 0xff, 0xf2,
    0x0, 0x33, 0x33, 0x33, 0x33, 0x33, 0x33, 0x33,
    0x3f, 0xf2, 0x0, 0x0, 0x0, 0x0, 0x0, 0x0,
    0x0, 0x0, 0xf, 0xf2, 0x0, 0x0, 0x0, 0x0,
    0x0, 0x0, 0x0, 0x0, 0xf, 0xf2, 0x1, 0x11,
    0x11, 0x11, 0x11, 0x11, 0x11, 0x11, 0x1f, 0xf2,
    0x4f, 0xff, 0xff, 0xff, 0xff, 0xff, 0xff, 0xff,
    0xff, 0xf2, 0x4f, 0xff, 0xff, 0xff, 0xff, 0xff,
    0xff, 0xff, 0xff, 0xf2, 0x0, 0x0, 0x0, 0x0,
    0x0, 0x0, 0x0, 0x0, 0xf, 0xf2,

    /* U+5F85 "待" */
    0x0, 0x0, 0x0, 0x0, 0x0, 0x0, 0x0, 0x0,
    0x0, 0x0, 0x0, 0x0, 0x0, 0x0, 0x8, 0xb3,
    0x0, 0x0, 0x0, 0xdf, 0x10, 0x0, 0x0, 0x0,
    0x0, 0x0, 0x5f, 0xf2, 0x0, 0x0, 0x0, 0xef,
    0x10, 0x0, 0x0, 0x0, 0x0, 0x4, 0xff, 0x40,
    0x0, 0x0, 0x0, 0xef, 0x20, 0x0, 0x0, 0x0,
    0x0, 0x6f, 0xf5, 0x0, 0x1f, 0xff, 0xff, 0xff,
    0xff, 0xff, 0xf9, 0x0, 0x9, 0xff, 0x50, 0x0,
    0x1d, 0xdd, 0xdd, 0xff, 0xdd, 0xdd, 0xd7, 0x0,
    0xb, 0xe4, 0x0, 0x85, 0x0, 0x0, 0x0, 0xef,
    0x10, 0x0, 0x0, 0x0, 0x2, 0x10, 0x5, 0xfe,
    0x0, 0x0, 0x0, 0xef, 0x10, 0x0, 0x0, 0x0,
    0x0, 0x0, 0x2f, 0xf8, 0x66, 0x66, 0x66, 0xff,
    0x76, 0x66, 0x66, 0x61, 0x0, 0x1, 0xef, 0x98,
    0xff, 0xff, 0xff, 0xff, 0xff, 0xff, 0xff, 0xf3,
    0x0, 0x1d, 0xff, 0x23, 0x66, 0x66, 0x66, 0x66,
    0x67, 0xff, 0x66, 0x61, 0x2, 0xef, 0xff, 0x20,
    0x0, 0x0, 0x0, 0x0, 0x2, 0xfe, 0x0, 0x0,
    0x3f, 0xfd, 0xef, 0x20, 0x0, 0x0, 0x0, 0x0,
    0x2, 0xfe, 0x0, 0x0, 0x1f, 0xd1, 0xdf, 0x20,
    0xcf, 0xff, 0xff, 0xff, 0xff, 0xff, 0xff, 0xf0,
    0x5, 0x10, 0xdf, 0x20, 0xad, 0xdd, 0xdd, 0xdd,
    0xdd, 0xff, 0xdd, 0xd0, 0x0, 0x0, 0xdf, 0x20,
    0x0, 0x43, 0x0, 0x0, 0x2, 0xfe, 0x0, 0x0,
    0x0, 0x0, 0xdf, 0x20, 0x3, 0xfe, 0x20, 0x0,
    0x2, 0xfe, 0x0, 0x0, 0x0, 0x0, 0xdf, 0x20,
    0x0, 0x9f, 0xc0, 0x0, 0x2, 0xfe, 0x0, 0x0,
    0x0, 0x0, 0xdf, 0x20, 0x0, 0xd, 0xf7, 0x0,
    0x2, 0xfe, 0x0, 0x0, 0x0, 0x0, 0xdf, 0x20,
    0x0, 0x4, 0xfc, 0x0, 0x2, 0xfe, 0x0, 0x0,
    0x0, 0x0, 0xdf, 0x20, 0x0, 0x0, 0x50, 0x0,
    0x2, 0xfe, 0x0, 0x0, 0x0, 0x0, 0xdf, 0x20,
    0x0, 0x0, 0x0, 0xdd, 0xde, 0xfc, 0x0, 0x0,
    0x0, 0x0, 0xdf, 0x20, 0x0, 0x0, 0x0, 0xaf,
    0xff, 0xc3, 0x0, 0x0, 0x0, 0x0, 0x0, 0x0,
    0x0, 0x0, 0x0, 0x0, 0x0, 0x0, 0x0, 0x0,

    /* U+6001 "态" */
    0x0, 0x0, 0x0, 0x0, 0x0, 0x45, 0x10, 0x0,
    0x0, 0x0, 0x0, 0x0, 0x0, 0x0, 0x0, 0x0,
    0xe, 0xf3, 0x0, 0x0, 0x0, 0x0, 0x0, 0x0,
    0x0, 0x0, 0x0, 0x0, 0xff, 0x10, 0x0, 0x0,
    0x0, 0x0, 0x0, 0x0, 0x0, 0x0, 0x0, 0x3f,
    0xf0, 0x0, 0x0, 0x0, 0x0, 0x0, 0x8e, 0xee,
    0xee, 0xee, 0xee, 0xff, 0xee, 0xee, 0xee, 0xee,
    0xed, 0x9, 0xff, 0xff, 0xff, 0xff, 0xff, 0xff,
    0xff, 0xff, 0xff, 0xff, 0xe0, 0x0, 0x0, 0x0,
    0x0, 0xf, 0xfb, 0xfa, 0x0, 0x0, 0x0, 0x0,
    0x0, 0x0, 0x0, 0x0, 0x7, 0xfd, 0x1f, 0xf3,
    0x0, 0x0, 0x0, 0x0, 0x0, 0x0, 0x0, 0x2,
    0xff, 0x50, 0x7f, 0xe1, 0x0, 0x0, 0x0, 0x0,
    0x0, 0x0, 0x1, 0xdf, 0xb0, 0x0, 0xcf, 0xd1,
    0x0, 0x0, 0x0, 0x0, 0x0, 0x2, 0xdf, 0xe6,
    0x50, 0x1, 0xef, 0xe3, 0x0, 0x0, 0x0, 0x0,
    0x18, 0xff, 0xe7, 0xff, 0xb1, 0x2, 0xef, 0xf9,
    0x10, 0x0, 0x3, 0x9f, 0xff, 0xa1, 0x4, 0xef,
    0xe3, 0x1, 0xbf, 0xff, 0xb6, 0x7, 0xff, 0xfc,
    0x40, 0x0, 0x1, 0xcf, 0x90, 0x0, 0x5d, 0xff,
    0xa0, 0xb, 0x83, 0x0, 0x0, 0x5, 0xc2, 0x40,
    0x0, 0x0, 0x4, 0x91, 0x0, 0x2, 0x30, 0x27,
    0x40, 0x9f, 0xd1, 0x0, 0x0, 0x5b, 0x20, 0x0,
    0x0, 0x8f, 0x66, 0xf9, 0x0, 0xaf, 0xd1, 0x0,
    0x8, 0xfa, 0x0, 0x0, 0xd, 0xf2, 0x6f, 0x90,
    0x0, 0xbf, 0xc0, 0x0, 0x1f, 0xf2, 0x0, 0x2,
    0xfe, 0x6, 0xf9, 0x0, 0x1, 0xec, 0x10, 0x71,
    0x8f, 0xa0, 0x0, 0x8f, 0x80, 0x6f, 0x90, 0x0,
    0x2, 0x0, 0xf, 0xe1, 0xff, 0x10, 0x1f, 0xf3,
    0x6, 0xfa, 0x0, 0x0, 0x0, 0x4, 0xfc, 0xb,
    0xf7, 0x6, 0xfc, 0x0, 0x4f, 0xfe, 0xdd, 0xdd,
    0xdd, 0xff, 0x70, 0x5f, 0xb0, 0x4, 0x30, 0x0,
    0x8d, 0xff, 0xff, 0xff, 0xff, 0xa0, 0x1, 0x40,
    0x0,

    /* U+606F "息" */
    0x0, 0x0, 0x0, 0x0, 0x0, 0x44, 0x10, 0x0,
    0x0, 0x0, 0x0, 0x0, 0x0, 0x0, 0x0, 0x0,
    0xe, 0xf7, 0x0, 0x0, 0x0, 0x0, 0x0, 0x0,
    0x0, 0x0, 0x0, 0x5, 0xfe, 0x0, 0x0, 0x0,
    0x0, 0x0, 0x0, 0x0, 0x3f, 0xff, 0xff, 0xff,
    0xff, 0xff, 0xff, 0xfd, 0x0, 0x0, 0x0, 0x3,
    0xfe, 0x99, 0x99, 0x99, 0x99, 0x99, 0xbf, 0xd0,
    0x0, 0x0, 0x0, 0x3f, 0xc0, 0x0, 0x0, 0x0,
    0x0, 0x3, 0xfd, 0x0, 0x0, 0x0, 0x3, 0xfe,
    0x88, 0x88, 0x88, 0x88, 0x88, 0xaf, 0xd0, 0x0,
    0x0, 0x0, 0x3f, 0xff, 0xff, 0xff, 0xff, 0xff,
    0xff, 0xfd, 0x0, 0x0, 0x0, 0x3, 0xfc, 0x0,
    0x0, 0x0, 0x0, 0x0, 0x3f, 0xd0, 0x0, 0x0,
    0x0, 0x3f, 0xe8, 0x88, 0x88, 0x88, 0x88, 0x89,
    0xfd, 0x0, 0x0, 0x0, 0x3, 0xff, 0xff, 0xff,
    0xff, 0xff, 0xff, 0xff, 0xd0, 0x0, 0x0, 0x0,
    0x3f, 0xc0, 0x0, 0x0, 0x0, 0x0, 0x4, 0xfd,
    0x0, 0x0, 0x0, 0x3, 0xfc, 0x0, 0x0, 0x0,
    0x0, 0x0, 0x4f, 0xd0, 0x0, 0x0, 0x0, 0x3f,
    0xff, 0xff, 0xff, 0xff, 0xff, 0xff, 0xfd, 0x0,
    0x0, 0x0, 0x1, 0x99, 0x99, 0x99, 0xdb, 0x99,
    0x99, 0x99, 0x70, 0x0, 0x0, 0x0, 0x0, 0x0,
    0x0, 0x5f, 0xe2, 0x0, 0x0, 0x0, 0x10, 0x0,
    0x0, 0x56, 0x6, 0xb6, 0x0, 0x9f, 0xd1, 0x0,
    0x2, 0xde, 0x10, 0x0, 0xd, 0xf3, 0x8f, 0x80,
    0x0, 0xbf, 0xa0, 0x0, 0xc, 0xf9, 0x0, 0x4,
    0xfd, 0x8, 0xf8, 0x0, 0x1, 0xec, 0x0, 0x72,
    0x3f, 0xf2, 0x0, 0xbf, 0x60, 0x8f, 0x80, 0x0,
    0x2, 0x0, 0xf, 0xf0, 0xaf, 0xa0, 0x3f, 0xf0,
    0x8, 0xf9, 0x0, 0x0, 0x0, 0x3, 0xfc, 0x3,
    0xff, 0x6, 0xf8, 0x0, 0x5f, 0xfe, 0xee, 0xee,
    0xee, 0xff, 0x80, 0x9, 0x40, 0x1, 0x0, 0x0,
    0x9e, 0xff, 0xff, 0xff, 0xff, 0xa0, 0x0, 0x0,
    0x0,

    /* U+6210 "成" */
    0x0, 0x0, 0x0, 0x0, 0x0, 0x0, 0x1f, 0xf0,
    0x3d, 0x50, 0x0, 0x0, 0x0, 0x0, 0x0, 0x0,
    0x0, 0x0, 0x1f, 0xf0, 0x6f, 0xfc, 0x20, 0x0,
    0x0, 0x0, 0x0, 0x0, 0x0, 0x0, 0xf, 0xf0,
    0x1, 0xbf, 0xf4, 0x0, 0x0, 0x1, 0x11, 0x11,
    0x11, 0x11, 0x1f, 0xf2, 0x11, 0x17, 0xd1, 0x0,
    0x0, 0xf, 0xff, 0xff, 0xff, 0xff, 0xff, 0xff,
    0xff, 0xff, 0xff, 0xe0, 0x0, 0xf, 0xff, 0xff,
    0xff, 0xff, 0xff, 0xff, 0xff, 0xff, 0xff, 0xd0,
    0x0, 0xf, 0xf1, 0x0, 0x0, 0x0, 0xd, 0xf4,
    0x0, 0x0, 0x0, 0x0, 0x0, 0xf, 0xf1, 0x0,
    0x0, 0x0, 0xb, 0xf6, 0x0, 0x2, 0x10, 0x0,
    0x0, 0xf, 0xf2, 0x0, 0x1, 0x0, 0xa, 0xf7,
    0x0, 0xe, 0xf4, 0x0, 0x0, 0xf, 0xff, 0xff,
    0xff, 0xf2, 0x7, 0xf9, 0x0, 0x4f, 0xf0, 0x0,
    0x0, 0xf, 0xfd, 0xdd, 0xdf, 0xf2, 0x5, 0xfc,
    0x0, 0xaf, 0x90, 0x0, 0x0, 0xf, 0xf1, 0x0,
    0xd, 0xf2, 0x2, 0xff, 0x2, 0xff, 0x20, 0x0,
    0x0, 0x1f, 0xf0, 0x0, 0xe, 0xf1, 0x0, 0xff,
    0x2a, 0xfa, 0x0, 0x0, 0x0, 0x1f, 0xf0, 0x0,
    0xe, 0xf1, 0x0, 0xcf, 0x9f, 0xf2, 0x0, 0x0,
    0x0, 0x3f, 0xe0, 0x0, 0xf, 0xf0, 0x0, 0x8f,
    0xff, 0x80, 0x0, 0x0, 0x0, 0x4f, 0xc0, 0x0,
    0xf, 0xf0, 0x0, 0x4f, 0xfd, 0x0, 0x2, 0x0,
    0x0, 0x7f, 0xa1, 0x22, 0x6f, 0xd0, 0x0, 0x8f,
    0xf5, 0x0, 0xb, 0x90, 0x0, 0xbf, 0x72, 0xff,
    0xff, 0x90, 0x8, 0xff, 0xfb, 0x0, 0xd, 0xf0,
    0x0, 0xff, 0x30, 0xab, 0xa8, 0x0, 0xaf, 0xf8,
    0xff, 0x40, 0xf, 0xd0, 0x5, 0xfe, 0x0, 0x0,
    0x0, 0x3d, 0xff, 0x60, 0x9f, 0xe4, 0x5f, 0xa0,
    0xd, 0xf8, 0x0, 0x0, 0x3, 0xff, 0xe4, 0x0,
    0xc, 0xff, 0xff, 0x50, 0x7, 0xf1, 0x0, 0x0,
    0x0, 0x8a, 0x10, 0x0, 0x0, 0x9e, 0xf9, 0x0,
    0x0, 0x10, 0x0, 0x0, 0x0, 0x0, 0x0, 0x0,
    0x0, 0x0, 0x0, 0x0,

    /* U+6216 "或" */
    0x0, 0x0, 0x0, 0x0, 0x0, 0x0, 0xef, 0x30,
    0xa9, 0x10, 0x0, 0x0, 0x0, 0x0, 0x0, 0x0,
    0x0, 0xe, 0xf3, 0x2c, 0xff, 0x70, 0x0, 0x0,
    0x0, 0x0, 0x0, 0x0, 0x0, 0xef, 0x30, 0x6,
    0xff, 0x80, 0x1, 0x33, 0x33, 0x33, 0x33, 0x33,
    0x3e, 0xf7, 0x33, 0x35, 0xd4, 0x10, 0x8f, 0xff,
    0xff, 0xff, 0xff, 0xff, 0xff, 0xff, 0xff, 0xff,
    0xf7, 0x6, 0xcc, 0xcc, 0xcc, 0xcc, 0xcc, 0xcf,
    0xfe, 0xcc, 0xcc, 0xcc, 0x50, 0x0, 0x0, 0x0,
    0x0, 0x0, 0x0, 0xaf, 0x70, 0x0, 0x0, 0x0,
    0x0, 0xa, 0xaa, 0xaa, 0xaa, 0xa2, 0x9, 0xf9,
    0x0, 0xa, 0xc4, 0x0, 0x1, 0xff, 0xff, 0xff,
    0xff, 0x30, 0x7f, 0xb0, 0x0, 0xff, 0x30, 0x0,
    0x1f, 0xd1, 0x11, 0x1d, 0xf3, 0x5, 0xfd, 0x0,
    0x6f, 0xd0, 0x0, 0x1, 0xfc, 0x0, 0x0, 0xdf,
    0x30, 0x3f, 0xf0, 0xd, 0xf6, 0x0, 0x0, 0x1f,
    0xc0, 0x0, 0xd, 0xf3, 0x0, 0xff, 0x24, 0xfe,
    0x0, 0x0, 0x1, 0xfc, 0x0, 0x0, 0xdf, 0x30,
    0xd, 0xf5, 0xdf, 0x70, 0x0, 0x0, 0x1f, 0xfc,
    0xcc, 0xcf, 0xf3, 0x0, 0xaf, 0xef, 0xe0, 0x0,
    0x0, 0x1, 0xff, 0xff, 0xff, 0xff, 0x20, 0x6,
    0xff, 0xf5, 0x0, 0x0, 0x0, 0x0, 0x0, 0x0,
    0x0, 0x0, 0x0, 0x3f, 0xfa, 0x0, 0x2, 0x0,
    0x0, 0x0, 0x0, 0x1, 0x48, 0xa0, 0xb, 0xff,
    0x70, 0x0, 0xca, 0x0, 0x1, 0x47, 0xae, 0xff,
    0xff, 0x1a, 0xff, 0xfd, 0x0, 0xd, 0xf0, 0x6e,
    0xff, 0xff, 0xfe, 0xb7, 0x5c, 0xff, 0x5f, 0xf6,
    0x0, 0xfd, 0x6, 0xff, 0xd9, 0x62, 0x0, 0x4e,
    0xff, 0x40, 0x7f, 0xf5, 0x6f, 0xa0, 0x14, 0x0,
    0x0, 0x0, 0x5f, 0xfd, 0x20, 0x0, 0xcf, 0xff,
    0xf5, 0x0, 0x0, 0x0, 0x0, 0x0, 0x9a, 0x0,
    0x0, 0x0, 0x9e, 0xf8, 0x0, 0x0, 0x0, 0x0,
    0x0, 0x0, 0x0, 0x0, 0x0, 0x0, 0x0, 0x0,
    0x0,

    /* U+624D "才" */
    0x0, 0x0, 0x0, 0x0, 0x0, 0x0, 0x0, 0xef,
    0x40, 0x0, 0x0, 0x0, 0x0, 0x0, 0x0, 0x0,
    0x0, 0x0, 0xe, 0xf4, 0x0, 0x0, 0x0, 0x0,
    0x0, 0x0, 0x0, 0x0, 0x0, 0x0, 0xef, 0x40,
    0x0, 0x0, 0x0, 0x0, 0x0, 0x0, 0x0, 0x0,
    0x0, 0xe, 0xf4, 0x0, 0x0, 0x0, 0x1, 0x22,
    0x22, 0x22, 0x22, 0x22, 0x22, 0xff, 0x62, 0x22,
    0x22, 0x10, 0x7f, 0xff, 0xff, 0xff, 0xff, 0xff,
    0xff, 0xff, 0xff, 0xff, 0xf8, 0x6, 0xff, 0xff,
    0xff, 0xff, 0xff, 0xff, 0xff, 0xff, 0xff, 0xff,
    0x70, 0x0, 0x0, 0x0, 0x0, 0x0, 0x5f, 0xff,
    0xf4, 0x0, 0x0, 0x0, 0x0, 0x0, 0x0, 0x0,
    0x0, 0x1e, 0xf8, 0xef, 0x40, 0x0, 0x0, 0x0,
    0x0, 0x0, 0x0, 0x0, 0xc, 0xfd, 0xe, 0xf4,
    0x0, 0x0, 0x0, 0x0, 0x0, 0x0, 0x0, 0x9,
    0xff, 0x20, 0xef, 0x40, 0x0, 0x0, 0x0, 0x0,
    0x0, 0x0, 0x7, 0xff, 0x50, 0xe, 0xf4, 0x0,
    0x0, 0x0, 0x0, 0x0, 0x0, 0x6, 0xff, 0x80,
    0x0, 0xef, 0x40, 0x0, 0x0, 0x0, 0x0, 0x0,
    0x7, 0xff, 0xa0, 0x0, 0xe, 0xf4, 0x0, 0x0,
    0x0, 0x0, 0x0, 0x8, 0xff, 0xa0, 0x0, 0x0,
    0xef, 0x40, 0x0, 0x0, 0x0, 0x0, 0x1b, 0xff,
    0xa0, 0x0, 0x0, 0xe, 0xf4, 0x0, 0x0, 0x0,
    0x0, 0x5e, 0xff, 0x80, 0x0, 0x0, 0x0, 0xef,
    0x40, 0x0, 0x0, 0x0, 0xbf, 0xff, 0x50, 0x0,
    0x0, 0x0, 0xe, 0xf4, 0x0, 0x0, 0x0, 0x6,
    0xfc, 0x20, 0x0, 0x0, 0x0, 0x0, 0xef, 0x40,
    0x0, 0x0, 0x0, 0x4, 0x0, 0x0, 0x0, 0x0,
    0x0, 0x1f, 0xf4, 0x0, 0x0, 0x0, 0x0, 0x0,
    0x0, 0x0, 0x2, 0xff, 0xff, 0xff, 0x20, 0x0,
    0x0, 0x0, 0x0, 0x0, 0x0, 0x0, 0xd, 0xff,
    0xfd, 0x60, 0x0, 0x0, 0x0, 0x0, 0x0, 0x0,
    0x0, 0x0, 0x1, 0x0, 0x0, 0x0, 0x0, 0x0,
    0x0,

    /* U+62E9 "择" */
    0x0, 0x0, 0x56, 0x0, 0x0, 0x0, 0x0, 0x0,
    0x0, 0x0, 0x0, 0x0, 0x0, 0x0, 0xef, 0x10,
    0x0, 0x0, 0x0, 0x0, 0x0, 0x0, 0x0, 0x0,
    0x0, 0x0, 0xef, 0x10, 0x7, 0xff, 0xff, 0xff,
    0xff, 0xff, 0xfa, 0x0, 0x0, 0x0, 0xef, 0x10,
    0x5, 0xdf, 0xfe, 0xdd, 0xdd, 0xdf, 0xf8, 0x0,
    0x0, 0x0, 0xef, 0x10, 0x0, 0x6, 0xfa, 0x0,
    0x0, 0x7f, 0xd0, 0x0, 0xa, 0xaa, 0xff, 0xba,
    0x90, 0x0, 0xbf, 0x80, 0x7, 0xff, 0x20, 0x0,
    0xf, 0xff, 0xff, 0xff, 0xd0, 0x0, 0x1d, 0xf9,
    0x9f, 0xf3, 0x0, 0x0, 0x3, 0x33, 0xef, 0x43,
    0x30, 0x0, 0x1, 0xdf, 0xfe, 0x20, 0x0, 0x0,
    0x0, 0x0, 0xef, 0x10, 0x0, 0x0, 0x2a, 0xff,
    0xff, 0x91, 0x0, 0x0, 0x0, 0x0, 0xef, 0x10,
    0x0, 0x5b, 0xff, 0xd5, 0x6f, 0xff, 0xb5, 0x0,
    0x0, 0x0, 0xef, 0x10, 0x2f, 0xff, 0xd6, 0x0,
    0x1, 0x8f, 0xff, 0xf3, 0x0, 0x0, 0xef, 0x6a,
    0xa9, 0xa4, 0x0, 0x1e, 0xd0, 0x0, 0x6b, 0x90,
    0x0, 0x27, 0xff, 0xff, 0xc0, 0x0, 0x0, 0x1f,
    0xe0, 0x0, 0x0, 0x0, 0x1e, 0xff, 0xff, 0xa5,
    0x0, 0xcd, 0xdd, 0xdf, 0xfd, 0xdd, 0xd5, 0x0,
    0xe, 0xe9, 0xff, 0x10, 0x0, 0xdf, 0xff, 0xff,
    0xff, 0xff, 0xf6, 0x0, 0x1, 0x0, 0xef, 0x10,
    0x0, 0x0, 0x0, 0x1f, 0xe0, 0x0, 0x0, 0x0,
    0x0, 0x0, 0xef, 0x10, 0x0, 0x0, 0x0, 0x1f,
    0xe0, 0x0, 0x0, 0x0, 0x0, 0x0, 0xef, 0x10,
    0x1c, 0xcc, 0xcc, 0xcf, 0xfc, 0xcc, 0xcc, 0xc1,
    0x0, 0x0, 0xef, 0x10, 0x1f, 0xff, 0xff, 0xff,
    0xff, 0xff, 0xff, 0xf1, 0x0, 0x0, 0xef, 0x10,
    0x0, 0x0, 0x0, 0x2f, 0xe0, 0x0, 0x0, 0x0,
    0x0, 0x0, 0xef, 0x10, 0x0, 0x0, 0x0, 0x1f,
    0xe0, 0x0, 0x0, 0x0, 0x4, 0xee, 0xff, 0x0,
    0x0, 0x0, 0x0, 0x1f, 0xe0, 0x0, 0x0, 0x0,
    0x0, 0xff, 0xd6, 0x0, 0x0, 0x0, 0x0, 0x1f,
    0xe0, 0x0, 0x0, 0x0, 0x0, 0x0, 0x0, 0x0,
    0x0, 0x0, 0x0, 0x1, 0x10, 0x0, 0x0, 0x0,

    /* U+6301 "持" */
    0x0, 0x0, 0x32, 0x0, 0x0, 0x0, 0x0, 0x1,
    0x10, 0x0, 0x0, 0x0, 0x0, 0x0, 0xfe, 0x0,
    0x0, 0x0, 0x0, 0xf, 0xe0, 0x0, 0x0, 0x0,
    0x0, 0x0, 0xfe, 0x0, 0x0, 0x0, 0x0, 0xf,
    0xe0, 0x0, 0x0, 0x0, 0x0, 0x0, 0xfe, 0x0,
    0x0, 0x0, 0x0, 0x1f, 0xe0, 0x0, 0x0, 0x0,
    0x0, 0x0, 0xfe, 0x0, 0x2, 0xff, 0xff, 0xff,
    0xff, 0xff, 0xff, 0x0, 0x3, 0x33, 0xfe, 0x33,
    0x12, 0xee, 0xee, 0xef, 0xfe, 0xee, 0xed, 0x0,
    0xf, 0xff, 0xff, 0xff, 0x50, 0x0, 0x0, 0xf,
    0xe0, 0x0, 0x0, 0x0, 0xb, 0xbb, 0xff, 0xbb,
    0x30, 0x0, 0x0, 0xf, 0xe0, 0x0, 0x0, 0x0,
    0x0, 0x0, 0xfe, 0x0, 0x15, 0x55, 0x55, 0x6f,
    0xe5, 0x55, 0x55, 0x50, 0x0, 0x0, 0xfe, 0x0,
    0x5f, 0xff, 0xff, 0xff, 0xff, 0xff, 0xff, 0xf1,
    0x0, 0x0, 0xfe, 0x0, 0x16, 0x66, 0x66, 0x66,
    0x66, 0xff, 0x66, 0x60, 0x0, 0x0, 0xfe, 0x49,
    0x20, 0x0, 0x0, 0x0, 0x0, 0xef, 0x0, 0x0,
    0x0, 0x15, 0xff, 0xff, 0x50, 0x0, 0x0, 0x0,
    0x0, 0xef, 0x10, 0x0, 0x3c, 0xff, 0xff, 0xc6,
    0x2f, 0xff, 0xff, 0xff, 0xff, 0xff, 0xff, 0xf0,
    0x1f, 0xfb, 0xfe, 0x0, 0xd, 0xdd, 0xdd, 0xdd,
    0xdd, 0xff, 0xdd, 0xc0, 0x4, 0x0, 0xfe, 0x0,
    0x0, 0x3, 0x40, 0x0, 0x0, 0xef, 0x0, 0x0,
    0x0, 0x0, 0xfe, 0x0, 0x0, 0x2f, 0xf2, 0x0,
    0x0, 0xef, 0x0, 0x0, 0x0, 0x0, 0xfe, 0x0,
    0x0, 0x7, 0xfc, 0x0, 0x0, 0xef, 0x0, 0x0,
    0x0, 0x0, 0xfe, 0x0, 0x0, 0x0, 0xdf, 0x60,
    0x0, 0xef, 0x0, 0x0, 0x0, 0x0, 0xfe, 0x0,
    0x0, 0x0, 0x4f, 0xb0, 0x0, 0xef, 0x0, 0x0,
    0x0, 0x0, 0xfe, 0x0, 0x0, 0x0, 0x5, 0x0,
    0x0, 0xef, 0x0, 0x0, 0x6, 0xee, 0xfc, 0x0,
    0x0, 0x0, 0x0, 0x1d, 0xdd, 0xff, 0x0, 0x0,
    0x2, 0xff, 0xc4, 0x0, 0x0, 0x0, 0x0, 0xc,
    0xff, 0xe6, 0x0, 0x0, 0x0, 0x0, 0x0, 0x0,
    0x0, 0x0, 0x0, 0x0, 0x0, 0x0, 0x0, 0x0,

    /* U+6309 "按" */
    0x0, 0x0, 0x0, 0x0, 0x0, 0x0, 0x0, 0x0,
    0x0, 0x0, 0x0, 0x0, 0x0, 0x0, 0xef, 0x10,
    0x0, 0x0, 0x0, 0x9f, 0x60, 0x0, 0x0, 0x0,
    0x0, 0x0, 0xef, 0x10, 0x0, 0x0, 0x0, 0x7f,
    0xb0, 0x0, 0x0, 0x0, 0x0, 0x0, 0xef, 0x10,
    0x0, 0x0, 0x0, 0x2f, 0xf0, 0x0, 0x0, 0x0,
    0x0, 0x0, 0xef, 0x10, 0xd, 0xff, 0xff, 0xff,
    0xff, 0xff, 0xff, 0xb0, 0x3, 0x33, 0xef, 0x43,
    0x2d, 0xfd, 0xdd, 0xdd, 0xdd, 0xdd, 0xdf, 0xb0,
    0x1f, 0xff, 0xff, 0xff, 0x9d, 0xf1, 0x0, 0x30,
    0x0, 0x0, 0x4f, 0xb0, 0xb, 0xbb, 0xff, 0xbb,
    0x6d, 0xf1, 0x4, 0xfd, 0x0, 0x0, 0x4f, 0xb0,
    0x0, 0x0, 0xef, 0x10, 0x7, 0x90, 0xa, 0xf8,
    0x0, 0x0, 0x28, 0x60, 0x0, 0x0, 0xef, 0x10,
    0x0, 0x0, 0xf, 0xf3, 0x0, 0x0, 0x0, 0x0,
    0x0, 0x0, 0xef, 0x10, 0x6d, 0xdd, 0xef, 0xfd,
    0xdd, 0xdd, 0xdd, 0xd0, 0x0, 0x0, 0xef, 0x10,
    0x8f, 0xff, 0xff, 0xff, 0xff, 0xff, 0xff, 0xf0,
    0x0, 0x0, 0xef, 0x8c, 0xd0, 0x4, 0xfe, 0x0,
    0x0, 0xbf, 0x70, 0x0, 0x1, 0x59, 0xff, 0xff,
    0xd0, 0xb, 0xf8, 0x0, 0x0, 0xff, 0x30, 0x0,
    0x3f, 0xff, 0xff, 0x82, 0x0, 0x3f, 0xf1, 0x0,
    0x4, 0xfe, 0x0, 0x0, 0xf, 0xb6, 0xef, 0x10,
    0x0, 0xcf, 0xe3, 0x0, 0xb, 0xf8, 0x0, 0x0,
    0x0, 0x0, 0xef, 0x10, 0x0, 0x5d, 0xff, 0xb2,
    0x4f, 0xf1, 0x0, 0x0, 0x0, 0x0, 0xef, 0x10,
    0x0, 0x0, 0x6e, 0xff, 0xff, 0x70, 0x0, 0x0,
    0x0, 0x0, 0xef, 0x10, 0x0, 0x0, 0x0, 0xaf,
    0xff, 0x70, 0x0, 0x0, 0x0, 0x0, 0xef, 0x10,
    0x0, 0x0, 0x18, 0xff, 0xef, 0xfd, 0x30, 0x0,
    0x0, 0x0, 0xef, 0x10, 0x0, 0x49, 0xff, 0xf8,
    0x4, 0xef, 0xf8, 0x0, 0x7, 0xdd, 0xff, 0x0,
    0x2f, 0xff, 0xfa, 0x20, 0x0, 0x9, 0xff, 0xa0,
    0x3, 0xff, 0xd6, 0x0, 0xb, 0xc7, 0x10, 0x0,
    0x0, 0x0, 0x4c, 0x10, 0x0, 0x0, 0x0, 0x0,
    0x0, 0x0, 0x0, 0x0, 0x0, 0x0, 0x0, 0x0,

    /* U+6362 "换" */
    0x0, 0x0, 0x32, 0x0, 0x0, 0x0, 0x2, 0x0,
    0x0, 0x0, 0x0, 0x0, 0x0, 0x1, 0xfe, 0x0,
    0x0, 0x0, 0x3f, 0xe0, 0x0, 0x0, 0x0, 0x0,
    0x0, 0x1, 0xfe, 0x0, 0x0, 0x0, 0xbf, 0x80,
    0x0, 0x10, 0x0, 0x0, 0x0, 0x1, 0xfe, 0x0,
    0x0, 0x5, 0xff, 0xff, 0xff, 0xfe, 0x40, 0x0,
    0x0, 0x1, 0xfe, 0x0, 0x0, 0x2f, 0xfb, 0xbb,
    0xbd, 0xff, 0x30, 0x0, 0x4, 0x67, 0xff, 0x66,
    0x1, 0xdf, 0x90, 0x0, 0xc, 0xf7, 0x0, 0x0,
    0xc, 0xff, 0xff, 0xff, 0x3d, 0xfd, 0x22, 0x22,
    0x8f, 0xc2, 0x20, 0x0, 0x5, 0x78, 0xff, 0x77,
    0x6f, 0xff, 0xff, 0xff, 0xff, 0xff, 0xf3, 0x0,
    0x0, 0x1, 0xfe, 0x0, 0x5, 0xfe, 0x77, 0x8f,
    0xf7, 0x7f, 0xf3, 0x0, 0x0, 0x1, 0xfe, 0x0,
    0x1, 0xfd, 0x0, 0x1f, 0xe0, 0xe, 0xf3, 0x0,
    0x0, 0x1, 0xfe, 0x0, 0x1, 0xfd, 0x0, 0x1f,
    0xe0, 0xe, 0xf3, 0x0, 0x0, 0x1, 0xfe, 0x27,
    0x31, 0xfd, 0x0, 0x1f, 0xe0, 0xe, 0xf3, 0x0,
    0x0, 0x5, 0xff, 0xff, 0x61, 0xfd, 0x0, 0x2f,
    0xd0, 0xe, 0xf3, 0x0, 0xb, 0xff, 0xff, 0xc7,
    0x21, 0xfd, 0x0, 0x4f, 0xb0, 0xe, 0xf3, 0x0,
    0xd, 0xfc, 0xfe, 0x0, 0xcf, 0xff, 0xff, 0xff,
    0xff, 0xff, 0xff, 0xd0, 0x3, 0x11, 0xfe, 0x0,
    0x9c, 0xcc, 0xcc, 0xff, 0xfc, 0xcc, 0xcc, 0xa0,
    0x0, 0x1, 0xfe, 0x0, 0x0, 0x0, 0x6, 0xff,
    0xf5, 0x0, 0x0, 0x0, 0x0, 0x1, 0xfe, 0x0,
    0x0, 0x0, 0x2f, 0xf5, 0xfe, 0x10, 0x0, 0x0,
    0x0, 0x1, 0xfe, 0x0, 0x0, 0x2, 0xef, 0x80,
    0x6f, 0xd1, 0x0, 0x0, 0x0, 0x1, 0xfe, 0x0,
    0x0, 0x5e, 0xfa, 0x0, 0x9, 0xfd, 0x20, 0x0,
    0x0, 0x1, 0xfe, 0x0, 0x2a, 0xff, 0x80, 0x0,
    0x0, 0xaf, 0xf7, 0x0, 0x3, 0xff, 0xfd, 0x9,
    0xff, 0xe4, 0x0, 0x0, 0x0, 0x7, 0xff, 0xe1,
    0x0, 0xef, 0xc4, 0x4, 0xe7, 0x0, 0x0, 0x0,
    0x0, 0x0, 0x3b, 0x50, 0x0, 0x0, 0x0, 0x0,
    0x0, 0x0, 0x0, 0x0, 0x0, 0x0, 0x0, 0x0,

    /* U+636E "据" */
    0x0, 0x0, 0x32, 0x0, 0x0, 0x0, 0x0, 0x0,
    0x0, 0x0, 0x0, 0x0, 0x0, 0x1, 0xfc, 0x0,
    0x0, 0x10, 0x0, 0x0, 0x0, 0x0, 0x0, 0x0,
    0x0, 0x1, 0xfc, 0x0, 0xc, 0xff, 0xff, 0xff,
    0xff, 0xff, 0xff, 0x10, 0x0, 0x1, 0xfc, 0x0,
    0xc, 0xfc, 0xbb, 0xbb, 0xbb, 0xbb, 0xff, 0x10,
    0x0, 0x1, 0xfc, 0x0, 0xc, 0xf3, 0x0, 0x0,
    0x0, 0x0, 0xdf, 0x10, 0x5, 0x66, 0xfe, 0x66,
    0x2c, 0xf3, 0x0, 0x0, 0x0, 0x0, 0xdf, 0x10,
    0xf, 0xff, 0xff, 0xff, 0x7c, 0xfa, 0x88, 0x88,
    0x88, 0x88, 0xef, 0x10, 0x7, 0x78, 0xfe, 0x77,
    0x3c, 0xff, 0xff, 0xff, 0xff, 0xff, 0xff, 0x10,
    0x0, 0x1, 0xfc, 0x0, 0xc, 0xf6, 0x33, 0x34,
    0xfe, 0x33, 0x33, 0x0, 0x0, 0x1, 0xfc, 0x0,
    0xc, 0xf3, 0x0, 0x1, 0xfd, 0x0, 0x0, 0x0,
    0x0, 0x1, 0xfc, 0x0, 0xc, 0xf3, 0x0, 0x2,
    0xfd, 0x0, 0x0, 0x0, 0x0, 0x1, 0xfc, 0x15,
    0x2d, 0xff, 0xff, 0xff, 0xff, 0xff, 0xff, 0xf1,
    0x0, 0x5, 0xff, 0xff, 0x5d, 0xfb, 0xbb, 0xbb,
    0xff, 0xbb, 0xbb, 0xb1, 0x2b, 0xff, 0xff, 0xc8,
    0x2f, 0xf0, 0x0, 0x1, 0xfd, 0x0, 0x0, 0x0,
    0x1f, 0xeb, 0xfc, 0x0, 0xf, 0xf0, 0x0, 0x1,
    0xfd, 0x0, 0x0, 0x0, 0x2, 0x1, 0xfc, 0x0,
    0x2f, 0xd7, 0xcc, 0xcc, 0xff, 0xcc, 0xcc, 0x20,
    0x0, 0x1, 0xfc, 0x0, 0x5f, 0xa9, 0xff, 0xff,
    0xff, 0xff, 0xff, 0x20, 0x0, 0x1, 0xfc, 0x0,
    0x8f, 0x79, 0xf3, 0x0, 0x0, 0x0, 0xaf, 0x20,
    0x0, 0x1, 0xfc, 0x0, 0xcf, 0x49, 0xf3, 0x0,
    0x0, 0x0, 0xaf, 0x20, 0x0, 0x1, 0xfc, 0x2,
    0xff, 0x9, 0xf3, 0x0, 0x0, 0x0, 0xaf, 0x20,
    0x0, 0x1, 0xfc, 0x8, 0xfa, 0x9, 0xfb, 0x99,
    0x99, 0x99, 0xef, 0x20, 0xa, 0xff, 0xfb, 0x1f,
    0xf4, 0x9, 0xff, 0xff, 0xff, 0xff, 0xff, 0x20,
    0x5, 0xed, 0xa2, 0x5, 0xb0, 0x9, 0xf4, 0x0,
    0x0, 0x0, 0xbf, 0x20, 0x0, 0x0, 0x0, 0x0,
    0x0, 0x0, 0x10, 0x0, 0x0, 0x0, 0x0, 0x0,

    /* U+63A5 "接" */
    0x0, 0x1, 0xfc, 0x0, 0x0, 0x0, 0x2, 0xa9,
    0x0, 0x0, 0x0, 0x0, 0x0, 0x1, 0xfd, 0x0,
    0x0, 0x0, 0x0, 0xdf, 0x40, 0x0, 0x0, 0x0,
    0x0, 0x1, 0xfd, 0x0, 0x7, 0x88, 0x88, 0xcf,
    0xd8, 0x88, 0x88, 0x20, 0x0, 0x1, 0xfd, 0x0,
    0xc, 0xff, 0xff, 0xff, 0xff, 0xff, 0xff, 0x50,
    0x2, 0x34, 0xfd, 0x33, 0x2, 0x37, 0xa3, 0x33,
    0x33, 0xa8, 0x33, 0x10, 0xd, 0xff, 0xff, 0xff,
    0x20, 0xb, 0xf4, 0x0, 0x2, 0xfe, 0x0, 0x0,
    0x9, 0xbb, 0xff, 0xbb, 0x10, 0x2, 0xfd, 0x0,
    0xb, 0xf5, 0x0, 0x0, 0x0, 0x1, 0xfd, 0x0,
    0x0, 0x0, 0xaa, 0x10, 0x4f, 0xc0, 0x0, 0x0,
    0x0, 0x1, 0xfd, 0x0, 0x9f, 0xff, 0xff, 0xff,
    0xff, 0xff, 0xff, 0xe0, 0x0, 0x1, 0xfd, 0x0,
    0x7b, 0xbb, 0xbc, 0xdb, 0xbb, 0xbb, 0xbb, 0xa0,
    0x0, 0x1, 0xfd, 0x26, 0x0, 0x0, 0x8, 0xf7,
    0x0, 0x0, 0x0, 0x0, 0x0, 0x5, 0xff, 0xff,
    0x0, 0x0, 0x1f, 0xf1, 0x0, 0x0, 0x0, 0x0,
    0xc, 0xff, 0xff, 0xb5, 0xef, 0xff, 0xff, 0xff,
    0xff, 0xff, 0xff, 0xf2, 0xe, 0xfb, 0xfd, 0x0,
    0xbc, 0xce, 0xff, 0xcc, 0xcc, 0xff, 0xdc, 0xc2,
    0x2, 0x1, 0xfd, 0x0, 0x0, 0xc, 0xf4, 0x0,
    0x0, 0xff, 0x10, 0x0, 0x0, 0x1, 0xfd, 0x0,
    0x0, 0x8f, 0xa0, 0x0, 0x7, 0xfb, 0x0, 0x0,
    0x0, 0x1, 0xfd, 0x0, 0x3, 0xff, 0xfb, 0x50,
    0x2f, 0xf3, 0x0, 0x0, 0x0, 0x1, 0xfd, 0x0,
    0x0, 0x17, 0xdf, 0xfe, 0xef, 0x80, 0x0, 0x0,
    0x0, 0x1, 0xfd, 0x0, 0x0, 0x0, 0x3, 0xef,
    0xff, 0xa2, 0x0, 0x0, 0x0, 0x1, 0xfd, 0x0,
    0x0, 0x15, 0x9e, 0xff, 0x9e, 0xff, 0xa1, 0x0,
    0x4, 0xee, 0xfb, 0x0, 0xbe, 0xff, 0xfe, 0x71,
    0x0, 0x7f, 0xff, 0x30, 0x0, 0xff, 0xc3, 0x0,
    0x9e, 0xa7, 0x30, 0x0, 0x0, 0x1, 0xab, 0x0,
    0x0, 0x0, 0x0, 0x0, 0x0, 0x0, 0x0, 0x0,
    0x0, 0x0, 0x0, 0x0,

    /* U+63A7 "控" */
    0x0, 0x0, 0x75, 0x0, 0x0, 0x0, 0x0, 0x14,
    0x20, 0x0, 0x0, 0x0, 0x0, 0x1, 0xfc, 0x0,
    0x0, 0x0, 0x0, 0x8f, 0x90, 0x0, 0x0, 0x0,
    0x0, 0x1, 0xfc, 0x0, 0x0, 0x0, 0x0, 0x1f,
    0xf1, 0x0, 0x0, 0x0, 0x0, 0x1, 0xfc, 0x0,
    0x8, 0x88, 0x88, 0x8e, 0xfb, 0x88, 0x88, 0x80,
    0x0, 0x1, 0xfc, 0x0, 0x1f, 0xff, 0xff, 0xff,
    0xff, 0xff, 0xff, 0xf0, 0xb, 0xdd, 0xff, 0xdd,
    0x4f, 0xd3, 0x33, 0x33, 0x33, 0x33, 0x3f, 0xf0,
    0xe, 0xff, 0xff, 0xff, 0x4f, 0xc0, 0x3, 0x10,
    0x1, 0x20, 0xf, 0xf0, 0x0, 0x2, 0xfc, 0x0,
    0x1e, 0xa0, 0x2f, 0xf1, 0xd, 0xe3, 0xa, 0xb0,
    0x0, 0x1, 0xfc, 0x0, 0x0, 0x2, 0xef, 0x70,
    0x6, 0xfe, 0x30, 0x0, 0x0, 0x1, 0xfc, 0x0,
    0x0, 0x3e, 0xf9, 0x0, 0x0, 0x5f, 0xf3, 0x0,
    0x0, 0x1, 0xfc, 0x0, 0x6, 0xff, 0xa0, 0x0,
    0x0, 0x5, 0xff, 0x30, 0x0, 0x1, 0xfc, 0x4,
    0x18, 0xf8, 0x0, 0x0, 0x0, 0x0, 0x6e, 0x20,
    0x0, 0x1, 0xff, 0xef, 0x40, 0x51, 0x11, 0x11,
    0x11, 0x11, 0x12, 0x0, 0x4, 0x9e, 0xff, 0xfa,
    0x20, 0xef, 0xff, 0xff, 0xff, 0xff, 0xfb, 0x0,
    0xf, 0xff, 0xfd, 0x10, 0x0, 0xac, 0xcc, 0xcf,
    0xfc, 0xcc, 0xc8, 0x0, 0x9, 0x72, 0xfc, 0x0,
    0x0, 0x0, 0x0, 0x2f, 0xe0, 0x0, 0x0, 0x0,
    0x0, 0x1, 0xfc, 0x0, 0x0, 0x0, 0x0, 0x2f,
    0xe0, 0x0, 0x0, 0x0, 0x0, 0x1, 0xfc, 0x0,
    0x0, 0x0, 0x0, 0x2f, 0xe0, 0x0, 0x0, 0x0,
    0x0, 0x1, 0xfc, 0x0, 0x0, 0x0, 0x0, 0x2f,
    0xe0, 0x0, 0x0, 0x0, 0x0, 0x1, 0xfc, 0x0,
    0x0, 0x0, 0x0, 0x2f, 0xe0, 0x0, 0x0, 0x0,
    0x0, 0x1, 0xfc, 0x0, 0xbd, 0xdd, 0xdd, 0xef,
    0xfd, 0xdd, 0xdd, 0xd6, 0x7, 0xee, 0xfb, 0x0,
    0xcf, 0xff, 0xff, 0xff, 0xff, 0xff, 0xff, 0xf6,
    0x3, 0xff, 0xc3, 0x0, 0x0, 0x0, 0x0, 0x0,
    0x0, 0x0, 0x0, 0x0,

    /* U+63A8 "推" */
    0x0, 0x0, 0x66, 0x0, 0x0, 0x0, 0x20, 0x0,
    0x0, 0x0, 0x0, 0x0, 0x0, 0x1f, 0xe0, 0x0,
    0x0, 0x3f, 0xc0, 0x4e, 0x90, 0x0, 0x0, 0x0,
    0x1, 0xfe, 0x0, 0x0, 0x8, 0xf8, 0x1, 0xff,
    0x20, 0x0, 0x0, 0x0, 0x1f, 0xe0, 0x0, 0x0,
    0xef, 0x20, 0x8, 0xfa, 0x0, 0x0, 0x0, 0x1,
    0xfe, 0x0, 0x0, 0x5f, 0xd2, 0x22, 0x4f, 0x82,
    0x22, 0x10, 0xbb, 0xbf, 0xfb, 0xb6, 0xd, 0xff,
    0xff, 0xff, 0xff, 0xff, 0xf7, 0xf, 0xff, 0xff,
    0xff, 0x95, 0xff, 0xcb, 0xbb, 0xff, 0xbb, 0xbb,
    0x50, 0x22, 0x4f, 0xf2, 0x22, 0xef, 0xf5, 0x0,
    0xd, 0xf1, 0x0, 0x0, 0x0, 0x1, 0xfe, 0x0,
    0x9f, 0xff, 0x50, 0x0, 0xdf, 0x10, 0x0, 0x0,
    0x0, 0x1f, 0xe0, 0x5f, 0xfc, 0xf5, 0x0, 0xd,
    0xf1, 0x0, 0x0, 0x0, 0x1, 0xfe, 0xa, 0xf7,
    0xaf, 0xff, 0xff, 0xff, 0xff, 0xff, 0x20, 0x0,
    0x1f, 0xe1, 0x7a, 0xa, 0xfd, 0xcc, 0xcf, 0xfc,
    0xcc, 0xc1, 0x0, 0x3, 0xff, 0xff, 0x70, 0xaf,
    0x50, 0x0, 0xdf, 0x10, 0x0, 0x1, 0x9e, 0xff,
    0xfe, 0x92, 0xa, 0xf5, 0x0, 0xd, 0xf1, 0x0,
    0x0, 0xf, 0xfe, 0xff, 0x0, 0x0, 0xaf, 0x72,
    0x22, 0xef, 0x32, 0x22, 0x0, 0x73, 0x1f, 0xe0,
    0x0, 0xa, 0xff, 0xff, 0xff, 0xff, 0xff, 0xf2,
    0x0, 0x1, 0xfe, 0x0, 0x0, 0xaf, 0xca, 0xaa,
    0xff, 0xaa, 0xaa, 0x10, 0x0, 0x1f, 0xe0, 0x0,
    0xa, 0xf5, 0x0, 0xd, 0xf1, 0x0, 0x0, 0x0,
    0x1, 0xfe, 0x0, 0x0, 0xaf, 0x50, 0x0, 0xdf,
    0x10, 0x0, 0x0, 0x0, 0x1f, 0xe0, 0x0, 0xa,
    0xfd, 0xcc, 0xcf, 0xfc, 0xcc, 0xcb, 0x0, 0x1,
    0xfe, 0x0, 0x0, 0xaf, 0xff, 0xff, 0xff, 0xff,
    0xff, 0xf0, 0x7f, 0xff, 0xd0, 0x0, 0xa, 0xf6,
    0x22, 0x22, 0x22, 0x22, 0x22, 0x2, 0xff, 0xc3,
    0x0, 0x0, 0xaf, 0x50, 0x0, 0x0, 0x0, 0x0,
    0x0, 0x0, 0x0, 0x0, 0x0, 0x0, 0x0, 0x0,
    0x0, 0x0, 0x0, 0x0,

    /* U+63CF "描" */
    0x0, 0x0, 0x32, 0x0, 0x0, 0x0, 0x23, 0x0,
    0x0, 0x33, 0x0, 0x0, 0x0, 0x1f, 0xc0, 0x0,
    0x0, 0xe, 0xf0, 0x0, 0xf, 0xe0, 0x0, 0x0,
    0x1, 0xfc, 0x0, 0x0, 0x0, 0xef, 0x0, 0x0,
    0xfe, 0x0, 0x0, 0x0, 0x1f, 0xc0, 0x0, 0x0,
    0xe, 0xf0, 0x0, 0xf, 0xe0, 0x0, 0x0, 0x1,
    0xfc, 0x0, 0x4a, 0xaa, 0xff, 0xaa, 0xab, 0xff,
    0xaa, 0xa0, 0x33, 0x4f, 0xd3, 0x37, 0xff, 0xff,
    0xff, 0xff, 0xff, 0xff, 0xff, 0xe, 0xff, 0xff,
    0xff, 0x63, 0x33, 0xef, 0x33, 0x34, 0xff, 0x33,
    0x30, 0x9b, 0xbf, 0xfb, 0xb3, 0x0, 0xe, 0xf0,
    0x0, 0xf, 0xe0, 0x0, 0x0, 0x1, 0xfc, 0x0,
    0x0, 0x0, 0xef, 0x0, 0x0, 0xfe, 0x0, 0x0,
    0x0, 0x1f, 0xc0, 0x0, 0x0, 0x1, 0x10, 0x0,
    0x1, 0x10, 0x0, 0x0, 0x1, 0xfc, 0x0, 0x0,
    0xee, 0xee, 0xee, 0xee, 0xee, 0xee, 0x0, 0x0,
    0x1f, 0xc3, 0x72, 0x1f, 0xff, 0xff, 0xff, 0xff,
    0xff, 0xf1, 0x0, 0x5, 0xff, 0xff, 0x41, 0xfd,
    0x0, 0xf, 0xd0, 0x0, 0xdf, 0x11, 0xbf, 0xff,
    0xfb, 0x61, 0x1f, 0xd0, 0x0, 0xfd, 0x0, 0xd,
    0xf1, 0xf, 0xfb, 0xfc, 0x0, 0x1, 0xfd, 0x0,
    0x1f, 0xd0, 0x0, 0xdf, 0x10, 0x30, 0x1f, 0xc0,
    0x0, 0x1f, 0xff, 0xff, 0xff, 0xff, 0xff, 0xf1,
    0x0, 0x1, 0xfc, 0x0, 0x1, 0xff, 0xbb, 0xcf,
    0xfb, 0xbb, 0xff, 0x10, 0x0, 0x1f, 0xc0, 0x0,
    0x1f, 0xd0, 0x0, 0xfd, 0x0, 0xd, 0xf1, 0x0,
    0x1, 0xfc, 0x0, 0x1, 0xfd, 0x0, 0xf, 0xd0,
    0x0, 0xdf, 0x10, 0x0, 0x1f, 0xc0, 0x0, 0x1f,
    0xd1, 0x12, 0xfd, 0x11, 0x1d, 0xf1, 0x0, 0x1,
    0xfc, 0x0, 0x1, 0xff, 0xff, 0xff, 0xff, 0xff,
    0xff, 0x10, 0x7e, 0xef, 0xb0, 0x0, 0x1f, 0xfb,
    0xbb, 0xbb, 0xbb, 0xbf, 0xf1, 0x3, 0xfe, 0xc3,
    0x0, 0x1, 0xfd, 0x0, 0x0, 0x0, 0x0, 0xdf,
    0x10, 0x0, 0x0, 0x0, 0x0, 0x2, 0x10, 0x0,
    0x0, 0x0, 0x0, 0x0,

    /* U+63D0 "提" */
    0x0, 0x0, 0x32, 0x0, 0x0, 0x0, 0x0, 0x0,
    0x0, 0x0, 0x0, 0x0, 0x0, 0x1, 0xfc, 0x0,
    0x0, 0x77, 0x77, 0x77, 0x77, 0x77, 0x71, 0x0,
    0x0, 0x1, 0xfc, 0x0, 0x1, 0xff, 0xff, 0xff,
    0xff, 0xff, 0xf3, 0x0, 0x0, 0x1, 0xfc, 0x0,
    0x1, 0xfc, 0x0, 0x0, 0x0, 0xb, 0xf3, 0x0,
    0x0, 0x1, 0xfc, 0x0, 0x1, 0xfd, 0x22, 0x22,
    0x22, 0x2c, 0xf3, 0x0, 0x6, 0x77, 0xfe, 0x77,
    0x21, 0xff, 0xff, 0xff, 0xff, 0xff, 0xf3, 0x0,
    0xf, 0xff, 0xff, 0xff, 0x61, 0xfd, 0x33, 0x33,
    0x33, 0x3c, 0xf3, 0x0, 0x7, 0x78, 0xfe, 0x77,
    0x21, 0xfc, 0x0, 0x0, 0x0, 0xb, 0xf3, 0x0,
    0x0, 0x1, 0xfc, 0x0, 0x1, 0xff, 0xff, 0xff,
    0xff, 0xff, 0xf3, 0x0, 0x0, 0x1, 0xfc, 0x0,
    0x0, 0x88, 0x88, 0x88, 0x88, 0x88, 0x81, 0x0,
    0x0, 0x1, 0xfc, 0x0, 0x0, 0x0, 0x0, 0x0,
    0x0, 0x0, 0x0, 0x0, 0x0, 0x1, 0xfc, 0x38,
    0x4d, 0xdd, 0xdd, 0xdd, 0xdd, 0xdd, 0xdd, 0x90,
    0x0, 0x16, 0xff, 0xff, 0x8d, 0xdd, 0xdd, 0xef,
    0xfd, 0xdd, 0xdd, 0x90, 0x1c, 0xff, 0xff, 0xb6,
    0x10, 0x10, 0x0, 0x5f, 0x90, 0x0, 0x0, 0x0,
    0xf, 0xea, 0xfc, 0x0, 0x0, 0xbf, 0x20, 0x5f,
    0x90, 0x0, 0x0, 0x0, 0x2, 0x1, 0xfc, 0x0,
    0x0, 0xef, 0x0, 0x5f, 0xd9, 0x99, 0x92, 0x0,
    0x0, 0x1, 0xfc, 0x0, 0x1, 0xfd, 0x0, 0x5f,
    0xff, 0xff, 0xf4, 0x0, 0x0, 0x1, 0xfc, 0x0,
    0x6, 0xff, 0x10, 0x5f, 0x90, 0x0, 0x0, 0x0,
    0x0, 0x1, 0xfc, 0x0, 0xb, 0xff, 0x90, 0x5f,
    0x90, 0x0, 0x0, 0x0, 0x0, 0x1, 0xfc, 0x0,
    0x2f, 0xe7, 0xf6, 0x5f, 0x90, 0x0, 0x0, 0x0,
    0x0, 0x1, 0xfc, 0x0, 0xcf, 0x60, 0xcf, 0xdf,
    0x90, 0x0, 0x0, 0x0, 0x6, 0xbc, 0xfb, 0x9,
    0xfd, 0x0, 0x1c, 0xff, 0xfd, 0xcc, 0xcc, 0xc3,
    0x4, 0xff, 0xe4, 0xa, 0xf2, 0x0, 0x0, 0x5a,
    0xdf, 0xff, 0xff, 0xf0, 0x0, 0x21, 0x0, 0x0,
    0x10, 0x0, 0x0, 0x0, 0x0, 0x0, 0x0, 0x0,

    /* U+6478 "摸" */
    0x0, 0x1, 0xfc, 0x0, 0x0, 0x1, 0xfd, 0x0,
    0x9, 0xf6, 0x0, 0x0, 0x0, 0x1, 0xfc, 0x0,
    0x1, 0x12, 0xfd, 0x11, 0x1a, 0xf7, 0x11, 0x0,
    0x0, 0x1, 0xfc, 0x0, 0x9f, 0xff, 0xff, 0xff,
    0xff, 0xff, 0xff, 0xb0, 0x0, 0x1, 0xfc, 0x0,
    0x6a, 0xab, 0xff, 0xaa, 0xae, 0xfc, 0xaa, 0x70,
    0x2, 0x34, 0xfd, 0x33, 0x0, 0x1, 0xfd, 0x0,
    0x9, 0xf6, 0x0, 0x0, 0xc, 0xff, 0xff, 0xff,
    0x43, 0x67, 0xcb, 0x66, 0x6a, 0xc9, 0x62, 0x0,
    0x5, 0x78, 0xfe, 0x77, 0x28, 0xff, 0xff, 0xff,
    0xff, 0xff, 0xf7, 0x0, 0x0, 0x1, 0xfc, 0x0,
    0x8, 0xf7, 0x11, 0x11, 0x11, 0x19, 0xf7, 0x0,
    0x0, 0x1, 0xfc, 0x0, 0x8, 0xfa, 0x66, 0x66,
    0x66, 0x6b, 0xf7, 0x0, 0x0, 0x1, 0xfc, 0x0,
    0x8, 0xff, 0xff, 0xff, 0xff, 0xff, 0xf7, 0x0,
    0x0, 0x1, 0xfc, 0x27, 0x38, 0xf7, 0x11, 0x11,
    0x11, 0x19, 0xf7, 0x0, 0x0, 0x4, 0xff, 0xff,
    0x58, 0xf9, 0x44, 0x44, 0x44, 0x4a, 0xf7, 0x0,
    0xa, 0xff, 0xff, 0xd8, 0x28, 0xff, 0xff, 0xff,
    0xff, 0xff, 0xf7, 0x0, 0xc, 0xfd, 0xfd, 0x0,
    0x2, 0x44, 0x44, 0xcf, 0x74, 0x44, 0x41, 0x0,
    0x3, 0x11, 0xfc, 0x0, 0x0, 0x0, 0x0, 0xdf,
    0x30, 0x0, 0x0, 0x0, 0x0, 0x1, 0xfc, 0x0,
    0xef, 0xff, 0xff, 0xff, 0xff, 0xff, 0xff, 0xb0,
    0x0, 0x1, 0xfc, 0x0, 0xab, 0xbb, 0xbd, 0xff,
    0xfe, 0xbb, 0xbb, 0x80, 0x0, 0x1, 0xfc, 0x0,
    0x0, 0x0, 0xe, 0xf8, 0xfe, 0x10, 0x0, 0x0,
    0x0, 0x1, 0xfc, 0x0, 0x0, 0x1, 0xcf, 0xc0,
    0x8f, 0xd2, 0x0, 0x0, 0x0, 0x1, 0xfc, 0x0,
    0x0, 0x6e, 0xfd, 0x10, 0xa, 0xff, 0x71, 0x0,
    0x7, 0xee, 0xfb, 0x3, 0xbf, 0xff, 0x90, 0x0,
    0x0, 0x8f, 0xff, 0xa0, 0x3, 0xff, 0xc3, 0x0,
    0xee, 0x92, 0x0, 0x0, 0x0, 0x2, 0xaf, 0x60,
    0x0, 0x0, 0x0, 0x0, 0x10, 0x0, 0x0, 0x0,
    0x0, 0x0, 0x0, 0x0,

    /* U+64CD "操" */
    0x0, 0x3, 0x20, 0x0, 0x0, 0x0, 0x0, 0x0,
    0x0, 0x0, 0x0, 0x0, 0x1, 0xfd, 0x0, 0x0,
    0x0, 0x0, 0x0, 0x0, 0x0, 0x0, 0x0, 0x0,
    0x1f, 0xd0, 0x0, 0x0, 0xbf, 0xff, 0xff, 0xff,
    0xf2, 0x0, 0x0, 0x1, 0xfd, 0x0, 0x0, 0xb,
    0xf7, 0x77, 0x77, 0xdf, 0x20, 0x0, 0x0, 0x1f,
    0xd0, 0x0, 0x0, 0xbf, 0x0, 0x0, 0xb, 0xf2,
    0x0, 0x4, 0x57, 0xfe, 0x55, 0x0, 0xb, 0xf5,
    0x55, 0x55, 0xcf, 0x20, 0x0, 0xbf, 0xff, 0xff,
    0xf0, 0x0, 0xbf, 0xff, 0xff, 0xff, 0xf2, 0x0,
    0x4, 0x78, 0xfe, 0x77, 0x0, 0x0, 0x11, 0x11,
    0x11, 0x11, 0x0, 0x0, 0x0, 0x1f, 0xd0, 0x1,
    0xff, 0xff, 0xff, 0xa, 0xff, 0xff, 0xf9, 0x0,
    0x1, 0xfd, 0x0, 0x1f, 0xc7, 0x7c, 0xf0, 0xbf,
    0x77, 0x8f, 0x90, 0x0, 0x1f, 0xd0, 0x1, 0xf8,
    0x0, 0xaf, 0xb, 0xe0, 0x1, 0xf9, 0x0, 0x1,
    0xfd, 0x7b, 0x1f, 0x80, 0xa, 0xf0, 0xbe, 0x0,
    0x1f, 0x90, 0x0, 0x6f, 0xff, 0xf1, 0xff, 0xee,
    0xff, 0xb, 0xfe, 0xee, 0xf9, 0xa, 0xff, 0xff,
    0x82, 0x9, 0x99, 0x99, 0xb7, 0xa9, 0x99, 0x99,
    0x50, 0xbf, 0xbf, 0xd0, 0x0, 0x0, 0x0, 0x5,
    0xfa, 0x0, 0x0, 0x0, 0x2, 0x11, 0xfd, 0x0,
    0x8b, 0xbb, 0xbb, 0xcf, 0xeb, 0xbb, 0xbb, 0x90,
    0x0, 0x1f, 0xd0, 0xc, 0xff, 0xff, 0xff, 0xff,
    0xff, 0xff, 0xfe, 0x0, 0x1, 0xfd, 0x0, 0x0,
    0x0, 0x2d, 0xff, 0xff, 0x30, 0x0, 0x0, 0x0,
    0x1f, 0xd0, 0x0, 0x0, 0x4e, 0xfc, 0xfc, 0xef,
    0x40, 0x0, 0x0, 0x1, 0xfd, 0x0, 0x1, 0x9f,
    0xf6, 0x5f, 0xa2, 0xef, 0x90, 0x0, 0x0, 0x1f,
    0xd0, 0x18, 0xff, 0xe3, 0x5, 0xfa, 0x2, 0xdf,
    0xe6, 0x0, 0xcd, 0xfb, 0xb, 0xff, 0x80, 0x0,
    0x5f, 0xa0, 0x0, 0x8f, 0xc0, 0xb, 0xfd, 0x40,
    0x18, 0x10, 0x0, 0x5, 0xfa, 0x0, 0x0, 0x22,
    0x0,

    /* U+652F "支" */
    0x0, 0x0, 0x0, 0x0, 0x0, 0x6, 0x60, 0x0,
    0x0, 0x0, 0x0, 0x0, 0x0, 0x0, 0x0, 0x0,
    0x0, 0x1f, 0xf0, 0x0, 0x0, 0x0, 0x0, 0x0,
    0x0, 0x0, 0x0, 0x0, 0x0, 0x1f, 0xf0, 0x0,
    0x0, 0x0, 0x0, 0x0, 0x0, 0x0, 0x0, 0x0,
    0x0, 0x1f, 0xf0, 0x0, 0x0, 0x0, 0x0, 0x0,
    0x2, 0xee, 0xee, 0xee, 0xee, 0xef, 0xfe, 0xee,
    0xee, 0xee, 0xee, 0x10, 0x3, 0xff, 0xff, 0xff,
    0xff, 0xff, 0xff, 0xff, 0xff, 0xff, 0xff, 0x20,
    0x0, 0x22, 0x22, 0x22, 0x22, 0x4f, 0xf2, 0x22,
    0x22, 0x22, 0x22, 0x0, 0x0, 0x0, 0x0, 0x0,
    0x0, 0x1f, 0xf0, 0x0, 0x0, 0x0, 0x0, 0x0,
    0x0, 0x0, 0x0, 0x0, 0x0, 0x1f, 0xf0, 0x0,
    0x0, 0x0, 0x0, 0x0, 0x0, 0x0, 0x0, 0x0,
    0x0, 0x1f, 0xf0, 0x0, 0x0, 0x0, 0x0, 0x0,
    0x0, 0x1f, 0xff, 0xff, 0xff, 0xff, 0xff, 0xff,
    0xff, 0xfb, 0x10, 0x0, 0x0, 0x1f, 0xff, 0xff,
    0xff, 0xff, 0xff, 0xff, 0xff, 0xfe, 0x0, 0x0,
    0x0, 0x0, 0xd, 0xf5, 0x0, 0x0, 0x0, 0x0,
    0x1e, 0xf6, 0x0, 0x0, 0x0, 0x0, 0x5, 0xfe,
    0x10, 0x0, 0x0, 0x0, 0xaf, 0xd0, 0x0, 0x0,
    0x0, 0x0, 0x0, 0xaf, 0xc0, 0x0, 0x0, 0x7,
    0xff, 0x30, 0x0, 0x0, 0x0, 0x0, 0x0, 0x1d,
    0xfb, 0x0, 0x0, 0x7f, 0xf5, 0x0, 0x0, 0x0,
    0x0, 0x0, 0x0, 0x2, 0xef, 0xc2, 0xa, 0xff,
    0x60, 0x0, 0x0, 0x0, 0x0, 0x0, 0x0, 0x0,
    0x2d, 0xff, 0xef, 0xf5, 0x0, 0x0, 0x0, 0x0,
    0x0, 0x0, 0x0, 0x0, 0x5, 0xff, 0xff, 0x80,
    0x0, 0x0, 0x0, 0x0, 0x0, 0x0, 0x0, 0x27,
    0xdf, 0xfe, 0xef, 0xfe, 0x83, 0x0, 0x0, 0x0,
    0x0, 0x26, 0x9d, 0xff, 0xfe, 0x70, 0x7, 0xef,
    0xff, 0xea, 0x74, 0x20, 0xd, 0xff, 0xff, 0xfa,
    0x40, 0x0, 0x0, 0x5, 0xaf, 0xff, 0xff, 0xc0,
    0x5, 0xfc, 0x84, 0x0, 0x0, 0x0, 0x0, 0x0,
    0x0, 0x47, 0xbd, 0x20, 0x0, 0x0, 0x0, 0x0,
    0x0, 0x0, 0x0, 0x0, 0x0, 0x0, 0x0, 0x0,

    /* U+6536 "收" */
    0x0, 0x0, 0x0, 0x0, 0x0, 0x0, 0x1, 0x0,
    0x0, 0x0, 0x0, 0x0, 0x0, 0x0, 0x3, 0xda,
    0x0, 0x6, 0xfa, 0x0, 0x0, 0x0, 0x0, 0x0,
    0x0, 0x0, 0x4f, 0xc0, 0x0, 0x8f, 0x70, 0x0,
    0x0, 0x0, 0x0, 0x9a, 0x0, 0x4, 0xfc, 0x0,
    0xc, 0xf4, 0x0, 0x0, 0x0, 0x0, 0xe, 0xf1,
    0x0, 0x4f, 0xc0, 0x0, 0xff, 0x0, 0x0, 0x0,
    0x0, 0x0, 0xef, 0x10, 0x4, 0xfc, 0x0, 0x4f,
    0xfc, 0xcc, 0xcc, 0xcc, 0xa0, 0xe, 0xf1, 0x0,
    0x4f, 0xc0, 0xa, 0xff, 0xff, 0xff, 0xff, 0xfd,
    0x0, 0xef, 0x10, 0x4, 0xfc, 0x0, 0xff, 0x42,
    0x22, 0x2f, 0xf2, 0x10, 0xe, 0xf1, 0x0, 0x4f,
    0xc0, 0x7f, 0xf4, 0x0, 0x2, 0xfd, 0x0, 0x0,
    0xef, 0x10, 0x4, 0xfc, 0x1e, 0xff, 0x90, 0x0,
    0x6f, 0xa0, 0x0, 0xe, 0xf1, 0x0, 0x4f, 0xca,
    0xfc, 0xee, 0x0, 0xa, 0xf6, 0x0, 0x0, 0xef,
    0x10, 0x4, 0xfc, 0xbf, 0x39, 0xf4, 0x0, 0xef,
    0x10, 0x0, 0xe, 0xf1, 0x0, 0x4f, 0xc1, 0x60,
    0x3f, 0xb0, 0x3f, 0xc0, 0x0, 0x0, 0xef, 0x10,
    0x4, 0xfc, 0x0, 0x0, 0xdf, 0x2a, 0xf7, 0x0,
    0x0, 0xe, 0xf1, 0x4, 0xaf, 0xc0, 0x0, 0x6,
    0xfb, 0xff, 0x10, 0x0, 0x0, 0xff, 0xae, 0xff,
    0xfc, 0x0, 0x0, 0xe, 0xff, 0x90, 0x0, 0x0,
    0x7f, 0xff, 0xfc, 0x9f, 0xc0, 0x0, 0x0, 0x7f,
    0xf2, 0x0, 0x0, 0x6, 0xfe, 0x82, 0x4, 0xfc,
    0x0, 0x0, 0x1d, 0xff, 0x90, 0x0, 0x0, 0x6,
    0x0, 0x0, 0x4f, 0xc0, 0x0, 0xc, 0xfc, 0xff,
    0x70, 0x0, 0x0, 0x0, 0x0, 0x4, 0xfc, 0x0,
    0x1c, 0xfd, 0x15, 0xff, 0x80, 0x0, 0x0, 0x0,
    0x0, 0x4f, 0xc0, 0x6f, 0xfd, 0x20, 0x7, 0xff,
    0xb2, 0x0, 0x0, 0x0, 0x4, 0xfc, 0x7f, 0xfb,
    0x10, 0x0, 0x5, 0xff, 0xa0, 0x0, 0x0, 0x0,
    0x4f, 0xc0, 0xb7, 0x0, 0x0, 0x0, 0x2, 0xa0,
    0x0, 0x0, 0x0, 0x0, 0x0, 0x0, 0x0, 0x0,
    0x0, 0x0, 0x0, 0x0,

    /* U+6539 "改" */
    0x0, 0x0, 0x0, 0x0, 0x0, 0x0, 0x2, 0x0,
    0x0, 0x0, 0x0, 0x0, 0x0, 0x0, 0x0, 0x0,
    0x0, 0x0, 0xff, 0x30, 0x0, 0x0, 0x0, 0x49,
    0x99, 0x99, 0x99, 0x91, 0x0, 0x3f, 0xf0, 0x0,
    0x0, 0x0, 0x7, 0xff, 0xff, 0xff, 0xff, 0x20,
    0x7, 0xfb, 0x0, 0x0, 0x0, 0x0, 0x36, 0x66,
    0x66, 0x6f, 0xf2, 0x0, 0xcf, 0x60, 0x0, 0x0,
    0x0, 0x0, 0x0, 0x0, 0x0, 0xef, 0x20, 0x1f,
    0xfd, 0xdd, 0xdd, 0xdd, 0xc0, 0x0, 0x0, 0x0,
    0xe, 0xf2, 0x7, 0xff, 0xff, 0xff, 0xff, 0xfe,
    0x0, 0x0, 0x0, 0x0, 0xef, 0x20, 0xef, 0x90,
    0x0, 0xd, 0xf6, 0x0, 0x0, 0x0, 0x0, 0xe,
    0xf2, 0x6f, 0xfc, 0x0, 0x0, 0xff, 0x30, 0x0,
    0xff, 0xee, 0xee, 0xff, 0x3e, 0xff, 0xf0, 0x0,
    0x3f, 0xf0, 0x0, 0xf, 0xff, 0xff, 0xff, 0xfd,
    0xfe, 0xaf, 0x50, 0x7, 0xfb, 0x0, 0x0, 0xff,
    0x21, 0x11, 0x11, 0x8f, 0x54, 0xfa, 0x0, 0xcf,
    0x60, 0x0, 0xf, 0xf1, 0x0, 0x0, 0x0, 0x30,
    0xf, 0xf1, 0x1f, 0xf1, 0x0, 0x0, 0xff, 0x10,
    0x0, 0x0, 0x0, 0x0, 0x9f, 0x78, 0xfb, 0x0,
    0x0, 0xf, 0xf1, 0x0, 0x0, 0x0, 0x0, 0x3,
    0xfe, 0xef, 0x50, 0x0, 0x0, 0xff, 0x10, 0x0,
    0x0, 0x0, 0x0, 0xb, 0xff, 0xd0, 0x0, 0x0,
    0xf, 0xf1, 0x0, 0x4, 0x91, 0x0, 0x0, 0x6f,
    0xf6, 0x0, 0x0, 0x0, 0xff, 0x13, 0x8e, 0xff,
    0x30, 0x0, 0x2f, 0xff, 0xd1, 0x0, 0x0, 0xf,
    0xfd, 0xff, 0xfd, 0x60, 0x0, 0x3e, 0xfc, 0xdf,
    0xc0, 0x0, 0xa, 0xff, 0xff, 0x93, 0x0, 0x0,
    0x6f, 0xfd, 0x12, 0xef, 0xd2, 0x0, 0x6f, 0xd7,
    0x0, 0x0, 0x4, 0xcf, 0xfc, 0x10, 0x3, 0xef,
    0xf8, 0x1, 0x60, 0x0, 0x0, 0x0, 0xbf, 0xf7,
    0x0, 0x0, 0x1, 0xcf, 0xc0, 0x0, 0x0, 0x0,
    0x0, 0x1, 0xa2, 0x0, 0x0, 0x0, 0x0, 0x51,
    0x0,

    /* U+6548 "效" */
    0x0, 0x0, 0x0, 0x10, 0x0, 0x0, 0x0, 0x2,
    0x0, 0x0, 0x0, 0x0, 0x0, 0x0, 0x2e, 0xc0,
    0x0, 0x0, 0x0, 0xc, 0xf2, 0x0, 0x0, 0x0,
    0x0, 0x0, 0xb, 0xf7, 0x0, 0x0, 0x0, 0xf,
    0xf0, 0x0, 0x0, 0x0, 0x0, 0x0, 0x2, 0xfd,
    0x0, 0x0, 0x0, 0x3f, 0xc0, 0x0, 0x0, 0x0,
    0xa, 0xcc, 0xcc, 0xfc, 0xcc, 0xcc, 0x20, 0x7f,
    0x80, 0x0, 0x0, 0x0, 0xe, 0xff, 0xff, 0xff,
    0xff, 0xff, 0x20, 0xbf, 0xed, 0xdd, 0xdd, 0xc0,
    0x1, 0x14, 0x41, 0x11, 0x45, 0x11, 0x0, 0xff,
    0xff, 0xff, 0xff, 0xe0, 0x0, 0xb, 0xf4, 0x1,
    0xfe, 0x20, 0x5, 0xfa, 0x0, 0x8, 0xf8, 0x0,
    0x0, 0x3f, 0xd0, 0x0, 0x6f, 0xc0, 0xc, 0xf5,
    0x0, 0xb, 0xf5, 0x0, 0x0, 0xcf, 0x50, 0x0,
    0xb, 0xf6, 0x3f, 0xf6, 0x0, 0xe, 0xf1, 0x0,
    0x6, 0xfb, 0x0, 0x1, 0x65, 0xfd, 0xcf, 0xfb,
    0x0, 0x2f, 0xe0, 0x0, 0x3f, 0xf3, 0x70, 0x7,
    0xf9, 0x67, 0xfe, 0xdf, 0x0, 0x6f, 0x90, 0x0,
    0xa, 0x6b, 0xfa, 0xc, 0xf4, 0x1, 0xd5, 0x8f,
    0x50, 0xbf, 0x40, 0x0, 0x0, 0x1, 0xdf, 0xbf,
    0xd0, 0x0, 0x10, 0x3f, 0xc1, 0xff, 0x0, 0x0,
    0x0, 0x0, 0x2e, 0xff, 0x70, 0x0, 0x0, 0xc,
    0xfb, 0xf9, 0x0, 0x0, 0x0, 0x0, 0x5, 0xff,
    0x60, 0x0, 0x0, 0x6, 0xff, 0xf2, 0x0, 0x0,
    0x0, 0x0, 0xc, 0xff, 0xf3, 0x0, 0x0, 0x0,
    0xef, 0xa0, 0x0, 0x0, 0x0, 0x0, 0x8f, 0xc8,
    0xfe, 0x10, 0x0, 0x6, 0xff, 0xe1, 0x0, 0x0,
    0x0, 0x6, 0xff, 0x20, 0xcf, 0xa0, 0x0, 0x4f,
    0xfd, 0xfb, 0x0, 0x0, 0x0, 0x7f, 0xf5, 0x0,
    0x2f, 0xb0, 0x6, 0xff, 0x71, 0xef, 0xb0, 0x0,
    0x1a, 0xff, 0x60, 0x0, 0x3, 0x1, 0xaf, 0xf7,
    0x0, 0x3f, 0xfc, 0x20, 0xb, 0xf4, 0x0, 0x0,
    0x0, 0x5f, 0xfe, 0x40, 0x0, 0x3, 0xef, 0xd0,
    0x0, 0x20, 0x0, 0x0, 0x0, 0xb, 0x91, 0x0,
    0x0, 0x0, 0x2b, 0x20, 0x0, 0x0, 0x0, 0x0,
    0x0, 0x0, 0x0, 0x0, 0x0, 0x0, 0x0, 0x0,

    /* U+6570 "数" */
    0x0, 0x0, 0x0, 0x33, 0x0, 0x0, 0x0, 0x0,
    0x0, 0x0, 0x0, 0x0, 0x0, 0x57, 0x0, 0xfe,
    0x0, 0x86, 0x0, 0xf, 0xc0, 0x0, 0x0, 0x0,
    0x0, 0xaf, 0x30, 0xfe, 0x2, 0xfc, 0x0, 0x2f,
    0xc0, 0x0, 0x0, 0x0, 0x0, 0x1f, 0xb0, 0xfe,
    0xc, 0xf2, 0x0, 0x5f, 0x90, 0x0, 0x0, 0x0,
    0x0, 0x8, 0x70, 0xfe, 0x8, 0x50, 0x0, 0x9f,
    0x50, 0x0, 0x0, 0x0, 0xd, 0xff, 0xff, 0xff,
    0xff, 0xff, 0xc0, 0xcf, 0xdd, 0xdd, 0xdd, 0xc0,
    0x8, 0xaa, 0xae, 0xff, 0xea, 0xaa, 0x71, 0xff,
    0xff, 0xff, 0xff, 0xe0, 0x0, 0x0, 0x5f, 0xff,
    0xfb, 0x10, 0x6, 0xfe, 0x11, 0x1b, 0xf4, 0x10,
    0x0, 0x6, 0xfe, 0xfe, 0x7f, 0xf5, 0xc, 0xff,
    0x10, 0xd, 0xf1, 0x0, 0x0, 0x9f, 0xe2, 0xfe,
    0x4, 0xfc, 0x3f, 0xff, 0x40, 0xf, 0xe0, 0x0,
    0xd, 0xfd, 0x20, 0xfe, 0x0, 0x31, 0xbf, 0xaf,
    0x80, 0x3f, 0xa0, 0x0, 0x5, 0xa0, 0x2, 0x74,
    0x0, 0x4, 0xfe, 0x1f, 0xd0, 0x7f, 0x70, 0x0,
    0x0, 0x0, 0xd, 0xf1, 0x0, 0x0, 0x96, 0xb,
    0xf2, 0xcf, 0x20, 0x0, 0x4, 0xcc, 0xcf, 0xfc,
    0xcc, 0xc8, 0x0, 0x6, 0xfa, 0xfd, 0x0, 0x0,
    0x5, 0xff, 0xff, 0xff, 0xff, 0xfa, 0x0, 0x1,
    0xff, 0xf7, 0x0, 0x0, 0x0, 0x5, 0xfb, 0x0,
    0xa, 0xf4, 0x0, 0x0, 0xaf, 0xf1, 0x0, 0x0,
    0x0, 0xd, 0xf3, 0x0, 0x4f, 0xc0, 0x0, 0x0,
    0x9f, 0xe0, 0x0, 0x0, 0x0, 0x3d, 0xff, 0x93,
    0xef, 0x20, 0x0, 0x4, 0xff, 0xf9, 0x0, 0x0,
    0x0, 0x0, 0x4c, 0xff, 0xf6, 0x0, 0x0, 0x2e,
    0xf7, 0xff, 0x50, 0x0, 0x0, 0x0, 0x7, 0xff,
    0xfe, 0x60, 0x3, 0xef, 0x90, 0x6f, 0xf4, 0x0,
    0x0, 0x27, 0xef, 0xd4, 0x7f, 0x90, 0x8f, 0xf9,
    0x0, 0x9, 0xff, 0x70, 0xb, 0xff, 0xe7, 0x0,
    0x2, 0xd, 0xff, 0x70, 0x0, 0x0, 0x9f, 0xf3,
    0x5, 0xa5, 0x0, 0x0, 0x0, 0x6, 0xc3, 0x0,
    0x0, 0x0, 0x6, 0x50, 0x0, 0x0, 0x0, 0x0,
    0x0, 0x0, 0x0, 0x0, 0x0, 0x0, 0x0, 0x0,

    /* U+6574 "整" */
    0x0, 0x0, 0x0, 0x54, 0x0, 0x0, 0x0, 0x3,
    0x10, 0x0, 0x0, 0x0, 0x0, 0x0, 0x0, 0xfd,
    0x0, 0x0, 0x0, 0xf, 0xe0, 0x0, 0x0, 0x0,
    0xa, 0xff, 0xff, 0xff, 0xff, 0xff, 0x40, 0x6f,
    0x90, 0x0, 0x0, 0x0, 0x5, 0x99, 0x99, 0xfe,
    0x99, 0x99, 0x20, 0xdf, 0xdb, 0xbb, 0xbb, 0x90,
    0x0, 0x22, 0x22, 0xfd, 0x22, 0x21, 0x5, 0xff,
    0xff, 0xff, 0xff, 0xd0, 0x0, 0xff, 0xff, 0xff,
    0xff, 0xfc, 0x1e, 0xfc, 0x11, 0x1d, 0xf3, 0x10,
    0x0, 0xfb, 0x22, 0xfd, 0x22, 0xfc, 0xcf, 0xef,
    0x40, 0x3f, 0xc0, 0x0, 0x0, 0xfb, 0x22, 0xfd,
    0x22, 0xfc, 0x7c, 0x1e, 0xd0, 0xbf, 0x40, 0x0,
    0x0, 0xff, 0xff, 0xff, 0xff, 0xfc, 0x0, 0x5,
    0xfd, 0xfb, 0x0, 0x0, 0x0, 0x22, 0x4e, 0xfe,
    0xc8, 0x21, 0x0, 0x0, 0xcf, 0xf1, 0x0, 0x0,
    0x0, 0x4, 0xee, 0xfe, 0x9f, 0xc2, 0x0, 0x1a,
    0xff, 0xfd, 0x30, 0x0, 0x2, 0xaf, 0xd1, 0xfd,
    0x4, 0xe7, 0x29, 0xff, 0xa1, 0x8f, 0xfa, 0x40,
    0xa, 0xf9, 0x0, 0xfd, 0x0, 0x10, 0xaf, 0xc4,
    0x0, 0x4, 0xcf, 0xa0, 0x0, 0x46, 0x66, 0x98,
    0x66, 0x66, 0x69, 0x66, 0x66, 0x66, 0x66, 0x10,
    0x0, 0x5f, 0xff, 0xff, 0xff, 0xff, 0xff, 0xff,
    0xff, 0xff, 0xf6, 0x0, 0x0, 0x14, 0x44, 0x44,
    0x44, 0x5f, 0xf4, 0x44, 0x44, 0x44, 0x41, 0x0,
    0x0, 0x0, 0x8, 0x80, 0x0, 0x1f, 0xf0, 0x0,
    0x0, 0x0, 0x0, 0x0, 0x0, 0x0, 0xf, 0xf0,
    0x0, 0x1f, 0xf9, 0x99, 0x99, 0x97, 0x0, 0x0,
    0x0, 0x0, 0xf, 0xf0, 0x0, 0x1f, 0xff, 0xff,
    0xff, 0xfb, 0x0, 0x0, 0x0, 0x0, 0xf, 0xf0,
    0x0, 0x1f, 0xf0, 0x0, 0x0, 0x0, 0x0, 0x0,
    0x8, 0x99, 0xaf, 0xf9, 0x99, 0xaf, 0xf9, 0x99,
    0x99, 0x99, 0x99, 0x90, 0xe, 0xff, 0xff, 0xff,
    0xff, 0xff, 0xff, 0xff, 0xff, 0xff, 0xff, 0xf0,
    0xe, 0xff, 0xff, 0xff, 0xff, 0xff, 0xff, 0xff,
    0xff, 0xff, 0xff, 0xf0,

    /* U+6587 "文" */
    0x0, 0x0, 0x0, 0x0, 0x0, 0x2, 0x20, 0x0,
    0x0, 0x0, 0x0, 0x0, 0x0, 0x0, 0x0, 0x0,
    0x0, 0xaf, 0xc0, 0x0, 0x0, 0x0, 0x0, 0x0,
    0x0, 0x0, 0x0, 0x0, 0x0, 0x4f, 0xf4, 0x0,
    0x0, 0x0, 0x0, 0x0, 0x0, 0x0, 0x0, 0x0,
    0x0, 0xc, 0xfc, 0x0, 0x0, 0x0, 0x0, 0x0,
    0x0, 0x0, 0x0, 0x0, 0x0, 0x6, 0xc7, 0x0,
    0x0, 0x0, 0x0, 0x0, 0xd, 0xff, 0xff, 0xff,
    0xff, 0xff, 0xff, 0xff, 0xff, 0xff, 0xff, 0xf0,
    0xc, 0xff, 0xff, 0xff, 0xff, 0xff, 0xff, 0xff,
    0xff, 0xff, 0xff, 0xe0, 0x0, 0x0, 0xd, 0xf4,
    0x0, 0x0, 0x0, 0x0, 0x5f, 0xe0, 0x0, 0x0,
    0x0, 0x0, 0x7, 0xfb, 0x0, 0x0, 0x0, 0x0,
    0xcf, 0x80, 0x0, 0x0, 0x0, 0x0, 0x0, 0xef,
    0x30, 0x0, 0x0, 0x3, 0xff, 0x20, 0x0, 0x0,
    0x0, 0x0, 0x0, 0x7f, 0xc0, 0x0, 0x0, 0xc,
    0xfa, 0x0, 0x0, 0x0, 0x0, 0x0, 0x0, 0xd,
    0xf7, 0x0, 0x0, 0x5f, 0xf1, 0x0, 0x0, 0x0,
    0x0, 0x0, 0x0, 0x4, 0xff, 0x30, 0x1, 0xef,
    0x70, 0x0, 0x0, 0x0, 0x0, 0x0, 0x0, 0x0,
    0xaf, 0xe1, 0xc, 0xfc, 0x0, 0x0, 0x0, 0x0,
    0x0, 0x0, 0x0, 0x0, 0xd, 0xfc, 0xaf, 0xe2,
    0x0, 0x0, 0x0, 0x0, 0x0, 0x0, 0x0, 0x0,
    0x2, 0xef, 0xff, 0x40, 0x0, 0x0, 0x0, 0x0,
    0x0, 0x0, 0x0, 0x0, 0x1, 0xcf, 0xfe, 0x30,
    0x0, 0x0, 0x0, 0x0, 0x0, 0x0, 0x0, 0x0,
    0x5e, 0xff, 0xef, 0xf7, 0x0, 0x0, 0x0, 0x0,
    0x0, 0x0, 0x0, 0x3b, 0xff, 0xc2, 0x1c, 0xff,
    0xc4, 0x0, 0x0, 0x0, 0x0, 0x0, 0x4b, 0xff,
    0xf8, 0x0, 0x0, 0x8f, 0xff, 0xc5, 0x0, 0x0,
    0x3, 0x8d, 0xff, 0xfa, 0x20, 0x0, 0x0, 0x2,
    0xbf, 0xff, 0xe9, 0x40, 0xc, 0xff, 0xfa, 0x30,
    0x0, 0x0, 0x0, 0x0, 0x3, 0xaf, 0xff, 0xc0,
    0x2, 0xc6, 0x10, 0x0, 0x0, 0x0, 0x0, 0x0,
    0x0, 0x1, 0x6a, 0x10,

    /* U+65AD "断" */
    0x0, 0x0, 0x0, 0x2, 0x10, 0x0, 0x0, 0x0,
    0x0, 0x0, 0x0, 0x0, 0x32, 0x0, 0x2, 0xf9,
    0x0, 0x0, 0x0, 0x0, 0x5, 0xbe, 0x30, 0x1f,
    0xc0, 0x31, 0x2f, 0x90, 0x31, 0x0, 0x15, 0xaf,
    0xff, 0xfa, 0x1, 0xfc, 0x1f, 0x62, 0xf9, 0xe,
    0xc6, 0xdf, 0xff, 0xfb, 0x61, 0x0, 0x1f, 0xc0,
    0xcb, 0x2f, 0x94, 0xf5, 0x9f, 0xc7, 0x40, 0x0,
    0x0, 0x1, 0xfc, 0x8, 0xf2, 0xf9, 0x9d, 0x9,
    0xf5, 0x0, 0x0, 0x0, 0x0, 0x1f, 0xc0, 0x5f,
    0x3f, 0x9e, 0x60, 0x9f, 0x50, 0x0, 0x0, 0x0,
    0x1, 0xfc, 0x0, 0x2, 0xf9, 0x10, 0x9, 0xf5,
    0x0, 0x0, 0x0, 0x0, 0x1f, 0xc6, 0xee, 0xef,
    0xfe, 0xee, 0x9f, 0x50, 0x0, 0x0, 0x0, 0x1,
    0xfc, 0x6e, 0xef, 0xff, 0xee, 0xe9, 0xff, 0xff,
    0xff, 0xff, 0xf4, 0x1f, 0xc0, 0x0, 0xaf, 0xd1,
    0x0, 0x9f, 0xfe, 0xef, 0xff, 0xee, 0x31, 0xfc,
    0x0, 0x3f, 0xff, 0xc0, 0x9, 0xf5, 0x0, 0x1f,
    0xd0, 0x0, 0x1f, 0xc0, 0xc, 0xff, 0xcf, 0xb0,
    0x9f, 0x50, 0x1, 0xfd, 0x0, 0x1, 0xfc, 0x8,
    0xf7, 0xf9, 0x8f, 0x9a, 0xf4, 0x0, 0x1f, 0xd0,
    0x0, 0x1f, 0xc5, 0xfc, 0x2f, 0x90, 0xc3, 0xaf,
    0x30, 0x1, 0xfd, 0x0, 0x1, 0xfc, 0xdf, 0x22,
    0xf9, 0x0, 0xc, 0xf2, 0x0, 0x1f, 0xd0, 0x0,
    0x1f, 0xc3, 0x40, 0x2f, 0x90, 0x0, 0xdf, 0x10,
    0x1, 0xfd, 0x0, 0x1, 0xfc, 0x0, 0x2, 0xf9,
    0x0, 0xf, 0xf0, 0x0, 0x1f, 0xd0, 0x0, 0x1f,
    0xc0, 0x0, 0x2, 0x10, 0x2, 0xfc, 0x0, 0x1,
    0xfd, 0x0, 0x1, 0xff, 0xff, 0xff, 0xff, 0xff,
    0x8f, 0x80, 0x0, 0x1f, 0xd0, 0x0, 0xb, 0xbb,
    0xbb, 0xbb, 0xbb, 0xbc, 0xf4, 0x0, 0x1, 0xfd,
    0x0, 0x0, 0x0, 0x0, 0x0, 0x0, 0x0, 0xfe,
    0x0, 0x0, 0x1f, 0xd0, 0x0, 0x0, 0x0, 0x0,
    0x0, 0x0, 0x7, 0x80, 0x0, 0x1, 0xfd, 0x0,
    0x0, 0x0, 0x0, 0x0, 0x0, 0x0, 0x0, 0x0,
    0x0, 0x0, 0x0, 0x0,

    /* U+65B0 "新" */
    0x0, 0x0, 0x0, 0x30, 0x0, 0x0, 0x0, 0x0,
    0x0, 0x0, 0x0, 0x0, 0x0, 0x0, 0xb, 0xf4,
    0x0, 0x0, 0x0, 0x0, 0x0, 0x15, 0xa4, 0x0,
    0x0, 0x0, 0x4, 0xfc, 0x0, 0x0, 0x0, 0x25,
    0x8c, 0xff, 0xff, 0x30, 0x6, 0xbb, 0xbb, 0xff,
    0xcb, 0xbb, 0xc, 0xff, 0xff, 0xd9, 0x51, 0x0,
    0x8, 0xff, 0xff, 0xff, 0xff, 0xff, 0x1c, 0xf7,
    0x30, 0x0, 0x0, 0x0, 0x0, 0xa, 0xa0, 0x0,
    0x2d, 0x70, 0xc, 0xf2, 0x0, 0x0, 0x0, 0x0,
    0x0, 0xb, 0xf1, 0x0, 0x7f, 0x70, 0xc, 0xf2,
    0x0, 0x0, 0x0, 0x0, 0x0, 0x7, 0xf6, 0x0,
    0xcf, 0x10, 0xc, 0xf2, 0x0, 0x0, 0x0, 0x0,
    0x0, 0x14, 0xd6, 0x13, 0xfb, 0x11, 0xc, 0xf2,
    0x0, 0x0, 0x0, 0x0, 0xf, 0xff, 0xff, 0xff,
    0xff, 0xff, 0x7c, 0xff, 0xff, 0xff, 0xff, 0xf4,
    0x9, 0xaa, 0xab, 0xfe, 0xaa, 0xaa, 0x4c, 0xff,
    0xff, 0xff, 0xff, 0xf4, 0x0, 0x0, 0x1, 0xfc,
    0x0, 0x0, 0xc, 0xf2, 0x0, 0x4f, 0xb0, 0x0,
    0x0, 0x0, 0x2, 0xfc, 0x0, 0x0, 0xc, 0xf2,
    0x0, 0x4f, 0xb0, 0x0, 0xd, 0xff, 0xff, 0xff,
    0xff, 0xff, 0x2c, 0xf1, 0x0, 0x4f, 0xb0, 0x0,
    0x9, 0xbb, 0xbc, 0xff, 0xbb, 0xbb, 0x1d, 0xf0,
    0x0, 0x4f, 0xb0, 0x0, 0x0, 0x3, 0x1, 0xfc,
    0x4, 0x10, 0xe, 0xf0, 0x0, 0x4f, 0xb0, 0x0,
    0x0, 0x3f, 0x91, 0xfc, 0x2f, 0x90, 0xf, 0xd0,
    0x0, 0x4f, 0xb0, 0x0, 0x0, 0xaf, 0x31, 0xfc,
    0xb, 0xf2, 0x3f, 0xb0, 0x0, 0x4f, 0xb0, 0x0,
    0x3, 0xfc, 0x1, 0xfc, 0x3, 0xfa, 0x6f, 0x70,
    0x0, 0x4f, 0xb0, 0x0, 0xd, 0xf3, 0x1, 0xfc,
    0x0, 0xba, 0xbf, 0x30, 0x0, 0x4f, 0xb0, 0x0,
    0x3, 0x70, 0x1, 0xfc, 0x0, 0x11, 0xfe, 0x0,
    0x0, 0x4f, 0xb0, 0x0, 0x0, 0x0, 0xbc, 0xfb,
    0x0, 0x9, 0xf8, 0x0, 0x0, 0x4f, 0xb0, 0x0,
    0x0, 0x0, 0xcf, 0xd4, 0x0, 0x3, 0xb0, 0x0,
    0x0, 0x4f, 0xb0, 0x0,

    /* U+65E0 "无" */
    0x0, 0xcc, 0xcc, 0xcc, 0xcc, 0xcc, 0xcc, 0xcc,
    0xcc, 0xcc, 0x80, 0x0, 0x1f, 0xff, 0xff, 0xff,
    0xff, 0xff, 0xff, 0xff, 0xff, 0xfb, 0x0, 0x0,
    0x44, 0x44, 0x44, 0x46, 0xfe, 0x44, 0x44, 0x44,
    0x44, 0x20, 0x0, 0x0, 0x0, 0x0, 0x0, 0x4f,
    0xc0, 0x0, 0x0, 0x0, 0x0, 0x0, 0x0, 0x0,
    0x0, 0x0, 0x5, 0xfb, 0x0, 0x0, 0x0, 0x0,
    0x0, 0x0, 0x0, 0x0, 0x0, 0x0, 0x6f, 0xa0,
    0x0, 0x0, 0x0, 0x0, 0x0, 0x0, 0x0, 0x0,
    0x0, 0x7, 0xf9, 0x0, 0x0, 0x0, 0x0, 0x0,
    0x7, 0x99, 0x99, 0x99, 0x99, 0xdf, 0xc9, 0x99,
    0x99, 0x99, 0x99, 0x70, 0xcf, 0xff, 0xff, 0xff,
    0xff, 0xff, 0xff, 0xff, 0xff, 0xff, 0xfe, 0x5,
    0x66, 0x66, 0x66, 0x67, 0xff, 0xdf, 0xc6, 0x66,
    0x66, 0x66, 0x50, 0x0, 0x0, 0x0, 0x0, 0x3f,
    0xe9, 0xf9, 0x0, 0x0, 0x0, 0x0, 0x0, 0x0,
    0x0, 0x0, 0x9, 0xf9, 0x9f, 0x90, 0x0, 0x0,
    0x0, 0x0, 0x0, 0x0, 0x0, 0x0, 0xef, 0x49,
    0xf9, 0x0, 0x0, 0x0, 0x0, 0x0, 0x0, 0x0,
    0x0, 0x7f, 0xd0, 0x9f, 0x90, 0x0, 0x0, 0x0,
    0x0, 0x0, 0x0, 0x0, 0x1f, 0xf6, 0x9, 0xf9,
    0x0, 0x0, 0x0, 0x0, 0x0, 0x0, 0x0, 0xc,
    0xfc, 0x0, 0x9f, 0x90, 0x0, 0x0, 0x8, 0x50,
    0x0, 0x0, 0xa, 0xff, 0x20, 0x9, 0xf9, 0x0,
    0x0, 0x0, 0xbf, 0x0, 0x0, 0x1b, 0xff, 0x50,
    0x0, 0x9f, 0x90, 0x0, 0x0, 0xd, 0xe0, 0x0,
    0x5e, 0xff, 0x50, 0x0, 0x8, 0xfb, 0x0, 0x0,
    0x3, 0xfc, 0x5, 0xdf, 0xfe, 0x30, 0x0, 0x0,
    0x5f, 0xff, 0xff, 0xff, 0xff, 0x70, 0x4f, 0xf8,
    0x0, 0x0, 0x0, 0x0, 0x9e, 0xff, 0xff, 0xff,
    0xa0, 0x0, 0x51, 0x0, 0x0, 0x0, 0x0, 0x0,
    0x0, 0x0, 0x0, 0x0, 0x0,

    /* U+65F6 "时" */
    0x0, 0x0, 0x0, 0x0, 0x0, 0x0, 0x0, 0x0,
    0xc, 0xd2, 0x0, 0x0, 0x10, 0x0, 0x0, 0x0,
    0x0, 0x0, 0x0, 0xe, 0xf2, 0x0, 0x1f, 0xff,
    0xff, 0xff, 0xd0, 0x0, 0x0, 0x0, 0xe, 0xf2,
    0x0, 0x1f, 0xfc, 0xcc, 0xcf, 0xd0, 0x0, 0x0,
    0x0, 0xe, 0xf2, 0x0, 0x1f, 0xd0, 0x0, 0x1f,
    0xd2, 0x44, 0x44, 0x44, 0x4e, 0xf6, 0x44, 0x1f,
    0xd0, 0x0, 0x1f, 0xd9, 0xff, 0xff, 0xff, 0xff,
    0xff, 0xff, 0x1f, 0xd0, 0x0, 0x1f, 0xd6, 0xcc,
    0xcc, 0xcc, 0xcf, 0xfc, 0xcb, 0x1f, 0xd0, 0x0,
    0x1f, 0xd0, 0x0, 0x0, 0x0, 0xe, 0xf2, 0x0,
    0x1f, 0xe2, 0x22, 0x3f, 0xd0, 0x3, 0x0, 0x0,
    0xe, 0xf2, 0x0, 0x1f, 0xff, 0xff, 0xff, 0xd0,
    0x8f, 0x70, 0x0, 0xe, 0xf2, 0x0, 0x1f, 0xfa,
    0xaa, 0xaf, 0xd0, 0x3f, 0xf2, 0x0, 0xe, 0xf2,
    0x0, 0x1f, 0xd0, 0x0, 0x1f, 0xd0, 0x8, 0xfc,
    0x0, 0xe, 0xf2, 0x0, 0x1f, 0xd0, 0x0, 0x1f,
    0xd0, 0x0, 0xdf, 0x70, 0xe, 0xf2, 0x0, 0x1f,
    0xd0, 0x0, 0x1f, 0xd0, 0x0, 0x4f, 0xf2, 0xe,
    0xf2, 0x0, 0x1f, 0xd0, 0x0, 0x1f, 0xd0, 0x0,
    0xa, 0xd3, 0xe, 0xf2, 0x0, 0x1f, 0xe1, 0x11,
    0x2f, 0xd0, 0x0, 0x1, 0x0, 0xe, 0xf2, 0x0,
    0x1f, 0xff, 0xff, 0xff, 0xd0, 0x0, 0x0, 0x0,
    0xe, 0xf2, 0x0, 0x1f, 0xfb, 0xbb, 0xbb, 0x90,
    0x0, 0x0, 0x0, 0xe, 0xf2, 0x0, 0x1f, 0xd0,
    0x0, 0x0, 0x0, 0x0, 0x0, 0x0, 0xe, 0xf2,
    0x0, 0xa, 0x90, 0x0, 0x0, 0x0, 0x0, 0x0,
    0x0, 0xe, 0xf2, 0x0, 0x0, 0x0, 0x0, 0x0,
    0x0, 0x0, 0x7f, 0xff, 0xff, 0xf0, 0x0, 0x0,
    0x0, 0x0, 0x0, 0x0, 0x0, 0x2f, 0xff, 0xfc,
    0x50, 0x0, 0x0, 0x0, 0x0, 0x0, 0x0, 0x0,
    0x0, 0x0, 0x0, 0x0, 0x0,

    /* U+660E "明" */
    0x0, 0x0, 0x0, 0x0, 0x0, 0x4, 0x44, 0x44,
    0x44, 0x44, 0x41, 0x1d, 0xed, 0xdd, 0xdd, 0xb0,
    0xf, 0xff, 0xff, 0xff, 0xff, 0xf4, 0x1f, 0xff,
    0xff, 0xff, 0xe0, 0xf, 0xfa, 0xaa, 0xaa, 0xae,
    0xf4, 0x1f, 0xc0, 0x0, 0xf, 0xe0, 0xf, 0xf0,
    0x0, 0x0, 0xc, 0xf4, 0x1f, 0xc0, 0x0, 0xf,
    0xe0, 0xf, 0xf0, 0x0, 0x0, 0xc, 0xf4, 0x1f,
    0xc0, 0x0, 0xf, 0xe0, 0xf, 0xf0, 0x0, 0x0,
    0xc, 0xf4, 0x1f, 0xc0, 0x0, 0xf, 0xe0, 0xf,
    0xf9, 0x99, 0x99, 0x9e, 0xf4, 0x1f, 0xfc, 0xcc,
    0xcf, 0xe0, 0xf, 0xff, 0xff, 0xff, 0xff, 0xf4,
    0x1f, 0xff, 0xff, 0xff, 0xe0, 0xf, 0xf4, 0x44,
    0x44, 0x4d, 0xf4, 0x1f, 0xc0, 0x0, 0xf, 0xe0,
    0xf, 0xf0, 0x0, 0x0, 0xc, 0xf4, 0x1f, 0xc0,
    0x0, 0xf, 0xe0, 0xf, 0xf0, 0x0, 0x0, 0xc,
    0xf4, 0x1f, 0xc0, 0x0, 0xf, 0xe0, 0x1f, 0xe0,
    0x0, 0x0, 0xc, 0xf4, 0x1f, 0xc0, 0x0, 0xf,
    0xe0, 0x2f, 0xe7, 0x77, 0x77, 0x7d, 0xf4, 0x1f,
    0xc0, 0x0, 0xf, 0xe0, 0x4f, 0xff, 0xff, 0xff,
    0xff, 0xf4, 0x1f, 0xff, 0xff, 0xff, 0xe0, 0x8f,
    0xb8, 0x88, 0x88, 0x8e, 0xf4, 0x1f, 0xfd, 0xdd,
    0xdd, 0xb0, 0xcf, 0x40, 0x0, 0x0, 0xc, 0xf4,
    0x1f, 0xc0, 0x0, 0x0, 0x2, 0xff, 0x0, 0x0,
    0x0, 0xc, 0xf4, 0x1f, 0xc0, 0x0, 0x0, 0x9,
    0xfa, 0x0, 0x0, 0x0, 0xc, 0xf4, 0x0, 0x0,
    0x0, 0x0, 0x3f, 0xf2, 0x0, 0x0, 0x0, 0xc,
    0xf4, 0x0, 0x0, 0x0, 0x1, 0xef, 0x90, 0x0,
    0x0, 0x0, 0xc, 0xf4, 0x0, 0x0, 0x0, 0x2e,
    0xfc, 0x0, 0x0, 0x6, 0xee, 0xef, 0xf2, 0x0,
    0x0, 0x0, 0xa, 0xd1, 0x0, 0x0, 0x1, 0xff,
    0xfd, 0x70, 0x0, 0x0, 0x0, 0x0, 0x0, 0x0,
    0x0, 0x0, 0x0, 0x0, 0x0,

    /* U+663E "显" */
    0x0, 0x0, 0x0, 0x0, 0x0, 0x0, 0x0, 0x0,
    0x0, 0x0, 0x0, 0x0, 0x0, 0x0, 0xff, 0xff,
    0xff, 0xff, 0xff, 0xff, 0xff, 0xff, 0x0, 0x0,
    0x0, 0x0, 0xff, 0x99, 0x99, 0x99, 0x99, 0x99,
    0x99, 0xff, 0x0, 0x0, 0x0, 0x0, 0xff, 0x0,
    0x0, 0x0, 0x0, 0x0, 0x0, 0xff, 0x0, 0x0,
    0x0, 0x0, 0xff, 0x10, 0x0, 0x0, 0x0, 0x0,
    0x1, 0xff, 0x0, 0x0, 0x0, 0x0, 0xff, 0xff,
    0xff, 0xff, 0xff, 0xff, 0xff, 0xff, 0x0, 0x0,
    0x0, 0x0, 0xff, 0x88, 0x88, 0x88, 0x88, 0x88,
    0x88, 0xff, 0x0, 0x0, 0x0, 0x0, 0xff, 0x0,
    0x0, 0x0, 0x0, 0x0, 0x0, 0xff, 0x0, 0x0,
    0x0, 0x0, 0xff, 0x11, 0x11, 0x11, 0x11, 0x11,
    0x11, 0xff, 0x0, 0x0, 0x0, 0x0, 0xff, 0xff,
    0xff, 0xff, 0xff, 0xff, 0xff, 0xff, 0x0, 0x0,
    0x0, 0x0, 0x88, 0x88, 0x88, 0x88, 0x88, 0x88,
    0x88, 0x88, 0x0, 0x0, 0x0, 0x0, 0x0, 0x0,
    0x79, 0x0, 0x1, 0x96, 0x0, 0x0, 0x0, 0x0,
    0x0, 0x4, 0x60, 0x0, 0xef, 0x10, 0x2, 0xfc,
    0x0, 0x6, 0x81, 0x0, 0x0, 0xc, 0xf3, 0x0,
    0xef, 0x10, 0x2, 0xfc, 0x0, 0x1f, 0xf1, 0x0,
    0x0, 0x3, 0xfc, 0x0, 0xef, 0x10, 0x2, 0xfc,
    0x0, 0xbf, 0x60, 0x0, 0x0, 0x0, 0xaf, 0x50,
    0xef, 0x10, 0x2, 0xfc, 0x6, 0xfa, 0x0, 0x0,
    0x0, 0x0, 0x2f, 0xd0, 0xef, 0x10, 0x2, 0xfc,
    0x2f, 0xd1, 0x0, 0x0, 0x0, 0x0, 0x7, 0x30,
    0xef, 0x10, 0x2, 0xfc, 0x6, 0x20, 0x0, 0x0,
    0x1, 0x11, 0x11, 0x11, 0xef, 0x21, 0x14, 0xfc,
    0x11, 0x11, 0x11, 0x10, 0x4f, 0xff, 0xff, 0xff,
    0xff, 0xff, 0xff, 0xff, 0xff, 0xff, 0xff, 0xf5,
    0x3d, 0xdd, 0xdd, 0xdd, 0xdd, 0xdd, 0xdd, 0xdd,
    0xdd, 0xdd, 0xdd, 0xd4,

    /* U+6682 "暂" */
    0x0, 0x0, 0x0, 0x0, 0x0, 0x0, 0x0, 0x0,
    0x0, 0x0, 0x0, 0x0, 0x0, 0xcd, 0x30, 0x0,
    0x0, 0x0, 0x0, 0x2, 0x59, 0x50, 0x78, 0x89,
    0xff, 0x88, 0x88, 0x82, 0x59, 0xbd, 0xff, 0xff,
    0xe1, 0xef, 0xff, 0xff, 0xff, 0xff, 0xf4, 0xaf,
    0xec, 0xa8, 0x63, 0x0, 0x11, 0x9f, 0x91, 0x11,
    0x11, 0x10, 0xaf, 0x30, 0x0, 0x0, 0x0, 0x4,
    0xfc, 0x2, 0xfb, 0x0, 0x0, 0xaf, 0x30, 0x0,
    0x0, 0x0, 0x4f, 0xf9, 0x78, 0xfd, 0x77, 0x72,
    0xaf, 0xcb, 0xbb, 0xbb, 0xb9, 0x3f, 0xff, 0xff,
    0xff, 0xff, 0xf5, 0xbf, 0xff, 0xff, 0xff, 0xfd,
    0x4, 0x22, 0x24, 0xfb, 0x22, 0x20, 0xcf, 0x0,
    0xb, 0xf3, 0x0, 0x0, 0x0, 0x2, 0xfc, 0x46,
    0x71, 0xfe, 0x0, 0xb, 0xf3, 0x0, 0x8a, 0xbd,
    0xef, 0xff, 0xff, 0xf5, 0xfa, 0x0, 0xb, 0xf3,
    0x0, 0xcf, 0xec, 0xba, 0xfc, 0x42, 0xa, 0xf5,
    0x0, 0xb, 0xf3, 0x0, 0x10, 0x0, 0x2, 0xfb,
    0x0, 0x1f, 0xe0, 0x0, 0xb, 0xf3, 0x0, 0x0,
    0x0, 0x2, 0xa7, 0x0, 0x3, 0x40, 0x0, 0x7,
    0xa1, 0x0, 0x0, 0xe, 0xff, 0xff, 0xff, 0xff,
    0xff, 0xff, 0xff, 0xf0, 0x0, 0x0, 0xe, 0xf8,
    0x88, 0x88, 0x88, 0x88, 0x88, 0x8f, 0xf0, 0x0,
    0x0, 0xe, 0xf0, 0x0, 0x0, 0x0, 0x0, 0x0,
    0xf, 0xf0, 0x0, 0x0, 0xe, 0xf8, 0x88, 0x88,
    0x88, 0x88, 0x88, 0x8f, 0xf0, 0x0, 0x0, 0xe,
    0xff, 0xff, 0xff, 0xff, 0xff, 0xff, 0xff, 0xf0,
    0x0, 0x0, 0xe, 0xf0, 0x0, 0x0, 0x0, 0x0,
    0x0, 0xf, 0xf0, 0x0, 0x0, 0xe, 0xf9, 0x88,
    0x88, 0x88, 0x88, 0x88, 0x8f, 0xf0, 0x0, 0x0,
    0xe, 0xff, 0xff, 0xff, 0xff, 0xff, 0xff, 0xff,
    0xf0, 0x0, 0x0, 0xe, 0xf1, 0x0, 0x0, 0x0,
    0x0, 0x0, 0xf, 0xf0, 0x0, 0x0, 0x0, 0x0,
    0x0, 0x0, 0x0, 0x0, 0x0, 0x0, 0x0, 0x0,

    /* U+6700 "最" */
    0x0, 0x6, 0x77, 0x77, 0x77, 0x77, 0x77, 0x77,
    0x77, 0x60, 0x0, 0x0, 0xe, 0xff, 0xff, 0xff,
    0xff, 0xff, 0xff, 0xff, 0xe0, 0x0, 0x0, 0xe,
    0xf1, 0x0, 0x0, 0x0, 0x0, 0x0, 0x1f, 0xe0,
    0x0, 0x0, 0xe, 0xf7, 0x66, 0x66, 0x66, 0x66,
    0x66, 0x7f, 0xe0, 0x0, 0x0, 0xe, 0xff, 0xff,
    0xff, 0xff, 0xff, 0xff, 0xff, 0xe0, 0x0, 0x0,
    0xe, 0xf1, 0x0, 0x0, 0x0, 0x0, 0x0, 0x1f,
    0xe0, 0x0, 0x0, 0xe, 0xf8, 0x77, 0x77, 0x77,
    0x77, 0x77, 0x8f, 0xe0, 0x0, 0x0, 0xd, 0xff,
    0xff, 0xff, 0xff, 0xff, 0xff, 0xff, 0xe0, 0x0,
    0x0, 0x0, 0x0, 0x0, 0x0, 0x0, 0x0, 0x0,
    0x0, 0x0, 0x0, 0xac, 0xcc, 0xcc, 0xcc, 0xcc,
    0xcc, 0xcc, 0xcc, 0xcc, 0xcc, 0xc6, 0xce, 0xff,
    0xee, 0xee, 0xff, 0xee, 0xee, 0xee, 0xee, 0xee,
    0xe7, 0x0, 0xaf, 0x30, 0x0, 0xef, 0x10, 0x0,
    0x0, 0x0, 0x0, 0x0, 0x0, 0xaf, 0xee, 0xee,
    0xff, 0x1b, 0xff, 0xff, 0xff, 0xff, 0xb0, 0x0,
    0xaf, 0xba, 0xaa, 0xff, 0x18, 0xfe, 0xbb, 0xbb,
    0xcf, 0x90, 0x0, 0xaf, 0x30, 0x0, 0xef, 0x10,
    0xdf, 0x10, 0x0, 0x9f, 0x20, 0x0, 0xaf, 0xff,
    0xff, 0xff, 0x10, 0x4f, 0xb0, 0x4, 0xfa, 0x0,
    0x0, 0xaf, 0xa8, 0x88, 0xff, 0x10, 0xa, 0xf8,
    0x2e, 0xe1, 0x0, 0x0, 0xaf, 0x30, 0x0, 0xef,
    0x62, 0x1, 0xdf, 0xff, 0x30, 0x0, 0x35, 0xcf,
    0xcc, 0xef, 0xff, 0xf5, 0x0, 0x9f, 0xfd, 0x20,
    0x0, 0xdf, 0xff, 0xff, 0xdb, 0xff, 0x51, 0x5d,
    0xfe, 0xcf, 0xfa, 0x30, 0x77, 0x53, 0x10, 0x0,
    0xef, 0x1e, 0xff, 0x90, 0x7, 0xff, 0xf9, 0x0,
    0x0, 0x0, 0x0, 0xef, 0x17, 0x92, 0x0, 0x0,
    0x17, 0xc1,

    /* U+6709 "有" */
    0x0, 0x0, 0x0, 0x0, 0x0, 0x0, 0x0, 0x0,
    0x0, 0x0, 0x0, 0x0, 0x0, 0x0, 0x0, 0xed,
    0x20, 0x0, 0x0, 0x0, 0x0, 0x0, 0x0, 0x0,
    0x0, 0x3, 0xfe, 0x0, 0x0, 0x0, 0x0, 0x0,
    0x0, 0x0, 0x0, 0x0, 0x9, 0xf9, 0x0, 0x0,
    0x0, 0x0, 0x0, 0x0, 0x4f, 0xff, 0xff, 0xff,
    0xff, 0xff, 0xff, 0xff, 0xff, 0xff, 0xfc, 0x4e,
    0xee, 0xee, 0xff, 0xfe, 0xee, 0xee, 0xee, 0xee,
    0xee, 0xeb, 0x0, 0x0, 0x0, 0xef, 0x40, 0x0,
    0x0, 0x0, 0x0, 0x0, 0x0, 0x0, 0x0, 0x8,
    0xfc, 0x0, 0x0, 0x0, 0x0, 0x0, 0x0, 0x0,
    0x0, 0x0, 0x2f, 0xfd, 0xcc, 0xcc, 0xcc, 0xcc,
    0xcc, 0x90, 0x0, 0x0, 0x0, 0xcf, 0xff, 0xff,
    0xff, 0xff, 0xff, 0xff, 0xc0, 0x0, 0x0, 0xa,
    0xff, 0xf1, 0x0, 0x0, 0x0, 0x0, 0x4f, 0xc0,
    0x0, 0x0, 0x8f, 0xff, 0xf0, 0x0, 0x0, 0x0,
    0x0, 0x3f, 0xc0, 0x0, 0x9, 0xff, 0x4f, 0xfb,
    0xbb, 0xbb, 0xbb, 0xbb, 0xcf, 0xc0, 0x0, 0xaf,
    0xf4, 0xf, 0xff, 0xff, 0xff, 0xff, 0xff, 0xff,
    0xc0, 0x0, 0x1c, 0x30, 0xf, 0xf1, 0x0, 0x0,
    0x0, 0x0, 0x4f, 0xc0, 0x0, 0x0, 0x0, 0xf,
    0xf0, 0x0, 0x0, 0x0, 0x0, 0x3f, 0xc0, 0x0,
    0x0, 0x0, 0xf, 0xfb, 0xbb, 0xbb, 0xbb, 0xbb,
    0xcf, 0xc0, 0x0, 0x0, 0x0, 0xf, 0xff, 0xff,
    0xff, 0xff, 0xff, 0xff, 0xc0, 0x0, 0x0, 0x0,
    0xf, 0xf1, 0x0, 0x0, 0x0, 0x0, 0x4f, 0xc0,
    0x0, 0x0, 0x0, 0xf, 0xf0, 0x0, 0x0, 0x0,
    0x0, 0x3f, 0xc0, 0x0, 0x0, 0x0, 0xf, 0xf0,
    0x0, 0x0, 0x0, 0x0, 0x3f, 0xc0, 0x0, 0x0,
    0x0, 0xf, 0xf0, 0x0, 0x0, 0xe, 0xff, 0xff,
    0xb0, 0x0, 0x0, 0x0, 0xf, 0xf0, 0x0, 0x0,
    0x9, 0xff, 0xeb, 0x20, 0x0,

    /* U+672A "未" */
    0x0, 0x0, 0x0, 0x0, 0x0, 0x1f, 0xf0, 0x0,
    0x0, 0x0, 0x0, 0x0, 0x0, 0x0, 0x0, 0x0,
    0x0, 0x1f, 0xf0, 0x0, 0x0, 0x0, 0x0, 0x0,
    0x0, 0x0, 0x0, 0x0, 0x0, 0x1f, 0xf0, 0x0,
    0x0, 0x0, 0x0, 0x0, 0x0, 0x1, 0x22, 0x22,
    0x22, 0x3f, 0xf2, 0x22, 0x22, 0x22, 0x10, 0x0,
    0x0, 0xd, 0xff, 0xff, 0xff, 0xff, 0xff, 0xff,
    0xff, 0xff, 0xf0, 0x0, 0x0, 0xb, 0xee, 0xee,
    0xee, 0xef, 0xfe, 0xee, 0xee, 0xee, 0xd0, 0x0,
    0x0, 0x0, 0x0, 0x0, 0x0, 0x1f, 0xf0, 0x0,
    0x0, 0x0, 0x0, 0x0, 0x0, 0x0, 0x0, 0x0,
    0x0, 0x1f, 0xf0, 0x0, 0x0, 0x0, 0x0, 0x0,
    0x0, 0x0, 0x0, 0x0, 0x0, 0x1f, 0xf0, 0x0,
    0x0, 0x0, 0x0, 0x0, 0x1, 0x33, 0x33, 0x33,
    0x33, 0x4f, 0xf3, 0x33, 0x33, 0x33, 0x33, 0x20,
    0x9, 0xff, 0xff, 0xff, 0xff, 0xff, 0xff, 0xff,
    0xff, 0xff, 0xff, 0xa0, 0x7, 0xdd, 0xdd, 0xdd,
    0xdd, 0xff, 0xff, 0xdd, 0xdd, 0xdd, 0xdd, 0x80,
    0x0, 0x0, 0x0, 0x0, 0xb, 0xff, 0xff, 0xb0,
    0x0, 0x0, 0x0, 0x0, 0x0, 0x0, 0x0, 0x0,
    0x9f, 0xef, 0xfd, 0xf9, 0x0, 0x0, 0x0, 0x0,
    0x0, 0x0, 0x0, 0x9, 0xfe, 0x4f, 0xf2, 0xef,
    0x90, 0x0, 0x0, 0x0, 0x0, 0x0, 0x0, 0xaf,
    0xf3, 0x1f, 0xf0, 0x2f, 0xfa, 0x0, 0x0, 0x0,
    0x0, 0x0, 0x2d, 0xfe, 0x30, 0x1f, 0xf0, 0x3,
    0xef, 0xc2, 0x0, 0x0, 0x0, 0x7, 0xff, 0xd2,
    0x0, 0x1f, 0xf0, 0x0, 0x2e, 0xff, 0x60, 0x0,
    0x5, 0xdf, 0xfb, 0x10, 0x0, 0x1f, 0xf0, 0x0,
    0x1, 0xbf, 0xfd, 0x40, 0xc, 0xff, 0x60, 0x0,
    0x0, 0x1f, 0xf0, 0x0, 0x0, 0x7, 0xff, 0xb0,
    0x1, 0x81, 0x0, 0x0, 0x0, 0x1f, 0xf0, 0x0,
    0x0, 0x0, 0x29, 0x10, 0x0, 0x0, 0x0, 0x0,
    0x0, 0x1f, 0xf0, 0x0, 0x0, 0x0, 0x0, 0x0,

    /* U+672C "本" */
    0x0, 0x0, 0x0, 0x0, 0x0, 0x1, 0x10, 0x0,
    0x0, 0x0, 0x0, 0x0, 0x0, 0x0, 0x0, 0x0,
    0x0, 0x1f, 0xf1, 0x0, 0x0, 0x0, 0x0, 0x0,
    0x0, 0x0, 0x0, 0x0, 0x0, 0x1f, 0xf1, 0x0,
    0x0, 0x0, 0x0, 0x0, 0x0, 0x0, 0x0, 0x0,
    0x0, 0x1f, 0xf1, 0x0, 0x0, 0x0, 0x0, 0x0,
    0x0, 0x0, 0x0, 0x0, 0x0, 0x1f, 0xf1, 0x0,
    0x0, 0x0, 0x0, 0x0, 0x0, 0x11, 0x11, 0x11,
    0x11, 0x3f, 0xf2, 0x11, 0x11, 0x11, 0x11, 0x0,
    0x7, 0xff, 0xff, 0xff, 0xff, 0xff, 0xff, 0xff,
    0xff, 0xff, 0xff, 0x80, 0x7, 0xff, 0xff, 0xff,
    0xff, 0xff, 0xff, 0xff, 0xff, 0xff, 0xff, 0x80,
    0x0, 0x0, 0x0, 0x0, 0xbf, 0x6f, 0xf8, 0xfa,
    0x0, 0x0, 0x0, 0x0, 0x0, 0x0, 0x0, 0x3,
    0xfe, 0x1f, 0xf2, 0xff, 0x20, 0x0, 0x0, 0x0,
    0x0, 0x0, 0x0, 0xc, 0xf7, 0x1f, 0xf1, 0x8f,
    0xa0, 0x0, 0x0, 0x0, 0x0, 0x0, 0x0, 0x5f,
    0xe0, 0x1f, 0xf1, 0x1f, 0xf4, 0x0, 0x0, 0x0,
    0x0, 0x0, 0x1, 0xef, 0x60, 0x1f, 0xf1, 0x7,
    0xfe, 0x0, 0x0, 0x0, 0x0, 0x0, 0xb, 0xfc,
    0x0, 0x1f, 0xf1, 0x0, 0xdf, 0xb0, 0x0, 0x0,
    0x0, 0x0, 0x8f, 0xf2, 0x0, 0x1f, 0xf1, 0x0,
    0x3f, 0xf8, 0x0, 0x0, 0x0, 0x6, 0xff, 0x50,
    0x0, 0x1f, 0xf1, 0x0, 0x6, 0xff, 0x80, 0x0,
    0x0, 0x7f, 0xfa, 0x44, 0x44, 0x5f, 0xf5, 0x44,
    0x44, 0xbf, 0xfa, 0x0, 0xa, 0xff, 0x89, 0xff,
    0xff, 0xff, 0xff, 0xff, 0xff, 0x89, 0xff, 0xd0,
    0x7, 0xf7, 0x7, 0xcc, 0xcc, 0xdf, 0xfd, 0xcc,
    0xcc, 0x60, 0x8f, 0x40, 0x0, 0x20, 0x0, 0x0,
    0x0, 0x1f, 0xf1, 0x0, 0x0, 0x0, 0x1, 0x0,
    0x0, 0x0, 0x0, 0x0, 0x0, 0x1f, 0xf1, 0x0,
    0x0, 0x0, 0x0, 0x0, 0x0, 0x0, 0x0, 0x0,
    0x0, 0x1f, 0xf1, 0x0, 0x0, 0x0, 0x0, 0x0,
    0x0, 0x0, 0x0, 0x0, 0x0, 0x1f, 0xf1, 0x0,
    0x0, 0x0, 0x0, 0x0,

    /* U+673A "机" */
    0x0, 0x0, 0x2, 0x20, 0x0, 0x0, 0x0, 0x0,
    0x0, 0x0, 0x0, 0x0, 0x0, 0x0, 0xe, 0xf1,
    0x0, 0x0, 0x0, 0x0, 0x0, 0x0, 0x0, 0x0,
    0x0, 0x0, 0xe, 0xf1, 0x0, 0x1, 0xef, 0xee,
    0xee, 0xfe, 0x10, 0x0, 0x0, 0x0, 0xe, 0xf1,
    0x0, 0x1, 0xff, 0xff, 0xff, 0xff, 0x10, 0x0,
    0x0, 0x0, 0xe, 0xf1, 0x0, 0x1, 0xfe, 0x0,
    0x0, 0xff, 0x10, 0x0, 0x0, 0x0, 0xe, 0xf1,
    0x0, 0x1, 0xfe, 0x0, 0x0, 0xff, 0x10, 0x0,
    0xc, 0xff, 0xff, 0xff, 0xff, 0x81, 0xfe, 0x0,
    0x0, 0xff, 0x10, 0x0, 0xb, 0xee, 0xef, 0xfe,
    0xee, 0x71, 0xfe, 0x0, 0x0, 0xff, 0x10, 0x0,
    0x0, 0x0, 0x5f, 0xf1, 0x0, 0x1, 0xfe, 0x0,
    0x0, 0xff, 0x10, 0x0, 0x0, 0x0, 0x9f, 0xf1,
    0x0, 0x1, 0xfe, 0x0, 0x0, 0xff, 0x10, 0x0,
    0x0, 0x0, 0xff, 0xf9, 0x0, 0x1, 0xfd, 0x0,
    0x0, 0xff, 0x10, 0x0, 0x0, 0x5, 0xff, 0xff,
    0x80, 0x2, 0xfd, 0x0, 0x0, 0xff, 0x10, 0x0,
    0x0, 0xc, 0xde, 0xfc, 0xf6, 0x2, 0xfc, 0x0,
    0x0, 0xff, 0x10, 0x0, 0x0, 0x4f, 0x7e, 0xf2,
    0xef, 0x44, 0xfa, 0x0, 0x0, 0xff, 0x10, 0x0,
    0x0, 0xcf, 0x1e, 0xf1, 0x5f, 0x56, 0xf9, 0x0,
    0x0, 0xff, 0x10, 0x0, 0x6, 0xf9, 0xe, 0xf1,
    0x5, 0x8, 0xf6, 0x0, 0x0, 0xff, 0x10, 0x0,
    0x2f, 0xf2, 0xe, 0xf1, 0x0, 0xc, 0xf3, 0x0,
    0x0, 0xff, 0x10, 0x10, 0x1e, 0x90, 0xe, 0xf1,
    0x0, 0x1f, 0xe0, 0x0, 0x0, 0xff, 0x10, 0xe5,
    0x5, 0x0, 0xe, 0xf1, 0x0, 0x6f, 0x90, 0x0,
    0x0, 0xff, 0x10, 0xf8, 0x0, 0x0, 0xe, 0xf1,
    0x0, 0xef, 0x30, 0x0, 0x0, 0xff, 0x10, 0xf7,
    0x0, 0x0, 0xe, 0xf1, 0x8, 0xfb, 0x0, 0x0,
    0x0, 0xef, 0x22, 0xf6, 0x0, 0x0, 0xe, 0xf1,
    0x4f, 0xf2, 0x0, 0x0, 0x0, 0xdf, 0xef, 0xf4,
    0x0, 0x0, 0xe, 0xf1, 0x1b, 0x60, 0x0, 0x0,
    0x0, 0x5e, 0xff, 0xa0, 0x0, 0x0, 0x0, 0x0,
    0x0, 0x0, 0x0, 0x0, 0x0, 0x0, 0x0, 0x0,

    /* U+6765 "来" */
    0x0, 0x0, 0x0, 0x0, 0x0, 0x1f, 0xf1, 0x0,
    0x0, 0x0, 0x0, 0x0, 0x0, 0x0, 0x0, 0x0,
    0x0, 0x1f, 0xf1, 0x0, 0x0, 0x0, 0x0, 0x0,
    0x0, 0x12, 0x22, 0x22, 0x22, 0x3f, 0xf3, 0x22,
    0x22, 0x22, 0x21, 0x0, 0x0, 0x8f, 0xff, 0xff,
    0xff, 0xff, 0xff, 0xff, 0xff, 0xff, 0xfb, 0x0,
    0x0, 0x6c, 0xcc, 0xcc, 0xcc, 0xcf, 0xfc, 0xcc,
    0xcc, 0xcc, 0xc9, 0x0, 0x0, 0x0, 0x39, 0x50,
    0x0, 0x1f, 0xf1, 0x0, 0x2, 0xd8, 0x0, 0x0,
    0x0, 0x0, 0x3f, 0xe1, 0x0, 0x1f, 0xf1, 0x0,
    0x9, 0xfb, 0x0, 0x0, 0x0, 0x0, 0xa, 0xf9,
    0x0, 0x1f, 0xf1, 0x0, 0x2f, 0xf2, 0x0, 0x0,
    0x0, 0x0, 0x2, 0xff, 0x10, 0x1f, 0xf1, 0x0,
    0xaf, 0x80, 0x0, 0x0, 0x0, 0x0, 0x0, 0xba,
    0x10, 0x1f, 0xf1, 0x1, 0xcc, 0x0, 0x0, 0x0,
    0x8, 0xdd, 0xdd, 0xdd, 0xdd, 0xdf, 0xfd, 0xdd,
    0xdd, 0xdd, 0xdd, 0x90, 0xb, 0xff, 0xff, 0xff,
    0xff, 0xff, 0xff, 0xff, 0xff, 0xff, 0xff, 0xb0,
    0x1, 0x22, 0x22, 0x22, 0x2c, 0xff, 0xff, 0xc2,
    0x22, 0x22, 0x22, 0x10, 0x0, 0x0, 0x0, 0x0,
    0x8f, 0xdf, 0xfd, 0xf8, 0x0, 0x0, 0x0, 0x0,
    0x0, 0x0, 0x0, 0x7, 0xfe, 0x3f, 0xf2, 0xef,
    0x70, 0x0, 0x0, 0x0, 0x0, 0x0, 0x0, 0x8f,
    0xf3, 0x1f, 0xf1, 0x3f, 0xf8, 0x0, 0x0, 0x0,
    0x0, 0x0, 0x1b, 0xff, 0x30, 0x1f, 0xf1, 0x4,
    0xff, 0xa0, 0x0, 0x0, 0x0, 0x4, 0xef, 0xe3,
    0x0, 0x1f, 0xf1, 0x0, 0x3f, 0xfd, 0x30, 0x0,
    0x1, 0xaf, 0xfd, 0x20, 0x0, 0x1f, 0xf1, 0x0,
    0x2, 0xdf, 0xf9, 0x10, 0xd, 0xff, 0x90, 0x0,
    0x0, 0x1f, 0xf1, 0x0, 0x0, 0xa, 0xff, 0xd0,
    0x2, 0xc4, 0x0, 0x0, 0x0, 0x1f, 0xf1, 0x0,
    0x0, 0x0, 0x5d, 0x30, 0x0, 0x0, 0x0, 0x0,
    0x0, 0x1f, 0xf1, 0x0, 0x0, 0x0, 0x0, 0x0,

    /* U+6784 "构" */
    0x0, 0x0, 0x16, 0x50, 0x0, 0x0, 0x23, 0x0,
    0x0, 0x0, 0x0, 0x0, 0x0, 0x2, 0xfd, 0x0,
    0x0, 0xa, 0xf7, 0x0, 0x0, 0x0, 0x0, 0x0,
    0x0, 0x2f, 0xd0, 0x0, 0x0, 0xef, 0x30, 0x0,
    0x0, 0x0, 0x0, 0x0, 0x2, 0xfd, 0x0, 0x0,
    0x4f, 0xd0, 0x0, 0x0, 0x0, 0x0, 0x0, 0x0,
    0x2f, 0xd0, 0x0, 0xa, 0xfd, 0x88, 0x88, 0x88,
    0x88, 0x80, 0x8d, 0xdd, 0xff, 0xdd, 0x61, 0xff,
    0xff, 0xff, 0xff, 0xff, 0xff, 0xa, 0xff, 0xff,
    0xff, 0xf7, 0x9f, 0xc6, 0x66, 0x66, 0x66, 0x6f,
    0xf0, 0x0, 0x7, 0xfd, 0x0, 0x3f, 0xf3, 0x0,
    0x0, 0x0, 0x1, 0xfe, 0x0, 0x0, 0xbf, 0xf2,
    0xd, 0xfa, 0xa, 0xc3, 0x0, 0x0, 0x1f, 0xe0,
    0x0, 0xf, 0xff, 0xc0, 0x9e, 0x10, 0xef, 0x10,
    0x0, 0x2, 0xfd, 0x0, 0x5, 0xff, 0xff, 0x70,
    0x10, 0x4f, 0xb0, 0x0, 0x0, 0x2f, 0xd0, 0x0,
    0xaf, 0xfd, 0xcf, 0x20, 0xa, 0xf5, 0x16, 0x0,
    0x3, 0xfc, 0x0, 0x1f, 0xaf, 0xd4, 0xf9, 0x0,
    0xfe, 0x5, 0xf7, 0x0, 0x4f, 0xb0, 0x8, 0xf5,
    0xfd, 0xa, 0x10, 0x7f, 0x70, 0xe, 0xe0, 0x5,
    0xfb, 0x1, 0xfd, 0x2f, 0xd0, 0x0, 0xe, 0xe0,
    0x2, 0xbf, 0x40, 0x6f, 0xa0, 0xaf, 0x62, 0xfd,
    0x0, 0x9, 0xfd, 0xcf, 0xff, 0xfa, 0x7, 0xf9,
    0xd, 0xe0, 0x2f, 0xd0, 0x0, 0xcf, 0xff, 0xc9,
    0x5d, 0xf0, 0x8f, 0x80, 0x56, 0x2, 0xfd, 0x0,
    0x6, 0x73, 0x0, 0x0, 0x79, 0x1a, 0xf6, 0x0,
    0x0, 0x2f, 0xd0, 0x0, 0x0, 0x0, 0x0, 0x0,
    0x0, 0xcf, 0x40, 0x0, 0x2, 0xfd, 0x0, 0x0,
    0x0, 0x0, 0x0, 0x0, 0xf, 0xf2, 0x0, 0x0,
    0x2f, 0xd0, 0x0, 0x0, 0x0, 0x0, 0x0, 0x5,
    0xff, 0x0, 0x0, 0x2, 0xfd, 0x0, 0x0, 0x0,
    0x0, 0x1f, 0xff, 0xff, 0x90, 0x0, 0x0, 0x2f,
    0xd0, 0x0, 0x0, 0x0, 0x0, 0xcf, 0xff, 0xa0,
    0x0, 0x0, 0x0, 0x0, 0x0, 0x0, 0x0, 0x0,
    0x0, 0x0, 0x0, 0x0,

    /* U+679A "枚" */
    0x0, 0x0, 0x2, 0x20, 0x0, 0x0, 0x0, 0x0,
    0x0, 0x0, 0x0, 0x0, 0x0, 0x0, 0x1f, 0xe0,
    0x0, 0x0, 0x7, 0xf9, 0x0, 0x0, 0x0, 0x0,
    0x0, 0x0, 0x1f, 0xe0, 0x0, 0x0, 0xb, 0xf7,
    0x0, 0x0, 0x0, 0x0, 0x0, 0x0, 0x1f, 0xe0,
    0x0, 0x0, 0xf, 0xf2, 0x0, 0x0, 0x0, 0x0,
    0x0, 0x0, 0x1f, 0xe0, 0x0, 0x0, 0x5f, 0xd0,
    0x0, 0x0, 0x0, 0x0, 0x0, 0x0, 0x2f, 0xe0,
    0x0, 0x0, 0xbf, 0xd9, 0x99, 0x99, 0x99, 0x80,
    0xb, 0xff, 0xff, 0xff, 0xff, 0x12, 0xff, 0xff,
    0xff, 0xff, 0xff, 0xf0, 0xa, 0xee, 0xef, 0xfe,
    0xee, 0xa, 0xfd, 0x66, 0x66, 0x6f, 0xf9, 0x50,
    0x0, 0x0, 0x7f, 0xe0, 0x0, 0x3f, 0xfd, 0x0,
    0x0, 0x1f, 0xf1, 0x0, 0x0, 0x0, 0xcf, 0xe0,
    0x1, 0xef, 0xff, 0x10, 0x0, 0x5f, 0xd0, 0x0,
    0x0, 0x1, 0xff, 0xf4, 0xa, 0xfe, 0x9f, 0x60,
    0x0, 0x9f, 0x90, 0x0, 0x0, 0x7, 0xff, 0xfe,
    0x22, 0xe4, 0x3f, 0xb0, 0x0, 0xef, 0x40, 0x0,
    0x0, 0xd, 0xdf, 0xff, 0xd0, 0x10, 0xd, 0xf1,
    0x4, 0xfe, 0x0, 0x0, 0x0, 0x3f, 0x8f, 0xe6,
    0xfa, 0x0, 0x8, 0xf8, 0xb, 0xf8, 0x0, 0x0,
    0x0, 0xbf, 0x2f, 0xe0, 0xcf, 0x60, 0x1, 0xff,
    0x5f, 0xf1, 0x0, 0x0, 0x3, 0xfa, 0x1f, 0xe0,
    0x2f, 0x80, 0x0, 0xaf, 0xff, 0x90, 0x0, 0x0,
    0xd, 0xf3, 0x1f, 0xe0, 0x5, 0x0, 0x0, 0x2f,
    0xfe, 0x10, 0x0, 0x0, 0x1f, 0xb0, 0x1f, 0xe0,
    0x0, 0x0, 0x0, 0x5f, 0xff, 0x20, 0x0, 0x0,
    0x7, 0x20, 0x1f, 0xe0, 0x0, 0x0, 0x5, 0xff,
    0xef, 0xe2, 0x0, 0x0, 0x0, 0x0, 0x1f, 0xe0,
    0x0, 0x0, 0x8f, 0xf9, 0x1d, 0xff, 0x50, 0x0,
    0x0, 0x0, 0x1f, 0xe0, 0x0, 0x4d, 0xff, 0x80,
    0x1, 0xdf, 0xfb, 0x20, 0x0, 0x0, 0x1f, 0xe0,
    0xb, 0xff, 0xe4, 0x0, 0x0, 0xa, 0xff, 0xf1,
    0x0, 0x0, 0x1f, 0xe0, 0x3, 0xe7, 0x0, 0x0,
    0x0, 0x0, 0x5d, 0x50, 0x0, 0x0, 0x0, 0x0,
    0x0, 0x0, 0x0, 0x0, 0x0, 0x0, 0x0, 0x0,

    /* U+67E5 "查" */
    0x0, 0x0, 0x0, 0x0, 0x0, 0x0, 0x0, 0x0,
    0x0, 0x0, 0x0, 0x0, 0x0, 0x0, 0x0, 0x0,
    0x0, 0xd, 0xf2, 0x0, 0x0, 0x0, 0x0, 0x0,
    0x0, 0x0, 0x0, 0x0, 0x0, 0xd, 0xf2, 0x0,
    0x0, 0x0, 0x0, 0x0, 0x0, 0x0, 0x0, 0x0,
    0x0, 0xd, 0xf3, 0x0, 0x0, 0x0, 0x0, 0x0,
    0xa, 0xff, 0xff, 0xff, 0xff, 0xff, 0xff, 0xff,
    0xff, 0xff, 0xff, 0xb0, 0x7, 0xbb, 0xbb, 0xbb,
    0xcf, 0xff, 0xff, 0xfd, 0xbb, 0xbb, 0xbb, 0x80,
    0x0, 0x0, 0x0, 0x1, 0xcf, 0xad, 0xf7, 0xfd,
    0x20, 0x0, 0x0, 0x0, 0x0, 0x0, 0x0, 0x3e,
    0xfa, 0xd, 0xf2, 0x5f, 0xe4, 0x0, 0x0, 0x0,
    0x0, 0x0, 0x8, 0xff, 0x80, 0xd, 0xf2, 0x3,
    0xef, 0x91, 0x0, 0x0, 0x0, 0x6, 0xef, 0xe5,
    0x0, 0xd, 0xf2, 0x0, 0x1a, 0xff, 0x71, 0x0,
    0x8, 0xef, 0xfa, 0x10, 0x0, 0x8, 0x91, 0x0,
    0x0, 0x4d, 0xff, 0x90, 0x5, 0xfa, 0x38, 0xff,
    0xff, 0xff, 0xff, 0xff, 0xff, 0xe0, 0x5c, 0x60,
    0x0, 0x0, 0x8, 0xfb, 0x77, 0x77, 0x77, 0x77,
    0x8f, 0xf0, 0x0, 0x0, 0x0, 0x0, 0x8, 0xf7,
    0x0, 0x0, 0x0, 0x0, 0x2f, 0xf0, 0x0, 0x0,
    0x0, 0x0, 0x8, 0xfb, 0x77, 0x77, 0x77, 0x77,
    0x8f, 0xf0, 0x0, 0x0, 0x0, 0x0, 0x8, 0xff,
    0xff, 0xff, 0xff, 0xff, 0xff, 0xf0, 0x0, 0x0,
    0x0, 0x0, 0x8, 0xf7, 0x0, 0x0, 0x0, 0x0,
    0x2f, 0xf0, 0x0, 0x0, 0x0, 0x0, 0x8, 0xfa,
    0x66, 0x66, 0x66, 0x66, 0x8f, 0xf0, 0x0, 0x0,
    0x0, 0x0, 0x8, 0xff, 0xff, 0xff, 0xff, 0xff,
    0xff, 0xf0, 0x0, 0x0, 0x0, 0x0, 0x0, 0x0,
    0x0, 0x0, 0x0, 0x0, 0x0, 0x0, 0x0, 0x0,
    0x0, 0xcc, 0xcc, 0xcc, 0xcc, 0xcc, 0xcc, 0xcc,
    0xcc, 0xcc, 0xcc, 0x70, 0x1, 0xff, 0xff, 0xff,
    0xff, 0xff, 0xff, 0xff, 0xff, 0xff, 0xff, 0x90,
    0x0, 0x0, 0x0, 0x0, 0x0, 0x0, 0x0, 0x0,
    0x0, 0x0, 0x0, 0x0,

    /* U+6837 "样" */
    0x0, 0x0, 0x56, 0x0, 0x0, 0x0, 0x10, 0x0,
    0x0, 0x3, 0x20, 0x0, 0x0, 0xd, 0xf1, 0x0,
    0x4, 0xfc, 0x0, 0x0, 0x0, 0xdf, 0x60, 0x0,
    0x0, 0xdf, 0x10, 0x0, 0xd, 0xf6, 0x0, 0x0,
    0x3f, 0xe0, 0x0, 0x0, 0xd, 0xf1, 0x0, 0x0,
    0x5f, 0xe0, 0x0, 0xb, 0xf7, 0x0, 0x0, 0x0,
    0xdf, 0x10, 0x0, 0x0, 0xdd, 0x20, 0x3, 0xfe,
    0x0, 0x0, 0xac, 0xcf, 0xfc, 0xc7, 0x6d, 0xde,
    0xdd, 0xdd, 0xef, 0xed, 0xd3, 0xd, 0xff, 0xff,
    0xff, 0x97, 0xff, 0xff, 0xff, 0xff, 0xff, 0xff,
    0x40, 0x11, 0x1f, 0xf2, 0x10, 0x0, 0x0, 0x3,
    0xfe, 0x0, 0x0, 0x0, 0x0, 0x2, 0xff, 0x60,
    0x0, 0x0, 0x0, 0x2f, 0xe0, 0x0, 0x0, 0x0,
    0x0, 0x7f, 0xff, 0x20, 0x0, 0x0, 0x2, 0xfe,
    0x0, 0x0, 0x0, 0x0, 0xc, 0xff, 0xfc, 0x0,
    0x9c, 0xcc, 0xdf, 0xfc, 0xcc, 0xc7, 0x0, 0x2,
    0xff, 0xf8, 0xf7, 0xb, 0xff, 0xff, 0xff, 0xff,
    0xff, 0x80, 0x0, 0x8f, 0xff, 0x1e, 0xd0, 0x0,
    0x0, 0x3f, 0xe0, 0x0, 0x0, 0x0, 0xf, 0xbd,
    0xf1, 0x62, 0x0, 0x0, 0x2, 0xfe, 0x0, 0x0,
    0x0, 0x7, 0xf6, 0xdf, 0x10, 0x0, 0x0, 0x0,
    0x2f, 0xe0, 0x0, 0x0, 0x2, 0xfe, 0xd, 0xf1,
    0x4, 0xdd, 0xdd, 0xde, 0xff, 0xdd, 0xdd, 0xda,
    0x2f, 0x80, 0xdf, 0x10, 0x5f, 0xff, 0xff, 0xff,
    0xff, 0xff, 0xff, 0xc0, 0x70, 0xd, 0xf1, 0x0,
    0x11, 0x11, 0x13, 0xff, 0x11, 0x11, 0x10, 0x0,
    0x0, 0xdf, 0x10, 0x0, 0x0, 0x0, 0x2f, 0xe0,
    0x0, 0x0, 0x0, 0x0, 0xd, 0xf1, 0x0, 0x0,
    0x0, 0x2, 0xfe, 0x0, 0x0, 0x0, 0x0, 0x0,
    0xdf, 0x10, 0x0, 0x0, 0x0, 0x2f, 0xe0, 0x0,
    0x0, 0x0, 0x0, 0xd, 0xf1, 0x0, 0x0, 0x0,
    0x2, 0xfe, 0x0, 0x0, 0x0, 0x0, 0x0, 0xdf,
    0x10, 0x0, 0x0, 0x0, 0x2f, 0xe0, 0x0, 0x0,
    0x0,

    /* U+6838 "核" */
    0x0, 0x0, 0x56, 0x10, 0x0, 0x0, 0x0, 0x4,
    0x40, 0x0, 0x0, 0x0, 0x0, 0x0, 0xcf, 0x30,
    0x0, 0x0, 0x0, 0x4f, 0xe0, 0x0, 0x0, 0x0,
    0x0, 0x0, 0xcf, 0x30, 0x0, 0x0, 0x0, 0xd,
    0xf6, 0x0, 0x0, 0x0, 0x0, 0x0, 0xcf, 0x30,
    0x0, 0x0, 0x0, 0x7, 0xfb, 0x0, 0x0, 0x0,
    0x0, 0x0, 0xcf, 0x30, 0x8, 0xff, 0xff, 0xff,
    0xff, 0xff, 0xff, 0xe0, 0xb, 0xdd, 0xff, 0xdd,
    0xb5, 0xaa, 0xaa, 0xff, 0xaa, 0xaa, 0xaa, 0x90,
    0xe, 0xff, 0xff, 0xff, 0xd0, 0x0, 0x8, 0xfa,
    0x0, 0x0, 0x0, 0x0, 0x0, 0x0, 0xff, 0x40,
    0x0, 0x0, 0x2f, 0xe1, 0x0, 0x22, 0x0, 0x0,
    0x0, 0x3, 0xff, 0x80, 0x0, 0x0, 0xcf, 0x60,
    0x0, 0xcf, 0x60, 0x0, 0x0, 0x7, 0xff, 0xf3,
    0x0, 0x8, 0xfb, 0x0, 0x8, 0xfd, 0x0, 0x0,
    0x0, 0xc, 0xff, 0xfd, 0x0, 0xef, 0xff, 0xff,
    0xff, 0xf3, 0x0, 0x0, 0x0, 0x2f, 0xff, 0x9f,
    0x70, 0xdf, 0xed, 0xce, 0xff, 0x60, 0x0, 0x0,
    0x0, 0x8f, 0xdf, 0x3d, 0xd0, 0x20, 0x0, 0x4f,
    0xf8, 0x0, 0xb8, 0x10, 0x0, 0xeb, 0xcf, 0x35,
    0x30, 0x0, 0x7, 0xff, 0x80, 0x7, 0xff, 0x20,
    0x7, 0xf5, 0xcf, 0x30, 0x0, 0x1, 0xbf, 0xf6,
    0x0, 0x3f, 0xf6, 0x0, 0x1f, 0xe0, 0xcf, 0x30,
    0x0, 0x8f, 0xfe, 0x30, 0x2, 0xef, 0xa0, 0x0,
    0x4f, 0x80, 0xcf, 0x30, 0x4, 0xff, 0x90, 0x0,
    0x3e, 0xfb, 0x0, 0x0, 0xb, 0x10, 0xcf, 0x30,
    0x0, 0x62, 0x0, 0x6, 0xff, 0xe1, 0x0, 0x0,
    0x0, 0x0, 0xcf, 0x30, 0x0, 0x0, 0x1, 0xbf,
    0xff, 0xfc, 0x10, 0x0, 0x0, 0x0, 0xcf, 0x30,
    0x0, 0x0, 0x8f, 0xff, 0x61, 0xcf, 0xe3, 0x0,
    0x0, 0x0, 0xcf, 0x30, 0x2, 0x8f, 0xff, 0xb1,
    0x0, 0xb, 0xff, 0x40, 0x0, 0x0, 0xcf, 0x30,
    0x9f, 0xff, 0xc4, 0x0, 0x0, 0x0, 0xaf, 0xd0,
    0x0, 0x0, 0xcf, 0x30, 0x1d, 0xa3, 0x0, 0x0,
    0x0, 0x0, 0x8, 0x10, 0x0, 0x0, 0x0, 0x0,
    0x0, 0x0, 0x0, 0x0, 0x0, 0x0, 0x0, 0x0,

    /* U+683C "格" */
    0x0, 0x0, 0x2, 0x20, 0x0, 0x0, 0x0, 0x10,
    0x0, 0x0, 0x0, 0x0, 0x0, 0x0, 0x1f, 0xd0,
    0x0, 0x0, 0x1, 0xfd, 0x0, 0x0, 0x0, 0x0,
    0x0, 0x0, 0x1f, 0xd0, 0x0, 0x0, 0x9, 0xfa,
    0x0, 0x0, 0x0, 0x0, 0x0, 0x0, 0x1f, 0xd0,
    0x0, 0x0, 0x2f, 0xfb, 0x99, 0x99, 0xa3, 0x0,
    0x0, 0x0, 0x1f, 0xd0, 0x0, 0x0, 0xcf, 0xff,
    0xff, 0xff, 0xfa, 0x0, 0x0, 0x0, 0x2f, 0xd0,
    0x0, 0x8, 0xff, 0x33, 0x33, 0x3f, 0xf3, 0x0,
    0x9, 0xff, 0xff, 0xff, 0xfd, 0x6f, 0xff, 0x70,
    0x0, 0x7f, 0xb0, 0x0, 0x8, 0xdd, 0xef, 0xfd,
    0xdf, 0xff, 0x7e, 0xf3, 0x3, 0xff, 0x20, 0x0,
    0x0, 0x0, 0x7f, 0xd0, 0xa, 0xf7, 0x5, 0xfe,
    0x4e, 0xf6, 0x0, 0x0, 0x0, 0x0, 0xcf, 0xf7,
    0x0, 0x30, 0x0, 0x8f, 0xff, 0x90, 0x0, 0x0,
    0x0, 0x1, 0xff, 0xff, 0x50, 0x0, 0x0, 0x4f,
    0xff, 0x50, 0x0, 0x0, 0x0, 0x7, 0xff, 0xdd,
    0xf3, 0x0, 0x8, 0xff, 0xbf, 0xfa, 0x10, 0x0,
    0x0, 0xd, 0xdf, 0xd3, 0xf9, 0x6, 0xef, 0xf5,
    0x4, 0xef, 0xf9, 0x20, 0x0, 0x5f, 0x7f, 0xd0,
    0x99, 0xef, 0xfa, 0x10, 0x0, 0x19, 0xff, 0xf8,
    0x0, 0xcf, 0x2f, 0xd0, 0x2f, 0xff, 0xff, 0xff,
    0xff, 0xff, 0xfe, 0xc0, 0x6, 0xf8, 0x1f, 0xd0,
    0x4, 0x2c, 0xfd, 0xcc, 0xcc, 0xcd, 0xfa, 0x0,
    0xf, 0xf1, 0x1f, 0xd0, 0x0, 0xc, 0xf2, 0x0,
    0x0, 0x4, 0xfa, 0x0, 0xa, 0x70, 0x1f, 0xd0,
    0x0, 0xc, 0xf2, 0x0, 0x0, 0x4, 0xfa, 0x0,
    0x1, 0x0, 0x1f, 0xd0, 0x0, 0xc, 0xf2, 0x0,
    0x0, 0x4, 0xfa, 0x0, 0x0, 0x0, 0x1f, 0xd0,
    0x0, 0xc, 0xf2, 0x0, 0x0, 0x4, 0xfa, 0x0,
    0x0, 0x0, 0x1f, 0xd0, 0x0, 0xc, 0xfd, 0xcc,
    0xcc, 0xcd, 0xfa, 0x0, 0x0, 0x0, 0x1f, 0xd0,
    0x0, 0xc, 0xff, 0xff, 0xff, 0xff, 0xfa, 0x0,
    0x0, 0x0, 0x1f, 0xd0, 0x0, 0xc, 0xf2, 0x0,
    0x0, 0x4, 0xfa, 0x0, 0x0, 0x0, 0x0, 0x0,
    0x0, 0x1, 0x10, 0x0, 0x0, 0x0, 0x0, 0x0,

    /* U+68C0 "检" */
    0x0, 0x0, 0x45, 0x0, 0x0, 0x0, 0x0, 0x34,
    0x0, 0x0, 0x0, 0x0, 0x0, 0x0, 0xdf, 0x0,
    0x0, 0x0, 0x0, 0xcf, 0x60, 0x0, 0x0, 0x0,
    0x0, 0x0, 0xdf, 0x0, 0x0, 0x0, 0x6, 0xff,
    0x80, 0x0, 0x0, 0x0, 0x0, 0x0, 0xdf, 0x0,
    0x0, 0x0, 0x2f, 0xfe, 0xf6, 0x0, 0x0, 0x0,
    0x0, 0x0, 0xdf, 0x0, 0x0, 0x0, 0xdf, 0x83,
    0xff, 0x50, 0x0, 0x0, 0xc, 0xdd, 0xff, 0xdd,
    0x50, 0xb, 0xfb, 0x0, 0x4f, 0xf6, 0x0, 0x0,
    0xe, 0xff, 0xff, 0xff, 0x60, 0xbf, 0xd1, 0x0,
    0x4, 0xff, 0x80, 0x0, 0x0, 0x2, 0xff, 0x10,
    0x2c, 0xfd, 0x10, 0x0, 0x0, 0x4f, 0xfc, 0x20,
    0x0, 0x5, 0xff, 0x44, 0xef, 0xdc, 0xcc, 0xcc,
    0xcc, 0xc7, 0xef, 0xd0, 0x0, 0x9, 0xff, 0xe3,
    0xfc, 0x1c, 0xff, 0xff, 0xff, 0xf4, 0x1b, 0x60,
    0x0, 0xe, 0xff, 0xf9, 0x30, 0x0, 0x0, 0x0,
    0x0, 0x0, 0x0, 0x0, 0x0, 0x3f, 0xff, 0xaf,
    0x30, 0x0, 0x0, 0x33, 0x0, 0x0, 0x40, 0x0,
    0x0, 0x9f, 0xdf, 0x2f, 0x84, 0xc3, 0x0, 0xcd,
    0x0, 0x5, 0xf9, 0x0, 0x1, 0xfa, 0xdf, 0x7,
    0x3, 0xf8, 0x0, 0x9f, 0x10, 0xa, 0xf2, 0x0,
    0x8, 0xf4, 0xdf, 0x0, 0x0, 0xed, 0x0, 0x6f,
    0x40, 0x1f, 0xc0, 0x0, 0x1f, 0xe0, 0xdf, 0x0,
    0x0, 0x9f, 0x20, 0x3f, 0x70, 0x7f, 0x50, 0x0,
    0xd, 0x70, 0xdf, 0x0, 0x0, 0x5f, 0x50, 0x1f,
    0x90, 0xde, 0x0, 0x0, 0x4, 0x0, 0xdf, 0x0,
    0x0, 0x2f, 0x80, 0x8, 0x44, 0xf7, 0x0, 0x0,
    0x0, 0x0, 0xdf, 0x0, 0x0, 0x2, 0x0, 0x0,
    0xc, 0xe0, 0x0, 0x0, 0x0, 0x0, 0xdf, 0x0,
    0x0, 0x0, 0x0, 0x0, 0x3f, 0x70, 0x0, 0x0,
    0x0, 0x0, 0xdf, 0x0, 0xef, 0xff, 0xff, 0xff,
    0xff, 0xff, 0xff, 0x50, 0x0, 0x0, 0xdf, 0x0,
    0xcd, 0xdd, 0xdd, 0xdd, 0xdd, 0xdd, 0xdd, 0x50,
    0x0, 0x0, 0xdf, 0x0, 0x0, 0x0, 0x0, 0x0,
    0x0, 0x0, 0x0, 0x0,

    /* U+6A21 "模" */
    0x0, 0x0, 0xef, 0x0, 0x0, 0x0, 0xef, 0x0,
    0x9, 0xf5, 0x0, 0x0, 0x0, 0x0, 0xef, 0x0,
    0x1, 0x11, 0xff, 0x11, 0x1a, 0xf6, 0x11, 0x0,
    0x0, 0x0, 0xef, 0x0, 0x4f, 0xff, 0xff, 0xff,
    0xff, 0xff, 0xff, 0x80, 0x0, 0x0, 0xef, 0x0,
    0x2a, 0xaa, 0xff, 0xaa, 0xad, 0xfc, 0xaa, 0x50,
    0x5, 0x66, 0xff, 0x66, 0x20, 0x0, 0xff, 0x0,
    0x9, 0xf5, 0x0, 0x0, 0xd, 0xff, 0xff, 0xff,
    0x62, 0x66, 0xbc, 0x66, 0x6a, 0xc8, 0x62, 0x0,
    0x3, 0x44, 0xff, 0x44, 0x15, 0xff, 0xff, 0xff,
    0xff, 0xff, 0xf5, 0x0, 0x0, 0x2, 0xff, 0x30,
    0x5, 0xf8, 0x11, 0x11, 0x11, 0x1a, 0xf5, 0x0,
    0x0, 0x7, 0xff, 0xd0, 0x5, 0xfb, 0x66, 0x66,
    0x66, 0x6c, 0xf5, 0x0, 0x0, 0xb, 0xff, 0xf7,
    0x5, 0xff, 0xff, 0xff, 0xff, 0xff, 0xf5, 0x0,
    0x0, 0x1f, 0xff, 0xcf, 0x15, 0xf8, 0x11, 0x11,
    0x11, 0x1a, 0xf5, 0x0, 0x0, 0x7f, 0xff, 0x4f,
    0xa5, 0xfa, 0x44, 0x44, 0x44, 0x4b, 0xf5, 0x0,
    0x0, 0xdd, 0xef, 0xd, 0x65, 0xff, 0xff, 0xff,
    0xff, 0xff, 0xf5, 0x0, 0x5, 0xf7, 0xef, 0x2,
    0x1, 0x44, 0x44, 0xbf, 0x74, 0x44, 0x41, 0x0,
    0xd, 0xf1, 0xef, 0x0, 0x0, 0x0, 0x0, 0xcf,
    0x30, 0x0, 0x0, 0x0, 0x1f, 0xa0, 0xef, 0x0,
    0xef, 0xff, 0xff, 0xff, 0xff, 0xff, 0xff, 0x80,
    0x9, 0x20, 0xef, 0x0, 0xab, 0xbb, 0xbe, 0xff,
    0xfe, 0xbb, 0xbb, 0x60, 0x0, 0x0, 0xef, 0x0,
    0x0, 0x0, 0x1e, 0xf7, 0xfe, 0x20, 0x0, 0x0,
    0x0, 0x0, 0xef, 0x0, 0x0, 0x2, 0xdf, 0xb0,
    0x7f, 0xe3, 0x0, 0x0, 0x0, 0x0, 0xef, 0x0,
    0x2, 0x9f, 0xfc, 0x10, 0x9, 0xff, 0x92, 0x0,
    0x0, 0x0, 0xef, 0x3, 0xdf, 0xff, 0x80, 0x0,
    0x0, 0x7f, 0xff, 0xb0, 0x0, 0x0, 0xef, 0x0,
    0xbc, 0x71, 0x0, 0x0, 0x0, 0x1, 0x8d, 0x20,
    0x0, 0x0, 0x0, 0x0, 0x0, 0x0, 0x0, 0x0,
    0x0, 0x0, 0x0, 0x0,

    /* U+6B21 "次" */
    0x0, 0x0, 0x0, 0x0, 0x0, 0x0, 0x0, 0x0,
    0x0, 0x0, 0x0, 0x0, 0x0, 0x0, 0x0, 0x0,
    0x0, 0x4f, 0xb0, 0x0, 0x0, 0x0, 0x0, 0x0,
    0x0, 0x30, 0x0, 0x0, 0x0, 0x8f, 0xc0, 0x0,
    0x0, 0x0, 0x0, 0x0, 0x3, 0xfd, 0x40, 0x0,
    0x0, 0xcf, 0x70, 0x0, 0x0, 0x0, 0x0, 0x0,
    0x2, 0xcf, 0xfa, 0x10, 0x1, 0xff, 0x41, 0x11,
    0x11, 0x11, 0x20, 0x0, 0x0, 0x6, 0xff, 0xd1,
    0x6, 0xff, 0xff, 0xff, 0xff, 0xff, 0xfe, 0x30,
    0x0, 0x0, 0x2e, 0xb0, 0xc, 0xff, 0xff, 0xff,
    0xff, 0xff, 0xff, 0x40, 0x0, 0x0, 0x1, 0x10,
    0x2f, 0xf2, 0x0, 0x0, 0x0, 0x3, 0xff, 0x0,
    0x0, 0x0, 0x0, 0x0, 0xaf, 0xc0, 0x6, 0xfc,
    0x0, 0x8, 0xfa, 0x0, 0x0, 0x0, 0x0, 0x3,
    0xff, 0x40, 0x6, 0xfc, 0x0, 0xe, 0xf3, 0x0,
    0x0, 0x0, 0x0, 0xd, 0xfc, 0x0, 0x6, 0xfc,
    0x0, 0x4f, 0xd0, 0x0, 0x0, 0x0, 0x0, 0x3,
    0xc3, 0x0, 0x8, 0xfc, 0x0, 0x6f, 0x50, 0x0,
    0x0, 0x0, 0x6, 0x80, 0x0, 0x0, 0xa, 0xff,
    0x10, 0x1, 0x0, 0x0, 0x0, 0x0, 0x1e, 0xf5,
    0x0, 0x0, 0xd, 0xff, 0x60, 0x0, 0x0, 0x0,
    0x0, 0x0, 0xaf, 0xd0, 0x0, 0x0, 0x2f, 0xff,
    0xc0, 0x0, 0x0, 0x0, 0x0, 0x4, 0xff, 0x30,
    0x0, 0x0, 0x9f, 0xdd, 0xf3, 0x0, 0x0, 0x0,
    0x0, 0x1e, 0xf9, 0x0, 0x0, 0x2, 0xff, 0x66,
    0xfb, 0x0, 0x0, 0x0, 0x0, 0xaf, 0xe1, 0x0,
    0x0, 0xc, 0xfd, 0x0, 0xef, 0x60, 0x0, 0x0,
    0x6, 0xff, 0x50, 0x0, 0x0, 0xbf, 0xf3, 0x0,
    0x5f, 0xf4, 0x0, 0x0, 0xa, 0xfb, 0x0, 0x0,
    0x1b, 0xff, 0x60, 0x0, 0xa, 0xff, 0x50, 0x0,
    0x0, 0x71, 0x0, 0x4, 0xef, 0xf6, 0x0, 0x0,
    0x0, 0xbf, 0xfa, 0x20, 0x0, 0x0, 0x0, 0xbf,
    0xfe, 0x40, 0x0, 0x0, 0x0, 0x9, 0xff, 0xc0,
    0x0, 0x0, 0x0, 0x4f, 0xa1, 0x0, 0x0, 0x0,
    0x0, 0x0, 0x4c, 0x20, 0x0, 0x0, 0x0, 0x1,
    0x0, 0x0, 0x0, 0x0, 0x0, 0x0, 0x0, 0x0,

    /* U+6B62 "止" */
    0x0, 0x0, 0x0, 0x0, 0x0, 0x3, 0xfe, 0x0,
    0x0, 0x0, 0x0, 0x0, 0x0, 0x0, 0x0, 0x0,
    0x0, 0x3f, 0xe0, 0x0, 0x0, 0x0, 0x0, 0x0,
    0x0, 0x0, 0x0, 0x0, 0x3, 0xfe, 0x0, 0x0,
    0x0, 0x0, 0x0, 0x0, 0x0, 0x0, 0x0, 0x0,
    0x3f, 0xe0, 0x0, 0x0, 0x0, 0x0, 0x0, 0x0,
    0x0, 0x0, 0x0, 0x3, 0xfe, 0x0, 0x0, 0x0,
    0x0, 0x0, 0x0, 0xa, 0xd3, 0x0, 0x0, 0x3f,
    0xe0, 0x0, 0x0, 0x0, 0x0, 0x0, 0x0, 0xcf,
    0x40, 0x0, 0x3, 0xfe, 0x0, 0x0, 0x0, 0x0,
    0x0, 0x0, 0xc, 0xf4, 0x0, 0x0, 0x3f, 0xf1,
    0x11, 0x11, 0x11, 0x10, 0x0, 0x0, 0xcf, 0x40,
    0x0, 0x3, 0xff, 0xff, 0xff, 0xff, 0xfa, 0x0,
    0x0, 0xc, 0xf4, 0x0, 0x0, 0x3f, 0xff, 0xff,
    0xff, 0xff, 0xa0, 0x0, 0x0, 0xcf, 0x40, 0x0,
    0x3, 0xfe, 0x0, 0x0, 0x0, 0x0, 0x0, 0x0,
    0xc, 0xf4, 0x0, 0x0, 0x3f, 0xe0, 0x0, 0x0,
    0x0, 0x0, 0x0, 0x0, 0xcf, 0x40, 0x0, 0x3,
    0xfe, 0x0, 0x0, 0x0, 0x0, 0x0, 0x0, 0xc,
    0xf4, 0x0, 0x0, 0x3f, 0xe0, 0x0, 0x0, 0x0,
    0x0, 0x0, 0x0, 0xcf, 0x40, 0x0, 0x3, 0xfe,
    0x0, 0x0, 0x0, 0x0, 0x0, 0x0, 0xc, 0xf4,
    0x0, 0x0, 0x3f, 0xe0, 0x0, 0x0, 0x0, 0x0,
    0x0, 0x0, 0xcf, 0x40, 0x0, 0x3, 0xfe, 0x0,
    0x0, 0x0, 0x0, 0x0, 0x0, 0xc, 0xf4, 0x0,
    0x0, 0x3f, 0xe0, 0x0, 0x0, 0x0, 0x0, 0x1,
    0x11, 0xdf, 0x51, 0x11, 0x14, 0xff, 0x11, 0x11,
    0x11, 0x11, 0x1, 0xff, 0xff, 0xff, 0xff, 0xff,
    0xff, 0xff, 0xff, 0xff, 0xff, 0xfc, 0x1f, 0xff,
    0xff, 0xff, 0xff, 0xff, 0xff, 0xff, 0xff, 0xff,
    0xff, 0xb0,

    /* U+6B63 "正" */
    0x3, 0xbb, 0xbb, 0xbb, 0xbb, 0xbb, 0xbb, 0xbb,
    0xbb, 0xbb, 0xb7, 0x0, 0x5f, 0xff, 0xff, 0xff,
    0xff, 0xff, 0xff, 0xff, 0xff, 0xff, 0xa0, 0x1,
    0x44, 0x44, 0x44, 0x44, 0x4e, 0xf7, 0x44, 0x44,
    0x44, 0x42, 0x0, 0x0, 0x0, 0x0, 0x0, 0x0,
    0xef, 0x40, 0x0, 0x0, 0x0, 0x0, 0x0, 0x0,
    0x0, 0x0, 0x0, 0xe, 0xf4, 0x0, 0x0, 0x0,
    0x0, 0x0, 0x0, 0x0, 0x0, 0x0, 0x0, 0xef,
    0x40, 0x0, 0x0, 0x0, 0x0, 0x0, 0x0, 0x22,
    0x0, 0x0, 0xe, 0xf4, 0x0, 0x0, 0x0, 0x0,
    0x0, 0x0, 0xc, 0xf4, 0x0, 0x0, 0xef, 0x40,
    0x0, 0x0, 0x0, 0x0, 0x0, 0x0, 0xcf, 0x40,
    0x0, 0xe, 0xf5, 0x22, 0x22, 0x22, 0x10, 0x0,
    0x0, 0xc, 0xf4, 0x0, 0x0, 0xef, 0xff, 0xff,
    0xff, 0xfa, 0x0, 0x0, 0x0, 0xcf, 0x40, 0x0,
    0xe, 0xfe, 0xdd, 0xdd, 0xdd, 0x80, 0x0, 0x0,
    0xc, 0xf4, 0x0, 0x0, 0xef, 0x40, 0x0, 0x0,
    0x0, 0x0, 0x0, 0x0, 0xcf, 0x40, 0x0, 0xe,
    0xf4, 0x0, 0x0, 0x0, 0x0, 0x0, 0x0, 0xc,
    0xf4, 0x0, 0x0, 0xef, 0x40, 0x0, 0x0, 0x0,
    0x0, 0x0, 0x0, 0xcf, 0x40, 0x0, 0xe, 0xf4,
    0x0, 0x0, 0x0, 0x0, 0x0, 0x0, 0xc, 0xf4,
    0x0, 0x0, 0xef, 0x40, 0x0, 0x0, 0x0, 0x0,
    0x0, 0x0, 0xcf, 0x40, 0x0, 0xe, 0xf4, 0x0,
    0x0, 0x0, 0x0, 0x0, 0x0, 0xc, 0xf5, 0x0,
    0x0, 0xef, 0x40, 0x0, 0x0, 0x0, 0x0, 0xf,
    0xff, 0xff, 0xff, 0xff, 0xff, 0xff, 0xff, 0xff,
    0xff, 0xff, 0x60, 0xff, 0xff, 0xff, 0xff, 0xff,
    0xff, 0xff, 0xff, 0xff, 0xff, 0xf6,

    /* U+6B64 "此" */
    0x0, 0x0, 0x0, 0x24, 0x10, 0x0, 0x4, 0x40,
    0x0, 0x0, 0x0, 0x0, 0x0, 0x0, 0xa, 0xf6,
    0x0, 0x1, 0xff, 0x0, 0x0, 0x0, 0x0, 0x0,
    0x0, 0x0, 0xaf, 0x60, 0x0, 0x1f, 0xf0, 0x0,
    0x0, 0x0, 0x0, 0x0, 0x0, 0xa, 0xf6, 0x0,
    0x1, 0xff, 0x0, 0x0, 0x0, 0x0, 0x0, 0x0,
    0x0, 0xaf, 0x60, 0x0, 0x1f, 0xf0, 0x0, 0x0,
    0x0, 0x0, 0x6, 0x50, 0xa, 0xf6, 0x0, 0x1,
    0xff, 0x0, 0x0, 0x0, 0x0, 0x1, 0xfe, 0x0,
    0xaf, 0x60, 0x0, 0x1f, 0xf0, 0x0, 0xb, 0x60,
    0x0, 0x1f, 0xe0, 0xa, 0xf6, 0x0, 0x1, 0xff,
    0x0, 0x3d, 0xff, 0x40, 0x1, 0xfe, 0x0, 0xaf,
    0xfe, 0xea, 0x1f, 0xf1, 0x8f, 0xfe, 0x50, 0x0,
    0x1f, 0xe0, 0xa, 0xff, 0xff, 0xb1, 0xff, 0xef,
    0xf9, 0x10, 0x0, 0x1, 0xfe, 0x0, 0xaf, 0x70,
    0x0, 0x1f, 0xff, 0xa2, 0x0, 0x0, 0x0, 0x1f,
    0xe0, 0xa, 0xf6, 0x0, 0x1, 0xff, 0x30, 0x0,
    0x0, 0x0, 0x1, 0xfe, 0x0, 0xaf, 0x60, 0x0,
    0x1f, 0xf0, 0x0, 0x0, 0x0, 0x0, 0x1f, 0xe0,
    0xa, 0xf6, 0x0, 0x1, 0xff, 0x0, 0x0, 0x0,
    0x0, 0x1, 0xfe, 0x0, 0xaf, 0x60, 0x0, 0x1f,
    0xf0, 0x0, 0x0, 0x0, 0x0, 0x1f, 0xe0, 0xa,
    0xf6, 0x0, 0x1, 0xff, 0x0, 0x0, 0x0, 0x0,
    0x1, 0xfe, 0x0, 0xaf, 0x60, 0x0, 0x1f, 0xf0,
    0x0, 0x0, 0x97, 0x10, 0x1f, 0xe0, 0xa, 0xf6,
    0x0, 0x1, 0xff, 0x0, 0x0, 0xb, 0xf4, 0x1,
    0xfe, 0x0, 0xaf, 0x74, 0x76, 0x1f, 0xf0, 0x0,
    0x0, 0xcf, 0x20, 0x1f, 0xe6, 0x9e, 0xff, 0xff,
    0xc1, 0xff, 0x20, 0x0, 0x1f, 0xf0, 0xbe, 0xff,
    0xff, 0xff, 0xfc, 0x95, 0xe, 0xff, 0xee, 0xef,
    0xfb, 0xc, 0xff, 0xeb, 0x85, 0x20, 0x0, 0x0,
    0x4e, 0xff, 0xff, 0xfd, 0x20, 0x44, 0x10, 0x0,
    0x0, 0x0, 0x0, 0x0, 0x0, 0x0, 0x0, 0x0,
    0x0,

    /* U+6B65 "步" */
    0x0, 0x0, 0x0, 0x0, 0x0, 0x34, 0x10, 0x0,
    0x0, 0x0, 0x0, 0x0, 0x0, 0x0, 0x0, 0x0,
    0xcf, 0x60, 0x0, 0x0, 0x0, 0x0, 0x0, 0x0,
    0x66, 0x0, 0x0, 0xcf, 0x60, 0x0, 0x0, 0x0,
    0x0, 0x0, 0x1, 0xff, 0x0, 0x0, 0xcf, 0xfe,
    0xee, 0xee, 0xe6, 0x0, 0x0, 0x1, 0xff, 0x0,
    0x0, 0xcf, 0xff, 0xff, 0xff, 0xf7, 0x0, 0x0,
    0x1, 0xff, 0x0, 0x0, 0xcf, 0x70, 0x0, 0x0,
    0x0, 0x0, 0x0, 0x1, 0xff, 0x0, 0x0, 0xcf,
    0x60, 0x0, 0x0, 0x0, 0x0, 0x0, 0x1, 0xff,
    0x0, 0x0, 0xcf, 0x60, 0x0, 0x0, 0x0, 0x0,
    0x9f, 0xff, 0xff, 0xff, 0xff, 0xff, 0xff, 0xff,
    0xff, 0xff, 0xf8, 0x9f, 0xff, 0xff, 0xff, 0xff,
    0xff, 0xff, 0xff, 0xff, 0xff, 0xf8, 0x0, 0x0,
    0x0, 0x0, 0x0, 0xff, 0x30, 0x0, 0x0, 0x0,
    0x0, 0x0, 0x0, 0x8, 0xd6, 0x0, 0xff, 0x30,
    0x0, 0x5, 0x91, 0x0, 0x0, 0x0, 0x4f, 0xf3,
    0x0, 0xff, 0x30, 0x0, 0xe, 0xf9, 0x0, 0x0,
    0x2, 0xef, 0x70, 0x0, 0xff, 0x30, 0x0, 0x9f,
    0xe1, 0x0, 0x0, 0x3e, 0xfa, 0x0, 0x0, 0xff,
    0x30, 0x7, 0xff, 0x40, 0x0, 0x6, 0xff, 0xb0,
    0x0, 0x0, 0xff, 0x30, 0x7f, 0xf7, 0x0, 0x0,
    0x6, 0xfb, 0x0, 0x0, 0x0, 0xff, 0x4a, 0xff,
    0x80, 0x0, 0x0, 0x0, 0x40, 0x0, 0x0, 0x0,
    0x7d, 0xff, 0xf6, 0x0, 0x0, 0x0, 0x0, 0x0,
    0x0, 0x0, 0x16, 0xdf, 0xfd, 0x30, 0x0, 0x0,
    0x0, 0x0, 0x0, 0x1, 0x5a, 0xff, 0xfe, 0x70,
    0x0, 0x0, 0x0, 0x0, 0x14, 0x7a, 0xdf, 0xff,
    0xfd, 0x60, 0x0, 0x0, 0x0, 0x0, 0x0, 0x6f,
    0xff, 0xff, 0xc7, 0x20, 0x0, 0x0, 0x0, 0x0,
    0x0, 0x0, 0xc, 0xa7, 0x40, 0x0, 0x0, 0x0,
    0x0, 0x0, 0x0, 0x0, 0x0,

    /* U+6C42 "求" */
    0x0, 0x0, 0x0, 0x0, 0x0, 0x1f, 0xf0, 0x2,
    0xb4, 0x0, 0x0, 0x0, 0x0, 0x0, 0x0, 0x0,
    0x0, 0x1f, 0xf0, 0x8, 0xff, 0xb2, 0x0, 0x0,
    0x0, 0x0, 0x0, 0x0, 0x0, 0x1f, 0xf0, 0x0,
    0x3c, 0xff, 0x50, 0x0, 0x0, 0x0, 0x0, 0x0,
    0x0, 0x2f, 0xf1, 0x0, 0x1, 0x8f, 0x30, 0x0,
    0x7, 0xff, 0xff, 0xff, 0xff, 0xff, 0xff, 0xff,
    0xff, 0xff, 0xff, 0x90, 0x7, 0xee, 0xee, 0xee,
    0xee, 0xff, 0xfe, 0xee, 0xee, 0xee, 0xee, 0x80,
    0x0, 0x0, 0x0, 0x0, 0x0, 0x1f, 0xf2, 0x0,
    0x0, 0x0, 0x0, 0x0, 0x0, 0x4, 0x80, 0x0,
    0x0, 0x1f, 0xf8, 0x0, 0x0, 0x9, 0xa0, 0x0,
    0x0, 0x1e, 0xf9, 0x0, 0x0, 0x1f, 0xfe, 0x0,
    0x0, 0x6f, 0xf4, 0x0, 0x0, 0x2, 0xef, 0x90,
    0x0, 0x1f, 0xff, 0x70, 0x5, 0xff, 0x60, 0x0,
    0x0, 0x0, 0x2f, 0xf7, 0x0, 0x1f, 0xff, 0xe1,
    0x5f, 0xf6, 0x0, 0x0, 0x0, 0x0, 0x4, 0xff,
    0x10, 0x1f, 0xf8, 0xfc, 0xff, 0x60, 0x0, 0x0,
    0x0, 0x0, 0x0, 0x73, 0x0, 0x7f, 0xf1, 0xef,
    0xf5, 0x0, 0x0, 0x0, 0x0, 0x0, 0x0, 0x0,
    0x4d, 0xff, 0xf0, 0x5f, 0xf2, 0x0, 0x0, 0x0,
    0x0, 0x0, 0x0, 0x2b, 0xff, 0xcf, 0xf0, 0x9,
    0xfd, 0x10, 0x0, 0x0, 0x0, 0x0, 0x19, 0xff,
    0xe5, 0x1f, 0xf0, 0x0, 0xcf, 0xd2, 0x0, 0x0,
    0x0, 0x8, 0xff, 0xf8, 0x0, 0x1f, 0xf0, 0x0,
    0x1d, 0xfe, 0x40, 0x0, 0x7, 0xef, 0xfb, 0x20,
    0x0, 0x1f, 0xf0, 0x0, 0x1, 0xdf, 0xfa, 0x20,
    0x8, 0xfe, 0x50, 0x0, 0x0, 0x1f, 0xf0, 0x0,
    0x0, 0xa, 0xff, 0xd0, 0x0, 0x60, 0x0, 0x1,
    0x0, 0x3f, 0xf0, 0x0, 0x0, 0x0, 0x5c, 0x20,
    0x0, 0x0, 0x0, 0x1f, 0xff, 0xff, 0xd0, 0x0,
    0x0, 0x0, 0x0, 0x0, 0x0, 0x0, 0x0, 0xc,
    0xff, 0xfc, 0x30, 0x0, 0x0, 0x0, 0x0, 0x0,
    0x0, 0x0, 0x0, 0x0, 0x0, 0x0, 0x0, 0x0,
    0x0, 0x0, 0x0, 0x0,

    /* U+6CD5 "法" */
    0x0, 0x0, 0x0, 0x0, 0x0, 0x0, 0x0, 0x0,
    0x0, 0x0, 0x0, 0x0, 0x1, 0xa3, 0x0, 0x0,
    0x0, 0x0, 0xe, 0xf2, 0x0, 0x0, 0x0, 0x0,
    0x9f, 0xfb, 0x30, 0x0, 0x0, 0x0, 0xef, 0x20,
    0x0, 0x0, 0x0, 0x0, 0x5e, 0xff, 0x70, 0x0,
    0x0, 0xe, 0xf2, 0x0, 0x0, 0x0, 0x0, 0x0,
    0x8, 0xf4, 0x0, 0x0, 0x0, 0xef, 0x20, 0x0,
    0x0, 0x0, 0x0, 0x0, 0x2, 0x0, 0xff, 0xff,
    0xff, 0xff, 0xff, 0xff, 0x60, 0x0, 0x0, 0x0,
    0x0, 0xd, 0xee, 0xee, 0xff, 0xee, 0xee, 0xe5,
    0x0, 0x11, 0x0, 0x0, 0x0, 0x0, 0x0, 0xe,
    0xf2, 0x0, 0x0, 0x0, 0xb, 0xfa, 0x30, 0x0,
    0x0, 0x0, 0x0, 0xef, 0x20, 0x0, 0x0, 0x0,
    0x7e, 0xff, 0x90, 0x0, 0x0, 0x0, 0xe, 0xf2,
    0x0, 0x0, 0x0, 0x0, 0x7, 0xfe, 0x10, 0x22,
    0x22, 0x22, 0xff, 0x42, 0x22, 0x22, 0x0, 0x0,
    0x2, 0x40, 0xf, 0xff, 0xff, 0xff, 0xff, 0xff,
    0xff, 0xf5, 0x0, 0x0, 0x0, 0x0, 0xcc, 0xcc,
    0xcf, 0xfe, 0xcc, 0xcc, 0xcc, 0x40, 0x0, 0x0,
    0x2, 0x0, 0x0, 0x2, 0xff, 0x30, 0x0, 0x0,
    0x0, 0x0, 0x0, 0x4, 0xf4, 0x0, 0x0, 0xaf,
    0xb0, 0x0, 0x0, 0x0, 0x0, 0x0, 0x0, 0xdf,
    0x60, 0x0, 0x2f, 0xf2, 0x0, 0x68, 0x0, 0x0,
    0x0, 0x0, 0x6f, 0xd0, 0x0, 0xb, 0xf9, 0x0,
    0xd, 0xf5, 0x0, 0x0, 0x0, 0x1e, 0xf5, 0x0,
    0x4, 0xfe, 0x10, 0x0, 0x3f, 0xe1, 0x0, 0x0,
    0x9, 0xfc, 0x0, 0x0, 0xef, 0x50, 0x0, 0x0,
    0x9f, 0xa0, 0x0, 0x3, 0xff, 0x30, 0x0, 0xaf,
    0xd5, 0x79, 0xbd, 0xef, 0xff, 0x40, 0x0, 0xdf,
    0xa0, 0x0, 0x6f, 0xff, 0xff, 0xff, 0xfe, 0xcb,
    0xfd, 0x0, 0x2e, 0xf1, 0x0, 0x1, 0xfd, 0xa8,
    0x64, 0x20, 0x0, 0xd, 0xf5, 0x0, 0x14, 0x0,
    0x0, 0x1, 0x0, 0x0, 0x0, 0x0, 0x0, 0x68,
    0x10,

    /* U+6D41 "流" */
    0x0, 0x71, 0x0, 0x0, 0x0, 0x0, 0x2c, 0xa0,
    0x0, 0x0, 0x0, 0x0, 0x8f, 0xf6, 0x0, 0x0,
    0x0, 0x0, 0xff, 0x20, 0x0, 0x0, 0x0, 0x0,
    0x9f, 0xfb, 0x0, 0x0, 0x0, 0x9, 0xf8, 0x0,
    0x0, 0x0, 0x0, 0x0, 0x4e, 0xf6, 0xee, 0xee,
    0xee, 0xff, 0xfe, 0xee, 0xee, 0xd0, 0x0, 0x0,
    0x27, 0x1f, 0xff, 0xff, 0xff, 0xff, 0xff, 0xff,
    0xfd, 0x0, 0x0, 0x0, 0x0, 0x0, 0x1, 0xef,
    0x50, 0x1, 0xa3, 0x0, 0x0, 0x1, 0x0, 0x0,
    0x0, 0x0, 0xcf, 0x90, 0x0, 0x4f, 0xf3, 0x0,
    0x5, 0xfb, 0x30, 0x0, 0x0, 0x9f, 0xc0, 0x0,
    0x1, 0x8f, 0xe1, 0x0, 0x5d, 0xff, 0xa1, 0x3,
    0xbf, 0xfe, 0xde, 0xff, 0xff, 0xff, 0xc0, 0x0,
    0x6, 0xff, 0x60, 0x9f, 0xff, 0xfe, 0xdc, 0xba,
    0x98, 0xcf, 0xa0, 0x0, 0x1, 0x80, 0x4, 0x53,
    0x10, 0x0, 0x0, 0x0, 0x1, 0xe7, 0x0, 0x0,
    0x0, 0x0, 0x2, 0xa6, 0x0, 0xa8, 0x0, 0x7a,
    0x10, 0x0, 0x0, 0x0, 0x1, 0x0, 0x3f, 0xa0,
    0xf, 0xd0, 0xc, 0xf1, 0x0, 0x0, 0x0, 0x2,
    0xe3, 0x3, 0xfa, 0x0, 0xfd, 0x0, 0xcf, 0x10,
    0x0, 0x0, 0x0, 0xaf, 0x80, 0x3f, 0xa0, 0xf,
    0xd0, 0xc, 0xf1, 0x0, 0x0, 0x0, 0x3f, 0xf1,
    0x5, 0xf9, 0x0, 0xfd, 0x0, 0xcf, 0x10, 0x0,
    0x0, 0xc, 0xf8, 0x0, 0x7f, 0x70, 0xf, 0xd0,
    0xc, 0xf1, 0x0, 0x0, 0x5, 0xfe, 0x10, 0xc,
    0xf4, 0x0, 0xfd, 0x0, 0xcf, 0x10, 0x91, 0x0,
    0xef, 0x70, 0x4, 0xfe, 0x0, 0xf, 0xd0, 0xc,
    0xf1, 0xf, 0x60, 0x8f, 0xe0, 0x1, 0xef, 0x80,
    0x0, 0xfd, 0x0, 0xcf, 0x11, 0xf5, 0x1f, 0xf5,
    0x2, 0xef, 0xd0, 0x0, 0xf, 0xc0, 0xb, 0xfb,
    0xcf, 0x30, 0x5b, 0x0, 0xa, 0xd1, 0x0, 0x0,
    0x0, 0x0, 0x4e, 0xff, 0xa0, 0x0, 0x0, 0x0,
    0x1, 0x0, 0x0, 0x0, 0x0, 0x0, 0x0, 0x0,
    0x0,

    /* U+6D4B "测" */
    0x0, 0x5b, 0x20, 0x0, 0x0, 0x0, 0x0, 0x0,
    0x0, 0x0, 0x1e, 0x80, 0xc, 0xff, 0x90, 0x7d,
    0xdd, 0xdd, 0xdd, 0x80, 0x0, 0x1, 0xf9, 0x0,
    0x7, 0xff, 0xc9, 0xfb, 0xbb, 0xbb, 0xfa, 0x9,
    0xf0, 0x1f, 0x90, 0x0, 0x2, 0xd4, 0x9f, 0x0,
    0x0, 0xf, 0xa0, 0x9f, 0x1, 0xf9, 0x0, 0x0,
    0x0, 0x9, 0xf0, 0x4a, 0x0, 0xfa, 0x9, 0xf0,
    0x1f, 0x90, 0x0, 0x0, 0x0, 0x9f, 0x7, 0xf1,
    0xf, 0xa0, 0x9f, 0x1, 0xf9, 0x1, 0x40, 0x0,
    0x9, 0xf0, 0x7f, 0x10, 0xfa, 0x9, 0xf0, 0x1f,
    0x90, 0xcf, 0xb2, 0x0, 0x9f, 0x7, 0xf1, 0xf,
    0xa0, 0x9f, 0x1, 0xf9, 0x5, 0xdf, 0xf7, 0x9,
    0xf0, 0x7f, 0x10, 0xfa, 0x9, 0xf0, 0x1f, 0x90,
    0x0, 0x8f, 0x80, 0x9f, 0x7, 0xf1, 0xf, 0xa0,
    0x9f, 0x1, 0xf9, 0x0, 0x0, 0x30, 0x9, 0xf0,
    0x7f, 0x10, 0xfa, 0x9, 0xf0, 0x1f, 0x90, 0x0,
    0x0, 0x0, 0x9f, 0x7, 0xf1, 0xf, 0xa0, 0x9f,
    0x1, 0xf9, 0x0, 0x0, 0x0, 0x9, 0xf0, 0x7f,
    0x10, 0xfa, 0x9, 0xf0, 0x1f, 0x90, 0x0, 0x9,
    0x70, 0x9f, 0x7, 0xf1, 0xf, 0xa0, 0x9f, 0x1,
    0xf9, 0x0, 0x1, 0xff, 0x9, 0xf0, 0x8f, 0x0,
    0xfa, 0x9, 0xf0, 0x1f, 0x90, 0x0, 0x6f, 0xa0,
    0x9f, 0xa, 0xe0, 0xf, 0xa0, 0x9f, 0x1, 0xf9,
    0x0, 0xd, 0xf4, 0x3, 0x60, 0xeb, 0x0, 0x43,
    0x4, 0x60, 0x1f, 0x90, 0x3, 0xfe, 0x0, 0x0,
    0x4f, 0x7a, 0x40, 0x0, 0x0, 0x1, 0xf9, 0x0,
    0xaf, 0x80, 0x0, 0x1d, 0xe1, 0xcf, 0x30, 0x0,
    0x0, 0x1f, 0x90, 0x2f, 0xf2, 0x0, 0x1c, 0xf5,
    0x1, 0xee, 0x20, 0x0, 0x1, 0xf9, 0x7, 0xfb,
    0x0, 0x4e, 0xf6, 0x0, 0x2, 0xfc, 0x3, 0xaa,
    0xcf, 0x70, 0x6, 0x40, 0x2, 0xd4, 0x0, 0x0,
    0x6, 0x70, 0xf, 0xfe, 0xb1, 0x0, 0x0, 0x0,
    0x0, 0x0, 0x0, 0x0, 0x0, 0x0, 0x0, 0x0,
    0x0,

    /* U+6EE1 "满" */
    0x0, 0x3, 0x0, 0x0, 0x0, 0xd, 0xf1, 0x0,
    0xf, 0xd0, 0x0, 0x0, 0x0, 0x7f, 0xc2, 0x1,
    0x11, 0x1d, 0xf2, 0x11, 0x2f, 0xd1, 0x11, 0x10,
    0x0, 0x2d, 0xff, 0x6b, 0xff, 0xff, 0xff, 0xff,
    0xff, 0xff, 0xff, 0xb0, 0x0, 0x0, 0x9f, 0xb7,
    0xaa, 0xaf, 0xfa, 0xaa, 0xaf, 0xfa, 0xaa, 0x70,
    0x0, 0x0, 0x5, 0x0, 0x0, 0xd, 0xf1, 0x0,
    0xf, 0xd0, 0x0, 0x0, 0x0, 0x0, 0x0, 0x0,
    0x0, 0x5, 0x60, 0x0, 0x6, 0x50, 0x0, 0x0,
    0x0, 0x0, 0x0, 0xf, 0xff, 0xff, 0xff, 0xff,
    0xff, 0xff, 0xff, 0xf0, 0x4, 0xc3, 0x0, 0xc,
    0xcc, 0xcc, 0xff, 0xcc, 0xdf, 0xdc, 0xcc, 0xc0,
    0xb, 0xff, 0x90, 0x0, 0x0, 0x0, 0xbe, 0x0,
    0x6f, 0x30, 0x0, 0x0, 0x0, 0x6f, 0xfa, 0x0,
    0x22, 0x22, 0xde, 0x22, 0x8f, 0x42, 0x32, 0x0,
    0x0, 0x2, 0xb2, 0x2, 0xff, 0xff, 0xff, 0xff,
    0xff, 0xff, 0xff, 0x40, 0x0, 0x0, 0x0, 0x2,
    0xfe, 0xaa, 0xfe, 0xaa, 0xdf, 0xaa, 0xef, 0x40,
    0x0, 0x0, 0x0, 0x2, 0xfc, 0x0, 0xfa, 0x0,
    0xae, 0x0, 0xaf, 0x40, 0x0, 0x0, 0x1d, 0x22,
    0xfc, 0x2, 0xfa, 0x0, 0xdf, 0x10, 0xaf, 0x40,
    0x0, 0x0, 0x7f, 0xa2, 0xfc, 0x6, 0xff, 0x60,
    0xff, 0xb0, 0xaf, 0x40, 0x0, 0x0, 0xef, 0x32,
    0xfc, 0xb, 0xfc, 0xf7, 0xfd, 0xf5, 0xaf, 0x40,
    0x0, 0x7, 0xfc, 0x2, 0xfc, 0x3f, 0x91, 0x8c,
    0xf1, 0xed, 0xaf, 0x40, 0x0, 0x1f, 0xf4, 0x2,
    0xfc, 0xdf, 0x20, 0x6f, 0x90, 0x68, 0xaf, 0x40,
    0x0, 0x8f, 0xd0, 0x2, 0xfc, 0x55, 0x0, 0xbe,
    0x10, 0x0, 0xaf, 0x40, 0x2, 0xff, 0x50, 0x2,
    0xfc, 0x0, 0x0, 0x2, 0x0, 0x0, 0xaf, 0x40,
    0x4, 0xec, 0x0, 0x2, 0xfc, 0x0, 0x0, 0x0,
    0x1, 0x76, 0xdf, 0x30, 0x0, 0x13, 0x0, 0x2,
    0xfc, 0x0, 0x0, 0x0, 0x0, 0xde, 0xda, 0x0,

    /* U+7248 "版" */
    0x0, 0x0, 0x0, 0x24, 0x0, 0x0, 0x0, 0x0,
    0x0, 0x0, 0x0, 0x0, 0x8, 0xb1, 0xa, 0xf2,
    0x0, 0x0, 0x0, 0x13, 0x57, 0xad, 0xc0, 0x0,
    0xbf, 0x20, 0xaf, 0x20, 0x9, 0xcd, 0xef, 0xff,
    0xff, 0xff, 0x50, 0xb, 0xf2, 0xa, 0xf2, 0x0,
    0xdf, 0xfe, 0xca, 0x96, 0x42, 0x0, 0x0, 0xbf,
    0x20, 0xaf, 0x20, 0xd, 0xf2, 0x0, 0x0, 0x0,
    0x0, 0x0, 0xb, 0xf2, 0xa, 0xf2, 0x0, 0xdf,
    0x20, 0x0, 0x0, 0x0, 0x0, 0x0, 0xbf, 0x20,
    0xaf, 0x20, 0xd, 0xf2, 0x0, 0x0, 0x0, 0x0,
    0x0, 0xb, 0xf8, 0x7d, 0xf8, 0x71, 0xdf, 0x31,
    0x11, 0x11, 0x12, 0x0, 0x0, 0xbf, 0xff, 0xff,
    0xff, 0x3d, 0xff, 0xff, 0xff, 0xff, 0xff, 0x30,
    0xb, 0xf4, 0x22, 0x22, 0x20, 0xdf, 0xef, 0xdc,
    0xcc, 0xcf, 0xf1, 0x0, 0xbf, 0x20, 0x0, 0x0,
    0xd, 0xf7, 0xf5, 0x0, 0x0, 0xfe, 0x0, 0xb,
    0xf2, 0x0, 0x0, 0x0, 0xdf, 0x3f, 0x90, 0x0,
    0x4f, 0xa0, 0x0, 0xcf, 0xcb, 0xbb, 0x90, 0xd,
    0xf1, 0xce, 0x0, 0x9, 0xf6, 0x0, 0xc, 0xff,
    0xff, 0xfc, 0x0, 0xef, 0x17, 0xf4, 0x0, 0xef,
    0x10, 0x0, 0xdf, 0x21, 0x2f, 0xc0, 0xf, 0xf0,
    0x2f, 0xb0, 0x6f, 0xb0, 0x0, 0xe, 0xf0, 0x1,
    0xfc, 0x0, 0xfe, 0x0, 0xcf, 0x3d, 0xf4, 0x0,
    0x0, 0xfe, 0x0, 0x1f, 0xc0, 0x2f, 0xc0, 0x4,
    0xff, 0xfc, 0x0, 0x0, 0x2f, 0xc0, 0x1, 0xfc,
    0x5, 0xfa, 0x0, 0xc, 0xff, 0x30, 0x0, 0x5,
    0xf9, 0x0, 0x1f, 0xc0, 0x8f, 0x70, 0x1, 0xef,
    0xf4, 0x0, 0x0, 0x9f, 0x50, 0x1, 0xfc, 0xc,
    0xf3, 0x2, 0xdf, 0xef, 0xf4, 0x0, 0xe, 0xf1,
    0x0, 0x1f, 0xc2, 0xfe, 0x5, 0xff, 0xc0, 0xaf,
    0xf7, 0x4, 0xfc, 0x0, 0x1, 0xfc, 0x9f, 0x99,
    0xff, 0xa0, 0x0, 0xaf, 0xfa, 0x9, 0x50, 0x0,
    0x1f, 0xc3, 0xd2, 0x2e, 0x50, 0x0, 0x0, 0x6d,
    0x10, 0x0, 0x0, 0x0, 0x0, 0x0, 0x0, 0x0,
    0x0, 0x0, 0x0, 0x0,

    /* U+72B6 "状" */
    0x0, 0x0, 0x0, 0x22, 0x0, 0x0, 0x0, 0x11,
    0x0, 0x0, 0x0, 0x0, 0x0, 0x0, 0x1, 0xfe,
    0x0, 0x0, 0x0, 0xef, 0x10, 0x2, 0x0, 0x0,
    0x0, 0x0, 0x1, 0xfe, 0x0, 0x0, 0x0, 0xef,
    0x10, 0xde, 0x10, 0x0, 0x0, 0x0, 0x1, 0xfe,
    0x0, 0x0, 0x0, 0xef, 0x10, 0x8f, 0xb0, 0x0,
    0x3, 0xc2, 0x1, 0xfe, 0x0, 0x0, 0x0, 0xef,
    0x10, 0xc, 0xf6, 0x0, 0x6, 0xfd, 0x1, 0xfe,
    0x0, 0x0, 0x0, 0xef, 0x10, 0x3, 0xff, 0x0,
    0x0, 0xbf, 0x91, 0xfe, 0x0, 0x0, 0x0, 0xef,
    0x10, 0x0, 0x74, 0x0, 0x0, 0x1e, 0xf6, 0xfe,
    0x1, 0x11, 0x11, 0xff, 0x11, 0x11, 0x11, 0x0,
    0x0, 0x6, 0xfa, 0xfe, 0x6f, 0xff, 0xff, 0xff,
    0xff, 0xff, 0xff, 0xd0, 0x0, 0x0, 0x41, 0xfe,
    0x5f, 0xff, 0xff, 0xff, 0xff, 0xff, 0xff, 0xd0,
    0x0, 0x0, 0x1, 0xfe, 0x0, 0x0, 0x2, 0xff,
    0x80, 0x0, 0x0, 0x0, 0x0, 0x0, 0x1, 0xfe,
    0x0, 0x0, 0x4, 0xff, 0xc0, 0x0, 0x0, 0x0,
    0x0, 0x0, 0xa, 0xfe, 0x0, 0x0, 0x7, 0xff,
    0xf1, 0x0, 0x0, 0x0, 0x0, 0x0, 0xbf, 0xfe,
    0x0, 0x0, 0xb, 0xfd, 0xf6, 0x0, 0x0, 0x0,
    0x0, 0x1d, 0xfd, 0xfe, 0x0, 0x0, 0x1f, 0xf3,
    0xfd, 0x0, 0x0, 0x0, 0x3, 0xef, 0xb2, 0xfe,
    0x0, 0x0, 0x6f, 0xc0, 0xcf, 0x40, 0x0, 0x0,
    0xe, 0xfa, 0x1, 0xfe, 0x0, 0x0, 0xdf, 0x60,
    0x5f, 0xd0, 0x0, 0x0, 0x6, 0x90, 0x1, 0xfe,
    0x0, 0x6, 0xfe, 0x0, 0xd, 0xf7, 0x0, 0x0,
    0x0, 0x0, 0x1, 0xfe, 0x0, 0x2f, 0xf5, 0x0,
    0x4, 0xff, 0x30, 0x0, 0x0, 0x0, 0x1, 0xfe,
    0x0, 0xcf, 0xb0, 0x0, 0x0, 0xaf, 0xe2, 0x0,
    0x0, 0x0, 0x1, 0xfe, 0xb, 0xfe, 0x10, 0x0,
    0x0, 0xd, 0xfe, 0x40, 0x0, 0x0, 0x1, 0xfe,
    0xbf, 0xe2, 0x0, 0x0, 0x0, 0x1, 0xdf, 0xf2,
    0x0, 0x0, 0x1, 0xfe, 0x2c, 0x20, 0x0, 0x0,
    0x0, 0x0, 0x1b, 0x40,

    /* U+7387 "率" */
    0x0, 0x0, 0x0, 0x0, 0x0, 0x12, 0x0, 0x0,
    0x0, 0x0, 0x0, 0x0, 0x0, 0x0, 0x0, 0x5,
    0xfe, 0x10, 0x0, 0x0, 0x0, 0x0, 0x0, 0x0,
    0x0, 0x0, 0x0, 0xdf, 0x90, 0x0, 0x0, 0x0,
    0x0, 0x1f, 0xff, 0xff, 0xff, 0xff, 0xff, 0xff,
    0xff, 0xff, 0xff, 0xfd, 0x1c, 0xcc, 0xcc, 0xcc,
    0xce, 0xfe, 0xcc, 0xcc, 0xcc, 0xcc, 0xca, 0x0,
    0x20, 0x0, 0x0, 0x2f, 0xe1, 0x2, 0x40, 0x0,
    0x12, 0x0, 0x7, 0xfa, 0x10, 0x0, 0xcf, 0x40,
    0x1d, 0xf4, 0x1, 0xcf, 0x60, 0x1, 0xbf, 0xe3,
    0x1c, 0xfc, 0x99, 0xdf, 0x70, 0x2d, 0xfb, 0x0,
    0x0, 0x7, 0xfb, 0x2f, 0xff, 0xff, 0xf8, 0x1,
    0xef, 0x90, 0x0, 0x0, 0x0, 0x40, 0x6, 0x33,
    0xcf, 0x81, 0x0, 0x35, 0x0, 0x0, 0x0, 0x0,
    0x18, 0x40, 0x1c, 0xf8, 0x5f, 0x60, 0x96, 0x0,
    0x0, 0x0, 0x18, 0xff, 0x72, 0xdf, 0x60, 0x1d,
    0xf7, 0xef, 0xc2, 0x0, 0x2a, 0xff, 0xd4, 0x7f,
    0xff, 0xef, 0xff, 0xfc, 0x1a, 0xff, 0x70, 0x2f,
    0xe6, 0x0, 0x9f, 0xfd, 0xba, 0x87, 0xaf, 0x60,
    0x6f, 0xf5, 0x3, 0x0, 0x0, 0x11, 0x0, 0xcc,
    0x10, 0x16, 0x0, 0x3, 0x50, 0x0, 0x0, 0x0,
    0x0, 0x0, 0xff, 0x20, 0x0, 0x0, 0x0, 0x0,
    0xbe, 0xee, 0xee, 0xee, 0xee, 0xff, 0xee, 0xee,
    0xee, 0xee, 0xeb, 0xdf, 0xff, 0xff, 0xff, 0xff,
    0xff, 0xff, 0xff, 0xff, 0xff, 0xfd, 0x0, 0x0,
    0x0, 0x0, 0x1, 0xff, 0x30, 0x0, 0x0, 0x0,
    0x0, 0x0, 0x0, 0x0, 0x0, 0x0, 0xff, 0x20,
    0x0, 0x0, 0x0, 0x0, 0x0, 0x0, 0x0, 0x0,
    0x0, 0xff, 0x20, 0x0, 0x0, 0x0, 0x0, 0x0,
    0x0, 0x0, 0x0, 0x0, 0xff, 0x20, 0x0, 0x0,
    0x0, 0x0, 0x0, 0x0, 0x0, 0x0, 0x0, 0xff,
    0x20, 0x0, 0x0, 0x0, 0x0,

    /* U+751F "生" */
    0x0, 0x0, 0x0, 0x0, 0x0, 0x66, 0x0, 0x0,
    0x0, 0x0, 0x0, 0x0, 0x0, 0x9d, 0x60, 0x0,
    0xff, 0x10, 0x0, 0x0, 0x0, 0x0, 0x0, 0x0,
    0xef, 0x50, 0x0, 0xff, 0x10, 0x0, 0x0, 0x0,
    0x0, 0x0, 0x4, 0xff, 0x0, 0x0, 0xff, 0x10,
    0x0, 0x0, 0x0, 0x0, 0x0, 0xa, 0xf9, 0x0,
    0x0, 0xff, 0x10, 0x0, 0x0, 0x0, 0x0, 0x0,
    0x1f, 0xfe, 0xdd, 0xdd, 0xff, 0xdd, 0xdd, 0xdd,
    0xdd, 0x80, 0x0, 0x9f, 0xff, 0xff, 0xff, 0xff,
    0xff, 0xff, 0xff, 0xff, 0xa0, 0x2, 0xff, 0x52,
    0x22, 0x22, 0xff, 0x42, 0x22, 0x22, 0x22, 0x10,
    0xc, 0xfb, 0x0, 0x0, 0x0, 0xff, 0x10, 0x0,
    0x0, 0x0, 0x0, 0x8f, 0xf2, 0x0, 0x0, 0x0,
    0xff, 0x10, 0x0, 0x0, 0x0, 0x0, 0x9, 0x60,
    0x0, 0x0, 0x0, 0xff, 0x10, 0x0, 0x0, 0x0,
    0x0, 0x0, 0x0, 0x0, 0x0, 0x0, 0xff, 0x10,
    0x0, 0x0, 0x0, 0x0, 0x0, 0xc, 0xcc, 0xcc,
    0xcc, 0xff, 0xcc, 0xcc, 0xcc, 0xc9, 0x0, 0x0,
    0xf, 0xff, 0xff, 0xff, 0xff, 0xff, 0xff, 0xff,
    0xfc, 0x0, 0x0, 0x3, 0x33, 0x33, 0x33, 0xff,
    0x43, 0x33, 0x33, 0x32, 0x0, 0x0, 0x0, 0x0,
    0x0, 0x0, 0xff, 0x10, 0x0, 0x0, 0x0, 0x0,
    0x0, 0x0, 0x0, 0x0, 0x0, 0xff, 0x10, 0x0,
    0x0, 0x0, 0x0, 0x0, 0x0, 0x0, 0x0, 0x0,
    0xff, 0x10, 0x0, 0x0, 0x0, 0x0, 0x0, 0x0,
    0x0, 0x0, 0x0, 0xff, 0x10, 0x0, 0x0, 0x0,
    0x0, 0x0, 0x0, 0x0, 0x0, 0x0, 0xff, 0x10,
    0x0, 0x0, 0x0, 0x0, 0xaf, 0xff, 0xff, 0xff,
    0xff, 0xff, 0xff, 0xff, 0xff, 0xff, 0xfb, 0xbf,
    0xff, 0xff, 0xff, 0xff, 0xff, 0xff, 0xff, 0xff,
    0xff, 0xfc, 0x0, 0x0, 0x0, 0x0, 0x0, 0x0,
    0x0, 0x0, 0x0, 0x0, 0x0,

    /* U+7528 "用" */
    0x0, 0x1, 0xbc, 0xbb, 0xbb, 0xbb, 0xbb, 0xbb,
    0xbb, 0xbb, 0xb4, 0x0, 0x2, 0xff, 0xff, 0xff,
    0xff, 0xff, 0xff, 0xff, 0xff, 0xf5, 0x0, 0x2,
    0xfd, 0x44, 0x44, 0x4e, 0xf6, 0x44, 0x44, 0x4b,
    0xf5, 0x0, 0x2, 0xfd, 0x0, 0x0, 0xd, 0xf2,
    0x0, 0x0, 0xa, 0xf5, 0x0, 0x2, 0xfd, 0x0,
    0x0, 0xd, 0xf2, 0x0, 0x0, 0xa, 0xf5, 0x0,
    0x2, 0xfd, 0x0, 0x0, 0xd, 0xf2, 0x0, 0x0,
    0xa, 0xf5, 0x0, 0x2, 0xff, 0xff, 0xff, 0xff,
    0xff, 0xff, 0xff, 0xff, 0xf5, 0x0, 0x2, 0xff,
    0xff, 0xff, 0xff, 0xff, 0xff, 0xff, 0xff, 0xf5,
    0x0, 0x2, 0xfd, 0x0, 0x0, 0xd, 0xf2, 0x0,
    0x0, 0xa, 0xf5, 0x0, 0x2, 0xfd, 0x0, 0x0,
    0xd, 0xf2, 0x0, 0x0, 0xa, 0xf5, 0x0, 0x2,
    0xfc, 0x0, 0x0, 0xd, 0xf2, 0x0, 0x0, 0xa,
    0xf5, 0x0, 0x3, 0xfc, 0x0, 0x0, 0xd, 0xf3,
    0x0, 0x0, 0xa, 0xf5, 0x0, 0x4, 0xff, 0xff,
    0xff, 0xff, 0xff, 0xff, 0xff, 0xff, 0xf5, 0x0,
    0x6, 0xff, 0xee, 0xee, 0xef, 0xfe, 0xee, 0xee,
    0xef, 0xf5, 0x0, 0x9, 0xf6, 0x0, 0x0, 0xd,
    0xf2, 0x0, 0x0, 0xa, 0xf5, 0x0, 0xc, 0xf4,
    0x0, 0x0, 0xd, 0xf2, 0x0, 0x0, 0xa, 0xf5,
    0x0, 0x1f, 0xf0, 0x0, 0x0, 0xd, 0xf2, 0x0,
    0x0, 0xa, 0xf5, 0x0, 0x7f, 0xb0, 0x0, 0x0,
    0xd, 0xf2, 0x0, 0x0, 0xa, 0xf5, 0x1, 0xef,
    0x40, 0x0, 0x0, 0xd, 0xf2, 0x0, 0x0, 0xa,
    0xf5, 0xa, 0xfc, 0x0, 0x0, 0x0, 0xd, 0xf2,
    0xb, 0xee, 0xef, 0xf3, 0x5, 0xf3, 0x0, 0x0,
    0x0, 0xc, 0xf2, 0x6, 0xff, 0xfe, 0x80, 0x0,
    0x10, 0x0, 0x0, 0x0, 0x0, 0x0, 0x0, 0x0,
    0x0, 0x0,

    /* U+7535 "电" */
    0x0, 0x0, 0x0, 0x0, 0x16, 0x50, 0x0, 0x0,
    0x0, 0x0, 0x0, 0x0, 0x0, 0x0, 0x0, 0x3f,
    0xe0, 0x0, 0x0, 0x0, 0x0, 0x0, 0x0, 0x0,
    0x0, 0x0, 0x3f, 0xe0, 0x0, 0x0, 0x0, 0x0,
    0x0, 0x0, 0x0, 0x0, 0x0, 0x3f, 0xe0, 0x0,
    0x0, 0x0, 0x0, 0x0, 0x2f, 0xff, 0xff, 0xff,
    0xff, 0xff, 0xff, 0xff, 0xff, 0xe0, 0x0, 0x2f,
    0xff, 0xff, 0xff, 0xff, 0xff, 0xff, 0xff, 0xff,
    0xf0, 0x0, 0x2f, 0xf0, 0x0, 0x0, 0x4f, 0xe0,
    0x0, 0x0, 0x2f, 0xf0, 0x0, 0x2f, 0xf0, 0x0,
    0x0, 0x3f, 0xe0, 0x0, 0x0, 0x2f, 0xf0, 0x0,
    0x2f, 0xf0, 0x0, 0x0, 0x3f, 0xe0, 0x0, 0x0,
    0x2f, 0xf0, 0x0, 0x2f, 0xfc, 0xcc, 0xcc, 0xdf,
    0xfc, 0xcc, 0xcc, 0xcf, 0xf0, 0x0, 0x2f, 0xff,
    0xff, 0xff, 0xff, 0xff, 0xff, 0xff, 0xff, 0xf0,
    0x0, 0x2f, 0xf2, 0x22, 0x22, 0x5f, 0xf2, 0x22,
    0x22, 0x4f, 0xf0, 0x0, 0x2f, 0xf0, 0x0, 0x0,
    0x3f, 0xe0, 0x0, 0x0, 0x2f, 0xf0, 0x0, 0x2f,
    0xf0, 0x0, 0x0, 0x3f, 0xe0, 0x0, 0x0, 0x2f,
    0xf0, 0x0, 0x2f, 0xf3, 0x33, 0x33, 0x6f, 0xf3,
    0x33, 0x33, 0x5f, 0xf0, 0x0, 0x2f, 0xff, 0xff,
    0xff, 0xff, 0xff, 0xff, 0xff, 0xff, 0xf0, 0x0,
    0x2f, 0xfc, 0xcc, 0xcc, 0xcf, 0xfc, 0xcc, 0xcc,
    0xcc, 0xb0, 0x0, 0x2f, 0xf0, 0x0, 0x0, 0x3f,
    0xe0, 0x0, 0x0, 0x0, 0xa, 0x70, 0x3, 0x30,
    0x0, 0x0, 0x3f, 0xe0, 0x0, 0x0, 0x0, 0xd,
    0xf3, 0x0, 0x0, 0x0, 0x0, 0x3f, 0xe0, 0x0,
    0x0, 0x0, 0xf, 0xf1, 0x0, 0x0, 0x0, 0x0,
    0x2f, 0xf4, 0x11, 0x11, 0x11, 0x7f, 0xd0, 0x0,
    0x0, 0x0, 0x0, 0xe, 0xff, 0xff, 0xff, 0xff,
    0xff, 0x80, 0x0, 0x0, 0x0, 0x0, 0x3, 0xcf,
    0xff, 0xff, 0xff, 0xe9, 0x0,

    /* U+754C "界" */
    0x0, 0x1a, 0xaa, 0xaa, 0xaa, 0xaa, 0xaa, 0xaa,
    0xaa, 0xa8, 0x0, 0x0, 0x1, 0xff, 0xff, 0xff,
    0xff, 0xff, 0xff, 0xff, 0xff, 0xc0, 0x0, 0x0,
    0x1f, 0xe0, 0x0, 0x0, 0xef, 0x20, 0x0, 0x5,
    0xfc, 0x0, 0x0, 0x1, 0xfe, 0x0, 0x0, 0xe,
    0xf2, 0x0, 0x0, 0x5f, 0xc0, 0x0, 0x0, 0x1f,
    0xf8, 0x88, 0x88, 0xff, 0x98, 0x88, 0x8b, 0xfc,
    0x0, 0x0, 0x1, 0xff, 0xff, 0xff, 0xff, 0xff,
    0xff, 0xff, 0xff, 0xc0, 0x0, 0x0, 0x1f, 0xe0,
    0x0, 0x0, 0xef, 0x20, 0x0, 0x5, 0xfc, 0x0,
    0x0, 0x1, 0xfe, 0x0, 0x0, 0xe, 0xf2, 0x0,
    0x0, 0x5f, 0xc0, 0x0, 0x0, 0x1f, 0xe1, 0x11,
    0x11, 0xff, 0x31, 0x11, 0x16, 0xfc, 0x0, 0x0,
    0x1, 0xff, 0xff, 0xff, 0xff, 0xff, 0xff, 0xff,
    0xff, 0xc0, 0x0, 0x0, 0x9, 0x99, 0x9e, 0xfe,
    0x99, 0xbf, 0xfa, 0x99, 0x97, 0x0, 0x0, 0x0,
    0x0, 0x9, 0xfe, 0x20, 0x0, 0x9f, 0xe3, 0x0,
    0x0, 0x0, 0x0, 0x0, 0x3d, 0xfe, 0x20, 0x0,
    0x0, 0x8f, 0xf9, 0x10, 0x0, 0x0, 0x3, 0xbf,
    0xfd, 0x74, 0x0, 0x0, 0x5, 0xbf, 0xff, 0x93,
    0x0, 0x5d, 0xff, 0xe5, 0x4f, 0xc0, 0x0, 0x0,
    0xef, 0x49, 0xff, 0xfd, 0x31, 0xee, 0x70, 0x5,
    0xfb, 0x0, 0x0, 0xe, 0xf3, 0x1, 0x8e, 0xa0,
    0x1, 0x0, 0x0, 0x7f, 0xa0, 0x0, 0x0, 0xef,
    0x30, 0x0, 0x0, 0x0, 0x0, 0x0, 0xd, 0xf7,
    0x0, 0x0, 0xe, 0xf3, 0x0, 0x0, 0x0, 0x0,
    0x0, 0x8, 0xff, 0x10, 0x0, 0x0, 0xef, 0x30,
    0x0, 0x0, 0x0, 0x0, 0x1b, 0xff, 0x60, 0x0,
    0x0, 0xe, 0xf3, 0x0, 0x0, 0x0, 0x0, 0x8f,
    0xff, 0x60, 0x0, 0x0, 0x0, 0xef, 0x30, 0x0,
    0x0, 0x0, 0x3, 0xfb, 0x30, 0x0, 0x0, 0x0,
    0xe, 0xf3, 0x0, 0x0, 0x0, 0x0, 0x1, 0x0,
    0x0, 0x0, 0x0, 0x0, 0x0, 0x0, 0x0, 0x0,
    0x0,

    /* U+7684 "的" */
    0x0, 0x0, 0x0, 0x0, 0x0, 0x0, 0x0, 0x0,
    0x0, 0x0, 0x0, 0x0, 0x6e, 0xa0, 0x0, 0x0,
    0xd, 0xc0, 0x0, 0x0, 0x0, 0x0, 0x9, 0xf9,
    0x0, 0x0, 0x1, 0xfd, 0x0, 0x0, 0x0, 0x0,
    0x0, 0xdf, 0x30, 0x0, 0x0, 0x6f, 0x80, 0x0,
    0x0, 0x0, 0x23, 0x3f, 0xe2, 0x22, 0x10, 0xb,
    0xf6, 0x33, 0x33, 0x33, 0xf, 0xff, 0xff, 0xff,
    0xfc, 0x1, 0xff, 0xff, 0xff, 0xff, 0xf4, 0xff,
    0xaa, 0xaa, 0xbf, 0xc0, 0x8f, 0xca, 0xaa, 0xaa,
    0xef, 0x3f, 0xe0, 0x0, 0x2, 0xfc, 0x1f, 0xf1,
    0x0, 0x0, 0xb, 0xf3, 0xfe, 0x0, 0x0, 0x2f,
    0xc9, 0xf8, 0x0, 0x0, 0x0, 0xcf, 0x2f, 0xe0,
    0x0, 0x2, 0xfc, 0xee, 0x10, 0x0, 0x0, 0xc,
    0xf1, 0xfe, 0x0, 0x0, 0x2f, 0xc1, 0x44, 0xb1,
    0x0, 0x0, 0xdf, 0x1f, 0xfb, 0xbb, 0xbc, 0xfc,
    0x0, 0x9f, 0xb0, 0x0, 0xe, 0xf0, 0xff, 0xff,
    0xff, 0xff, 0xc0, 0x0, 0xdf, 0x60, 0x0, 0xef,
    0xf, 0xe0, 0x0, 0x2, 0xfc, 0x0, 0x3, 0xff,
    0x20, 0xf, 0xe0, 0xfe, 0x0, 0x0, 0x2f, 0xc0,
    0x0, 0x9, 0xfc, 0x0, 0xfe, 0xf, 0xe0, 0x0,
    0x2, 0xfc, 0x0, 0x0, 0xe, 0xf2, 0x1f, 0xd0,
    0xfe, 0x0, 0x0, 0x2f, 0xc0, 0x0, 0x0, 0x42,
    0x3, 0xfb, 0xf, 0xe0, 0x0, 0x2, 0xfc, 0x0,
    0x0, 0x0, 0x0, 0x4f, 0xa0, 0xfe, 0x22, 0x22,
    0x4f, 0xc0, 0x0, 0x0, 0x0, 0x6, 0xf8, 0xf,
    0xff, 0xff, 0xff, 0xfc, 0x0, 0x0, 0x0, 0x0,
    0x9f, 0x60, 0xff, 0xaa, 0xaa, 0xaa, 0x80, 0x0,
    0x10, 0x0, 0x1e, 0xf3, 0xf, 0xe0, 0x0, 0x0,
    0x0, 0x0, 0x6, 0xfe, 0xef, 0xfd, 0x0, 0xfe,
    0x0, 0x0, 0x0, 0x0, 0x0, 0x1f, 0xff, 0xfb,
    0x20, 0x0, 0x0, 0x0, 0x0, 0x0, 0x0, 0x0,
    0x0, 0x0, 0x0, 0x0,

    /* U+77E5 "知" */
    0x0, 0x0, 0x0, 0x0, 0x0, 0x0, 0x0, 0x0,
    0x0, 0x0, 0x0, 0x0, 0x8, 0xf6, 0x0, 0x0,
    0x0, 0x0, 0x0, 0x0, 0x0, 0x0, 0x0, 0xc,
    0xf4, 0x0, 0x0, 0x0, 0x0, 0x11, 0x11, 0x11,
    0x10, 0x0, 0xf, 0xf0, 0x0, 0x0, 0x0, 0xe,
    0xff, 0xff, 0xff, 0xfd, 0x0, 0x5f, 0xff, 0xff,
    0xff, 0xfa, 0xe, 0xfd, 0xdd, 0xdd, 0xfd, 0x0,
    0xcf, 0xff, 0xff, 0xee, 0xe9, 0xe, 0xf0, 0x0,
    0x3, 0xfd, 0x3, 0xfe, 0x2, 0xff, 0x0, 0x0,
    0xe, 0xf0, 0x0, 0x3, 0xfd, 0xc, 0xf7, 0x2,
    0xff, 0x0, 0x0, 0xe, 0xf0, 0x0, 0x3, 0xfd,
    0x1b, 0xe0, 0x2, 0xff, 0x0, 0x0, 0xe, 0xf0,
    0x0, 0x3, 0xfd, 0x0, 0x20, 0x2, 0xff, 0x0,
    0x0, 0xe, 0xf0, 0x0, 0x3, 0xfd, 0xc, 0xcc,
    0xcd, 0xff, 0xcc, 0xcc, 0x4e, 0xf0, 0x0, 0x3,
    0xfd, 0xf, 0xff, 0xff, 0xff, 0xff, 0xff, 0x5e,
    0xf0, 0x0, 0x3, 0xfd, 0x2, 0x22, 0x26, 0xfc,
    0x22, 0x22, 0xe, 0xf0, 0x0, 0x3, 0xfd, 0x0,
    0x0, 0x6, 0xfb, 0x0, 0x0, 0xe, 0xf0, 0x0,
    0x3, 0xfd, 0x0, 0x0, 0xa, 0xff, 0x60, 0x0,
    0xe, 0xf0, 0x0, 0x3, 0xfd, 0x0, 0x0, 0xe,
    0xff, 0xf5, 0x0, 0xe, 0xf0, 0x0, 0x3, 0xfd,
    0x0, 0x0, 0x5f, 0xd4, 0xff, 0x40, 0xe, 0xf0,
    0x0, 0x3, 0xfd, 0x0, 0x0, 0xdf, 0x70, 0x7f,
    0xf2, 0xe, 0xf0, 0x0, 0x3, 0xfd, 0x0, 0x7,
    0xfe, 0x0, 0xa, 0xfe, 0x1e, 0xfc, 0xbb, 0xbc,
    0xfd, 0x0, 0x5f, 0xf5, 0x0, 0x0, 0xdc, 0xe,
    0xff, 0xff, 0xff, 0xfd, 0x6, 0xff, 0x90, 0x0,
    0x0, 0x21, 0xe, 0xf3, 0x33, 0x35, 0xfd, 0xc,
    0xf9, 0x0, 0x0, 0x0, 0x0, 0xe, 0xf0, 0x0,
    0x2, 0xca, 0x1, 0x60, 0x0, 0x0, 0x0, 0x0,
    0x0, 0x0, 0x0, 0x0, 0x0,

    /* U+786C "硬" */
    0x0, 0x0, 0x0, 0x0, 0x0, 0x22, 0x22, 0x22,
    0x22, 0x22, 0x22, 0x20, 0xe, 0xff, 0xff, 0xff,
    0xf8, 0xff, 0xff, 0xff, 0xff, 0xff, 0xff, 0xc0,
    0xd, 0xee, 0xff, 0xee, 0xe6, 0xaa, 0xaa, 0xaf,
    0xfb, 0xaa, 0xaa, 0x80, 0x0, 0x1, 0xfd, 0x0,
    0x0, 0x0, 0x0, 0xd, 0xf1, 0x0, 0x0, 0x0,
    0x0, 0x4, 0xfa, 0x0, 0x0, 0x0, 0x0, 0xd,
    0xf2, 0x0, 0x0, 0x0, 0x0, 0x8, 0xf6, 0x0,
    0x0, 0xcf, 0xff, 0xff, 0xff, 0xff, 0xff, 0x10,
    0x0, 0xc, 0xf2, 0x0, 0x0, 0xcf, 0x98, 0x8f,
    0xf9, 0x88, 0xef, 0x10, 0x0, 0x1f, 0xd0, 0x0,
    0x0, 0xcf, 0x10, 0xd, 0xf1, 0x0, 0xcf, 0x10,
    0x0, 0x7f, 0xd9, 0x99, 0x91, 0xcf, 0x87, 0x7e,
    0xf8, 0x77, 0xef, 0x10, 0x0, 0xdf, 0xff, 0xff,
    0xf2, 0xcf, 0xff, 0xff, 0xff, 0xff, 0xff, 0x10,
    0x6, 0xff, 0x93, 0x3a, 0xf2, 0xcf, 0x10, 0xd,
    0xf2, 0x0, 0xcf, 0x10, 0x1e, 0xff, 0x80, 0x8,
    0xf2, 0xcf, 0x10, 0xd, 0xf1, 0x0, 0xcf, 0x10,
    0x1f, 0xef, 0x80, 0x8, 0xf2, 0xcf, 0xaa, 0xaf,
    0xfa, 0xaa, 0xef, 0x10, 0xa, 0x6f, 0x80, 0x8,
    0xf2, 0xbf, 0xff, 0xff, 0xff, 0xff, 0xff, 0x10,
    0x0, 0x3f, 0x80, 0x8, 0xf2, 0x14, 0x0, 0x2f,
    0xd0, 0x0, 0x0, 0x0, 0x0, 0x3f, 0x80, 0x8,
    0xf2, 0x8f, 0x70, 0x6f, 0x90, 0x0, 0x0, 0x0,
    0x0, 0x3f, 0x80, 0x8, 0xf2, 0xe, 0xf4, 0xcf,
    0x40, 0x0, 0x0, 0x0, 0x0, 0x3f, 0xed, 0xde,
    0xf2, 0x3, 0xff, 0xfc, 0x0, 0x0, 0x0, 0x0,
    0x0, 0x3f, 0xff, 0xff, 0xf2, 0x0, 0x9f, 0xfc,
    0x40, 0x0, 0x0, 0x0, 0x0, 0x3f, 0x80, 0x0,
    0x0, 0x3b, 0xff, 0xcf, 0xfe, 0x95, 0x10, 0x0,
    0x0, 0x3d, 0x60, 0x0, 0x1d, 0xff, 0xc2, 0x4,
    0xbf, 0xff, 0xff, 0xa0, 0x0, 0x0, 0x0, 0x0,
    0x8, 0xb4, 0x0, 0x0, 0x1, 0x59, 0xcf, 0x20,
    0x0, 0x0, 0x0, 0x0, 0x0, 0x0, 0x0, 0x0,
    0x0, 0x0, 0x0, 0x0,

    /* U+786E "确" */
    0x0, 0x0, 0x0, 0x0, 0x0, 0x0, 0x0, 0x0,
    0x0, 0x0, 0x0, 0x0, 0x0, 0x0, 0x0, 0x0,
    0x0, 0x5, 0xf6, 0x0, 0x0, 0x0, 0x0, 0xc,
    0xdd, 0xdd, 0xdd, 0xd3, 0x0, 0xcf, 0x30, 0x0,
    0x10, 0x0, 0x0, 0xef, 0xff, 0xff, 0xff, 0x30,
    0x3f, 0xff, 0xff, 0xff, 0xa0, 0x0, 0x0, 0x13,
    0xfd, 0x11, 0x10, 0xc, 0xfb, 0xaa, 0xae, 0xfa,
    0x0, 0x0, 0x0, 0x5f, 0x90, 0x0, 0x7, 0xfa,
    0x0, 0x2, 0xfe, 0x10, 0x0, 0x0, 0x9, 0xf5,
    0x0, 0x3, 0xfe, 0x10, 0x0, 0xdf, 0x40, 0x0,
    0x0, 0x0, 0xef, 0x10, 0x2, 0xef, 0xfe, 0xee,
    0xff, 0xfe, 0xef, 0xe0, 0x0, 0x3f, 0xc0, 0x0,
    0x9f, 0xff, 0xdd, 0xdf, 0xfd, 0xdd, 0xff, 0x10,
    0x9, 0xfb, 0x77, 0x74, 0x6d, 0xf0, 0x0, 0xdf,
    0x0, 0xe, 0xf1, 0x0, 0xff, 0xff, 0xff, 0x80,
    0xdf, 0x0, 0xd, 0xf0, 0x0, 0xef, 0x10, 0x8f,
    0xf9, 0x24, 0xf8, 0xd, 0xff, 0xff, 0xff, 0xff,
    0xff, 0xf1, 0x2f, 0xff, 0x80, 0x2f, 0x80, 0xdf,
    0xaa, 0xaf, 0xfa, 0xaa, 0xff, 0x11, 0xfc, 0xf8,
    0x2, 0xf8, 0xd, 0xf0, 0x0, 0xdf, 0x0, 0xe,
    0xf1, 0x9, 0x3f, 0x80, 0x2f, 0x80, 0xdf, 0x0,
    0xd, 0xf0, 0x0, 0xef, 0x10, 0x2, 0xf8, 0x2,
    0xf8, 0xe, 0xfb, 0xbb, 0xff, 0xbb, 0xbf, 0xf1,
    0x0, 0x2f, 0x80, 0x2f, 0x80, 0xff, 0xff, 0xff,
    0xff, 0xff, 0xff, 0x10, 0x2, 0xf8, 0x2, 0xf8,
    0x2f, 0xc0, 0x0, 0xdf, 0x0, 0xe, 0xf1, 0x0,
    0x2f, 0xed, 0xdf, 0x86, 0xf9, 0x0, 0xd, 0xf0,
    0x0, 0xef, 0x10, 0x2, 0xff, 0xff, 0xf8, 0xbf,
    0x40, 0x0, 0xdf, 0x0, 0xe, 0xf1, 0x0, 0x2f,
    0x80, 0x0, 0x3f, 0xf0, 0x0, 0xd, 0xf0, 0x0,
    0xef, 0x10, 0x2, 0xd7, 0x0, 0xc, 0xf8, 0x0,
    0x0, 0xcf, 0x2b, 0xbf, 0xf0, 0x0, 0x0, 0x0,
    0x0, 0x6e, 0x10, 0x0, 0x0, 0x0, 0xef, 0xe7,
    0x0, 0x0, 0x0, 0x0, 0x0, 0x0, 0x0, 0x0,
    0x0, 0x0, 0x0, 0x0,

    /* U+793A "示" */
    0x0, 0x1, 0x44, 0x44, 0x44, 0x44, 0x44, 0x44,
    0x44, 0x44, 0x20, 0x0, 0x0, 0x3f, 0xff, 0xff,
    0xff, 0xff, 0xff, 0xff, 0xff, 0xfb, 0x0, 0x0,
    0x2, 0xcc, 0xcc, 0xcc, 0xcc, 0xcc, 0xcc, 0xcc,
    0xcc, 0x80, 0x0, 0x0, 0x0, 0x0, 0x0, 0x0,
    0x0, 0x0, 0x0, 0x0, 0x0, 0x0, 0x0, 0x0,
    0x0, 0x0, 0x0, 0x0, 0x0, 0x0, 0x0, 0x0,
    0x0, 0x0, 0x0, 0x0, 0x0, 0x0, 0x0, 0x0,
    0x0, 0x0, 0x0, 0x0, 0x0, 0x8, 0xee, 0xee,
    0xee, 0xee, 0xee, 0xee, 0xee, 0xee, 0xee, 0xee,
    0x80, 0x9f, 0xff, 0xff, 0xff, 0xff, 0xff, 0xff,
    0xff, 0xff, 0xff, 0xfa, 0x1, 0x22, 0x22, 0x22,
    0x22, 0x2e, 0xf7, 0x22, 0x22, 0x22, 0x22, 0x10,
    0x0, 0x0, 0x0, 0x0, 0x0, 0xdf, 0x50, 0x0,
    0x0, 0x0, 0x0, 0x0, 0x0, 0x4, 0x51, 0x0,
    0xd, 0xf5, 0x0, 0x2, 0x50, 0x0, 0x0, 0x0,
    0x0, 0xdf, 0x80, 0x0, 0xdf, 0x50, 0x3, 0xff,
    0x20, 0x0, 0x0, 0x0, 0x5f, 0xf2, 0x0, 0xd,
    0xf5, 0x0, 0x9, 0xfc, 0x0, 0x0, 0x0, 0xd,
    0xf9, 0x0, 0x0, 0xdf, 0x50, 0x0, 0x1e, 0xf6,
    0x0, 0x0, 0x8, 0xff, 0x10, 0x0, 0xd, 0xf5,
    0x0, 0x0, 0x6f, 0xe0, 0x0, 0x4, 0xff, 0x60,
    0x0, 0x0, 0xdf, 0x50, 0x0, 0x0, 0xdf, 0x70,
    0x2, 0xef, 0xb0, 0x0, 0x0, 0xd, 0xf5, 0x0,
    0x0, 0x5, 0xfe, 0x0, 0xdf, 0xe1, 0x0, 0x0,
    0x0, 0xdf, 0x50, 0x0, 0x0, 0xd, 0xf5, 0x1,
    0xa3, 0x0, 0x1, 0x0, 0xe, 0xf5, 0x0, 0x0,
    0x0, 0x67, 0x0, 0x0, 0x0, 0x0, 0xcf, 0xff,
    0xff, 0x30, 0x0, 0x0, 0x0, 0x0, 0x0, 0x0,
    0x0, 0x7, 0xff, 0xfe, 0x70, 0x0, 0x0, 0x0,
    0x0, 0x0, 0x0, 0x0, 0x0, 0x0, 0x0, 0x0,
    0x0, 0x0, 0x0, 0x0, 0x0,

    /* U+7981 "禁" */
    0x0, 0x0, 0x1, 0x52, 0x0, 0x0, 0x0, 0x0,
    0x45, 0x0, 0x0, 0x0, 0x0, 0x0, 0x5, 0xf8,
    0x0, 0x0, 0x0, 0x0, 0xdf, 0x0, 0x0, 0x0,
    0x0, 0x0, 0x5, 0xf8, 0x0, 0x0, 0x0, 0x0,
    0xdf, 0x0, 0x0, 0x0, 0x4, 0xff, 0xff, 0xff,
    0xff, 0xd1, 0xff, 0xff, 0xff, 0xff, 0xff, 0x30,
    0x3, 0xcc, 0xcf, 0xfe, 0xcc, 0xa0, 0xcc, 0xce,
    0xff, 0xec, 0xcc, 0x30, 0x0, 0x0, 0x6f, 0xff,
    0x70, 0x0, 0x0, 0x2f, 0xff, 0xf2, 0x0, 0x0,
    0x0, 0x3, 0xff, 0xfe, 0xfc, 0x20, 0x1, 0xdf,
    0xff, 0xee, 0x20, 0x0, 0x0, 0x2e, 0xf7, 0xf8,
    0x6f, 0xf1, 0x1d, 0xf5, 0xdf, 0x4f, 0xe2, 0x0,
    0x4, 0xef, 0x45, 0xf8, 0x3, 0x65, 0xef, 0x70,
    0xdf, 0x5, 0xff, 0x50, 0xc, 0xf5, 0x5, 0xf8,
    0x0, 0xa, 0xf6, 0x0, 0xdf, 0x0, 0x5f, 0x90,
    0x1, 0x40, 0x3, 0xb6, 0x0, 0x0, 0x20, 0x0,
    0x9b, 0x0, 0x3, 0x0, 0x0, 0x0, 0x7a, 0xaa,
    0xaa, 0xaa, 0xaa, 0xaa, 0xaa, 0xaa, 0x0, 0x0,
    0x0, 0x0, 0xcf, 0xff, 0xff, 0xff, 0xff, 0xff,
    0xff, 0xff, 0x10, 0x0, 0x0, 0x0, 0x0, 0x0,
    0x0, 0x0, 0x0, 0x0, 0x0, 0x0, 0x0, 0x0,
    0x0, 0x0, 0x0, 0x0, 0x0, 0x0, 0x0, 0x0,
    0x0, 0x0, 0x0, 0x0, 0x6, 0xcc, 0xcc, 0xcc,
    0xcc, 0xcc, 0xcc, 0xcc, 0xcc, 0xcc, 0xcc, 0x60,
    0x7, 0xff, 0xff, 0xff, 0xff, 0xff, 0xff, 0xff,
    0xff, 0xff, 0xff, 0x80, 0x0, 0x0, 0x1, 0x10,
    0x0, 0xf, 0xf2, 0x0, 0x2, 0x0, 0x0, 0x0,
    0x0, 0x0, 0x1d, 0xf5, 0x0, 0xf, 0xf2, 0x0,
    0xcf, 0x90, 0x0, 0x0, 0x0, 0x1, 0xdf, 0xa0,
    0x0, 0xf, 0xf2, 0x0, 0x2d, 0xfc, 0x20, 0x0,
    0x0, 0x5e, 0xfa, 0x0, 0x0, 0xf, 0xf2, 0x0,
    0x0, 0xbf, 0xf4, 0x0, 0x6, 0xff, 0x70, 0x5,
    0xbb, 0xbf, 0xf1, 0x0, 0x0, 0x8, 0xfe, 0x10,
    0x0, 0x63, 0x0, 0x1, 0xff, 0xfd, 0x70, 0x0,
    0x0, 0x0, 0x62, 0x0, 0x0, 0x0, 0x0, 0x0,
    0x0, 0x0, 0x0, 0x0, 0x0, 0x0, 0x0, 0x0,

    /* U+7A0B "程" */
    0x0, 0x0, 0x0, 0x4, 0x70, 0x0, 0x0, 0x0,
    0x0, 0x0, 0x0, 0x0, 0x0, 0x37, 0xaf, 0xff,
    0x80, 0xef, 0xff, 0xff, 0xff, 0xff, 0xe0, 0xb,
    0xff, 0xff, 0xfa, 0x51, 0xe, 0xfb, 0xbb, 0xbb,
    0xbb, 0xfe, 0x0, 0x7a, 0x86, 0xff, 0x0, 0x0,
    0xef, 0x0, 0x0, 0x0, 0x1f, 0xe0, 0x0, 0x0,
    0x1f, 0xf0, 0x0, 0xe, 0xf0, 0x0, 0x0, 0x1,
    0xfe, 0x0, 0x0, 0x1, 0xff, 0x0, 0x0, 0xef,
    0x0, 0x0, 0x0, 0x1f, 0xe0, 0x3, 0x33, 0x4f,
    0xf3, 0x33, 0xe, 0xf1, 0x11, 0x11, 0x12, 0xfe,
    0x0, 0xef, 0xff, 0xff, 0xff, 0xd0, 0xef, 0xff,
    0xff, 0xff, 0xff, 0xe0, 0x9, 0xaa, 0xcf, 0xfa,
    0xa9, 0x9, 0xaa, 0xaa, 0xaa, 0xaa, 0xa9, 0x0,
    0x0, 0xa, 0xff, 0x0, 0x0, 0x0, 0x0, 0x0,
    0x0, 0x0, 0x0, 0x0, 0x1, 0xff, 0xfb, 0x0,
    0xaa, 0xaa, 0xaa, 0xaa, 0xaa, 0xaa, 0x40, 0x0,
    0x9f, 0xff, 0xfa, 0xf, 0xff, 0xff, 0xff, 0xff,
    0xff, 0xf6, 0x0, 0x1f, 0xbf, 0xf9, 0xf8, 0x11,
    0x11, 0x1e, 0xf4, 0x11, 0x11, 0x0, 0xa, 0xf4,
    0xff, 0xe, 0x90, 0x0, 0x0, 0xdf, 0x20, 0x0,
    0x0, 0x4, 0xfb, 0x1f, 0xf0, 0x40, 0x0, 0x0,
    0xd, 0xf3, 0x0, 0x0, 0x1, 0xef, 0x31, 0xff,
    0x0, 0x7, 0xff, 0xff, 0xff, 0xff, 0xff, 0xd0,
    0xe, 0x90, 0x1f, 0xf0, 0x0, 0x4b, 0xbb, 0xbf,
    0xfc, 0xbb, 0xb9, 0x0, 0x50, 0x1, 0xff, 0x0,
    0x0, 0x0, 0x0, 0xdf, 0x20, 0x0, 0x0, 0x0,
    0x0, 0x1f, 0xf0, 0x0, 0x0, 0x0, 0xd, 0xf2,
    0x0, 0x0, 0x0, 0x0, 0x1, 0xff, 0x0, 0x44,
    0x44, 0x44, 0xef, 0x64, 0x44, 0x44, 0x0, 0x0,
    0x1f, 0xf0, 0xf, 0xff, 0xff, 0xff, 0xff, 0xff,
    0xff, 0xf0, 0x0, 0x1, 0xff, 0x0, 0xff, 0xff,
    0xff, 0xff, 0xff, 0xff, 0xff,

    /* U+7ACB "立" */
    0x0, 0x0, 0x0, 0x0, 0x1, 0x63, 0x0, 0x0,
    0x0, 0x0, 0x0, 0x0, 0x0, 0x0, 0x0, 0x8,
    0xfb, 0x0, 0x0, 0x0, 0x0, 0x0, 0x0, 0x0,
    0x0, 0x0, 0x2, 0xff, 0x10, 0x0, 0x0, 0x0,
    0x0, 0x0, 0x0, 0x0, 0x0, 0x0, 0xef, 0x50,
    0x0, 0x0, 0x0, 0x0, 0x0, 0x0, 0x0, 0x0,
    0x0, 0x89, 0x20, 0x0, 0x0, 0x0, 0x0, 0x8,
    0xff, 0xff, 0xff, 0xff, 0xff, 0xff, 0xff, 0xff,
    0xff, 0xe0, 0x9, 0xff, 0xff, 0xff, 0xff, 0xff,
    0xff, 0xff, 0xff, 0xff, 0xf0, 0x0, 0x11, 0x11,
    0x11, 0x11, 0x11, 0x11, 0x11, 0x11, 0x11, 0x10,
    0x0, 0x0, 0x17, 0x80, 0x0, 0x0, 0x0, 0x5,
    0x85, 0x0, 0x0, 0x0, 0x0, 0x2f, 0xf1, 0x0,
    0x0, 0x0, 0xa, 0xfa, 0x0, 0x0, 0x0, 0x0,
    0xd, 0xf5, 0x0, 0x0, 0x0, 0xe, 0xf6, 0x0,
    0x0, 0x0, 0x0, 0x9, 0xf9, 0x0, 0x0, 0x0,
    0x2f, 0xf1, 0x0, 0x0, 0x0, 0x0, 0x5, 0xfd,
    0x0, 0x0, 0x0, 0x6f, 0xd0, 0x0, 0x0, 0x0,
    0x0, 0x1, 0xff, 0x10, 0x0, 0x0, 0xbf, 0x80,
    0x0, 0x0, 0x0, 0x0, 0x0, 0xef, 0x50, 0x0,
    0x0, 0xff, 0x30, 0x0, 0x0, 0x0, 0x0, 0x0,
    0xaf, 0x80, 0x0, 0x5, 0xfe, 0x0, 0x0, 0x0,
    0x0, 0x0, 0x0, 0x7f, 0xb0, 0x0, 0xa, 0xf8,
    0x0, 0x0, 0x0, 0x0, 0x0, 0x0, 0x4f, 0xe0,
    0x0, 0xf, 0xf3, 0x0, 0x0, 0x0, 0x0, 0x0,
    0x0, 0x2d, 0x90, 0x0, 0x5f, 0xd0, 0x0, 0x0,
    0x0, 0x1, 0x11, 0x11, 0x11, 0x11, 0x11, 0xbf,
    0x81, 0x11, 0x11, 0x11, 0x9f, 0xff, 0xff, 0xff,
    0xff, 0xff, 0xff, 0xff, 0xff, 0xff, 0xfe, 0x9f,
    0xff, 0xff, 0xff, 0xff, 0xff, 0xff, 0xff, 0xff,
    0xff, 0xfe,

    /* U+7B26 "符" */
    0x0, 0x0, 0x30, 0x0, 0x0, 0x0, 0x1, 0x10,
    0x0, 0x0, 0x0, 0x0, 0x0, 0x2f, 0xd0, 0x0,
    0x0, 0x0, 0xaf, 0x50, 0x0, 0x0, 0x0, 0x0,
    0x9, 0xf8, 0x0, 0x0, 0x0, 0x1f, 0xf1, 0x0,
    0x0, 0x0, 0x0, 0x1, 0xff, 0xff, 0xff, 0xff,
    0x38, 0xff, 0xff, 0xff, 0xff, 0xf3, 0x0, 0x9f,
    0xdc, 0xff, 0xcc, 0xc4, 0xff, 0xcd, 0xff, 0xcc,
    0xcc, 0x30, 0x4f, 0xe1, 0xe, 0xf2, 0x0, 0xcf,
    0x70, 0xe, 0xf3, 0x0, 0x0, 0x2e, 0xf6, 0x0,
    0x6f, 0xb0, 0x9f, 0xb0, 0x0, 0x4f, 0xc0, 0x0,
    0x0, 0x69, 0x0, 0x5, 0xa4, 0x0, 0x81, 0x0,
    0x0, 0x74, 0x10, 0x0, 0x0, 0x0, 0x6, 0xfd,
    0x0, 0x0, 0x0, 0x0, 0xc, 0xf4, 0x0, 0x0,
    0x0, 0x1, 0xef, 0x60, 0x0, 0x0, 0x0, 0x0,
    0xcf, 0x40, 0x0, 0x0, 0x0, 0xaf, 0xc0, 0x9b,
    0xbb, 0xbb, 0xbb, 0xbe, 0xfc, 0xbb, 0x70, 0x0,
    0x6f, 0xf4, 0xd, 0xff, 0xff, 0xff, 0xff, 0xff,
    0xff, 0xfa, 0x0, 0x4f, 0xff, 0x40, 0x22, 0x22,
    0x22, 0x22, 0x2c, 0xf6, 0x22, 0x10, 0x4f, 0xff,
    0xf4, 0x0, 0x5, 0x0, 0x0, 0x0, 0xcf, 0x40,
    0x0, 0x1f, 0xfc, 0xbf, 0x40, 0x7, 0xf9, 0x0,
    0x0, 0xc, 0xf4, 0x0, 0x0, 0x7d, 0x1b, 0xf4,
    0x0, 0x1e, 0xf3, 0x0, 0x0, 0xcf, 0x40, 0x0,
    0x0, 0x0, 0xbf, 0x40, 0x0, 0x6f, 0xd0, 0x0,
    0xc, 0xf4, 0x0, 0x0, 0x0, 0xb, 0xf4, 0x0,
    0x0, 0xcf, 0x80, 0x0, 0xcf, 0x40, 0x0, 0x0,
    0x0, 0xbf, 0x40, 0x0, 0x3, 0xf7, 0x0, 0xc,
    0xf4, 0x0, 0x0, 0x0, 0xb, 0xf4, 0x0, 0x0,
    0x1, 0x0, 0x0, 0xcf, 0x40, 0x0, 0x0, 0x0,
    0xbf, 0x40, 0x0, 0x0, 0x0, 0x0, 0xc, 0xf3,
    0x0, 0x0, 0x0, 0xb, 0xf4, 0x0, 0x0, 0x0,
    0xce, 0xee, 0xff, 0x20, 0x0, 0x0, 0x0, 0xbf,
    0x40, 0x0, 0x0, 0x7, 0xff, 0xfd, 0x70, 0x0,
    0x0, 0x0, 0x1, 0x10, 0x0, 0x0, 0x0, 0x0,
    0x0, 0x0, 0x0, 0x0,

    /* U+7B49 "等" */
    0x0, 0x0, 0x0, 0x0, 0x0, 0x0, 0x0, 0x0,
    0x0, 0x0, 0x0, 0x0, 0x0, 0xd, 0xd2, 0x0,
    0x0, 0x0, 0x7f, 0x70, 0x0, 0x0, 0x0, 0x0,
    0x5, 0xfd, 0x0, 0x0, 0x0, 0xd, 0xf4, 0x0,
    0x0, 0x0, 0x0, 0x0, 0xef, 0xff, 0xff, 0xff,
    0xb7, 0xff, 0xff, 0xff, 0xff, 0xf8, 0x0, 0xaf,
    0xdd, 0xfe, 0xbb, 0xbb, 0xff, 0xbc, 0xff, 0xbb,
    0xbb, 0x60, 0x7f, 0xe1, 0x1f, 0xe0, 0x2, 0xef,
    0x70, 0xc, 0xf6, 0x0, 0x0, 0x1c, 0xf4, 0x0,
    0xbd, 0x20, 0x1f, 0xe0, 0x0, 0x2f, 0xc0, 0x0,
    0x0, 0x3, 0x0, 0x1, 0x0, 0x2, 0xfe, 0x0,
    0x0, 0x30, 0x0, 0x0, 0x0, 0x8, 0xff, 0xff,
    0xff, 0xff, 0xff, 0xff, 0xff, 0xff, 0xb0, 0x0,
    0x0, 0x5a, 0xaa, 0xaa, 0xab, 0xff, 0xaa, 0xaa,
    0xaa, 0xa7, 0x0, 0x0, 0x0, 0x0, 0x0, 0x0,
    0x1f, 0xe0, 0x0, 0x0, 0x0, 0x0, 0x0, 0x56,
    0x66, 0x66, 0x66, 0x67, 0xff, 0x66, 0x66, 0x66,
    0x66, 0x65, 0xe, 0xff, 0xff, 0xff, 0xff, 0xff,
    0xff, 0xff, 0xff, 0xff, 0xff, 0xf0, 0x45, 0x55,
    0x55, 0x55, 0x55, 0x55, 0x55, 0x9f, 0xe5, 0x55,
    0x55, 0x0, 0x0, 0x0, 0x0, 0x0, 0x0, 0x0,
    0x5, 0xfd, 0x0, 0x0, 0x0, 0xb, 0xbb, 0xbb,
    0xbb, 0xbb, 0xbb, 0xbb, 0xdf, 0xfb, 0xbb, 0xb3,
    0x1, 0xff, 0xff, 0xff, 0xff, 0xff, 0xff, 0xff,
    0xff, 0xff, 0xff, 0x40, 0x0, 0x0, 0x3d, 0xa1,
    0x0, 0x0, 0x0, 0x6f, 0xd0, 0x0, 0x0, 0x0,
    0x0, 0x4, 0xef, 0xc1, 0x0, 0x0, 0x5, 0xfd,
    0x0, 0x0, 0x0, 0x0, 0x0, 0x1, 0xdf, 0xd1,
    0x0, 0x0, 0x5f, 0xd0, 0x0, 0x0, 0x0, 0x0,
    0x0, 0x1, 0xcf, 0x90, 0x0, 0x5, 0xfd, 0x0,
    0x0, 0x0, 0x0, 0x0, 0x0, 0x1, 0x90, 0xd,
    0xdd, 0xff, 0xb0, 0x0, 0x0, 0x0, 0x0, 0x0,
    0x0, 0x0, 0x0, 0x9f, 0xff, 0xc3, 0x0, 0x0,
    0x0, 0x0, 0x0, 0x0, 0x0, 0x0, 0x0, 0x0,
    0x0, 0x0, 0x0, 0x0,

    /* U+7B80 "简" */
    0x0, 0x0, 0x0, 0x0, 0x0, 0x0, 0x0, 0x0,
    0x0, 0x0, 0x0, 0x0, 0x0, 0xb, 0xe3, 0x0,
    0x0, 0x0, 0x1f, 0xd0, 0x0, 0x0, 0x0, 0x0,
    0x2, 0xff, 0x10, 0x0, 0x0, 0x7, 0xfb, 0x0,
    0x0, 0x0, 0x0, 0x0, 0xbf, 0xff, 0xff, 0xff,
    0x81, 0xef, 0xff, 0xff, 0xff, 0xf1, 0x0, 0x5f,
    0xea, 0xff, 0xca, 0xa5, 0xaf, 0xdb, 0xcf, 0xfb,
    0xbb, 0x0, 0x2f, 0xf4, 0x7, 0xfa, 0x0, 0x7f,
    0xe1, 0x0, 0xdf, 0x30, 0x0, 0xc, 0xf8, 0x0,
    0xe, 0xf1, 0x7, 0xf4, 0x0, 0x5, 0xfc, 0x0,
    0x0, 0x7, 0x1a, 0x40, 0x41, 0x0, 0x1, 0x0,
    0x0, 0x6, 0x0, 0x0, 0x0, 0x4, 0xff, 0x30,
    0xff, 0xff, 0xff, 0xff, 0xff, 0xff, 0xf9, 0x0,
    0x0, 0x4, 0xfe, 0x1d, 0xdd, 0xdd, 0xdd, 0xdd,
    0xdd, 0xef, 0x90, 0x0, 0x9c, 0x27, 0xa1, 0x0,
    0x0, 0x0, 0x0, 0x0, 0x7, 0xf9, 0x0, 0xc,
    0xf3, 0x0, 0x68, 0x88, 0x88, 0x88, 0x84, 0x0,
    0x7f, 0x90, 0x0, 0xcf, 0x30, 0xc, 0xff, 0xff,
    0xff, 0xff, 0x80, 0x7, 0xf9, 0x0, 0xc, 0xf3,
    0x0, 0xcf, 0x0, 0x0, 0x8, 0xf8, 0x0, 0x7f,
    0x90, 0x0, 0xcf, 0x30, 0xc, 0xf0, 0x0, 0x0,
    0x8f, 0x80, 0x7, 0xf9, 0x0, 0xc, 0xf3, 0x0,
    0xcf, 0xff, 0xff, 0xff, 0xf8, 0x0, 0x7f, 0x90,
    0x0, 0xcf, 0x30, 0xc, 0xf8, 0x88, 0x88, 0xcf,
    0x80, 0x7, 0xf9, 0x0, 0xc, 0xf3, 0x0, 0xcf,
    0x0, 0x0, 0x8, 0xf8, 0x0, 0x7f, 0x90, 0x0,
    0xcf, 0x30, 0xc, 0xf8, 0x88, 0x88, 0xcf, 0x80,
    0x7, 0xf9, 0x0, 0xc, 0xf3, 0x0, 0xcf, 0xff,
    0xff, 0xff, 0xf8, 0x0, 0x7f, 0x90, 0x0, 0xcf,
    0x30, 0x0, 0x0, 0x0, 0x0, 0x0, 0x0, 0x7,
    0xf9, 0x0, 0xc, 0xf3, 0x0, 0x0, 0x0, 0x0,
    0x0, 0x8, 0xbb, 0xef, 0x80, 0x0, 0xcf, 0x30,
    0x0, 0x0, 0x0, 0x0, 0x0, 0x5f, 0xff, 0xb1,
    0x0, 0x0, 0x0, 0x0, 0x0, 0x0, 0x0, 0x0,
    0x0, 0x0, 0x0, 0x0,

    /* U+7CFB "系" */
    0x0, 0x0, 0x0, 0x0, 0x0, 0x0, 0x2, 0x57,
    0xad, 0x80, 0x0, 0x1, 0x23, 0x45, 0x68, 0x9b,
    0xce, 0xff, 0xff, 0xff, 0xe3, 0x0, 0x6, 0xff,
    0xff, 0xff, 0xff, 0xff, 0xdb, 0x97, 0x42, 0x0,
    0x0, 0x1, 0xa9, 0x87, 0x67, 0xff, 0x90, 0x0,
    0x0, 0x0, 0x0, 0x0, 0x0, 0x0, 0x0, 0x2e,
    0xf8, 0x0, 0x0, 0x1b, 0x30, 0x0, 0x0, 0x0,
    0x0, 0x4, 0xff, 0x60, 0x0, 0x4, 0xef, 0xd0,
    0x0, 0x0, 0x0, 0x0, 0x8f, 0xe3, 0x0, 0x12,
    0x8f, 0xfa, 0x0, 0x0, 0x0, 0x0, 0x1e, 0xff,
    0xff, 0xff, 0xff, 0xff, 0x60, 0x0, 0x0, 0x0,
    0x0, 0xd, 0xfd, 0xca, 0xae, 0xff, 0xc2, 0x1,
    0x30, 0x0, 0x0, 0x0, 0x1, 0x0, 0x3, 0xcf,
    0xe6, 0x0, 0xe, 0xf4, 0x0, 0x0, 0x0, 0x0,
    0x1, 0x9f, 0xf9, 0x10, 0x0, 0x3, 0xff, 0x30,
    0x0, 0x0, 0x1, 0x9f, 0xfb, 0x20, 0x13, 0x45,
    0x67, 0xcf, 0xe2, 0x0, 0x3, 0xaf, 0xff, 0xfe,
    0xff, 0xff, 0xff, 0xff, 0xff, 0xfd, 0x10, 0x3,
    0xff, 0xff, 0xed, 0xba, 0xff, 0x85, 0x43, 0x20,
    0x9f, 0xa0, 0x0, 0x63, 0x10, 0x0, 0x0, 0xef,
    0x20, 0x0, 0x0, 0xd, 0x90, 0x0, 0x0, 0xc,
    0xb3, 0x0, 0xef, 0x20, 0x5e, 0x90, 0x0, 0x0,
    0x0, 0x0, 0xbf, 0xe1, 0x0, 0xef, 0x20, 0x3e,
    0xfc, 0x10, 0x0, 0x0, 0x1b, 0xfe, 0x20, 0x0,
    0xef, 0x20, 0x1, 0xcf, 0xe3, 0x0, 0x3, 0xdf,
    0xe2, 0x0, 0x0, 0xef, 0x20, 0x0, 0xb, 0xff,
    0x40, 0x3f, 0xfd, 0x20, 0x0, 0x0, 0xef, 0x20,
    0x0, 0x0, 0xaf, 0xf2, 0x4, 0xa0, 0x0, 0x4e,
    0xee, 0xff, 0x10, 0x0, 0x0, 0xa, 0x50, 0x0,
    0x0, 0x0, 0xe, 0xff, 0xd6, 0x0, 0x0, 0x0,
    0x0, 0x0, 0x0, 0x0, 0x0, 0x0, 0x0, 0x0,
    0x0, 0x0, 0x0, 0x0, 0x0,

    /* U+7EDF "统" */
    0x0, 0x0, 0x1, 0x0, 0x0, 0x0, 0x0, 0x1,
    0x10, 0x0, 0x0, 0x0, 0x0, 0x0, 0xa, 0xe5,
    0x0, 0x0, 0x0, 0x6f, 0xb0, 0x0, 0x0, 0x0,
    0x0, 0x0, 0x1f, 0xf4, 0x0, 0x0, 0x0, 0x1f,
    0xf3, 0x0, 0x0, 0x0, 0x0, 0x0, 0x8f, 0xd0,
    0x0, 0x0, 0x0, 0x9, 0xf7, 0x0, 0x0, 0x0,
    0x0, 0x1, 0xff, 0x40, 0x0, 0xcc, 0xcc, 0xce,
    0xec, 0xcc, 0xcc, 0xc0, 0x0, 0x8, 0xfb, 0x0,
    0x1, 0xff, 0xff, 0xff, 0xff, 0xff, 0xff, 0xf0,
    0x0, 0x2f, 0xf2, 0x7, 0xd3, 0x0, 0x4, 0xff,
    0x40, 0x0, 0x0, 0x0, 0x0, 0xbf, 0x80, 0x1e,
    0xf5, 0x0, 0x1e, 0xf7, 0x0, 0x6b, 0x0, 0x0,
    0x9, 0xfe, 0x46, 0xbf, 0xb0, 0x0, 0xbf, 0xb0,
    0x0, 0x9f, 0x80, 0x0, 0xc, 0xff, 0xff, 0xff,
    0x20, 0x8, 0xfe, 0x10, 0x0, 0x1e, 0xf3, 0x0,
    0x7, 0xfc, 0xbf, 0xf6, 0x2, 0xaf, 0xf8, 0x67,
    0x9a, 0xbe, 0xfd, 0x0, 0x1, 0x0, 0xaf, 0xb0,
    0x4, 0xff, 0xff, 0xff, 0xff, 0xff, 0xff, 0x60,
    0x0, 0x6, 0xfe, 0x10, 0x0, 0xfe, 0xca, 0x86,
    0x43, 0x10, 0x3f, 0xe0, 0x0, 0x4f, 0xf2, 0x3,
    0x60, 0x10, 0x9e, 0x50, 0x1e, 0xd0, 0x7, 0x10,
    0x5, 0xff, 0xdc, 0xff, 0xf1, 0x0, 0xbf, 0x40,
    0x1f, 0xe0, 0x0, 0x0, 0x9, 0xff, 0xff, 0xda,
    0x60, 0x0, 0xcf, 0x30, 0x1f, 0xe0, 0x0, 0x0,
    0x4, 0xd9, 0x51, 0x0, 0x0, 0x0, 0xef, 0x10,
    0x1f, 0xe0, 0x0, 0x0, 0x0, 0x0, 0x0, 0x0,
    0x10, 0x2, 0xfe, 0x0, 0x1f, 0xe0, 0x0, 0x0,
    0x0, 0x0, 0x2, 0x7c, 0xf3, 0x7, 0xfa, 0x0,
    0x1f, 0xe0, 0x7, 0xa1, 0x0, 0x48, 0xdf, 0xff,
    0xd3, 0x1e, 0xf5, 0x0, 0x1f, 0xe0, 0x8, 0xf4,
    0xb, 0xff, 0xfd, 0x82, 0x2, 0xdf, 0xc0, 0x0,
    0x1f, 0xe0, 0x9, 0xf2, 0x8, 0xd8, 0x20, 0x0,
    0x8f, 0xfe, 0x20, 0x0, 0xf, 0xfc, 0xcf, 0xe0,
    0x0, 0x0, 0x0, 0x0, 0x7f, 0xb1, 0x0, 0x0,
    0x8, 0xff, 0xff, 0x60, 0x0, 0x0, 0x0, 0x0,
    0x3, 0x0, 0x0, 0x0, 0x0, 0x0, 0x0, 0x0,

    /* U+7EE7 "继" */
    0x0, 0x0, 0x11, 0x0, 0x0, 0x0, 0x0, 0x0,
    0x1, 0x0, 0x0, 0x0, 0x0, 0x6, 0xf7, 0x0,
    0x4, 0x30, 0x0, 0xa, 0xf1, 0x0, 0x0, 0x0,
    0x0, 0xcf, 0x60, 0x2, 0xfb, 0x15, 0x0, 0xaf,
    0x10, 0x44, 0x0, 0x0, 0x2f, 0xe0, 0x0, 0x2f,
    0xb4, 0xf3, 0xa, 0xf1, 0xc, 0xe0, 0x0, 0x9,
    0xf8, 0x0, 0x2, 0xfb, 0xe, 0x90, 0xaf, 0x12,
    0xf7, 0x0, 0x1, 0xff, 0x10, 0x0, 0x2f, 0xb0,
    0x9e, 0xa, 0xf1, 0x8f, 0x10, 0x0, 0x8f, 0x70,
    0xd, 0x93, 0xfb, 0x5, 0xf3, 0xaf, 0x1e, 0x90,
    0x0, 0x2f, 0xe0, 0x6, 0xfc, 0x2f, 0xb0, 0x3,
    0xa, 0xf1, 0x21, 0x0, 0xc, 0xf9, 0x68, 0xff,
    0x32, 0xfb, 0x9b, 0xbb, 0xef, 0xbb, 0xbb, 0x54,
    0xff, 0xff, 0xff, 0x80, 0x2f, 0xbe, 0xff, 0xff,
    0xff, 0xff, 0xf8, 0xb, 0x85, 0x7f, 0xd0, 0x2,
    0xfb, 0x0, 0x6, 0xff, 0xa0, 0x0, 0x0, 0x0,
    0x1e, 0xf2, 0x0, 0x2f, 0xb0, 0x0, 0xdf, 0xff,
    0x70, 0x0, 0x0, 0xb, 0xf6, 0x0, 0x2, 0xfb,
    0x0, 0x7f, 0xdf, 0x9f, 0x40, 0x0, 0x8, 0xfa,
    0x36, 0x88, 0x2f, 0xb0, 0x2f, 0xaa, 0xf1, 0xcf,
    0x20, 0x8, 0xff, 0xff, 0xff, 0xb2, 0xfb, 0xc,
    0xf2, 0xaf, 0x12, 0xfd, 0x0, 0xef, 0xfc, 0x85,
    0x20, 0x2f, 0xba, 0xf8, 0xa, 0xf1, 0x7, 0xf3,
    0x6, 0x30, 0x0, 0x0, 0x2, 0xfb, 0x6b, 0x0,
    0xaf, 0x10, 0x4, 0x0, 0x0, 0x0, 0x0, 0x2,
    0x2f, 0xb0, 0x0, 0xa, 0xf1, 0x0, 0x0, 0x0,
    0x1, 0x48, 0xbf, 0xf2, 0xfb, 0x0, 0x0, 0xaf,
    0x10, 0x0, 0x1, 0xad, 0xff, 0xff, 0xd9, 0x2f,
    0xb0, 0x0, 0x1, 0x10, 0x0, 0x0, 0x1f, 0xfd,
    0x95, 0x10, 0x2, 0xff, 0xff, 0xff, 0xff, 0xff,
    0xff, 0xf0, 0x51, 0x0, 0x0, 0x0, 0x1c, 0xcc,
    0xcc, 0xcc, 0xcc, 0xcc, 0xcc,

    /* U+7EEA "绪" */
    0x0, 0x0, 0x2, 0x0, 0x0, 0x0, 0x0, 0x56,
    0x0, 0x0, 0x0, 0x0, 0x0, 0x0, 0xe, 0xd0,
    0x0, 0x0, 0x0, 0xcf, 0x10, 0x0, 0x0, 0x0,
    0x0, 0x0, 0x5f, 0xb0, 0x0, 0x0, 0x0, 0xcf,
    0x10, 0x0, 0x9e, 0x50, 0x0, 0x0, 0xcf, 0x40,
    0x0, 0x7a, 0xaa, 0xef, 0xaa, 0xa3, 0xff, 0x10,
    0x0, 0x3, 0xfc, 0x0, 0x0, 0xbf, 0xff, 0xff,
    0xff, 0xfd, 0xf8, 0x0, 0x0, 0xb, 0xf4, 0x0,
    0x0, 0x23, 0x33, 0xdf, 0x43, 0x8f, 0xe0, 0x0,
    0x0, 0x4f, 0xb0, 0x8, 0xd2, 0x0, 0x0, 0xcf,
    0x11, 0xef, 0x40, 0x0, 0x0, 0xdf, 0x20, 0x2f,
    0xe0, 0x0, 0x0, 0xcf, 0x2c, 0xf8, 0x0, 0x0,
    0x9, 0xfc, 0x79, 0xdf, 0x5e, 0xff, 0xff, 0xff,
    0xff, 0xff, 0xff, 0xf0, 0xd, 0xff, 0xff, 0xfb,
    0xd, 0xee, 0xee, 0xef, 0xff, 0xee, 0xee, 0xe0,
    0x6, 0x85, 0x4f, 0xe1, 0x0, 0x0, 0x1, 0xcf,
    0xd1, 0x0, 0x0, 0x0, 0x0, 0x0, 0xbf, 0x40,
    0x0, 0x0, 0x4e, 0xfc, 0x10, 0x0, 0x0, 0x0,
    0x0, 0x8, 0xf8, 0x0, 0x0, 0x19, 0xff, 0xfb,
    0xbb, 0xbb, 0xb9, 0x0, 0x0, 0x6f, 0xb1, 0x47,
    0x47, 0xef, 0xff, 0xff, 0xff, 0xff, 0xfd, 0x0,
    0x6, 0xff, 0xff, 0xff, 0xaf, 0xfb, 0xfe, 0x0,
    0x0, 0x2, 0xfd, 0x0, 0xa, 0xff, 0xeb, 0x74,
    0x15, 0x40, 0xfe, 0x0, 0x0, 0x2, 0xfd, 0x0,
    0x3, 0x62, 0x0, 0x0, 0x0, 0x0, 0xff, 0xaa,
    0xaa, 0xab, 0xfd, 0x0, 0x0, 0x0, 0x0, 0x0,
    0x0, 0x0, 0xff, 0xff, 0xff, 0xff, 0xfd, 0x0,
    0x0, 0x0, 0x15, 0x8c, 0xf4, 0x0, 0xfe, 0x0,
    0x0, 0x2, 0xfd, 0x0, 0x5, 0xad, 0xff, 0xff,
    0xc3, 0x0, 0xfe, 0x0, 0x0, 0x2, 0xfd, 0x0,
    0xb, 0xff, 0xd8, 0x40, 0x0, 0x0, 0xff, 0xcc,
    0xcc, 0xcc, 0xfd, 0x0, 0x4, 0x51, 0x0, 0x0,
    0x0, 0x0, 0xff, 0xff, 0xff, 0xff, 0xfd, 0x0,
    0x0, 0x0, 0x0, 0x0, 0x0, 0x0, 0xfe, 0x0,
    0x0, 0x2, 0xfd, 0x0, 0x0, 0x0, 0x0, 0x0,
    0x0, 0x0, 0x11, 0x0, 0x0, 0x0, 0x0, 0x0,

    /* U+7EED "续" */
    0x0, 0x0, 0x0, 0x0, 0x0, 0x0, 0x0, 0x3,
    0x20, 0x0, 0x0, 0x0, 0x0, 0x0, 0xe9, 0x0,
    0x0, 0x0, 0x3, 0xfc, 0x0, 0x0, 0x0, 0x0,
    0x0, 0x5f, 0xa0, 0x0, 0x0, 0x0, 0x4f, 0xc0,
    0x0, 0x0, 0x0, 0x0, 0xc, 0xf3, 0x0, 0x8,
    0xff, 0xff, 0xff, 0xff, 0xff, 0x40, 0x0, 0x4,
    0xfb, 0x0, 0x0, 0x5a, 0xaa, 0xbf, 0xfa, 0xaa,
    0xa2, 0x0, 0x0, 0xcf, 0x30, 0x0, 0x0, 0x0,
    0x3, 0xfc, 0x0, 0x0, 0x0, 0x0, 0x4f, 0xa0,
    0xc, 0x30, 0x11, 0x11, 0x4f, 0xd1, 0x11, 0x21,
    0x0, 0xd, 0xf1, 0x7, 0xf9, 0x6f, 0xff, 0xff,
    0xff, 0xff, 0xff, 0xf4, 0x9, 0xf8, 0x24, 0xef,
    0x13, 0xaa, 0xaa, 0xaa, 0xaa, 0xaa, 0xef, 0x2,
    0xff, 0xff, 0xff, 0x70, 0x0, 0x17, 0x0, 0x59,
    0x30, 0xf, 0xb0, 0xb, 0xa7, 0x8f, 0xc0, 0x0,
    0x5, 0xfe, 0x48, 0xf5, 0x6, 0xf6, 0x0, 0x0,
    0xc, 0xf3, 0x0, 0x5, 0x12, 0xce, 0x9f, 0x50,
    0x38, 0x0, 0x0, 0x8, 0xf7, 0x0, 0x2, 0xee,
    0x50, 0x29, 0xf5, 0x0, 0x0, 0x0, 0x4, 0xfd,
    0x6a, 0xe4, 0x1, 0xcf, 0x50, 0xaf, 0x40, 0x0,
    0x0, 0x3, 0xff, 0xff, 0xfd, 0x30, 0x1, 0x81,
    0xc, 0xf3, 0x0, 0x0, 0x0, 0xef, 0xfb, 0x62,
    0x0, 0xff, 0xff, 0xff, 0xff, 0xff, 0xff, 0xf6,
    0x8, 0x40, 0x0, 0x0, 0xb, 0xbb, 0xbb, 0xef,
    0xeb, 0xbb, 0xbb, 0x40, 0x0, 0x0, 0x16, 0xc5,
    0x0, 0x0, 0x1e, 0xf4, 0x30, 0x0, 0x0, 0x0,
    0x5, 0xaf, 0xff, 0x60, 0x0, 0xb, 0xfb, 0x3f,
    0xd3, 0x0, 0x0, 0xaf, 0xff, 0xd7, 0x10, 0x0,
    0x1c, 0xfe, 0x10, 0x5f, 0xf6, 0x0, 0xf, 0xf9,
    0x30, 0x0, 0x0, 0x6e, 0xfd, 0x20, 0x0, 0x3e,
    0xf8, 0x0, 0x40, 0x0, 0x0, 0x2, 0xdf, 0xfa,
    0x10, 0x0, 0x0, 0x1d, 0xf8, 0x0, 0x0, 0x0,
    0x0, 0xa, 0xc4, 0x0, 0x0, 0x0, 0x0, 0x1c,
    0x40, 0x0, 0x0, 0x0, 0x0, 0x0, 0x0, 0x0,
    0x0, 0x0, 0x0, 0x0,

    /* U+7F6E "置" */
    0x1, 0x55, 0x55, 0x55, 0x55, 0x55, 0x55, 0x55,
    0x55, 0x55, 0x20, 0x4, 0xff, 0xff, 0xff, 0xff,
    0xff, 0xff, 0xff, 0xff, 0xff, 0x70, 0x4, 0xfb,
    0x22, 0x2c, 0xf4, 0x22, 0x4f, 0xb2, 0x22, 0x9f,
    0x70, 0x4, 0xfa, 0x0, 0xb, 0xf2, 0x0, 0x2f,
    0xb0, 0x0, 0x8f, 0x70, 0x4, 0xff, 0xee, 0xef,
    0xfe, 0xee, 0xef, 0xfe, 0xee, 0xff, 0x70, 0x2,
    0x99, 0x99, 0x99, 0x9a, 0xff, 0x99, 0x99, 0x99,
    0x99, 0x40, 0x0, 0x0, 0x0, 0x0, 0x5, 0xfc,
    0x0, 0x0, 0x0, 0x0, 0x0, 0x7f, 0xff, 0xff,
    0xff, 0xff, 0xff, 0xff, 0xff, 0xff, 0xff, 0xf1,
    0x38, 0x88, 0x88, 0x88, 0x8d, 0xfa, 0x88, 0x88,
    0x88, 0x88, 0x80, 0x0, 0x0, 0x0, 0x0, 0xc,
    0xf2, 0x0, 0x0, 0x0, 0x0, 0x0, 0x0, 0x9,
    0xff, 0xff, 0xff, 0xff, 0xff, 0xff, 0xff, 0x80,
    0x0, 0x0, 0x9, 0xf9, 0x55, 0x55, 0x55, 0x55,
    0x55, 0xaf, 0x80, 0x0, 0x0, 0x9, 0xff, 0xee,
    0xee, 0xee, 0xee, 0xee, 0xff, 0x80, 0x0, 0x0,
    0x9, 0xf9, 0x44, 0x44, 0x44, 0x44, 0x44, 0xaf,
    0x80, 0x0, 0x0, 0x9, 0xf8, 0x33, 0x33, 0x33,
    0x33, 0x33, 0x9f, 0x80, 0x0, 0x0, 0x9, 0xff,
    0xff, 0xff, 0xff, 0xff, 0xff, 0xff, 0x80, 0x0,
    0x0, 0x9, 0xf6, 0x0, 0x0, 0x0, 0x0, 0x0,
    0x8f, 0x80, 0x0, 0x0, 0x9, 0xff, 0xff, 0xff,
    0xff, 0xff, 0xff, 0xff, 0x80, 0x0, 0x0, 0x9,
    0xf8, 0x33, 0x33, 0x33, 0x33, 0x33, 0x9f, 0x80,
    0x0, 0x0, 0x9, 0xf6, 0x0, 0x0, 0x0, 0x0,
    0x0, 0x8f, 0x80, 0x0, 0xaf, 0xff, 0xff, 0xff,
    0xff, 0xff, 0xff, 0xff, 0xff, 0xff, 0xfb, 0x47,
    0x77, 0x77, 0x77, 0x77, 0x77, 0x77, 0x77, 0x77,
    0x77, 0x75,

    /* U+8054 "联" */
    0x0, 0x0, 0x0, 0x0, 0x0, 0x0, 0x53, 0x0,
    0x0, 0x7, 0x30, 0x0, 0x1f, 0xff, 0xff, 0xff,
    0xff, 0x4, 0xfe, 0x10, 0x0, 0x5f, 0xe0, 0x0,
    0x1d, 0xff, 0xdd, 0xdf, 0xfd, 0x0, 0x8f, 0xb0,
    0x0, 0xdf, 0x50, 0x0, 0x0, 0xcf, 0x0, 0xb,
    0xf0, 0x0, 0xd, 0xf4, 0x7, 0xfb, 0x0, 0x0,
    0x0, 0xcf, 0x0, 0xb, 0xf0, 0x3, 0x37, 0x93,
    0x4f, 0xf5, 0x33, 0x0, 0x0, 0xcf, 0x0, 0xc,
    0xf0, 0x4f, 0xff, 0xff, 0xff, 0xff, 0xff, 0x0,
    0x0, 0xcf, 0xff, 0xff, 0xf0, 0x3c, 0xcc, 0xcf,
    0xfc, 0xcc, 0xcb, 0x0, 0x0, 0xcf, 0xaa, 0xae,
    0xf0, 0x0, 0x0, 0xf, 0xf1, 0x0, 0x0, 0x0,
    0x0, 0xcf, 0x0, 0xb, 0xf0, 0x0, 0x0, 0xf,
    0xf1, 0x0, 0x0, 0x0, 0x0, 0xcf, 0x0, 0xb,
    0xf0, 0x0, 0x0, 0xf, 0xf1, 0x0, 0x0, 0x0,
    0x0, 0xcf, 0x0, 0xc, 0xf0, 0x0, 0x0, 0xf,
    0xf1, 0x0, 0x0, 0x0, 0x0, 0xcf, 0xff, 0xff,
    0xf0, 0xdf, 0xff, 0xff, 0xff, 0xff, 0xff, 0xd0,
    0x0, 0xcf, 0xaa, 0xae, 0xf0, 0xad, 0xdd, 0xdf,
    0xfd, 0xdd, 0xdd, 0xa0, 0x0, 0xcf, 0x0, 0xb,
    0xf0, 0x0, 0x0, 0x5f, 0xf2, 0x0, 0x0, 0x0,
    0x0, 0xcf, 0x0, 0xb, 0xf0, 0x0, 0x0, 0x9f,
    0xf9, 0x0, 0x0, 0x0, 0x0, 0xcf, 0x0, 0xc,
    0xf8, 0x90, 0x0, 0xef, 0xff, 0x10, 0x0, 0x0,
    0x5, 0xef, 0xbe, 0xff, 0xff, 0xf0, 0x7, 0xfd,
    0x7f, 0xa0, 0x0, 0x0, 0x2f, 0xff, 0xfe, 0xce,
    0xf4, 0x10, 0x2f, 0xf4, 0xd, 0xf6, 0x0, 0x0,
    0x9, 0x74, 0x10, 0xb, 0xf0, 0x1, 0xdf, 0xa0,
    0x4, 0xff, 0x50, 0x0, 0x0, 0x0, 0x0, 0xb,
    0xf0, 0x2d, 0xfd, 0x10, 0x0, 0x7f, 0xf9, 0x0,
    0x0, 0x0, 0x0, 0xb, 0xf5, 0xff, 0xd1, 0x0,
    0x0, 0x7, 0xff, 0xc0, 0x0, 0x0, 0x0, 0xb,
    0xf1, 0xcb, 0x10, 0x0, 0x0, 0x0, 0x3c, 0x20,
    0x0, 0x0, 0x0, 0x0, 0x0, 0x0, 0x0, 0x0,
    0x0, 0x0, 0x0, 0x0,

    /* U+80FD "能" */
    0x0, 0x1, 0x40, 0x0, 0x0, 0x0, 0x56, 0x0,
    0x0, 0x0, 0x0, 0x0, 0x0, 0x8f, 0xc0, 0x0,
    0x0, 0xe, 0xf1, 0x0, 0x0, 0x0, 0x0, 0x0,
    0x1f, 0xf4, 0x3a, 0x60, 0x0, 0xef, 0x10, 0x0,
    0x15, 0x0, 0x0, 0x9, 0xfb, 0x1, 0xff, 0x20,
    0xe, 0xf1, 0x3, 0x9f, 0xf7, 0x0, 0x4, 0xff,
    0x10, 0x7, 0xfb, 0x0, 0xef, 0x7c, 0xff, 0xf9,
    0x20, 0x3, 0xef, 0x95, 0x67, 0x8f, 0xf3, 0xe,
    0xff, 0xfa, 0x50, 0x0, 0x0, 0x6f, 0xff, 0xff,
    0xff, 0xff, 0xb0, 0xef, 0x50, 0x0, 0x0, 0x0,
    0x1, 0xa8, 0x65, 0x32, 0x10, 0xea, 0xe, 0xf1,
    0x0, 0x0, 0xc, 0x80, 0x0, 0x0, 0x0, 0x0,
    0x0, 0x0, 0xef, 0x10, 0x0, 0x0, 0xfd, 0x0,
    0x8d, 0xdd, 0xdd, 0xde, 0xd0, 0xc, 0xfc, 0xaa,
    0xaa, 0xcf, 0xa0, 0xa, 0xfe, 0xee, 0xee, 0xff,
    0x0, 0x5f, 0xff, 0xff, 0xff, 0xe2, 0x0, 0xaf,
    0x40, 0x0, 0xf, 0xf0, 0x0, 0x2, 0x22, 0x22,
    0x20, 0x0, 0xa, 0xf4, 0x0, 0x0, 0xff, 0x0,
    0xce, 0x10, 0x0, 0x0, 0x0, 0x0, 0xaf, 0xff,
    0xff, 0xff, 0xf0, 0xe, 0xf1, 0x0, 0x1, 0x81,
    0x0, 0xa, 0xfa, 0x88, 0x88, 0xff, 0x0, 0xef,
    0x10, 0x29, 0xff, 0xd0, 0x0, 0xaf, 0x40, 0x0,
    0xf, 0xf0, 0xe, 0xf8, 0xcf, 0xfe, 0x81, 0x0,
    0xa, 0xfa, 0x99, 0x99, 0xff, 0x0, 0xef, 0xfe,
    0x94, 0x0, 0x0, 0x0, 0xaf, 0xff, 0xff, 0xff,
    0xf0, 0xe, 0xf4, 0x0, 0x0, 0x0, 0x0, 0xa,
    0xf4, 0x0, 0x0, 0xff, 0x0, 0xef, 0x10, 0x0,
    0x0, 0xaa, 0x10, 0xaf, 0x40, 0x0, 0xf, 0xf0,
    0xe, 0xf1, 0x0, 0x0, 0xb, 0xf1, 0xa, 0xf4,
    0x0, 0x0, 0xff, 0x0, 0xdf, 0x30, 0x0, 0x1,
    0xef, 0x0, 0xaf, 0x40, 0x8d, 0xdf, 0xf0, 0xb,
    0xff, 0xff, 0xff, 0xff, 0xa0, 0xa, 0xf4, 0x3,
    0xfe, 0xc5, 0x0, 0x2a, 0xdd, 0xdd, 0xdd, 0xa1,
    0x0,

    /* U+81EA "自" */
    0x0, 0x0, 0x0, 0x0, 0x20, 0x0, 0x0, 0x0,
    0x0, 0x0, 0x0, 0x0, 0x5, 0xff, 0x0, 0x0,
    0x0, 0x0, 0x0, 0x0, 0x0, 0x9, 0xf9, 0x0,
    0x0, 0x0, 0x0, 0x0, 0x0, 0x0, 0xe, 0xf3,
    0x0, 0x0, 0x0, 0x0, 0x2f, 0xff, 0xff, 0xff,
    0xff, 0xff, 0xff, 0xff, 0xf8, 0x3f, 0xff, 0xff,
    0xff, 0xff, 0xff, 0xff, 0xff, 0xf8, 0x3f, 0xd0,
    0x0, 0x0, 0x0, 0x0, 0x0, 0x9, 0xf8, 0x3f,
    0xd0, 0x0, 0x0, 0x0, 0x0, 0x0, 0x9, 0xf8,
    0x3f, 0xd0, 0x0, 0x0, 0x0, 0x0, 0x0, 0x9,
    0xf8, 0x3f, 0xfd, 0xdd, 0xdd, 0xdd, 0xdd, 0xdd,
    0xdf, 0xf8, 0x3f, 0xff, 0xff, 0xff, 0xff, 0xff,
    0xff, 0xff, 0xf8, 0x3f, 0xd0, 0x0, 0x0, 0x0,
    0x0, 0x0, 0x9, 0xf8, 0x3f, 0xd0, 0x0, 0x0,
    0x0, 0x0, 0x0, 0x9, 0xf8, 0x3f, 0xd0, 0x0,
    0x0, 0x0, 0x0, 0x0, 0x9, 0xf8, 0x3f, 0xfb,
    0xbb, 0xbb, 0xbb, 0xbb, 0xbb, 0xbe, 0xf8, 0x3f,
    0xff, 0xff, 0xff, 0xff, 0xff, 0xff, 0xff, 0xf8,
    0x3f, 0xe3, 0x33, 0x33, 0x33, 0x33, 0x33, 0x3a,
    0xf8, 0x3f, 0xd0, 0x0, 0x0, 0x0, 0x0, 0x0,
    0x9, 0xf8, 0x3f, 0xd0, 0x0, 0x0, 0x0, 0x0,
    0x0, 0x9, 0xf8, 0x3f, 0xd0, 0x0, 0x0, 0x0,
    0x0, 0x0, 0x9, 0xf8, 0x3f, 0xff, 0xff, 0xff,
    0xff, 0xff, 0xff, 0xff, 0xf8, 0x3f, 0xfe, 0xee,
    0xee, 0xee, 0xee, 0xee, 0xef, 0xf8, 0x3f, 0xd0,
    0x0, 0x0, 0x0, 0x0, 0x0, 0x9, 0xf8, 0x1,
    0x10, 0x0, 0x0, 0x0, 0x0, 0x0, 0x0, 0x0,

    /* U+81F4 "致" */
    0x0, 0x0, 0x0, 0x0, 0x0, 0x0, 0x0, 0x23,
    0x0, 0x0, 0x0, 0x0, 0x0, 0x0, 0x0, 0x0,
    0x0, 0x0, 0x0, 0x8f, 0x80, 0x0, 0x0, 0x0,
    0xb, 0xdd, 0xdd, 0xdd, 0xdd, 0xdc, 0x0, 0xcf,
    0x50, 0x0, 0x0, 0x0, 0xd, 0xff, 0xff, 0xff,
    0xff, 0xff, 0x0, 0xff, 0x10, 0x0, 0x0, 0x0,
    0x0, 0x1, 0xff, 0x40, 0x0, 0x0, 0x4, 0xfd,
    0x0, 0x0, 0x0, 0x0, 0x0, 0x8, 0xfa, 0x3,
    0xb4, 0x0, 0x9, 0xff, 0xdd, 0xdd, 0xdd, 0xd0,
    0x0, 0x2f, 0xf1, 0x2, 0xfe, 0x0, 0xe, 0xff,
    0xff, 0xff, 0xff, 0xf0, 0x0, 0xbf, 0x60, 0x0,
    0x9f, 0x90, 0x5f, 0xf0, 0x0, 0xd, 0xf4, 0x0,
    0x9, 0xff, 0xde, 0xff, 0xff, 0xf3, 0xcf, 0xf1,
    0x0, 0xf, 0xf1, 0x0, 0x8, 0xff, 0xec, 0xba,
    0x89, 0xfd, 0xff, 0xf5, 0x0, 0x2f, 0xe0, 0x0,
    0x1, 0x20, 0x2, 0x64, 0x0, 0x5e, 0xfc, 0xfa,
    0x0, 0x6f, 0xa0, 0x0, 0x0, 0x0, 0x7, 0xf9,
    0x0, 0x2e, 0xe1, 0xfe, 0x0, 0xaf, 0x70, 0x0,
    0x0, 0x0, 0x7, 0xf9, 0x0, 0x3, 0x30, 0xbf,
    0x40, 0xff, 0x20, 0x0, 0x6, 0xcc, 0xce, 0xfe,
    0xcc, 0xc8, 0x0, 0x5f, 0xb5, 0xfd, 0x0, 0x0,
    0x7, 0xff, 0xff, 0xff, 0xff, 0xfa, 0x0, 0xe,
    0xfd, 0xf7, 0x0, 0x0, 0x0, 0x0, 0x7, 0xfa,
    0x0, 0x0, 0x0, 0x8, 0xff, 0xf1, 0x0, 0x0,
    0x0, 0x0, 0x7, 0xf9, 0x0, 0x0, 0x0, 0x1,
    0xff, 0x90, 0x0, 0x0, 0x0, 0x0, 0x7, 0xf9,
    0x0, 0x14, 0x0, 0xa, 0xff, 0xe1, 0x0, 0x0,
    0x0, 0x0, 0x19, 0xfd, 0xce, 0xff, 0x10, 0x9f,
    0xfd, 0xfd, 0x10, 0x0, 0xa, 0xdf, 0xff, 0xff,
    0xff, 0xeb, 0x3b, 0xff, 0x51, 0xef, 0xd2, 0x0,
    0xf, 0xff, 0xec, 0x96, 0x31, 0x7, 0xff, 0xf4,
    0x0, 0x2e, 0xff, 0x70, 0x5, 0x41, 0x0, 0x0,
    0x0, 0x1e, 0xfc, 0x20, 0x0, 0x1, 0xcf, 0xc0,
    0x0, 0x0, 0x0, 0x0, 0x0, 0x4, 0x60, 0x0,
    0x0, 0x0, 0x6, 0x10,

    /* U+8868 "表" */
    0x0, 0x0, 0x0, 0x0, 0x0, 0x1, 0x10, 0x0,
    0x0, 0x0, 0x0, 0x0, 0x0, 0x0, 0x0, 0x0,
    0x0, 0x1f, 0xf0, 0x0, 0x0, 0x0, 0x0, 0x0,
    0x0, 0x0, 0x0, 0x0, 0x0, 0x2f, 0xf0, 0x0,
    0x0, 0x0, 0x0, 0x0, 0x0, 0x8f, 0xff, 0xff,
    0xff, 0xff, 0xff, 0xff, 0xff, 0xff, 0xfb, 0x0,
    0x0, 0x5b, 0xbb, 0xbb, 0xbb, 0xbf, 0xfb, 0xbb,
    0xbb, 0xbb, 0xb7, 0x0, 0x0, 0x0, 0x0, 0x0,
    0x0, 0x1f, 0xf0, 0x0, 0x0, 0x0, 0x0, 0x0,
    0x0, 0x2, 0x99, 0x99, 0x99, 0xaf, 0xf9, 0x99,
    0x99, 0x99, 0x60, 0x0, 0x0, 0x4, 0xff, 0xff,
    0xff, 0xff, 0xff, 0xff, 0xff, 0xff, 0xa0, 0x0,
    0x0, 0x0, 0x0, 0x0, 0x0, 0x2f, 0xf0, 0x0,
    0x0, 0x0, 0x0, 0x0, 0x0, 0x0, 0x0, 0x0,
    0x0, 0x1f, 0xf0, 0x0, 0x0, 0x0, 0x0, 0x0,
    0x7, 0xff, 0xff, 0xff, 0xff, 0xff, 0xff, 0xff,
    0xff, 0xff, 0xff, 0x60, 0x6, 0xdd, 0xdd, 0xdd,
    0xdf, 0xff, 0xff, 0xdd, 0xdd, 0xdd, 0xdd, 0x50,
    0x0, 0x0, 0x0, 0x0, 0x9f, 0xf4, 0xef, 0x20,
    0x0, 0x0, 0x20, 0x0, 0x0, 0x0, 0x0, 0x3d,
    0xfe, 0x30, 0x8f, 0x90, 0x0, 0xb, 0xf6, 0x0,
    0x0, 0x0, 0x19, 0xff, 0xb1, 0x0, 0x1f, 0xf3,
    0x2, 0xdf, 0xd3, 0x0, 0x0, 0x29, 0xff, 0xff,
    0x30, 0x0, 0x7, 0xfd, 0x6f, 0xfa, 0x0, 0x0,
    0xc, 0xff, 0xf9, 0xff, 0x30, 0x0, 0x0, 0xcf,
    0xfe, 0x50, 0x0, 0x0, 0x5, 0xe8, 0x10, 0xef,
    0x30, 0x0, 0x0, 0x1e, 0xfc, 0x10, 0x0, 0x0,
    0x0, 0x0, 0x0, 0xef, 0x30, 0x0, 0x48, 0x2,
    0xef, 0xd4, 0x0, 0x0, 0x0, 0x0, 0x0, 0xff,
    0x46, 0xbf, 0xff, 0x10, 0x2d, 0xff, 0xa3, 0x0,
    0x0, 0x0, 0x4, 0xff, 0xff, 0xff, 0xa5, 0x0,
    0x0, 0x9f, 0xff, 0xc0, 0x0, 0x0, 0xa, 0xff,
    0xe9, 0x40, 0x0, 0x0, 0x0, 0x2, 0x9f, 0x50,
    0x0, 0x0, 0x3, 0xa4, 0x0, 0x0, 0x0, 0x0,
    0x0, 0x0, 0x0, 0x0,

    /* U+8981 "要" */
    0x6f, 0xff, 0xff, 0xff, 0xff, 0xff, 0xff, 0xff,
    0xff, 0xff, 0xf5, 0x5c, 0xcc, 0xcc, 0xcf, 0xfd,
    0xcc, 0xdf, 0xec, 0xcc, 0xcc, 0xc4, 0x0, 0x0,
    0x0, 0xe, 0xf1, 0x0, 0x5f, 0x90, 0x0, 0x0,
    0x0, 0x2, 0x99, 0x99, 0x9f, 0xfa, 0x99, 0xbf,
    0xd9, 0x99, 0x99, 0x30, 0x3, 0xff, 0xff, 0xff,
    0xff, 0xff, 0xff, 0xff, 0xff, 0xff, 0x60, 0x3,
    0xfb, 0x0, 0xe, 0xf1, 0x0, 0x5f, 0x90, 0x0,
    0xaf, 0x60, 0x3, 0xfb, 0x0, 0xe, 0xf1, 0x0,
    0x5f, 0x90, 0x0, 0xaf, 0x60, 0x3, 0xfb, 0x0,
    0xe, 0xf1, 0x0, 0x5f, 0x90, 0x0, 0xaf, 0x60,
    0x3, 0xff, 0xdd, 0xdf, 0xfd, 0xdd, 0xef, 0xfd,
    0xdd, 0xff, 0x60, 0x2, 0xdd, 0xdd, 0xdd, 0xfe,
    0xdd, 0xdd, 0xdd, 0xdd, 0xdd, 0x50, 0x0, 0x0,
    0x0, 0x3, 0xff, 0x10, 0x0, 0x0, 0x0, 0x0,
    0x0, 0x0, 0x0, 0x0, 0xc, 0xf9, 0x0, 0x0,
    0x0, 0x0, 0x0, 0x0, 0x9f, 0xff, 0xff, 0xff,
    0xff, 0xff, 0xff, 0xff, 0xff, 0xff, 0xfe, 0x7b,
    0xbb, 0xbd, 0xff, 0xbb, 0xbb, 0xbb, 0xcf, 0xfb,
    0xbb, 0xba, 0x0, 0x0, 0xc, 0xf9, 0x0, 0x0,
    0x0, 0x9f, 0xb0, 0x0, 0x0, 0x0, 0x0, 0x9f,
    0xf3, 0x0, 0x0, 0x7, 0xff, 0x20, 0x0, 0x0,
    0x0, 0x4, 0xff, 0xff, 0xfb, 0x84, 0xaf, 0xf4,
    0x0, 0x0, 0x0, 0x0, 0x0, 0x2, 0x59, 0xdf,
    0xff, 0xff, 0xb4, 0x0, 0x0, 0x0, 0x0, 0x0,
    0x2, 0x58, 0xcf, 0xff, 0xdf, 0xff, 0xfa, 0x61,
    0x0, 0x3b, 0xce, 0xff, 0xff, 0xfb, 0x60, 0x2,
    0x6b, 0xff, 0xff, 0xa0, 0xe, 0xfe, 0xc9, 0x63,
    0x0, 0x0, 0x0, 0x0, 0x16, 0xbf, 0x40, 0x0,
    0x0, 0x0, 0x0, 0x0, 0x0, 0x0, 0x0, 0x0,
    0x0, 0x0,

    /* U+89E6 "触" */
    0x0, 0x0, 0x10, 0x0, 0x0, 0x0, 0x0, 0x0,
    0x22, 0x0, 0x0, 0x0, 0x0, 0x0, 0xdf, 0x10,
    0x0, 0x0, 0x0, 0x2, 0xff, 0x0, 0x0, 0x0,
    0x0, 0x2, 0xfd, 0x0, 0x10, 0x0, 0x0, 0x2,
    0xff, 0x0, 0x0, 0x0, 0x0, 0x8, 0xff, 0xff,
    0xfa, 0x0, 0x0, 0x2, 0xff, 0x0, 0x0, 0x0,
    0x0, 0xe, 0xf9, 0x9b, 0xfa, 0x0, 0x0, 0x2,
    0xff, 0x0, 0x0, 0x0, 0x0, 0x5f, 0xa0, 0x9,
    0xf4, 0x0, 0x9a, 0xab, 0xff, 0xaa, 0xa9, 0x0,
    0x0, 0xdf, 0x30, 0xf, 0xd0, 0x0, 0xef, 0xff,
    0xff, 0xff, 0xfe, 0x0, 0x8, 0xff, 0xee, 0xef,
    0xff, 0xd0, 0xec, 0x0, 0xfd, 0x0, 0xde, 0x0,
    0x2f, 0xff, 0xbb, 0xfd, 0xbe, 0xe0, 0xec, 0x0,
    0xfd, 0x0, 0xde, 0x0, 0x3, 0xdf, 0x11, 0xf7,
    0xb, 0xe0, 0xec, 0x0, 0xfd, 0x0, 0xde, 0x0,
    0x0, 0xaf, 0x11, 0xf7, 0xb, 0xe0, 0xec, 0x0,
    0xfd, 0x0, 0xde, 0x0, 0x0, 0xaf, 0xff, 0xff,
    0xff, 0xe0, 0xec, 0x0, 0xfd, 0x0, 0xde, 0x0,
    0x0, 0xaf, 0x99, 0xfc, 0x9e, 0xe0, 0xed, 0x55,
    0xfe, 0x55, 0xee, 0x0, 0x0, 0xaf, 0x11, 0xf7,
    0xb, 0xe0, 0xef, 0xff, 0xff, 0xff, 0xfe, 0x0,
    0x0, 0xaf, 0x1, 0xf7, 0xb, 0xe0, 0x77, 0x78,
    0xff, 0x77, 0x77, 0x0, 0x0, 0xbf, 0x89, 0xfc,
    0x8e, 0xe0, 0x0, 0x1, 0xff, 0x0, 0x10, 0x0,
    0x0, 0xcf, 0xff, 0xff, 0xff, 0xe0, 0x0, 0x1,
    0xff, 0xb, 0xe0, 0x0, 0x0, 0xdd, 0x1, 0xf7,
    0xb, 0xe0, 0x0, 0x1, 0xff, 0x7, 0xf7, 0x0,
    0x0, 0xfb, 0x1, 0xf7, 0xb, 0xe0, 0x0, 0x1,
    0xff, 0x1, 0xfe, 0x0, 0x3, 0xf9, 0x1, 0xf7,
    0xb, 0xe0, 0x24, 0x58, 0xff, 0xdf, 0xff, 0x40,
    0x8, 0xf5, 0x1, 0xf7, 0xb, 0xea, 0xff, 0xff,
    0xff, 0xfe, 0xdf, 0xa0, 0xe, 0xf1, 0x1, 0xf8,
    0xae, 0xe7, 0xec, 0x97, 0x53, 0x0, 0xf, 0xf0,
    0xa, 0xa0, 0x0, 0x41, 0xce, 0x60, 0x0, 0x0,
    0x0, 0x0, 0xa, 0x90, 0x0, 0x10, 0x0, 0x0,
    0x0, 0x0, 0x0, 0x0, 0x0, 0x0, 0x0, 0x0,

    /* U+8A00 "言" */
    0x0, 0x0, 0x0, 0x0, 0x0, 0x30, 0x0, 0x0,
    0x0, 0x0, 0x0, 0x0, 0x0, 0x0, 0x0, 0xd,
    0xf7, 0x0, 0x0, 0x0, 0x0, 0x0, 0x0, 0x0,
    0x0, 0x0, 0x4, 0xff, 0x30, 0x0, 0x0, 0x0,
    0x0, 0x0, 0x0, 0x0, 0x0, 0x0, 0x9f, 0xd0,
    0x0, 0x0, 0x0, 0x0, 0x8b, 0xbb, 0xbb, 0xbb,
    0xbb, 0xcf, 0xfb, 0xbb, 0xbb, 0xbb, 0xba, 0xbf,
    0xff, 0xff, 0xff, 0xff, 0xff, 0xff, 0xff, 0xff,
    0xff, 0xfe, 0x0, 0x0, 0x0, 0x0, 0x0, 0x0,
    0x0, 0x0, 0x0, 0x0, 0x0, 0x0, 0x0, 0x0,
    0x0, 0x0, 0x0, 0x0, 0x0, 0x0, 0x0, 0x0,
    0x0, 0x4, 0xff, 0xff, 0xff, 0xff, 0xff, 0xff,
    0xff, 0x60, 0x0, 0x0, 0x2, 0x99, 0x99, 0x99,
    0x99, 0x99, 0x99, 0x99, 0x30, 0x0, 0x0, 0x0,
    0x0, 0x0, 0x0, 0x0, 0x0, 0x0, 0x0, 0x0,
    0x0, 0x0, 0x2, 0x99, 0x99, 0x99, 0x99, 0x99,
    0x99, 0x99, 0x30, 0x0, 0x0, 0x4, 0xff, 0xff,
    0xff, 0xff, 0xff, 0xff, 0xff, 0x60, 0x0, 0x0,
    0x0, 0x0, 0x0, 0x0, 0x0, 0x0, 0x0, 0x0,
    0x0, 0x0, 0x0, 0x0, 0x0, 0x0, 0x0, 0x0,
    0x0, 0x0, 0x0, 0x0, 0x0, 0x0, 0x5, 0xbb,
    0xbb, 0xbb, 0xbb, 0xbb, 0xbb, 0xbb, 0x70, 0x0,
    0x0, 0x8, 0xff, 0xff, 0xff, 0xff, 0xff, 0xff,
    0xff, 0xa0, 0x0, 0x0, 0x8, 0xf8, 0x0, 0x0,
    0x0, 0x0, 0x0, 0x7f, 0xa0, 0x0, 0x0, 0x8,
    0xf7, 0x0, 0x0, 0x0, 0x0, 0x0, 0x7f, 0xa0,
    0x0, 0x0, 0x8, 0xf7, 0x0, 0x0, 0x0, 0x0,
    0x0, 0x7f, 0xa0, 0x0, 0x0, 0x8, 0xfd, 0xcc,
    0xcc, 0xcc, 0xcc, 0xcc, 0xdf, 0xa0, 0x0, 0x0,
    0x8, 0xff, 0xff, 0xff, 0xff, 0xff, 0xff, 0xff,
    0xa0, 0x0, 0x0, 0x8, 0xf7, 0x0, 0x0, 0x0,
    0x0, 0x0, 0x7f, 0xa0, 0x0, 0x0, 0x0, 0x10,
    0x0, 0x0, 0x0, 0x0, 0x0, 0x0, 0x0, 0x0,

    /* U+8BA1 "计" */
    0x0, 0x6, 0x0, 0x0, 0x0, 0x0, 0x1, 0xff,
    0x10, 0x0, 0x0, 0x0, 0x8, 0xfc, 0x10, 0x0,
    0x0, 0x0, 0x1f, 0xf1, 0x0, 0x0, 0x0, 0x0,
    0x1c, 0xfd, 0x20, 0x0, 0x0, 0x1, 0xff, 0x10,
    0x0, 0x0, 0x0, 0x0, 0xb, 0xfe, 0x10, 0x0,
    0x0, 0x1f, 0xf1, 0x0, 0x0, 0x0, 0x0, 0x0,
    0xc, 0xc0, 0x0, 0x0, 0x1, 0xff, 0x10, 0x0,
    0x0, 0x0, 0x0, 0x0, 0x11, 0x0, 0x0, 0x0,
    0x1f, 0xf1, 0x0, 0x0, 0x0, 0x0, 0x0, 0x0,
    0x0, 0x0, 0x0, 0x1, 0xff, 0x10, 0x0, 0x0,
    0x8, 0x99, 0x9a, 0x70, 0x2, 0x22, 0x22, 0x4f,
    0xf3, 0x22, 0x22, 0x20, 0xff, 0xff, 0xfd, 0x1,
    0xff, 0xff, 0xff, 0xff, 0xff, 0xff, 0xff, 0x17,
    0x88, 0x9f, 0xd0, 0x1f, 0xff, 0xff, 0xff, 0xff,
    0xff, 0xff, 0xf0, 0x0, 0x3, 0xfd, 0x0, 0x0,
    0x0, 0x1, 0xff, 0x10, 0x0, 0x0, 0x0, 0x0,
    0x3f, 0xd0, 0x0, 0x0, 0x0, 0x1f, 0xf1, 0x0,
    0x0, 0x0, 0x0, 0x3, 0xfd, 0x0, 0x0, 0x0,
    0x1, 0xff, 0x10, 0x0, 0x0, 0x0, 0x0, 0x3f,
    0xd0, 0x0, 0x0, 0x0, 0x1f, 0xf1, 0x0, 0x0,
    0x0, 0x0, 0x3, 0xfd, 0x0, 0x0, 0x0, 0x1,
    0xff, 0x10, 0x0, 0x0, 0x0, 0x0, 0x3f, 0xd0,
    0x3, 0x0, 0x0, 0x1f, 0xf1, 0x0, 0x0, 0x0,
    0x0, 0x3, 0xfd, 0x1a, 0xf1, 0x0, 0x1, 0xff,
    0x10, 0x0, 0x0, 0x0, 0x0, 0x3f, 0xfe, 0xfd,
    0x20, 0x0, 0x1f, 0xf1, 0x0, 0x0, 0x0, 0x0,
    0x5, 0xff, 0xfa, 0x0, 0x0, 0x1, 0xff, 0x10,
    0x0, 0x0, 0x0, 0x2, 0xef, 0xf5, 0x0, 0x0,
    0x0, 0x1f, 0xf1, 0x0, 0x0, 0x0, 0x0, 0xd,
    0xd2, 0x0, 0x0, 0x0, 0x1, 0xff, 0x10, 0x0,
    0x0, 0x0, 0x0, 0x30, 0x0, 0x0, 0x0, 0x0,
    0x1f, 0xf1, 0x0, 0x0, 0x0,

    /* U+8BA4 "认" */
    0x0, 0x0, 0x0, 0x0, 0x0, 0x0, 0x1, 0x65,
    0x0, 0x0, 0x0, 0x0, 0x1, 0xb4, 0x0, 0x0,
    0x0, 0x0, 0x2f, 0xe0, 0x0, 0x0, 0x0, 0x0,
    0x6f, 0xf5, 0x0, 0x0, 0x0, 0x3, 0xfd, 0x0,
    0x0, 0x0, 0x0, 0x0, 0x6f, 0xf6, 0x0, 0x0,
    0x0, 0x3f, 0xd0, 0x0, 0x0, 0x0, 0x0, 0x0,
    0x6f, 0xf2, 0x0, 0x0, 0x3, 0xfd, 0x0, 0x0,
    0x0, 0x0, 0x0, 0x0, 0x65, 0x0, 0x0, 0x0,
    0x3f, 0xc0, 0x0, 0x0, 0x0, 0x0, 0x0, 0x0,
    0x0, 0x0, 0x0, 0x4, 0xfb, 0x0, 0x0, 0x0,
    0x0, 0x0, 0x0, 0x0, 0x0, 0x0, 0x0, 0x5f,
    0xb0, 0x0, 0x0, 0x0, 0xde, 0xee, 0xff, 0x0,
    0x0, 0x0, 0x6, 0xfc, 0x0, 0x0, 0x0, 0xe,
    0xff, 0xff, 0xf0, 0x0, 0x0, 0x0, 0x7f, 0xe0,
    0x0, 0x0, 0x0, 0x0, 0x0, 0xff, 0x0, 0x0,
    0x0, 0x9, 0xff, 0x10, 0x0, 0x0, 0x0, 0x0,
    0xf, 0xf0, 0x0, 0x0, 0x0, 0xbf, 0xf5, 0x0,
    0x0, 0x0, 0x0, 0x0, 0xff, 0x0, 0x0, 0x0,
    0xe, 0xff, 0x90, 0x0, 0x0, 0x0, 0x0, 0xf,
    0xf0, 0x0, 0x0, 0x2, 0xfe, 0xfe, 0x0, 0x0,
    0x0, 0x0, 0x0, 0xff, 0x0, 0x0, 0x0, 0x7f,
    0xaa, 0xf4, 0x0, 0x0, 0x0, 0x0, 0xf, 0xf0,
    0x0, 0x0, 0xc, 0xf5, 0x5f, 0xb0, 0x0, 0x0,
    0x0, 0x0, 0xff, 0x3, 0xc0, 0x3, 0xff, 0x0,
    0xef, 0x20, 0x0, 0x0, 0x0, 0xf, 0xf8, 0xff,
    0x30, 0xbf, 0x90, 0x7, 0xfb, 0x0, 0x0, 0x0,
    0x0, 0xff, 0xfe, 0x50, 0x5f, 0xf1, 0x0, 0xe,
    0xf6, 0x0, 0x0, 0x0, 0x7f, 0xfb, 0x10, 0x3f,
    0xf7, 0x0, 0x0, 0x5f, 0xf4, 0x0, 0x0, 0x1f,
    0xf7, 0x0, 0x3e, 0xfb, 0x0, 0x0, 0x0, 0x9f,
    0xf5, 0x0, 0x0, 0x74, 0x0, 0xb, 0xfc, 0x10,
    0x0, 0x0, 0x0, 0xaf, 0xd1, 0x0, 0x0, 0x0,
    0x0, 0x8, 0x0, 0x0, 0x0, 0x0, 0x0, 0x71,
    0x0,

    /* U+8BBE "设" */
    0x0, 0x3, 0x20, 0x0, 0x0, 0x1, 0x43, 0x22,
    0x23, 0x20, 0x0, 0x0, 0x2, 0xfe, 0x30, 0x0,
    0x0, 0x8f, 0xff, 0xff, 0xff, 0x20, 0x0, 0x0,
    0x6, 0xff, 0x40, 0x0, 0x8, 0xfd, 0xcc, 0xcf,
    0xf2, 0x0, 0x0, 0x0, 0x6, 0xff, 0x30, 0x0,
    0x8f, 0x60, 0x0, 0xdf, 0x20, 0x0, 0x0, 0x0,
    0x6, 0xe2, 0x0, 0xa, 0xf4, 0x0, 0xd, 0xf2,
    0x0, 0x0, 0x0, 0x0, 0x1, 0x0, 0x0, 0xef,
    0x10, 0x0, 0xdf, 0x20, 0x0, 0x0, 0x0, 0x0,
    0x0, 0x0, 0x9f, 0xb0, 0x0, 0xc, 0xf2, 0x0,
    0x2, 0xbb, 0xbc, 0xb0, 0x1, 0xaf, 0xf2, 0x0,
    0x0, 0xaf, 0xff, 0xf5, 0x2f, 0xff, 0xff, 0x0,
    0xdf, 0xe3, 0x0, 0x0, 0x2, 0xbc, 0xcc, 0x40,
    0x22, 0x2f, 0xf0, 0x3, 0x70, 0x0, 0x0, 0x0,
    0x0, 0x0, 0x0, 0x0, 0x0, 0xef, 0x0, 0x2d,
    0xdd, 0xdd, 0xdd, 0xdd, 0xde, 0xb1, 0x0, 0x0,
    0xe, 0xf0, 0x2, 0xff, 0xff, 0xff, 0xff, 0xff,
    0xff, 0x0, 0x0, 0x0, 0xef, 0x0, 0x1, 0xfe,
    0x10, 0x0, 0x0, 0x8f, 0x90, 0x0, 0x0, 0xe,
    0xf0, 0x0, 0x9, 0xf7, 0x0, 0x0, 0x1f, 0xf2,
    0x0, 0x0, 0x0, 0xef, 0x0, 0x0, 0x1e, 0xf3,
    0x0, 0xb, 0xf8, 0x0, 0x0, 0x0, 0xe, 0xf0,
    0x15, 0x0, 0x4f, 0xe2, 0xa, 0xfc, 0x0, 0x0,
    0x0, 0x0, 0xef, 0x4e, 0xe0, 0x0, 0x8f, 0xeb,
    0xfe, 0x10, 0x0, 0x0, 0x0, 0xf, 0xff, 0xf8,
    0x0, 0x0, 0xbf, 0xff, 0x20, 0x0, 0x0, 0x0,
    0x3, 0xff, 0xf4, 0x0, 0x3, 0xbf, 0xff, 0xfd,
    0x60, 0x0, 0x0, 0x0, 0xdf, 0xd2, 0x3, 0x7d,
    0xff, 0xe5, 0x3d, 0xff, 0xe9, 0x40, 0x0, 0x7,
    0xb0, 0x0, 0xef, 0xfd, 0x60, 0x0, 0x6, 0xdf,
    0xff, 0x60, 0x0, 0x0, 0x0, 0x5, 0x83, 0x0,
    0x0, 0x0, 0x0, 0x38, 0x90,

    /* U+8BC6 "识" */
    0x0, 0x1a, 0x10, 0x0, 0x0, 0x0, 0x0, 0x0,
    0x0, 0x0, 0x0, 0x0, 0x9, 0xfe, 0x20, 0x0,
    0xb, 0xcc, 0xcc, 0xcc, 0xcc, 0xcc, 0x20, 0x0,
    0x9, 0xfe, 0x30, 0x0, 0xef, 0xff, 0xff, 0xff,
    0xff, 0xf3, 0x0, 0x0, 0x9, 0xfe, 0x0, 0xe,
    0xf4, 0x22, 0x22, 0x22, 0xef, 0x30, 0x0, 0x0,
    0xa, 0x70, 0x0, 0xef, 0x10, 0x0, 0x0, 0xe,
    0xf3, 0x0, 0x0, 0x0, 0x0, 0x0, 0xe, 0xf1,
    0x0, 0x0, 0x0, 0xef, 0x30, 0x0, 0x0, 0x0,
    0x0, 0x0, 0xef, 0x10, 0x0, 0x0, 0xe, 0xf3,
    0x0, 0xff, 0xff, 0xf2, 0x0, 0xe, 0xf1, 0x0,
    0x0, 0x0, 0xef, 0x30, 0x1f, 0xff, 0xff, 0x20,
    0x0, 0xef, 0x10, 0x0, 0x0, 0xe, 0xf3, 0x0,
    0x0, 0xc, 0xf2, 0x0, 0xe, 0xf1, 0x0, 0x0,
    0x0, 0xef, 0x30, 0x0, 0x0, 0xcf, 0x20, 0x0,
    0xef, 0xee, 0xee, 0xee, 0xef, 0xf3, 0x0, 0x0,
    0xc, 0xf2, 0x0, 0xe, 0xff, 0xff, 0xff, 0xff,
    0xff, 0x30, 0x0, 0x0, 0xcf, 0x20, 0x0, 0x0,
    0x0, 0x0, 0x0, 0x0, 0x0, 0x0, 0x0, 0xc,
    0xf2, 0x0, 0x0, 0x0, 0x0, 0x0, 0x0, 0x0,
    0x0, 0x0, 0x0, 0xcf, 0x20, 0x0, 0x3, 0x84,
    0x0, 0x2, 0x84, 0x0, 0x0, 0x0, 0xc, 0xf2,
    0x4a, 0x0, 0x9f, 0x90, 0x0, 0x6f, 0xe0, 0x0,
    0x0, 0x0, 0xcf, 0xaf, 0xf1, 0xf, 0xf3, 0x0,
    0x0, 0xdf, 0x70, 0x0, 0x0, 0xd, 0xff, 0xf4,
    0x7, 0xfc, 0x0, 0x0, 0x5, 0xff, 0x10, 0x0,
    0x3, 0xff, 0xe2, 0x1, 0xff, 0x40, 0x0, 0x0,
    0xd, 0xf7, 0x0, 0x0, 0xdf, 0xc1, 0x0, 0xcf,
    0xb0, 0x0, 0x0, 0x0, 0x6f, 0xe0, 0x0, 0x6,
    0xa0, 0x0, 0x6f, 0xe1, 0x0, 0x0, 0x0, 0x0,
    0xff, 0x30, 0x0, 0x0, 0x0, 0x0, 0x53, 0x0,
    0x0, 0x0, 0x0, 0x5, 0x10,

    /* U+8BD5 "试" */
    0x0, 0x0, 0x0, 0x0, 0x0, 0x0, 0x0, 0x0,
    0x11, 0x0, 0x0, 0x0, 0x0, 0x7, 0x40, 0x0,
    0x0, 0x0, 0x0, 0x2, 0xfe, 0x2b, 0x40, 0x0,
    0x0, 0x2f, 0xf6, 0x0, 0x0, 0x0, 0x0, 0x2,
    0xfe, 0x1e, 0xf3, 0x0, 0x0, 0x4, 0xff, 0x70,
    0x0, 0x0, 0x0, 0x2, 0xfe, 0x3, 0xfd, 0x0,
    0x0, 0x0, 0x4f, 0xf4, 0x0, 0x0, 0x0, 0x1,
    0xfe, 0x0, 0x7d, 0x20, 0x0, 0x0, 0x5, 0x80,
    0x66, 0x66, 0x66, 0x67, 0xff, 0x66, 0x77, 0x50,
    0x0, 0x0, 0x0, 0x0, 0xef, 0xff, 0xff, 0xff,
    0xff, 0xff, 0xff, 0xd0, 0x0, 0x0, 0x0, 0x0,
    0x67, 0x77, 0x77, 0x77, 0xff, 0x87, 0x77, 0x60,
    0xe, 0xee, 0xff, 0x20, 0x0, 0x0, 0x0, 0x0,
    0xef, 0x10, 0x0, 0x0, 0xf, 0xff, 0xff, 0x20,
    0x0, 0x0, 0x0, 0x0, 0xdf, 0x20, 0x0, 0x0,
    0x0, 0x0, 0xcf, 0x20, 0x0, 0x0, 0x0, 0x0,
    0xcf, 0x30, 0x0, 0x0, 0x0, 0x0, 0xcf, 0x20,
    0x2f, 0xff, 0xff, 0xf3, 0xbf, 0x40, 0x0, 0x0,
    0x0, 0x0, 0xcf, 0x20, 0x2d, 0xdf, 0xfe, 0xd3,
    0xaf, 0x60, 0x0, 0x0, 0x0, 0x0, 0xcf, 0x20,
    0x0, 0xc, 0xf1, 0x0, 0x8f, 0x80, 0x0, 0x0,
    0x0, 0x0, 0xcf, 0x20, 0x0, 0xc, 0xf1, 0x0,
    0x6f, 0xa0, 0x0, 0x0, 0x0, 0x0, 0xcf, 0x20,
    0x0, 0xc, 0xf1, 0x0, 0x4f, 0xc0, 0x0, 0x0,
    0x0, 0x0, 0xcf, 0x20, 0x0, 0xc, 0xf1, 0x0,
    0x1f, 0xe0, 0x1, 0x0, 0x0, 0x0, 0xcf, 0x23,
    0x90, 0xc, 0xf1, 0x15, 0xe, 0xf2, 0xa, 0x80,
    0x0, 0x0, 0xcf, 0x9f, 0xf0, 0xd, 0xfd, 0xff,
    0xb, 0xf6, 0xb, 0xe0, 0x0, 0x0, 0xef, 0xfe,
    0x9b, 0xff, 0xff, 0xd8, 0x6, 0xfc, 0xe, 0xc0,
    0x0, 0x9, 0xff, 0xa1, 0x5f, 0xfb, 0x62, 0x0,
    0x1, 0xff, 0xdf, 0x80, 0x0, 0x7, 0xf5, 0x0,
    0x5, 0x0, 0x0, 0x0, 0x0, 0x9f, 0xff, 0x20,
    0x0, 0x0, 0x20, 0x0, 0x0, 0x0, 0x0, 0x0,
    0x0, 0xa, 0xf8, 0x0,

    /* U+8BDD "话" */
    0x0, 0x0, 0x0, 0x0, 0x0, 0x0, 0x0, 0x0,
    0x0, 0x0, 0x0, 0x0, 0x0, 0x7, 0x0, 0x0,
    0x0, 0x0, 0x0, 0x0, 0x26, 0x9e, 0xb0, 0x0,
    0x0, 0x9f, 0xb0, 0x0, 0x2, 0x46, 0x8a, 0xcf,
    0xff, 0xff, 0xd3, 0x0, 0x0, 0x1c, 0xfc, 0x10,
    0xf, 0xff, 0xff, 0xff, 0xf8, 0x41, 0x0, 0x0,
    0x0, 0x1, 0xcf, 0xd0, 0x7, 0x76, 0x42, 0x2f,
    0xe0, 0x0, 0x0, 0x0, 0x0, 0x0, 0x1d, 0x60,
    0x0, 0x0, 0x0, 0x2f, 0xe0, 0x0, 0x0, 0x0,
    0x0, 0x0, 0x0, 0x0, 0x0, 0x0, 0x0, 0x2f,
    0xe0, 0x0, 0x0, 0x0, 0x0, 0x0, 0x0, 0x0,
    0x0, 0x0, 0x0, 0x2f, 0xe0, 0x0, 0x0, 0x0,
    0x1c, 0xcc, 0xcc, 0x0, 0x3e, 0xee, 0xee, 0xef,
    0xfe, 0xee, 0xee, 0xe1, 0x2f, 0xff, 0xff, 0x0,
    0x3f, 0xff, 0xff, 0xff, 0xff, 0xff, 0xff, 0xf2,
    0x3, 0x33, 0xff, 0x0, 0x0, 0x0, 0x0, 0x3f,
    0xe0, 0x0, 0x0, 0x0, 0x0, 0x0, 0xef, 0x0,
    0x0, 0x0, 0x0, 0x2f, 0xe0, 0x0, 0x0, 0x0,
    0x0, 0x0, 0xef, 0x0, 0x0, 0x0, 0x0, 0x2f,
    0xe0, 0x0, 0x0, 0x0, 0x0, 0x0, 0xef, 0x0,
    0x0, 0x11, 0x11, 0x3f, 0xe1, 0x11, 0x10, 0x0,
    0x0, 0x0, 0xef, 0x0, 0x2, 0xff, 0xff, 0xff,
    0xff, 0xff, 0xf6, 0x0, 0x0, 0x0, 0xef, 0x0,
    0x2, 0xff, 0xdd, 0xdd, 0xdd, 0xdf, 0xf6, 0x0,
    0x0, 0x0, 0xef, 0x1, 0x62, 0xfd, 0x0, 0x0,
    0x0, 0xc, 0xf6, 0x0, 0x0, 0x0, 0xef, 0x3d,
    0xf4, 0xfd, 0x0, 0x0, 0x0, 0xc, 0xf6, 0x0,
    0x0, 0x0, 0xff, 0xff, 0x92, 0xfd, 0x0, 0x0,
    0x0, 0xc, 0xf6, 0x0, 0x0, 0x3, 0xff, 0xf5,
    0x2, 0xfd, 0x0, 0x0, 0x0, 0xc, 0xf6, 0x0,
    0x0, 0xd, 0xfe, 0x30, 0x2, 0xff, 0xdd, 0xdd,
    0xdd, 0xdf, 0xf6, 0x0, 0x0, 0x9, 0xc1, 0x0,
    0x2, 0xff, 0xff, 0xff, 0xff, 0xff, 0xf6, 0x0,
    0x0, 0x1, 0x0, 0x0, 0x2, 0xfd, 0x0, 0x0,
    0x0, 0xc, 0xf6, 0x0, 0x0, 0x0, 0x0, 0x0,
    0x0, 0x11, 0x0, 0x0, 0x0, 0x0, 0x0, 0x0,

    /* U+8BE2 "询" */
    0x0, 0x0, 0x0, 0x0, 0x0, 0x0, 0x30, 0x0,
    0x0, 0x0, 0x0, 0x0, 0x0, 0x94, 0x0, 0x0,
    0x0, 0x6f, 0xd0, 0x0, 0x0, 0x0, 0x0, 0x0,
    0x4f, 0xf4, 0x0, 0x0, 0xd, 0xf7, 0x0, 0x0,
    0x0, 0x0, 0x0, 0x0, 0x6f, 0xf4, 0x0, 0x4,
    0xff, 0x10, 0x0, 0x0, 0x0, 0x0, 0x0, 0x0,
    0x8f, 0xe0, 0x0, 0xcf, 0xfd, 0xdd, 0xdd, 0xdd,
    0xed, 0x40, 0x0, 0x0, 0xa5, 0x0, 0x6f, 0xff,
    0xff, 0xff, 0xff, 0xff, 0xf5, 0x0, 0x0, 0x0,
    0x0, 0x2f, 0xf7, 0x0, 0x0, 0x0, 0x0, 0xbf,
    0x40, 0x0, 0x0, 0x0, 0xd, 0xfc, 0x0, 0x0,
    0x0, 0x0, 0xb, 0xf4, 0x3e, 0xee, 0xff, 0x7,
    0xff, 0xdc, 0xcc, 0xcc, 0xc9, 0x0, 0xcf, 0x33,
    0xff, 0xff, 0xf0, 0x7, 0x4f, 0xfe, 0xee, 0xef,
    0xb0, 0xc, 0xf2, 0x0, 0x0, 0xef, 0x0, 0x0,
    0xfe, 0x0, 0x1, 0xfb, 0x0, 0xdf, 0x20, 0x0,
    0xe, 0xf0, 0x0, 0xf, 0xe0, 0x0, 0x1f, 0xb0,
    0xe, 0xf1, 0x0, 0x0, 0xef, 0x0, 0x0, 0xff,
    0x99, 0x99, 0xfb, 0x0, 0xff, 0x0, 0x0, 0xe,
    0xf0, 0x0, 0xf, 0xff, 0xff, 0xff, 0xb0, 0xf,
    0xf0, 0x0, 0x0, 0xef, 0x0, 0x0, 0xfe, 0x0,
    0x2, 0xfb, 0x0, 0xfe, 0x0, 0x0, 0xe, 0xf0,
    0x0, 0xf, 0xe0, 0x0, 0x1f, 0xb0, 0x2f, 0xd0,
    0x0, 0x0, 0xef, 0x2, 0x70, 0xff, 0xaa, 0xaa,
    0xfb, 0x3, 0xfc, 0x0, 0x0, 0xe, 0xf7, 0xfe,
    0xf, 0xff, 0xff, 0xff, 0xb0, 0x5f, 0xb0, 0x0,
    0x0, 0xff, 0xff, 0x50, 0xfe, 0x0, 0x0, 0x0,
    0x7, 0xf9, 0x0, 0x0, 0x4f, 0xfe, 0x30, 0x7,
    0x60, 0x0, 0x0, 0x0, 0xaf, 0x70, 0x0, 0xd,
    0xfb, 0x10, 0x0, 0x0, 0x0, 0x0, 0x0, 0x1e,
    0xf4, 0x0, 0x0, 0x6a, 0x0, 0x0, 0x0, 0x0,
    0x0, 0xef, 0xef, 0xfe, 0x0, 0x0, 0x0, 0x0,
    0x0, 0x0, 0x0, 0x0, 0x8, 0xff, 0xfb, 0x20,
    0x0,

    /* U+8BED "语" */
    0x0, 0x3, 0x0, 0x0, 0x12, 0x22, 0x22, 0x22,
    0x22, 0x22, 0x22, 0x0, 0x9, 0xf8, 0x0, 0x9,
    0xff, 0xff, 0xff, 0xff, 0xff, 0xff, 0xf3, 0x0,
    0x3e, 0xfa, 0x0, 0x5a, 0xaa, 0xae, 0xfc, 0xaa,
    0xaa, 0xaa, 0x20, 0x0, 0x2e, 0xfa, 0x0, 0x0,
    0x0, 0xef, 0x20, 0x0, 0x0, 0x0, 0x0, 0x0,
    0x2e, 0xa0, 0x0, 0x0, 0x2f, 0xf0, 0x0, 0x1,
    0x0, 0x0, 0x0, 0x0, 0x20, 0x0, 0xaf, 0xff,
    0xff, 0xff, 0xff, 0xfa, 0x0, 0x0, 0x0, 0x0,
    0x0, 0x7, 0xbb, 0xef, 0xdb, 0xbb, 0xdf, 0x90,
    0x1, 0xbb, 0xbc, 0xb0, 0x0, 0x0, 0xc, 0xf4,
    0x0, 0x6, 0xf8, 0x0, 0x2f, 0xff, 0xff, 0x0,
    0x0, 0x0, 0xff, 0x0, 0x0, 0x8f, 0x60, 0x0,
    0x55, 0x5f, 0xf0, 0x2, 0x22, 0x6f, 0xd2, 0x22,
    0x2a, 0xf6, 0x21, 0x0, 0x0, 0xef, 0x7, 0xff,
    0xff, 0xff, 0xff, 0xff, 0xff, 0xff, 0xe0, 0x0,
    0xe, 0xf0, 0x5b, 0xbb, 0xbb, 0xbb, 0xbb, 0xbb,
    0xbb, 0xba, 0x0, 0x0, 0xef, 0x0, 0x0, 0x0,
    0x0, 0x0, 0x0, 0x0, 0x0, 0x0, 0x0, 0xe,
    0xf0, 0x0, 0x4c, 0xcc, 0xcc, 0xcc, 0xcc, 0xcc,
    0x50, 0x0, 0x0, 0xef, 0x0, 0x6, 0xff, 0xff,
    0xff, 0xff, 0xff, 0xf7, 0x0, 0x0, 0xe, 0xf0,
    0x1, 0x6f, 0x80, 0x0, 0x0, 0x0, 0x9f, 0x70,
    0x0, 0x0, 0xef, 0x6, 0xf8, 0xf8, 0x0, 0x0,
    0x0, 0x9, 0xf7, 0x0, 0x0, 0xe, 0xfb, 0xff,
    0xaf, 0x80, 0x0, 0x0, 0x0, 0x9f, 0x70, 0x0,
    0x1, 0xff, 0xfc, 0x26, 0xf8, 0x0, 0x0, 0x0,
    0x9, 0xf7, 0x0, 0x0, 0x9f, 0xf8, 0x0, 0x6f,
    0xeb, 0xbb, 0xbb, 0xbb, 0xef, 0x70, 0x0, 0x3,
    0xe3, 0x0, 0x6, 0xff, 0xff, 0xff, 0xff, 0xff,
    0xf7, 0x0, 0x0, 0x1, 0x0, 0x0, 0x6f, 0x80,
    0x0, 0x0, 0x0, 0x9f, 0x70, 0x0, 0x0, 0x0,
    0x0, 0x0, 0x10, 0x0, 0x0, 0x0, 0x0, 0x0,
    0x0,

    /* U+8BEF "误" */
    0x0, 0x5, 0x0, 0x0, 0x0, 0x0, 0x0, 0x0,
    0x0, 0x0, 0x0, 0x0, 0x0, 0x8f, 0xb0, 0x0,
    0x0, 0xdf, 0xff, 0xff, 0xff, 0xff, 0xf9, 0x0,
    0x0, 0x1d, 0xfc, 0x10, 0x0, 0xdf, 0xbb, 0xbb,
    0xbb, 0xbd, 0xf9, 0x0, 0x0, 0x1, 0xcf, 0xc0,
    0x0, 0xdf, 0x0, 0x0, 0x0, 0x7, 0xf9, 0x0,
    0x0, 0x0, 0x1d, 0xb0, 0x0, 0xdf, 0x0, 0x0,
    0x0, 0x7, 0xf9, 0x0, 0x0, 0x0, 0x1, 0x0,
    0x0, 0xdf, 0x65, 0x55, 0x55, 0x5a, 0xf9, 0x0,
    0x0, 0x0, 0x0, 0x0, 0x0, 0xdf, 0xff, 0xff,
    0xff, 0xff, 0xf9, 0x0, 0x3e, 0xee, 0xfe, 0x10,
    0x0, 0x45, 0x55, 0x55, 0x55, 0x55, 0x53, 0x0,
    0x3f, 0xff, 0xff, 0x10, 0x0, 0x0, 0x0, 0x0,
    0x0, 0x0, 0x0, 0x0, 0x0, 0x0, 0xef, 0x10,
    0x1, 0x44, 0x44, 0x44, 0x44, 0x44, 0x44, 0x0,
    0x0, 0x0, 0xef, 0x10, 0x7, 0xff, 0xff, 0xff,
    0xff, 0xff, 0xff, 0x30, 0x0, 0x0, 0xef, 0x10,
    0x4, 0x99, 0x99, 0xaf, 0xe9, 0x99, 0x99, 0x10,
    0x0, 0x0, 0xef, 0x10, 0x0, 0x0, 0x0, 0x4f,
    0xa0, 0x0, 0x0, 0x0, 0x0, 0x0, 0xef, 0x10,
    0x0, 0x0, 0x0, 0x7f, 0x80, 0x0, 0x0, 0x0,
    0x0, 0x0, 0xef, 0x10, 0x6f, 0xff, 0xff, 0xff,
    0xff, 0xff, 0xff, 0xe0, 0x0, 0x0, 0xef, 0x10,
    0x5c, 0xcc, 0xcc, 0xff, 0xfc, 0xcc, 0xcc, 0xb0,
    0x0, 0x0, 0xef, 0x12, 0x70, 0x0, 0x4, 0xff,
    0xf6, 0x0, 0x0, 0x0, 0x0, 0x0, 0xef, 0x8f,
    0xf1, 0x0, 0xd, 0xf8, 0xff, 0x30, 0x0, 0x0,
    0x0, 0x0, 0xff, 0xff, 0x60, 0x1, 0xbf, 0xd0,
    0x5f, 0xe3, 0x0, 0x0, 0x0, 0x8, 0xff, 0xc2,
    0x0, 0x6e, 0xfe, 0x20, 0x8, 0xff, 0x81, 0x0,
    0x0, 0x4, 0xf7, 0x0, 0x9f, 0xff, 0xb1, 0x0,
    0x0, 0x6f, 0xff, 0xa0, 0x0, 0x0, 0x30, 0x0,
    0x4f, 0xb4, 0x0, 0x0, 0x0, 0x2, 0xaf, 0x50,
    0x0, 0x0, 0x0, 0x0, 0x0, 0x0, 0x0, 0x0,
    0x0, 0x0, 0x1, 0x0,

    /* U+8BF4 "说" */
    0x0, 0x0, 0x0, 0x0, 0x0, 0x30, 0x0, 0x0,
    0x3, 0x20, 0x0, 0x0, 0x6, 0x90, 0x0, 0x0,
    0x9f, 0x70, 0x0, 0x0, 0xcf, 0x80, 0x0, 0x0,
    0xdf, 0xa0, 0x0, 0x2, 0xff, 0x10, 0x0, 0x3f,
    0xf2, 0x0, 0x0, 0x1, 0xdf, 0xa0, 0x0, 0x9,
    0xfa, 0x0, 0xa, 0xfa, 0x0, 0x0, 0x0, 0x1,
    0xef, 0x70, 0x0, 0x1f, 0xe0, 0x2, 0xff, 0x20,
    0x0, 0x0, 0x0, 0x3, 0xe3, 0x8, 0x99, 0xea,
    0x99, 0xcf, 0xe9, 0x92, 0x0, 0x0, 0x0, 0x0,
    0x0, 0xdf, 0xff, 0xff, 0xff, 0xff, 0xff, 0x40,
    0x0, 0x0, 0x0, 0x0, 0xd, 0xf5, 0x33, 0x33,
    0x33, 0x3f, 0xf4, 0x0, 0xbf, 0xff, 0xfa, 0x0,
    0xdf, 0x20, 0x0, 0x0, 0x0, 0xff, 0x40, 0xc,
    0xff, 0xff, 0xa0, 0xd, 0xf2, 0x0, 0x0, 0x0,
    0xf, 0xf4, 0x0, 0x1, 0x16, 0xfa, 0x0, 0xdf,
    0x20, 0x0, 0x0, 0x0, 0xff, 0x40, 0x0, 0x0,
    0x5f, 0xa0, 0xd, 0xf7, 0x55, 0x55, 0x55, 0x5f,
    0xf4, 0x0, 0x0, 0x5, 0xfa, 0x0, 0xdf, 0xff,
    0xff, 0xff, 0xff, 0xff, 0x40, 0x0, 0x0, 0x5f,
    0xa0, 0x6, 0x77, 0xff, 0x87, 0xef, 0x97, 0x71,
    0x0, 0x0, 0x5, 0xfa, 0x0, 0x0, 0xf, 0xf1,
    0xc, 0xf3, 0x0, 0x0, 0x0, 0x0, 0x5f, 0xa0,
    0x0, 0x1, 0xfe, 0x0, 0xcf, 0x30, 0x0, 0x0,
    0x0, 0x5, 0xfa, 0x8, 0x40, 0x4f, 0xc0, 0xc,
    0xf3, 0x0, 0x0, 0x0, 0x0, 0x5f, 0xcb, 0xfa,
    0x9, 0xf8, 0x0, 0xcf, 0x30, 0x0, 0x0, 0x0,
    0x6, 0xff, 0xfe, 0x31, 0xef, 0x30, 0xc, 0xf3,
    0x0, 0x66, 0x0, 0x0, 0xcf, 0xfb, 0x10, 0xaf,
    0xc0, 0x0, 0xcf, 0x30, 0x9, 0xf3, 0x0, 0x8f,
    0xf9, 0x0, 0x9f, 0xf2, 0x0, 0xc, 0xf3, 0x0,
    0xbf, 0x10, 0x3, 0xf6, 0x4, 0xdf, 0xf4, 0x0,
    0x0, 0xbf, 0xfe, 0xef, 0xe0, 0x0, 0x3, 0x0,
    0x2f, 0xc2, 0x0, 0x0, 0x3, 0xdf, 0xff, 0xe5,
    0x0, 0x0, 0x0, 0x0, 0x20, 0x0, 0x0, 0x0,
    0x0, 0x0, 0x0, 0x0,

    /* U+8BF7 "请" */
    0x0, 0x0, 0x0, 0x0, 0x0, 0x0, 0x0, 0x44,
    0x0, 0x0, 0x0, 0x0, 0x5, 0x50, 0x0, 0x0,
    0x0, 0x0, 0x1f, 0xe0, 0x0, 0x0, 0x0, 0x1,
    0xff, 0x60, 0x0, 0x47, 0x77, 0x78, 0xff, 0x77,
    0x77, 0x74, 0x0, 0x4, 0xff, 0x70, 0x9, 0xff,
    0xff, 0xff, 0xff, 0xff, 0xff, 0x90, 0x0, 0x5,
    0xff, 0x60, 0x0, 0x0, 0x2, 0xfe, 0x0, 0x0,
    0x0, 0x0, 0x0, 0x6, 0xe2, 0x0, 0x77, 0x77,
    0x8f, 0xf7, 0x77, 0x76, 0x0, 0x0, 0x0, 0x1,
    0x0, 0xf, 0xff, 0xff, 0xff, 0xff, 0xff, 0xe0,
    0x0, 0x0, 0x0, 0x0, 0x0, 0x0, 0x0, 0x1f,
    0xe0, 0x0, 0x0, 0x0, 0xce, 0xef, 0xf9, 0x3,
    0xaa, 0xaa, 0xaa, 0xff, 0xaa, 0xaa, 0xaa, 0x3d,
    0xff, 0xff, 0x90, 0x5f, 0xff, 0xff, 0xff, 0xff,
    0xff, 0xff, 0xf5, 0x0, 0x6, 0xf9, 0x0, 0x11,
    0x11, 0x11, 0x11, 0x11, 0x11, 0x11, 0x0, 0x0,
    0x5f, 0x90, 0x0, 0x49, 0x99, 0x99, 0x99, 0x9a,
    0x94, 0x0, 0x0, 0x5, 0xf9, 0x0, 0x7, 0xff,
    0xff, 0xff, 0xff, 0xff, 0x70, 0x0, 0x0, 0x5f,
    0x90, 0x0, 0x7f, 0x70, 0x0, 0x0, 0x8, 0xf7,
    0x0, 0x0, 0x5, 0xf9, 0x0, 0x7, 0xfa, 0x66,
    0x66, 0x66, 0xbf, 0x70, 0x0, 0x0, 0x5f, 0x90,
    0x0, 0x7f, 0xff, 0xff, 0xff, 0xff, 0xf7, 0x0,
    0x0, 0x5, 0xf9, 0x1, 0x7, 0xf7, 0x0, 0x0,
    0x0, 0x8f, 0x70, 0x0, 0x0, 0x5f, 0x93, 0xe5,
    0x7f, 0x82, 0x22, 0x22, 0x29, 0xf7, 0x0, 0x0,
    0x5, 0xfe, 0xff, 0x67, 0xff, 0xff, 0xff, 0xff,
    0xff, 0x70, 0x0, 0x0, 0x8f, 0xfe, 0x40, 0x7f,
    0x94, 0x44, 0x44, 0x4a, 0xf7, 0x0, 0x0, 0x2f,
    0xfd, 0x20, 0x7, 0xf7, 0x0, 0x0, 0x0, 0x8f,
    0x70, 0x0, 0x2, 0xfa, 0x0, 0x0, 0x7f, 0x70,
    0x0, 0x4c, 0xce, 0xf5, 0x0, 0x0, 0x4, 0x0,
    0x0, 0x7, 0xf7, 0x0, 0x1, 0xfe, 0xd9, 0x0,
    0x0,

    /* U+8BFB "读" */
    0x0, 0x0, 0x0, 0x0, 0x0, 0x0, 0x0, 0x13,
    0x10, 0x0, 0x0, 0x0, 0x0, 0x70, 0x0, 0x0,
    0x0, 0x0, 0x7, 0xf8, 0x0, 0x0, 0x0, 0x0,
    0x9f, 0xd1, 0x0, 0x0, 0x0, 0x0, 0x8f, 0x90,
    0x0, 0x0, 0x0, 0x0, 0xbf, 0xe2, 0x0, 0x5f,
    0xff, 0xff, 0xff, 0xff, 0xff, 0x80, 0x0, 0x0,
    0xaf, 0xe1, 0x3, 0xaa, 0xaa, 0xdf, 0xda, 0xaa,
    0xa5, 0x0, 0x0, 0x0, 0xb9, 0x0, 0x0, 0x0,
    0x7, 0xf8, 0x0, 0x0, 0x0, 0x0, 0x0, 0x0,
    0x0, 0x17, 0x77, 0x77, 0xbf, 0xc7, 0x77, 0x77,
    0x10, 0x0, 0x0, 0x0, 0x3, 0xff, 0xff, 0xff,
    0xff, 0xff, 0xff, 0xf3, 0x4e, 0xee, 0xff, 0x0,
    0x16, 0x66, 0x66, 0x66, 0x66, 0x66, 0xee, 0x4,
    0xff, 0xff, 0xf0, 0x0, 0x0, 0x83, 0x0, 0x79,
    0x10, 0x1f, 0x90, 0x0, 0x0, 0xef, 0x0, 0x0,
    0x2c, 0xfa, 0x1c, 0xf2, 0x7, 0xf4, 0x0, 0x0,
    0xe, 0xf0, 0x0, 0x75, 0x6, 0xfb, 0xcf, 0x20,
    0x15, 0x0, 0x0, 0x0, 0xef, 0x0, 0xb, 0xfb,
    0x12, 0x2d, 0xf2, 0x0, 0x0, 0x0, 0x0, 0xe,
    0xf0, 0x0, 0x6, 0xfe, 0x10, 0xef, 0x10, 0x0,
    0x0, 0x0, 0x0, 0xef, 0x0, 0x0, 0x4, 0xb0,
    0x1f, 0xf0, 0x0, 0x0, 0x0, 0x0, 0xe, 0xf0,
    0xf, 0xff, 0xff, 0xff, 0xff, 0xff, 0xff, 0xf8,
    0x0, 0x0, 0xef, 0x1, 0xbb, 0xbb, 0xbb, 0xff,
    0xdb, 0xbb, 0xbb, 0x60, 0x0, 0xe, 0xf2, 0xd7,
    0x0, 0x0, 0x5f, 0xf1, 0x40, 0x0, 0x0, 0x0,
    0x0, 0xef, 0xff, 0xb0, 0x0, 0x3f, 0xf7, 0x5f,
    0xd2, 0x0, 0x0, 0x0, 0xf, 0xff, 0x90, 0x0,
    0x5f, 0xfb, 0x0, 0x6f, 0xf6, 0x0, 0x0, 0x7,
    0xff, 0x60, 0x3, 0xbf, 0xfa, 0x0, 0x0, 0x3e,
    0xf8, 0x0, 0x0, 0xbe, 0x30, 0x1c, 0xff, 0xf6,
    0x0, 0x0, 0x0, 0x1d, 0xf8, 0x0, 0x1, 0x30,
    0x0, 0x6f, 0x81, 0x0, 0x0, 0x0, 0x0, 0x1c,
    0x40, 0x0, 0x0, 0x0, 0x0, 0x0, 0x0, 0x0,
    0x0, 0x0, 0x0, 0x0,

    /* U+8C03 "调" */
    0x0, 0x5, 0x0, 0x0, 0x0, 0x10, 0x0, 0x0,
    0x0, 0x0, 0x10, 0x0, 0x7f, 0xc1, 0x0, 0xf,
    0xff, 0xff, 0xff, 0xff, 0xff, 0xff, 0x0, 0xa,
    0xfe, 0x20, 0xf, 0xfc, 0xcc, 0xcc, 0xcc, 0xcc,
    0xff, 0x0, 0x0, 0x9f, 0xe1, 0xf, 0xc0, 0x0,
    0x8e, 0x10, 0x0, 0xdf, 0x0, 0x0, 0xa, 0x80,
    0xf, 0xc0, 0x0, 0x9f, 0x10, 0x0, 0xdf, 0x0,
    0x0, 0x0, 0x0, 0xf, 0xc0, 0xcf, 0xff, 0xff,
    0x90, 0xdf, 0x0, 0x0, 0x0, 0x0, 0xf, 0xc0,
    0x79, 0xdf, 0x99, 0x50, 0xdf, 0x2d, 0xdd, 0xed,
    0x0, 0xf, 0xc0, 0x0, 0x9f, 0x10, 0x0, 0xdf,
    0x2f, 0xff, 0xff, 0x10, 0xf, 0xc0, 0x0, 0x9f,
    0x10, 0x0, 0xdf, 0x4, 0x44, 0xff, 0x10, 0xf,
    0xc8, 0xff, 0xff, 0xff, 0xf3, 0xdf, 0x0, 0x0,
    0xef, 0x10, 0xf, 0xc4, 0x88, 0x88, 0x88, 0x81,
    0xdf, 0x0, 0x0, 0xef, 0x10, 0x1f, 0xb0, 0x0,
    0x0, 0x0, 0x0, 0xdf, 0x0, 0x0, 0xef, 0x10,
    0x1f, 0xb0, 0x78, 0x88, 0x88, 0x40, 0xdf, 0x0,
    0x0, 0xef, 0x10, 0x2f, 0xa0, 0xef, 0xff, 0xff,
    0x90, 0xdf, 0x0, 0x0, 0xef, 0x10, 0x4f, 0x80,
    0xea, 0x0, 0xf, 0x90, 0xdf, 0x0, 0x0, 0xef,
    0x10, 0x6f, 0x60, 0xea, 0x0, 0xf, 0x90, 0xdf,
    0x0, 0x0, 0xef, 0x5d, 0xaf, 0x30, 0xed, 0x77,
    0x7f, 0x90, 0xdf, 0x0, 0x0, 0xff, 0xff, 0xff,
    0x0, 0xef, 0xff, 0xff, 0x90, 0xdf, 0x0, 0x2,
    0xff, 0xf6, 0xfc, 0x0, 0xeb, 0x0, 0x0, 0x0,
    0xdf, 0x0, 0xc, 0xfd, 0x29, 0xf6, 0x0, 0x11,
    0x0, 0x0, 0x0, 0xdf, 0x0, 0xc, 0xc1, 0x2f,
    0xe0, 0x0, 0x0, 0x0, 0x9, 0xdd, 0xfe, 0x0,
    0x1, 0x10, 0x8, 0x60, 0x0, 0x0, 0x0, 0x6,
    0xff, 0xd5, 0x0, 0x0, 0x0, 0x0, 0x0, 0x0,
    0x0, 0x0, 0x0, 0x0, 0x0,

    /* U+8D25 "败" */
    0x0, 0x0, 0x0, 0x0, 0x0, 0x0, 0x0, 0x3d,
    0x70, 0x0, 0x0, 0x0, 0x0, 0xff, 0xff, 0xff,
    0xff, 0xc0, 0x0, 0x6f, 0x80, 0x0, 0x0, 0x0,
    0x0, 0xff, 0xdd, 0xdd, 0xdf, 0xc0, 0x0, 0xbf,
    0x40, 0x0, 0x0, 0x0, 0x0, 0xfc, 0x0, 0x0,
    0xf, 0xc0, 0x0, 0xff, 0x0, 0x0, 0x0, 0x0,
    0x0, 0xfc, 0x6, 0x90, 0xf, 0xc0, 0x4, 0xff,
    0xee, 0xee, 0xee, 0xd0, 0x0, 0xfc, 0xb, 0xf1,
    0xf, 0xc0, 0xa, 0xff, 0xff, 0xff, 0xff, 0xe0,
    0x0, 0xfc, 0xb, 0xf1, 0xf, 0xc0, 0x1f, 0xe0,
    0x0, 0x8, 0xf3, 0x0, 0x0, 0xfc, 0xb, 0xf1,
    0xf, 0xc0, 0x8f, 0x90, 0x0, 0xa, 0xf1, 0x0,
    0x0, 0xfc, 0xb, 0xf1, 0xf, 0xc2, 0xff, 0x90,
    0x0, 0xd, 0xe0, 0x0, 0x0, 0xfc, 0xb, 0xf1,
    0xf, 0xca, 0xff, 0xd0, 0x0, 0xf, 0xb0, 0x0,
    0x0, 0xfc, 0xb, 0xf1, 0xf, 0xc4, 0xea, 0xf3,
    0x0, 0x4f, 0x80, 0x0, 0x0, 0xfc, 0xb, 0xf1,
    0xf, 0xc0, 0x23, 0xfa, 0x0, 0x8f, 0x30, 0x0,
    0x0, 0xfc, 0xc, 0xf0, 0xf, 0xc0, 0x0, 0xdf,
    0x10, 0xde, 0x0, 0x0, 0x0, 0xfc, 0xd, 0xf0,
    0xf, 0xc0, 0x0, 0x6f, 0x94, 0xf9, 0x0, 0x0,
    0x0, 0xfc, 0xf, 0xd0, 0xf, 0xc0, 0x0, 0xd,
    0xfd, 0xf3, 0x0, 0x0, 0x0, 0x87, 0x3f, 0x90,
    0x8, 0x60, 0x0, 0x5, 0xff, 0xb0, 0x0, 0x0,
    0x0, 0x0, 0x8f, 0x56, 0x70, 0x0, 0x0, 0x0,
    0xff, 0x90, 0x0, 0x0, 0x0, 0x1, 0xfe, 0xc,
    0xf5, 0x0, 0x0, 0xa, 0xff, 0xf7, 0x0, 0x0,
    0x0, 0xa, 0xf7, 0x2, 0xff, 0x20, 0x0, 0xaf,
    0xc4, 0xff, 0x70, 0x0, 0x0, 0x9f, 0xc0, 0x0,
    0x6f, 0xc0, 0x2c, 0xfd, 0x10, 0x4f, 0xfb, 0x10,
    0xb, 0xfd, 0x10, 0x0, 0xb, 0xe5, 0xff, 0xc1,
    0x0, 0x3, 0xef, 0xe1, 0x4, 0xa1, 0x0, 0x0,
    0x1, 0x10, 0x88, 0x0, 0x0, 0x0, 0x19, 0x60,

    /* U+8D85 "超" */
    0x0, 0x0, 0x5, 0x61, 0x0, 0x0, 0x0, 0x0,
    0x0, 0x0, 0x0, 0x0, 0x0, 0x0, 0xc, 0xf2,
    0x0, 0x1, 0x33, 0x33, 0x33, 0x33, 0x33, 0x10,
    0x0, 0x0, 0xc, 0xf2, 0x0, 0x4, 0xff, 0xff,
    0xff, 0xff, 0xff, 0x60, 0x5, 0xaa, 0xae, 0xfb,
    0xaa, 0x81, 0x44, 0x4e, 0xf5, 0x44, 0xbf, 0x50,
    0x8, 0xff, 0xff, 0xff, 0xff, 0xd0, 0x0, 0xf,
    0xe0, 0x0, 0x9f, 0x50, 0x1, 0x22, 0x2c, 0xf4,
    0x22, 0x20, 0x0, 0x6f, 0x90, 0x0, 0xbf, 0x30,
    0x0, 0x0, 0xc, 0xf2, 0x0, 0x0, 0x0, 0xdf,
    0x40, 0x0, 0xdf, 0x20, 0x0, 0x0, 0xc, 0xf2,
    0x0, 0x0, 0x9, 0xfc, 0x0, 0x1, 0xff, 0x0,
    0xe, 0xee, 0xef, 0xfe, 0xee, 0xe5, 0xaf, 0xf2,
    0xd, 0xff, 0xfc, 0x0, 0xf, 0xff, 0xff, 0xff,
    0xff, 0xff, 0xff, 0x30, 0x8, 0xdd, 0xb2, 0x0,
    0x0, 0x0, 0x2, 0xf7, 0x0, 0x0, 0x72, 0x0,
    0x0, 0x0, 0x0, 0x0, 0x0, 0x44, 0x2, 0xf7,
    0x0, 0x0, 0x3f, 0xff, 0xff, 0xff, 0xfd, 0x0,
    0x0, 0xdf, 0x2, 0xf7, 0x0, 0x0, 0x3f, 0xeb,
    0xbb, 0xbc, 0xfe, 0x0, 0x0, 0xdf, 0x2, 0xfd,
    0xcc, 0xc3, 0x3f, 0xb0, 0x0, 0x2, 0xfe, 0x0,
    0x0, 0xef, 0x2, 0xff, 0xff, 0xf4, 0x3f, 0xb0,
    0x0, 0x2, 0xfe, 0x0, 0x0, 0xef, 0x2, 0xf7,
    0x0, 0x0, 0x3f, 0xb0, 0x0, 0x2, 0xfe, 0x0,
    0x0, 0xff, 0x52, 0xf7, 0x0, 0x0, 0x3f, 0xb0,
    0x0, 0x2, 0xfe, 0x0, 0x1, 0xff, 0xd2, 0xf7,
    0x0, 0x0, 0x3f, 0xff, 0xff, 0xff, 0xfe, 0x0,
    0x3, 0xff, 0xfa, 0xf7, 0x0, 0x0, 0x2a, 0xaa,
    0xaa, 0xaa, 0xa9, 0x0, 0x6, 0xf8, 0xef, 0xf7,
    0x0, 0x0, 0x0, 0x0, 0x0, 0x0, 0x0, 0x0,
    0xa, 0xf4, 0x4f, 0xfe, 0x73, 0x10, 0x0, 0x0,
    0x0, 0x0, 0x0, 0x0, 0x1f, 0xf0, 0x3, 0xdf,
    0xff, 0xff, 0xff, 0xee, 0xef, 0xff, 0xff, 0xf2,
    0x6f, 0xb0, 0x0, 0x4, 0x9c, 0xef, 0xff, 0xff,
    0xff, 0xff, 0xff, 0xb0, 0x3, 0x30, 0x0, 0x0,
    0x0, 0x0, 0x0, 0x0, 0x0, 0x0, 0x0, 0x0,

    /* U+8DEF "路" */
    0x0, 0x0, 0x0, 0x0, 0x0, 0x0, 0x0, 0x10,
    0x0, 0x0, 0x0, 0x0, 0x0, 0x33, 0x33, 0x33,
    0x33, 0x0, 0x2, 0xfc, 0x0, 0x0, 0x0, 0x0,
    0x0, 0xef, 0xff, 0xff, 0xfe, 0x0, 0x8, 0xf8,
    0x0, 0x0, 0x0, 0x0, 0x0, 0xef, 0x88, 0x88,
    0xfe, 0x0, 0xe, 0xfd, 0xcc, 0xcd, 0xb3, 0x0,
    0x0, 0xee, 0x0, 0x0, 0xfe, 0x0, 0x8f, 0xff,
    0xff, 0xff, 0xf3, 0x0, 0x0, 0xee, 0x0, 0x0,
    0xfe, 0x2, 0xff, 0x90, 0x0, 0x7f, 0xd0, 0x0,
    0x0, 0xee, 0x0, 0x0, 0xfe, 0xc, 0xff, 0xf2,
    0x0, 0xef, 0x60, 0x0, 0x0, 0xef, 0xbb, 0xbb,
    0xff, 0xbf, 0xe5, 0xfc, 0x8, 0xfd, 0x0, 0x0,
    0x0, 0xef, 0xff, 0xff, 0xff, 0x9f, 0x30, 0xaf,
    0xbf, 0xf3, 0x0, 0x0, 0x0, 0x1, 0x1a, 0xf4,
    0x10, 0x1, 0x0, 0x1d, 0xff, 0x80, 0x0, 0x0,
    0x0, 0x0, 0x9, 0xf3, 0x0, 0x0, 0x0, 0x2e,
    0xff, 0x70, 0x0, 0x0, 0x0, 0xa8, 0x9, 0xf3,
    0x0, 0x0, 0x4, 0xff, 0xcf, 0xfa, 0x10, 0x0,
    0x0, 0xfc, 0x9, 0xf9, 0x77, 0x11, 0x9f, 0xf9,
    0x3, 0xef, 0xe6, 0x0, 0x0, 0xfc, 0x9, 0xff,
    0xff, 0x9e, 0xff, 0x50, 0x0, 0x1b, 0xff, 0xe2,
    0x0, 0xfc, 0x9, 0xf8, 0x66, 0xef, 0xfe, 0xcc,
    0xcc, 0xcc, 0xff, 0x90, 0x0, 0xfc, 0x9, 0xf3,
    0x0, 0x32, 0xff, 0xff, 0xff, 0xff, 0xf9, 0x0,
    0x0, 0xfc, 0x9, 0xf3, 0x0, 0x0, 0xfe, 0x0,
    0x0, 0xa, 0xf8, 0x0, 0x0, 0xfc, 0x9, 0xf3,
    0x0, 0x10, 0xfe, 0x0, 0x0, 0xa, 0xf8, 0x0,
    0x0, 0xfc, 0xa, 0xfb, 0xdf, 0x60, 0xfe, 0x0,
    0x0, 0xa, 0xf8, 0x0, 0x4, 0xff, 0xef, 0xff,
    0xfd, 0x50, 0xfe, 0x0, 0x0, 0xa, 0xf8, 0x0,
    0xf, 0xff, 0xfd, 0x95, 0x10, 0x0, 0xff, 0xbb,
    0xbb, 0xbe, 0xf8, 0x0, 0xa, 0x84, 0x10, 0x0,
    0x0, 0x0, 0xff, 0xff, 0xff, 0xff, 0xf8, 0x0,
    0x0, 0x0, 0x0, 0x0, 0x0, 0x0, 0xfe, 0x0,
    0x0, 0xa, 0xf8, 0x0, 0x0, 0x0, 0x0, 0x0,
    0x0, 0x0, 0x11, 0x0, 0x0, 0x0, 0x0, 0x0,

    /* U+8EAB "身" */
    0x0, 0x0, 0x0, 0x0, 0x0, 0x10, 0x0, 0x0,
    0x0, 0x0, 0x0, 0x0, 0x0, 0x0, 0x0, 0x7,
    0xfd, 0x0, 0x0, 0x0, 0x0, 0x0, 0x0, 0x0,
    0x0, 0x0, 0xc, 0xf6, 0x0, 0x0, 0x0, 0x0,
    0x0, 0x0, 0x0, 0xdd, 0xdd, 0xdf, 0xfd, 0xdd,
    0xdd, 0xd5, 0x0, 0x0, 0x0, 0x0, 0xff, 0xff,
    0xff, 0xff, 0xff, 0xff, 0xf7, 0x0, 0x0, 0x0,
    0x0, 0xff, 0x0, 0x0, 0x0, 0x0, 0x8, 0xf7,
    0x0, 0x0, 0x0, 0x0, 0xff, 0x0, 0x0, 0x0,
    0x0, 0x9, 0xf7, 0x0, 0x0, 0x0, 0x0, 0xff,
    0xff, 0xff, 0xff, 0xff, 0xff, 0xf7, 0x0, 0x0,
    0x0, 0x0, 0xff, 0x77, 0x77, 0x77, 0x77, 0x7c,
    0xf7, 0x0, 0x0, 0x0, 0x0, 0xff, 0x0, 0x0,
    0x0, 0x0, 0x8, 0xf7, 0x9, 0x81, 0x0, 0x0,
    0xff, 0x99, 0x99, 0x99, 0x99, 0x9d, 0xf7, 0x6f,
    0xe1, 0x0, 0x0, 0xff, 0xff, 0xff, 0xff, 0xff,
    0xff, 0xfa, 0xff, 0x30, 0x0, 0x0, 0xff, 0x0,
    0x0, 0x0, 0x0, 0x8, 0xff, 0xf6, 0x0, 0x0,
    0x0, 0xff, 0x0, 0x0, 0x0, 0x0, 0x9, 0xff,
    0x80, 0x0, 0x2f, 0xff, 0xff, 0xff, 0xff, 0xff,
    0xff, 0xff, 0xf9, 0x0, 0x0, 0x2d, 0xdd, 0xdd,
    0xdd, 0xdd, 0xdd, 0xef, 0xff, 0xf7, 0x0, 0x0,
    0x0, 0x0, 0x0, 0x0, 0x0, 0x3, 0xdf, 0xeb,
    0xf7, 0x0, 0x0, 0x0, 0x0, 0x0, 0x0, 0x1,
    0x9f, 0xfa, 0x18, 0xf7, 0x0, 0x0, 0x0, 0x0,
    0x0, 0x1, 0x8f, 0xfe, 0x50, 0x8, 0xf7, 0x0,
    0x0, 0x0, 0x0, 0x2, 0x9f, 0xff, 0x80, 0x0,
    0x8, 0xf7, 0x0, 0x0, 0x0, 0x16, 0xcf, 0xff,
    0x81, 0x0, 0x0, 0x9, 0xf6, 0x0, 0x0, 0x6c,
    0xff, 0xfd, 0x70, 0x0, 0xe, 0xff, 0xff, 0xf4,
    0x0, 0x0, 0x5f, 0xe9, 0x30, 0x0, 0x0, 0xa,
    0xff, 0xfe, 0x80, 0x0, 0x0, 0x3, 0x0, 0x0,
    0x0, 0x0, 0x0, 0x0, 0x0, 0x0, 0x0, 0x0,

    /* U+8FD1 "近" */
    0x0, 0x0, 0x0, 0x0, 0x0, 0x0, 0x0, 0x0,
    0x0, 0x0, 0x10, 0x0, 0x5, 0x60, 0x0, 0x0,
    0x0, 0x0, 0x12, 0x46, 0x9c, 0xfe, 0x20, 0x2,
    0xff, 0x70, 0x0, 0x1, 0xde, 0xff, 0xff, 0xff,
    0xff, 0xb6, 0x0, 0x3, 0xff, 0x60, 0x0, 0x1f,
    0xfd, 0xba, 0x87, 0x42, 0x0, 0x0, 0x0, 0x5,
    0xff, 0x40, 0x1, 0xff, 0x0, 0x0, 0x0, 0x0,
    0x0, 0x0, 0x0, 0x8, 0xf8, 0x0, 0x1f, 0xf0,
    0x0, 0x0, 0x0, 0x0, 0x0, 0x0, 0x0, 0x4,
    0x0, 0x1, 0xff, 0x0, 0x0, 0x0, 0x0, 0x0,
    0x0, 0x0, 0x0, 0x0, 0x0, 0x1f, 0xf3, 0x33,
    0x33, 0x33, 0x33, 0x31, 0x0, 0x0, 0x0, 0x0,
    0x2, 0xff, 0xff, 0xff, 0xff, 0xff, 0xff, 0x70,
    0xcc, 0xcc, 0xc1, 0x0, 0x2f, 0xf7, 0x77, 0x7f,
    0xf8, 0x77, 0x73, 0xf, 0xff, 0xff, 0x20, 0x3,
    0xfd, 0x0, 0x0, 0xef, 0x10, 0x0, 0x0, 0x44,
    0x4e, 0xf2, 0x0, 0x4f, 0xc0, 0x0, 0xe, 0xf1,
    0x0, 0x0, 0x0, 0x0, 0xdf, 0x20, 0x6, 0xfa,
    0x0, 0x0, 0xef, 0x10, 0x0, 0x0, 0x0, 0xd,
    0xf2, 0x0, 0x9f, 0x70, 0x0, 0xe, 0xf1, 0x0,
    0x0, 0x0, 0x0, 0xdf, 0x20, 0xd, 0xf4, 0x0,
    0x0, 0xef, 0x10, 0x0, 0x0, 0x0, 0xd, 0xf2,
    0x2, 0xff, 0x0, 0x0, 0xe, 0xf1, 0x0, 0x0,
    0x0, 0x0, 0xdf, 0x20, 0x9f, 0xa0, 0x0, 0x0,
    0xef, 0x10, 0x0, 0x0, 0x0, 0xd, 0xf2, 0x2f,
    0xf4, 0x0, 0x0, 0xe, 0xf1, 0x0, 0x0, 0x0,
    0x9, 0xff, 0x82, 0xbc, 0x0, 0x0, 0x0, 0xef,
    0x10, 0x0, 0x0, 0x3d, 0xfe, 0xef, 0xd5, 0x20,
    0x0, 0x0, 0x3, 0x30, 0x0, 0x0, 0x2f, 0xfc,
    0x0, 0x8f, 0xff, 0xdc, 0xba, 0xab, 0xbc, 0xcd,
    0xef, 0x80, 0xbd, 0x0, 0x0, 0x28, 0xdf, 0xff,
    0xff, 0xff, 0xff, 0xff, 0xf4, 0x1, 0x20, 0x0,
    0x0, 0x0, 0x2, 0x33, 0x33, 0x32, 0x21, 0x10,
    0x0,

    /* U+8FDB "进" */
    0x0, 0x45, 0x0, 0x0, 0x0, 0xa, 0xb1, 0x0,
    0xb, 0xb0, 0x0, 0x0, 0x1f, 0xf6, 0x0, 0x0,
    0x0, 0xef, 0x10, 0x1, 0xff, 0x0, 0x0, 0x0,
    0x4f, 0xf5, 0x0, 0x0, 0xe, 0xf1, 0x0, 0x1f,
    0xf0, 0x0, 0x0, 0x0, 0x5f, 0xf4, 0x0, 0x0,
    0xef, 0x10, 0x1, 0xff, 0x0, 0x0, 0x0, 0x0,
    0x7f, 0x63, 0xee, 0xef, 0xff, 0xee, 0xff, 0xfe,
    0xee, 0x0, 0x0, 0x0, 0x30, 0x3f, 0xff, 0xff,
    0xff, 0xff, 0xff, 0xff, 0xf0, 0x0, 0x0, 0x0,
    0x0, 0x0, 0xe, 0xf2, 0x0, 0x1f, 0xf0, 0x0,
    0x0, 0x0, 0x0, 0x0, 0x0, 0x0, 0xef, 0x10,
    0x1, 0xff, 0x0, 0x0, 0x9, 0x99, 0x99, 0x10,
    0x0, 0xe, 0xf1, 0x0, 0x1f, 0xf0, 0x0, 0x1,
    0xff, 0xff, 0xf2, 0x0, 0x0, 0xff, 0x10, 0x1,
    0xff, 0x0, 0x0, 0x5, 0x55, 0xef, 0x25, 0xee,
    0xef, 0xfe, 0xee, 0xef, 0xfe, 0xee, 0x60, 0x0,
    0xd, 0xf2, 0x6f, 0xff, 0xff, 0xff, 0xff, 0xff,
    0xff, 0xf7, 0x0, 0x0, 0xdf, 0x20, 0x0, 0x5f,
    0xb0, 0x0, 0x1f, 0xf0, 0x0, 0x0, 0x0, 0xd,
    0xf2, 0x0, 0x9, 0xf7, 0x0, 0x1, 0xff, 0x0,
    0x0, 0x0, 0x0, 0xdf, 0x20, 0x1, 0xff, 0x20,
    0x0, 0x1f, 0xf0, 0x0, 0x0, 0x0, 0xd, 0xf2,
    0x0, 0xaf, 0xb0, 0x0, 0x1, 0xff, 0x0, 0x0,
    0x0, 0x0, 0xdf, 0x20, 0x9f, 0xf2, 0x0, 0x0,
    0x1f, 0xf0, 0x0, 0x0, 0x0, 0x8f, 0xf8, 0x5,
    0xf4, 0x0, 0x0, 0x1, 0xff, 0x0, 0x0, 0x2,
    0xdf, 0xee, 0xfd, 0x51, 0x0, 0x0, 0x0, 0x0,
    0x0, 0x0, 0x2, 0xff, 0xc1, 0x7, 0xff, 0xfd,
    0xcb, 0xaa, 0xab, 0xbc, 0xdd, 0xeb, 0xc, 0xd0,
    0x0, 0x2, 0x8d, 0xff, 0xff, 0xff, 0xff, 0xff,
    0xff, 0x70, 0x22, 0x0, 0x0, 0x0, 0x0, 0x23,
    0x34, 0x33, 0x22, 0x21, 0x0,

    /* U+8FDC "远" */
    0x0, 0x0, 0x0, 0x0, 0x0, 0x0, 0x0, 0x0,
    0x0, 0x0, 0x0, 0x0, 0x0, 0xc8, 0x0, 0x0,
    0xc, 0xcc, 0xcc, 0xcc, 0xcc, 0xcc, 0xc1, 0x0,
    0x4, 0xff, 0xd2, 0x0, 0xf, 0xff, 0xff, 0xff,
    0xff, 0xff, 0xf1, 0x0, 0x0, 0x2d, 0xff, 0x60,
    0x0, 0x0, 0x0, 0x0, 0x0, 0x0, 0x0, 0x0,
    0x0, 0x0, 0xaf, 0xa0, 0x0, 0x0, 0x0, 0x0,
    0x0, 0x0, 0x0, 0x0, 0x0, 0x0, 0x5, 0x0,
    0x0, 0x0, 0x0, 0x0, 0x0, 0x0, 0x0, 0x0,
    0x0, 0x0, 0x0, 0x3, 0x66, 0x66, 0x66, 0x66,
    0x66, 0x66, 0x66, 0x30, 0x0, 0x0, 0x0, 0x7,
    0xff, 0xff, 0xff, 0xff, 0xff, 0xff, 0xff, 0x90,
    0x1d, 0xdd, 0xdd, 0x13, 0x77, 0x7d, 0xfa, 0x77,
    0xff, 0x77, 0x77, 0x30, 0x1f, 0xff, 0xff, 0x10,
    0x0, 0xb, 0xf4, 0x0, 0xfe, 0x0, 0x0, 0x0,
    0x0, 0x0, 0xef, 0x10, 0x0, 0xd, 0xf2, 0x0,
    0xfe, 0x0, 0x0, 0x0, 0x0, 0x0, 0xef, 0x10,
    0x0, 0xf, 0xf0, 0x0, 0xfe, 0x0, 0x0, 0x0,
    0x0, 0x0, 0xef, 0x10, 0x0, 0x4f, 0xd0, 0x0,
    0xfe, 0x0, 0x0, 0x0, 0x0, 0x0, 0xef, 0x10,
    0x0, 0xaf, 0x80, 0x0, 0xfe, 0x0, 0x1c, 0x40,
    0x0, 0x0, 0xef, 0x10, 0x5, 0xff, 0x10, 0x0,
    0xfe, 0x0, 0x1f, 0x90, 0x0, 0x0, 0xef, 0x10,
    0x7f, 0xf7, 0x0, 0x0, 0xff, 0x33, 0x7f, 0x70,
    0x0, 0x0, 0xef, 0x1c, 0xff, 0x80, 0x0, 0x0,
    0xdf, 0xff, 0xff, 0x30, 0x0, 0x2, 0xff, 0x53,
    0xd4, 0x0, 0x0, 0x0, 0x28, 0x99, 0x95, 0x0,
    0x0, 0x4f, 0xff, 0xf7, 0x0, 0x0, 0x0, 0x0,
    0x0, 0x0, 0x0, 0x0, 0x4, 0xff, 0x50, 0xaf,
    0xc5, 0x10, 0x0, 0x0, 0x0, 0x0, 0x3, 0x60,
    0xe, 0xf7, 0x0, 0x7, 0xff, 0xfe, 0xcc, 0xcc,
    0xcd, 0xde, 0xff, 0xd0, 0x9, 0xc0, 0x0, 0x0,
    0x28, 0xcf, 0xff, 0xff, 0xff, 0xff, 0xfe, 0x80,
    0x0, 0x10, 0x0, 0x0, 0x0, 0x0, 0x11, 0x21,
    0x11, 0x0, 0x0, 0x0,

    /* U+8FDE "连" */
    0x0, 0x0, 0x0, 0x0, 0x0, 0x0, 0x10, 0x0,
    0x0, 0x0, 0x0, 0x0, 0x0, 0x4c, 0x10, 0x0,
    0x0, 0x0, 0xbe, 0x50, 0x0, 0x0, 0x0, 0x0,
    0x0, 0xaf, 0xc0, 0x0, 0x0, 0x1, 0xff, 0x20,
    0x0, 0x0, 0x0, 0x0, 0x0, 0xc, 0xf9, 0x2,
    0xbb, 0xbd, 0xff, 0xbb, 0xbb, 0xbb, 0xbb, 0x20,
    0x0, 0x1, 0xef, 0x53, 0xff, 0xff, 0xff, 0xff,
    0xff, 0xff, 0xff, 0x30, 0x0, 0x0, 0x5f, 0x80,
    0x0, 0x4f, 0xe1, 0x0, 0x0, 0x0, 0x0, 0x0,
    0x0, 0x0, 0x3, 0x0, 0x0, 0xaf, 0x80, 0x1b,
    0xb0, 0x0, 0x0, 0x0, 0x0, 0x0, 0x0, 0x0,
    0x2, 0xff, 0x10, 0x2f, 0xf0, 0x0, 0x0, 0x0,
    0x0, 0x0, 0x0, 0x0, 0xb, 0xf8, 0x0, 0x2f,
    0xf0, 0x0, 0x0, 0x0, 0xf, 0xff, 0xff, 0x10,
    0x6f, 0xfe, 0xee, 0xef, 0xfe, 0xee, 0xe7, 0x0,
    0xc, 0xdd, 0xff, 0x10, 0x3f, 0xff, 0xff, 0xff,
    0xff, 0xff, 0xf7, 0x0, 0x0, 0x0, 0xef, 0x10,
    0x2, 0x0, 0x0, 0x2f, 0xf0, 0x0, 0x0, 0x0,
    0x0, 0x0, 0xef, 0x10, 0x0, 0x0, 0x0, 0x2f,
    0xf0, 0x0, 0x0, 0x0, 0x0, 0x0, 0xef, 0x10,
    0x0, 0x0, 0x0, 0x2f, 0xf0, 0x0, 0x0, 0x0,
    0x0, 0x0, 0xef, 0x16, 0xff, 0xff, 0xff, 0xff,
    0xff, 0xff, 0xff, 0x90, 0x0, 0x0, 0xef, 0x16,
    0xee, 0xee, 0xee, 0xef, 0xfe, 0xee, 0xee, 0x80,
    0x0, 0x0, 0xef, 0x10, 0x0, 0x0, 0x0, 0x2f,
    0xf0, 0x0, 0x0, 0x0, 0x0, 0x0, 0xef, 0x10,
    0x0, 0x0, 0x0, 0x2f, 0xf0, 0x0, 0x0, 0x0,
    0x0, 0x7, 0xff, 0x50, 0x0, 0x0, 0x0, 0x2f,
    0xf0, 0x0, 0x0, 0x0, 0x0, 0xaf, 0xff, 0xf8,
    0x0, 0x0, 0x0, 0x2f, 0xf0, 0x0, 0x0, 0x0,
    0x9, 0xfe, 0x22, 0xdf, 0xd7, 0x31, 0x0, 0x1,
    0x10, 0x1, 0x35, 0x83, 0x2f, 0xf5, 0x0, 0x1a,
    0xff, 0xff, 0xff, 0xee, 0xff, 0xff, 0xff, 0xf0,
    0x9, 0xb0, 0x0, 0x0, 0x39, 0xdf, 0xff, 0xff,
    0xff, 0xff, 0xfe, 0xb0, 0x0, 0x10, 0x0, 0x0,
    0x0, 0x0, 0x11, 0x21, 0x11, 0x0, 0x0, 0x0,

    /* U+8FF0 "述" */
    0x0, 0x0, 0x0, 0x0, 0x0, 0x0, 0x0, 0x32,
    0x0, 0x0, 0x0, 0x0, 0x2, 0x0, 0x0, 0x0,
    0x0, 0x0, 0x1f, 0xf0, 0x6d, 0x20, 0x0, 0x6,
    0xfb, 0x0, 0x0, 0x0, 0x0, 0x1, 0xff, 0x7,
    0xfe, 0x30, 0x0, 0xc, 0xfa, 0x0, 0x0, 0x0,
    0x0, 0x1f, 0xf0, 0x7, 0xff, 0x20, 0x0, 0x1e,
    0xf8, 0x0, 0x0, 0x0, 0x1, 0xff, 0x0, 0x8,
    0x80, 0x0, 0x0, 0x3f, 0xf4, 0x6d, 0xdd, 0xdd,
    0xdf, 0xfd, 0xdd, 0xdd, 0xd4, 0x0, 0x0, 0x79,
    0x8, 0xff, 0xff, 0xff, 0xff, 0xff, 0xff, 0xff,
    0x50, 0x0, 0x0, 0x0, 0x1, 0x11, 0x15, 0xff,
    0xfa, 0x11, 0x11, 0x10, 0x0, 0x0, 0x0, 0x0,
    0x0, 0x0, 0xbf, 0xff, 0xf7, 0x0, 0x0, 0x1,
    0xdd, 0xdd, 0xd3, 0x0, 0x0, 0x2f, 0xef, 0xfe,
    0xf5, 0x0, 0x0, 0x1f, 0xff, 0xff, 0x30, 0x0,
    0xa, 0xf7, 0xff, 0x3f, 0xf3, 0x0, 0x0, 0x0,
    0xb, 0xf3, 0x0, 0x3, 0xfd, 0x2f, 0xf0, 0x6f,
    0xd1, 0x0, 0x0, 0x0, 0xbf, 0x30, 0x0, 0xdf,
    0x51, 0xff, 0x0, 0xaf, 0xb0, 0x0, 0x0, 0xb,
    0xf3, 0x0, 0x9f, 0xb0, 0x1f, 0xf0, 0x0, 0xef,
    0x60, 0x0, 0x0, 0xbf, 0x30, 0x6f, 0xf2, 0x1,
    0xff, 0x0, 0x4, 0xff, 0x10, 0x0, 0xb, 0xf3,
    0x5f, 0xf6, 0x0, 0x1f, 0xf0, 0x0, 0xa, 0xf4,
    0x0, 0x0, 0xbf, 0x37, 0xf8, 0x0, 0x1, 0xff,
    0x0, 0x0, 0x12, 0x0, 0x0, 0xb, 0xf3, 0x5,
    0x0, 0x0, 0x1f, 0xf0, 0x0, 0x0, 0x0, 0x0,
    0x5, 0xef, 0x90, 0x0, 0x0, 0x1, 0xff, 0x0,
    0x0, 0x0, 0x0, 0x1b, 0xff, 0xef, 0xe6, 0x0,
    0x0, 0x1, 0x10, 0x0, 0x0, 0x0, 0x1d, 0xfd,
    0x20, 0x5e, 0xff, 0xdb, 0xa9, 0x99, 0xaa, 0xbc,
    0xde, 0xb0, 0xcd, 0x10, 0x0, 0x7, 0xcf, 0xff,
    0xff, 0xff, 0xff, 0xff, 0xf7, 0x2, 0x10, 0x0,
    0x0, 0x0, 0x1, 0x23, 0x33, 0x32, 0x21, 0x10,
    0x0,

    /* U+9001 "送" */
    0x0, 0x0, 0x0, 0x0, 0x0, 0x1, 0x0, 0x0,
    0x0, 0x1, 0x0, 0x0, 0x0, 0x7c, 0x10, 0x0,
    0x0, 0xce, 0x10, 0x0, 0x0, 0x8f, 0x80, 0x0,
    0x0, 0xaf, 0xc0, 0x0, 0x0, 0x8f, 0x90, 0x0,
    0x0, 0xef, 0x30, 0x0, 0x0, 0xc, 0xfa, 0x0,
    0x0, 0x1f, 0xf2, 0x0, 0x8, 0xfa, 0x0, 0x0,
    0x0, 0x2, 0xef, 0x70, 0x0, 0x7, 0xd4, 0x0,
    0x1f, 0xf1, 0x0, 0x0, 0x0, 0x0, 0x5f, 0x80,
    0x7d, 0xde, 0xdd, 0xdd, 0xef, 0xfd, 0xdd, 0x0,
    0x0, 0x0, 0x2, 0x0, 0x8f, 0xff, 0xff, 0xff,
    0xff, 0xff, 0xff, 0x0, 0x0, 0x0, 0x0, 0x0,
    0x0, 0x0, 0x1, 0xff, 0x0, 0x0, 0x0, 0x0,
    0x3, 0x33, 0x33, 0x0, 0x0, 0x0, 0x1, 0xff,
    0x0, 0x0, 0x0, 0x0, 0xe, 0xff, 0xff, 0x10,
    0x0, 0x0, 0x1, 0xff, 0x0, 0x0, 0x0, 0x0,
    0x8, 0x99, 0xff, 0x14, 0xdd, 0xdd, 0xdd, 0xff,
    0xdd, 0xdd, 0xdd, 0x90, 0x0, 0x0, 0xef, 0x15,
    0xff, 0xff, 0xff, 0xff, 0xff, 0xff, 0xff, 0xb0,
    0x0, 0x0, 0xef, 0x10, 0x0, 0x0, 0x6, 0xff,
    0x60, 0x0, 0x0, 0x0, 0x0, 0x0, 0xef, 0x10,
    0x0, 0x0, 0xc, 0xff, 0xf6, 0x0, 0x0, 0x0,
    0x0, 0x0, 0xef, 0x10, 0x0, 0x0, 0x5f, 0xe5,
    0xff, 0x70, 0x0, 0x0, 0x0, 0x0, 0xef, 0x10,
    0x0, 0x3, 0xff, 0x60, 0x4f, 0xf8, 0x0, 0x0,
    0x0, 0x0, 0xef, 0x10, 0x0, 0x6f, 0xf9, 0x0,
    0x4, 0xff, 0x80, 0x0, 0x0, 0x0, 0xef, 0x10,
    0x5c, 0xff, 0x80, 0x0, 0x0, 0x4f, 0xf7, 0x0,
    0x0, 0x9, 0xff, 0x30, 0xbf, 0xd4, 0x0, 0x0,
    0x0, 0x4, 0xf5, 0x0, 0x0, 0xbf, 0xff, 0xf5,
    0x5, 0x0, 0x0, 0x0, 0x0, 0x0, 0x10, 0x0,
    0xb, 0xfd, 0x13, 0xef, 0xc5, 0x20, 0x0, 0x0,
    0x0, 0x1, 0x24, 0x72, 0x5f, 0xf2, 0x0, 0x1b,
    0xff, 0xff, 0xfe, 0xee, 0xef, 0xff, 0xff, 0xf0,
    0xb, 0x80, 0x0, 0x0, 0x4a, 0xdf, 0xff, 0xff,
    0xff, 0xff, 0xfe, 0xb0, 0x1, 0x0, 0x0, 0x0,
    0x0, 0x0, 0x11, 0x21, 0x11, 0x0, 0x0, 0x0,

    /* U+9009 "选" */
    0x0, 0x0, 0x0, 0x0, 0x0, 0x0, 0x0, 0x12,
    0x0, 0x0, 0x0, 0x0, 0x0, 0x31, 0x0, 0x0,
    0x0, 0x54, 0x0, 0xef, 0x20, 0x0, 0x0, 0x0,
    0x5, 0xfd, 0x10, 0x0, 0x0, 0xff, 0x10, 0xef,
    0x20, 0x0, 0x0, 0x0, 0x0, 0xbf, 0xd1, 0x0,
    0x5, 0xfb, 0x0, 0xef, 0x20, 0x0, 0x0, 0x0,
    0x0, 0xb, 0xfd, 0x0, 0xc, 0xff, 0xff, 0xff,
    0xff, 0xff, 0xf8, 0x0, 0x0, 0x0, 0xdf, 0x50,
    0x5f, 0xfc, 0xcc, 0xff, 0xdc, 0xcc, 0xc7, 0x0,
    0x0, 0x0, 0x25, 0x1, 0xef, 0x50, 0x0, 0xef,
    0x20, 0x0, 0x0, 0x0, 0x0, 0x0, 0x0, 0x2,
    0xca, 0x0, 0x0, 0xef, 0x20, 0x0, 0x0, 0x0,
    0x0, 0x0, 0x0, 0x0, 0x0, 0x0, 0x0, 0xef,
    0x20, 0x0, 0x0, 0x0, 0x0, 0x0, 0x0, 0x7,
    0xcc, 0xcc, 0xcc, 0xff, 0xdc, 0xcc, 0xcc, 0xa0,
    0xb, 0xff, 0xff, 0x19, 0xff, 0xff, 0xff, 0xff,
    0xff, 0xff, 0xff, 0xd0, 0xb, 0xff, 0xff, 0x10,
    0x0, 0x7, 0xf9, 0x1, 0xff, 0x0, 0x0, 0x0,
    0x0, 0x0, 0xef, 0x10, 0x0, 0xa, 0xf6, 0x1,
    0xff, 0x0, 0x0, 0x0, 0x0, 0x0, 0xef, 0x10,
    0x0, 0xf, 0xf2, 0x1, 0xff, 0x0, 0x0, 0x0,
    0x0, 0x0, 0xef, 0x10, 0x0, 0x7f, 0xc0, 0x1,
    0xff, 0x0, 0xa, 0x40, 0x0, 0x0, 0xef, 0x10,
    0x4, 0xff, 0x40, 0x1, 0xff, 0x0, 0xf, 0xf0,
    0x0, 0x0, 0xef, 0x11, 0x9f, 0xf8, 0x0, 0x0,
    0xff, 0x43, 0x6f, 0xe0, 0x0, 0x0, 0xef, 0x1c,
    0xff, 0x70, 0x0, 0x0, 0xdf, 0xff, 0xff, 0x90,
    0x0, 0x0, 0xef, 0x93, 0x92, 0x0, 0x0, 0x0,
    0x28, 0x99, 0x97, 0x0, 0x0, 0x1c, 0xff, 0xfc,
    0x10, 0x0, 0x0, 0x0, 0x0, 0x0, 0x0, 0x0,
    0x1, 0xdf, 0xc2, 0x5f, 0xf8, 0x20, 0x0, 0x0,
    0x0, 0x0, 0x2, 0x61, 0xc, 0xfc, 0x0, 0x3,
    0xdf, 0xff, 0xed, 0xcc, 0xdd, 0xef, 0xff, 0xd0,
    0x6, 0xe1, 0x0, 0x0, 0x6, 0xbe, 0xff, 0xff,
    0xff, 0xff, 0xfe, 0x90, 0x0, 0x20, 0x0, 0x0,
    0x0, 0x0, 0x1, 0x21, 0x11, 0x0, 0x0, 0x0,

    /* U+901F "速" */
    0x0, 0x0, 0x0, 0x0, 0x0, 0x0, 0x0, 0x22,
    0x0, 0x0, 0x0, 0x0, 0x0, 0x10, 0x0, 0x0,
    0x0, 0x0, 0x1, 0xfe, 0x0, 0x0, 0x0, 0x0,
    0x4, 0xea, 0x0, 0x0, 0x0, 0x0, 0x1, 0xfe,
    0x0, 0x0, 0x0, 0x0, 0x2, 0xef, 0xa0, 0x5,
    0xcc, 0xcc, 0xcd, 0xff, 0xcc, 0xcc, 0xcc, 0x80,
    0x0, 0x2e, 0xfa, 0x6, 0xff, 0xff, 0xff, 0xff,
    0xff, 0xff, 0xff, 0x90, 0x0, 0x3, 0xff, 0x70,
    0x0, 0x0, 0x1, 0xfe, 0x0, 0x0, 0x0, 0x0,
    0x0, 0x0, 0x6b, 0x10, 0x0, 0x0, 0x2, 0xfe,
    0x0, 0x0, 0x0, 0x0, 0x0, 0x0, 0x0, 0x0,
    0xcf, 0xff, 0xff, 0xff, 0xff, 0xff, 0xf3, 0x0,
    0x0, 0x0, 0x0, 0x0, 0xcf, 0xa9, 0x9a, 0xff,
    0x99, 0x9e, 0xf3, 0x0, 0x7, 0x77, 0x77, 0x10,
    0xcf, 0x10, 0x1, 0xfe, 0x0, 0xc, 0xf3, 0x0,
    0x1f, 0xff, 0xff, 0x30, 0xcf, 0x10, 0x1, 0xfe,
    0x0, 0xc, 0xf3, 0x0, 0x6, 0x66, 0xdf, 0x30,
    0xcf, 0xaa, 0xab, 0xff, 0xaa, 0xae, 0xf3, 0x0,
    0x0, 0x0, 0xbf, 0x30, 0xcf, 0xff, 0xff, 0xff,
    0xff, 0xff, 0xf3, 0x0, 0x0, 0x0, 0xbf, 0x30,
    0x0, 0x0, 0x6f, 0xff, 0xf6, 0x0, 0x0, 0x0,
    0x0, 0x0, 0xbf, 0x30, 0x0, 0x6, 0xfd, 0xff,
    0xdf, 0xb1, 0x0, 0x0, 0x0, 0x0, 0xbf, 0x30,
    0x0, 0x8f, 0xd2, 0xfe, 0xa, 0xfe, 0x40, 0x0,
    0x0, 0x0, 0xbf, 0x30, 0x3c, 0xfc, 0x11, 0xfe,
    0x0, 0x7f, 0xf7, 0x0, 0x0, 0x0, 0xbf, 0x37,
    0xff, 0x90, 0x1, 0xfe, 0x0, 0x5, 0xfc, 0x0,
    0x0, 0x2, 0xdf, 0x61, 0xb3, 0x0, 0x1, 0xfe,
    0x0, 0x0, 0x40, 0x0, 0x0, 0x4f, 0xff, 0xf8,
    0x0, 0x0, 0x1, 0xdb, 0x0, 0x0, 0x0, 0x0,
    0x4, 0xff, 0x40, 0x8f, 0xd5, 0x10, 0x0, 0x0,
    0x0, 0x0, 0x1, 0x50, 0x1f, 0xf5, 0x0, 0x5,
    0xef, 0xfe, 0xcc, 0xbb, 0xcc, 0xde, 0xff, 0xc0,
    0xb, 0x90, 0x0, 0x0, 0x17, 0xbe, 0xff, 0xff,
    0xff, 0xff, 0xfe, 0x70, 0x1, 0x0, 0x0, 0x0,
    0x0, 0x0, 0x1, 0x11, 0x10, 0x0, 0x0, 0x0,

    /* U+914D "配" */
    0x13, 0x33, 0x33, 0x33, 0x33, 0x31, 0x0, 0x0,
    0x0, 0x0, 0x0, 0x7, 0xff, 0xff, 0xff, 0xff,
    0xff, 0x5c, 0xff, 0xff, 0xff, 0xff, 0xd0, 0x49,
    0x9a, 0xfc, 0xcf, 0xa9, 0x93, 0xbe, 0xee, 0xee,
    0xef, 0xfd, 0x0, 0x0, 0x1f, 0x55, 0xf1, 0x0,
    0x0, 0x0, 0x0, 0x0, 0x3f, 0xd0, 0x0, 0x1,
    0xf5, 0x5f, 0x10, 0x0, 0x0, 0x0, 0x0, 0x3,
    0xfd, 0x0, 0xde, 0xef, 0xee, 0xfe, 0xe7, 0x0,
    0x0, 0x0, 0x0, 0x3f, 0xd0, 0xf, 0xfd, 0xfe,
    0xef, 0xdf, 0x90, 0x0, 0x0, 0x0, 0x3, 0xfd,
    0x0, 0xfb, 0xc, 0x47, 0x90, 0xf9, 0x0, 0x0,
    0x0, 0x0, 0x3f, 0xd0, 0xf, 0xb0, 0xc4, 0x79,
    0xf, 0x90, 0x9f, 0xed, 0xdd, 0xde, 0xfd, 0x0,
    0xfb, 0xd, 0x47, 0x90, 0xf9, 0xb, 0xff, 0xff,
    0xff, 0xff, 0xd0, 0xf, 0xb0, 0xf1, 0x79, 0xf,
    0x90, 0xbf, 0x51, 0x11, 0x14, 0xfd, 0x0, 0xfb,
    0x5d, 0x7, 0xb4, 0xf9, 0xb, 0xf4, 0x0, 0x0,
    0x2b, 0x80, 0xf, 0xce, 0x60, 0x3d, 0xdf, 0x90,
    0xbf, 0x40, 0x0, 0x0, 0x0, 0x0, 0xfb, 0x40,
    0x0, 0x0, 0xf9, 0xb, 0xf4, 0x0, 0x0, 0x0,
    0x0, 0xf, 0xc3, 0x33, 0x33, 0x3f, 0x90, 0xbf,
    0x40, 0x0, 0x0, 0x0, 0x0, 0xff, 0xff, 0xff,
    0xff, 0xf9, 0xb, 0xf4, 0x0, 0x0, 0x0, 0x0,
    0xf, 0xc4, 0x44, 0x44, 0x4f, 0x90, 0xbf, 0x40,
    0x0, 0x0, 0x3d, 0x50, 0xfb, 0x0, 0x0, 0x0,
    0xf9, 0xb, 0xf4, 0x0, 0x0, 0x4, 0xfa, 0xf,
    0xe9, 0x99, 0x99, 0x9f, 0x90, 0xbf, 0x40, 0x0,
    0x0, 0x5f, 0x80, 0xff, 0xff, 0xff, 0xff, 0xf9,
    0xa, 0xf6, 0x0, 0x0, 0xa, 0xf5, 0xf, 0xb0,
    0x0, 0x0, 0xf, 0x90, 0x8f, 0xfe, 0xee, 0xef,
    0xff, 0x10, 0xfb, 0x0, 0x0, 0x0, 0xc7, 0x1,
    0xaf, 0xff, 0xff, 0xfd, 0x50, 0x2, 0x10, 0x0,
    0x0, 0x0, 0x0, 0x0, 0x0, 0x0, 0x0, 0x0,
    0x0,

    /* U+91C7 "采" */
    0x0, 0x0, 0x0, 0x0, 0x0, 0x0, 0x0, 0x0,
    0x0, 0x1, 0x0, 0x0, 0x0, 0x0, 0x0, 0x0,
    0x0, 0x12, 0x35, 0x78, 0xac, 0xff, 0x60, 0x0,
    0x0, 0x7a, 0xbb, 0xcd, 0xef, 0xff, 0xff, 0xff,
    0xff, 0xff, 0xc1, 0x0, 0x0, 0x8f, 0xff, 0xff,
    0xff, 0xec, 0xba, 0x87, 0x53, 0x10, 0x0, 0x0,
    0x0, 0x24, 0x33, 0x21, 0x0, 0x25, 0x0, 0x0,
    0x0, 0x19, 0x30, 0x0, 0x0, 0x0, 0x73, 0x0,
    0x0, 0xff, 0x20, 0x0, 0x0, 0x8f, 0xd0, 0x0,
    0x0, 0x5, 0xfe, 0x0, 0x0, 0x9f, 0x90, 0x0,
    0x1, 0xff, 0x40, 0x0, 0x0, 0x0, 0xbf, 0x70,
    0x0, 0x4f, 0xe0, 0x0, 0x9, 0xfb, 0x0, 0x0,
    0x0, 0x0, 0x3f, 0xe0, 0x0, 0xf, 0xf2, 0x0,
    0x2f, 0xf2, 0x0, 0x0, 0x0, 0x0, 0xb, 0xf5,
    0x0, 0x9, 0x60, 0x0, 0xcf, 0x70, 0x0, 0x0,
    0x0, 0x0, 0x4, 0x40, 0x0, 0x2f, 0xf0, 0x2,
    0xcc, 0x0, 0x0, 0x0, 0x0, 0x0, 0x0, 0x0,
    0x0, 0x2f, 0xf0, 0x0, 0x0, 0x0, 0x0, 0x0,
    0x9, 0xff, 0xff, 0xff, 0xff, 0xff, 0xff, 0xff,
    0xff, 0xff, 0xff, 0xa0, 0x9, 0xff, 0xff, 0xff,
    0xff, 0xff, 0xff, 0xff, 0xff, 0xff, 0xff, 0x90,
    0x0, 0x0, 0x0, 0x0, 0x2e, 0xff, 0xff, 0xe1,
    0x0, 0x0, 0x0, 0x0, 0x0, 0x0, 0x0, 0x2,
    0xef, 0xbf, 0xfa, 0xfd, 0x10, 0x0, 0x0, 0x0,
    0x0, 0x0, 0x0, 0x3e, 0xfb, 0x2f, 0xf0, 0xbf,
    0xe3, 0x0, 0x0, 0x0, 0x0, 0x0, 0x6, 0xff,
    0xb0, 0x2f, 0xf0, 0xb, 0xff, 0x60, 0x0, 0x0,
    0x0, 0x1, 0xbf, 0xfa, 0x0, 0x2f, 0xf0, 0x0,
    0xaf, 0xfb, 0x10, 0x0, 0x0, 0x7f, 0xff, 0x70,
    0x0, 0x2f, 0xf0, 0x0, 0x7, 0xff, 0xf8, 0x10,
    0xd, 0xff, 0xd3, 0x0, 0x0, 0x2f, 0xf0, 0x0,
    0x0, 0x3d, 0xff, 0xd0, 0x3, 0xf8, 0x0, 0x0,
    0x0, 0x2f, 0xf0, 0x0, 0x0, 0x0, 0x7e, 0x30,
    0x0, 0x0, 0x0, 0x0, 0x0, 0x2f, 0xf0, 0x0,
    0x0, 0x0, 0x0, 0x0,

    /* U+91CD "重" */
    0x0, 0x0, 0x0, 0x0, 0x0, 0x1, 0x23, 0x57,
    0x9b, 0xc1, 0x0, 0x0, 0x6a, 0xbb, 0xcd, 0xef,
    0xff, 0xff, 0xff, 0xff, 0xe6, 0x0, 0x0, 0x5f,
    0xfe, 0xdd, 0xcb, 0xff, 0x97, 0x54, 0x20, 0x0,
    0x0, 0x0, 0x0, 0x0, 0x0, 0x0, 0xff, 0x10,
    0x0, 0x0, 0x0, 0x0, 0x7f, 0xff, 0xff, 0xff,
    0xff, 0xff, 0xff, 0xff, 0xff, 0xff, 0xfc, 0x5b,
    0xbb, 0xbb, 0xbb, 0xbb, 0xff, 0xbb, 0xbb, 0xbb,
    0xbb, 0xb9, 0x0, 0x0, 0x0, 0x0, 0x0, 0xff,
    0x10, 0x0, 0x0, 0x0, 0x0, 0x0, 0x1f, 0xff,
    0xff, 0xff, 0xff, 0xff, 0xff, 0xff, 0xfb, 0x0,
    0x0, 0x1f, 0xf7, 0x77, 0x77, 0xff, 0x87, 0x77,
    0x79, 0xfc, 0x0, 0x0, 0x1f, 0xe0, 0x0, 0x0,
    0xff, 0x10, 0x0, 0x4, 0xfc, 0x0, 0x0, 0x1f,
    0xff, 0xff, 0xff, 0xff, 0xff, 0xff, 0xff, 0xfc,
    0x0, 0x0, 0x1f, 0xf6, 0x66, 0x66, 0xff, 0x76,
    0x66, 0x68, 0xfc, 0x0, 0x0, 0x1f, 0xe0, 0x0,
    0x0, 0xff, 0x10, 0x0, 0x4, 0xfc, 0x0, 0x0,
    0x1f, 0xff, 0xff, 0xff, 0xff, 0xff, 0xff, 0xff,
    0xfc, 0x0, 0x0, 0x7, 0x77, 0x77, 0x77, 0xff,
    0x87, 0x77, 0x77, 0x75, 0x0, 0x0, 0x0, 0x0,
    0x0, 0x0, 0xff, 0x10, 0x0, 0x0, 0x0, 0x0,
    0x0, 0xcf, 0xff, 0xff, 0xff, 0xff, 0xff, 0xff,
    0xff, 0xff, 0x60, 0x0, 0x8a, 0xaa, 0xaa, 0xaa,
    0xff, 0xaa, 0xaa, 0xaa, 0xaa, 0x40, 0x0, 0x0,
    0x0, 0x0, 0x0, 0xff, 0x10, 0x0, 0x0, 0x0,
    0x0, 0x6a, 0xaa, 0xaa, 0xaa, 0xaa, 0xff, 0xba,
    0xaa, 0xaa, 0xaa, 0xaa, 0xaf, 0xff, 0xff, 0xff,
    0xff, 0xff, 0xff, 0xff, 0xff, 0xff, 0xff,

    /* U+91CF "量" */
    0x0, 0x2, 0x33, 0x33, 0x33, 0x33, 0x33, 0x33,
    0x33, 0x20, 0x0, 0x0, 0x0, 0xcf, 0xff, 0xff,
    0xff, 0xff, 0xff, 0xff, 0xfc, 0x0, 0x0, 0x0,
    0xc, 0xf4, 0x11, 0x11, 0x11, 0x11, 0x11, 0x5f,
    0xc0, 0x0, 0x0, 0x0, 0xcf, 0xff, 0xff, 0xff,
    0xff, 0xff, 0xff, 0xfc, 0x0, 0x0, 0x0, 0xc,
    0xf3, 0x0, 0x0, 0x0, 0x0, 0x0, 0x5f, 0xc0,
    0x0, 0x0, 0x0, 0xcf, 0xff, 0xff, 0xff, 0xff,
    0xff, 0xff, 0xfc, 0x0, 0x0, 0x0, 0x2, 0x33,
    0x33, 0x33, 0x33, 0x33, 0x33, 0x33, 0x20, 0x0,
    0x6, 0x99, 0x99, 0x99, 0x99, 0x99, 0x99, 0x99,
    0x99, 0x99, 0x99, 0x80, 0xaf, 0xff, 0xff, 0xff,
    0xff, 0xff, 0xff, 0xff, 0xff, 0xff, 0xfe, 0x0,
    0x0, 0x33, 0x33, 0x33, 0x33, 0x33, 0x33, 0x33,
    0x33, 0x10, 0x0, 0x0, 0x3f, 0xff, 0xff, 0xff,
    0xff, 0xff, 0xff, 0xff, 0xf6, 0x0, 0x0, 0x3,
    0xfb, 0x0, 0x0, 0xf, 0xf0, 0x0, 0x0, 0x9f,
    0x60, 0x0, 0x0, 0x3f, 0xfe, 0xee, 0xee, 0xff,
    0xee, 0xee, 0xef, 0xf6, 0x0, 0x0, 0x3, 0xfc,
    0x44, 0x44, 0x4f, 0xf4, 0x44, 0x44, 0xbf, 0x60,
    0x0, 0x0, 0x3f, 0xc3, 0x33, 0x34, 0xff, 0x33,
    0x33, 0x3b, 0xf6, 0x0, 0x0, 0x3, 0xff, 0xff,
    0xff, 0xff, 0xff, 0xff, 0xff, 0xff, 0x60, 0x0,
    0x0, 0x0, 0x0, 0x0, 0x0, 0xff, 0x0, 0x0,
    0x0, 0x0, 0x0, 0x0, 0xc, 0xff, 0xff, 0xff,
    0xff, 0xff, 0xff, 0xff, 0xff, 0xe0, 0x0, 0x0,
    0x57, 0x77, 0x77, 0x77, 0xff, 0x77, 0x77, 0x77,
    0x76, 0x0, 0x0, 0x0, 0x0, 0x0, 0x0, 0xf,
    0xf0, 0x0, 0x0, 0x0, 0x0, 0x0, 0xcf, 0xff,
    0xff, 0xff, 0xff, 0xff, 0xff, 0xff, 0xff, 0xff,
    0xff, 0xc, 0xff, 0xff, 0xff, 0xff, 0xff, 0xff,
    0xff, 0xff, 0xff, 0xff, 0xf0,

    /* U+9501 "锁" */
    0x0, 0x0, 0x31, 0x0, 0x0, 0x0, 0x0, 0x5,
    0x82, 0x0, 0x0, 0x0, 0x0, 0x0, 0xef, 0x0,
    0x0, 0x4, 0x40, 0xa, 0xf4, 0x0, 0x34, 0x0,
    0x0, 0x5, 0xfa, 0x0, 0x0, 0x1e, 0xe0, 0xa,
    0xf4, 0x0, 0xcf, 0x40, 0x0, 0xd, 0xfd, 0xcc,
    0xcc, 0x26, 0xf8, 0xa, 0xf4, 0x5, 0xfb, 0x0,
    0x0, 0x8f, 0xff, 0xff, 0xff, 0x20, 0xdf, 0x1a,
    0xf4, 0xd, 0xf2, 0x0, 0x4, 0xff, 0x20, 0x0,
    0x0, 0x0, 0x5f, 0x3a, 0xf4, 0x5f, 0x70, 0x0,
    0xe, 0xf6, 0x0, 0x0, 0x0, 0x1, 0x12, 0x1a,
    0xf5, 0x13, 0x11, 0x0, 0x7, 0xb7, 0x77, 0x77,
    0x74, 0xc, 0xff, 0xff, 0xff, 0xff, 0xfe, 0x0,
    0x0, 0x3f, 0xff, 0xff, 0xfa, 0xc, 0xff, 0xff,
    0xff, 0xff, 0xfe, 0x0, 0x0, 0x16, 0x6f, 0xd6,
    0x64, 0xc, 0xf1, 0x0, 0x0, 0x1, 0xfe, 0x0,
    0x0, 0x0, 0x1f, 0xc0, 0x0, 0xc, 0xf1, 0xa,
    0xd3, 0x1, 0xfe, 0x0, 0x0, 0x0, 0x1f, 0xc0,
    0x0, 0xc, 0xf1, 0xc, 0xf3, 0x1, 0xfe, 0x0,
    0x0, 0x11, 0x3f, 0xc1, 0x11, 0xc, 0xf1, 0xc,
    0xf3, 0x1, 0xfe, 0x0, 0x3, 0xff, 0xff, 0xff,
    0xff, 0xc, 0xf1, 0xc, 0xf3, 0x1, 0xfe, 0x0,
    0x2, 0xbb, 0xcf, 0xfb, 0xbb, 0xc, 0xf1, 0xc,
    0xf3, 0x1, 0xfe, 0x0, 0x0, 0x0, 0x1f, 0xc0,
    0x0, 0xc, 0xf1, 0xd, 0xf2, 0x1, 0xfe, 0x0,
    0x0, 0x0, 0x1f, 0xc0, 0x0, 0xc, 0xf1, 0x1f,
    0xf0, 0x1, 0xfe, 0x0, 0x0, 0x0, 0x1f, 0xc0,
    0x0, 0xc, 0xf1, 0x7f, 0xb0, 0x1, 0xfe, 0x0,
    0x0, 0x0, 0x1f, 0xc0, 0x8b, 0x5, 0x73, 0xff,
    0x46, 0x10, 0x55, 0x0, 0x0, 0x0, 0x3f, 0xee,
    0xfd, 0x0, 0x3e, 0xf9, 0x7f, 0xfa, 0x20, 0x0,
    0x0, 0x0, 0xaf, 0xfe, 0x60, 0x18, 0xff, 0xa0,
    0x5, 0xdf, 0xf9, 0x10, 0x0, 0x5, 0xff, 0x80,
    0x8, 0xff, 0xe6, 0x0, 0x0, 0x5, 0xef, 0xf2,
    0x0, 0x0, 0x82, 0x0, 0x2, 0xd7, 0x10, 0x0,
    0x0, 0x0, 0x9, 0x80,

    /* U+9519 "错" */
    0x0, 0x0, 0x0, 0x0, 0x0, 0x0, 0x11, 0x0,
    0x1, 0x10, 0x0, 0x0, 0x0, 0xcb, 0x0, 0x0,
    0x0, 0xa, 0xf1, 0x0, 0xff, 0x0, 0x0, 0x0,
    0x3f, 0xb0, 0x0, 0x0, 0x0, 0xaf, 0x10, 0xf,
    0xf0, 0x0, 0x0, 0xb, 0xf9, 0x55, 0x54, 0x0,
    0xa, 0xf2, 0x0, 0xff, 0x0, 0x0, 0x5, 0xff,
    0xff, 0xff, 0xd6, 0xff, 0xff, 0xff, 0xff, 0xff,
    0xfa, 0x1, 0xef, 0xaa, 0xaa, 0xa8, 0x4c, 0xce,
    0xfc, 0xcc, 0xff, 0xcc, 0x80, 0xcf, 0x90, 0x0,
    0x0, 0x0, 0x0, 0xaf, 0x10, 0xf, 0xf0, 0x0,
    0x7, 0xd4, 0x33, 0x33, 0x31, 0x0, 0xa, 0xf1,
    0x0, 0xff, 0x0, 0x0, 0x5, 0xff, 0xff, 0xff,
    0x73, 0x44, 0xbf, 0x54, 0x4f, 0xf4, 0x44, 0x0,
    0x3b, 0xbf, 0xfb, 0xb5, 0xff, 0xff, 0xff, 0xff,
    0xff, 0xff, 0xf3, 0x0, 0x1, 0xfc, 0x0, 0x8,
    0x99, 0x99, 0x99, 0x99, 0x99, 0x99, 0x20, 0x0,
    0x1f, 0xc0, 0x0, 0x0, 0x0, 0x0, 0x0, 0x0,
    0x0, 0x0, 0x1, 0x13, 0xfc, 0x11, 0x10, 0x18,
    0x88, 0x88, 0x88, 0x88, 0x40, 0x6, 0xff, 0xff,
    0xff, 0xff, 0x2, 0xff, 0xff, 0xff, 0xff, 0xf7,
    0x0, 0x4b, 0xbc, 0xff, 0xbb, 0xb0, 0x2f, 0xc3,
    0x33, 0x33, 0x6f, 0x70, 0x0, 0x0, 0x1f, 0xc0,
    0x0, 0x2, 0xfb, 0x0, 0x0, 0x4, 0xf7, 0x0,
    0x0, 0x1, 0xfc, 0x0, 0x0, 0x2f, 0xeb, 0xbb,
    0xbb, 0xcf, 0x70, 0x0, 0x0, 0x1f, 0xc0, 0x0,
    0x2, 0xff, 0xff, 0xff, 0xff, 0xf7, 0x0, 0x0,
    0x1, 0xfc, 0x19, 0x80, 0x2f, 0xb0, 0x0, 0x0,
    0x4f, 0x70, 0x0, 0x0, 0x2f, 0xff, 0xfb, 0x2,
    0xfb, 0x0, 0x0, 0x4, 0xf7, 0x0, 0x0, 0xa,
    0xff, 0xf7, 0x0, 0x2f, 0xeb, 0xbb, 0xbb, 0xcf,
    0x70, 0x0, 0x0, 0xef, 0x91, 0x0, 0x2, 0xff,
    0xff, 0xff, 0xff, 0xf7, 0x0, 0x0, 0x6, 0x30,
    0x0, 0x0, 0x2f, 0xb0, 0x0, 0x0, 0x4f, 0x70,
    0x0, 0x0, 0x0, 0x0, 0x0, 0x0, 0x11, 0x0,
    0x0, 0x0, 0x0, 0x0,

    /* U+95ED "闭" */
    0x1b, 0x70, 0x0, 0x0, 0x0, 0x0, 0x0, 0x0,
    0x0, 0x0, 0x3, 0xff, 0x60, 0x8, 0xff, 0xff,
    0xff, 0xff, 0xff, 0xff, 0xf0, 0x4, 0xff, 0x30,
    0x8f, 0xff, 0xff, 0xff, 0xff, 0xff, 0xff, 0x0,
    0x9, 0xfa, 0x0, 0x0, 0x0, 0x0, 0x0, 0x0,
    0xf, 0xf0, 0x0, 0x8, 0x0, 0x0, 0x0, 0x4,
    0x51, 0x0, 0x0, 0xff, 0xa, 0xb0, 0x0, 0x0,
    0x0, 0x0, 0xdf, 0x40, 0x0, 0xf, 0xf0, 0xff,
    0x10, 0x0, 0x0, 0x0, 0xd, 0xf4, 0x0, 0x0,
    0xff, 0xf, 0xf1, 0x2, 0x22, 0x22, 0x22, 0xdf,
    0x62, 0x21, 0xf, 0xf0, 0xff, 0x17, 0xff, 0xff,
    0xff, 0xff, 0xff, 0xff, 0x80, 0xff, 0xf, 0xf1,
    0x5c, 0xcc, 0xcc, 0xcf, 0xff, 0xdc, 0xc6, 0xf,
    0xf0, 0xff, 0x10, 0x0, 0x0, 0x7, 0xff, 0xf4,
    0x0, 0x0, 0xff, 0xf, 0xf1, 0x0, 0x0, 0x4,
    0xff, 0xef, 0x40, 0x0, 0xf, 0xf0, 0xff, 0x10,
    0x0, 0x4, 0xff, 0x4d, 0xf4, 0x0, 0x0, 0xff,
    0xf, 0xf1, 0x0, 0x5, 0xff, 0x60, 0xdf, 0x40,
    0x0, 0xf, 0xf0, 0xff, 0x10, 0x9, 0xff, 0x50,
    0xd, 0xf4, 0x0, 0x0, 0xff, 0xf, 0xf1, 0x4d,
    0xfe, 0x30, 0x0, 0xdf, 0x40, 0x0, 0xf, 0xf0,
    0xff, 0x2e, 0xfa, 0x10, 0x0, 0xd, 0xf4, 0x0,
    0x0, 0xff, 0xf, 0xf1, 0x24, 0x0, 0x0, 0x0,
    0xdf, 0x40, 0x0, 0xf, 0xf0, 0xff, 0x10, 0x0,
    0x1, 0xff, 0xff, 0xf2, 0x0, 0x0, 0xff, 0xf,
    0xf1, 0x0, 0x0, 0xb, 0xed, 0xb5, 0x0, 0x0,
    0xf, 0xf0, 0xff, 0x10, 0x0, 0x0, 0x0, 0x0,
    0x0, 0xd, 0xee, 0xfe, 0xf, 0xf1, 0x0, 0x0,
    0x0, 0x0, 0x0, 0x0, 0xaf, 0xfc, 0x50,

    /* U+95F4 "间" */
    0x1a, 0x60, 0x0, 0x0, 0x0, 0x0, 0x0, 0x0,
    0x0, 0x0, 0x3, 0xff, 0x50, 0x9, 0xee, 0xee,
    0xee, 0xee, 0xee, 0xef, 0xe0, 0x4, 0xff, 0x30,
    0xaf, 0xff, 0xff, 0xff, 0xff, 0xff, 0xff, 0x0,
    0x8, 0xfa, 0x0, 0x0, 0x0, 0x0, 0x0, 0x0,
    0x1f, 0xf0, 0x0, 0x6, 0x0, 0x0, 0x0, 0x0,
    0x0, 0x0, 0x1, 0xff, 0xa, 0xb1, 0x0, 0x0,
    0x0, 0x0, 0x0, 0x0, 0x0, 0x1f, 0xf0, 0xef,
    0x20, 0x7, 0x99, 0x99, 0x99, 0x99, 0x80, 0x1,
    0xff, 0xe, 0xf2, 0x0, 0xcf, 0xff, 0xff, 0xff,
    0xfd, 0x0, 0x1f, 0xf0, 0xef, 0x20, 0xc, 0xf2,
    0x11, 0x11, 0x2f, 0xd0, 0x1, 0xff, 0xe, 0xf2,
    0x0, 0xcf, 0x10, 0x0, 0x1, 0xfd, 0x0, 0x1f,
    0xf0, 0xef, 0x20, 0xc, 0xf1, 0x0, 0x0, 0x1f,
    0xd0, 0x1, 0xff, 0xe, 0xf2, 0x0, 0xcf, 0xbb,
    0xbb, 0xbb, 0xfd, 0x0, 0x1f, 0xf0, 0xef, 0x20,
    0xc, 0xff, 0xff, 0xff, 0xff, 0xd0, 0x1, 0xff,
    0xe, 0xf2, 0x0, 0xcf, 0x10, 0x0, 0x1, 0xfd,
    0x0, 0x1f, 0xf0, 0xef, 0x20, 0xc, 0xf1, 0x0,
    0x0, 0x1f, 0xd0, 0x1, 0xff, 0xe, 0xf2, 0x0,
    0xcf, 0x10, 0x0, 0x1, 0xfd, 0x0, 0x1f, 0xf0,
    0xef, 0x20, 0xc, 0xff, 0xff, 0xff, 0xff, 0xd0,
    0x1, 0xff, 0xe, 0xf2, 0x0, 0x8b, 0xbb, 0xbb,
    0xbb, 0xb9, 0x0, 0x1f, 0xf0, 0xef, 0x20, 0x0,
    0x0, 0x0, 0x0, 0x0, 0x0, 0x1, 0xff, 0xe,
    0xf2, 0x0, 0x0, 0x0, 0x0, 0x0, 0x0, 0x0,
    0x1f, 0xf0, 0xef, 0x20, 0x0, 0x0, 0x0, 0x0,
    0x0, 0x4, 0xcd, 0xff, 0xe, 0xf2, 0x0, 0x0,
    0x0, 0x0, 0x0, 0x0, 0x1f, 0xfe, 0x70, 0x0,
    0x0, 0x0, 0x0, 0x0, 0x0, 0x0, 0x0, 0x0,
    0x0, 0x0,

    /* U+961F "队" */
    0x0, 0x0, 0x0, 0x0, 0x0, 0x0, 0x0, 0x0,
    0x0, 0x0, 0x0, 0x0, 0x0, 0x0, 0x10, 0x0,
    0x0, 0x3f, 0xd0, 0x0, 0x0, 0x0, 0xdf, 0xff,
    0xff, 0xfb, 0x0, 0x0, 0x4f, 0xd0, 0x0, 0x0,
    0x0, 0xdf, 0xcc, 0xcd, 0xfe, 0x0, 0x0, 0x4f,
    0xd0, 0x0, 0x0, 0x0, 0xdf, 0x10, 0x9, 0xf8,
    0x0, 0x0, 0x4f, 0xd0, 0x0, 0x0, 0x0, 0xdf,
    0x10, 0xe, 0xf1, 0x0, 0x0, 0x4f, 0xc0, 0x0,
    0x0, 0x0, 0xdf, 0x10, 0x5f, 0xb0, 0x0, 0x0,
    0x5f, 0xc0, 0x0, 0x0, 0x0, 0xdf, 0x10, 0xbf,
    0x40, 0x0, 0x0, 0x6f, 0xb0, 0x0, 0x0, 0x0,
    0xdf, 0x11, 0xfd, 0x0, 0x0, 0x0, 0x7f, 0xc0,
    0x0, 0x0, 0x0, 0xdf, 0x11, 0xdf, 0x40, 0x0,
    0x0, 0x8f, 0xe0, 0x0, 0x0, 0x0, 0xdf, 0x10,
    0x2f, 0xe0, 0x0, 0x0, 0xaf, 0xf1, 0x0, 0x0,
    0x0, 0xdf, 0x10, 0x9, 0xf7, 0x0, 0x0, 0xcf,
    0xf4, 0x0, 0x0, 0x0, 0xdf, 0x10, 0x3, 0xfb,
    0x0, 0x0, 0xff, 0xf8, 0x0, 0x0, 0x0, 0xdf,
    0x10, 0x0, 0xfe, 0x0, 0x3, 0xfe, 0xfd, 0x0,
    0x0, 0x0, 0xdf, 0x10, 0x1, 0xfe, 0x0, 0x8,
    0xf9, 0xdf, 0x20, 0x0, 0x0, 0xdf, 0x14, 0x6b,
    0xfc, 0x0, 0xd, 0xf5, 0x7f, 0x90, 0x0, 0x0,
    0xdf, 0x16, 0xff, 0xf4, 0x0, 0x5f, 0xe0, 0x1f,
    0xf1, 0x0, 0x0, 0xdf, 0x11, 0x76, 0x20, 0x0,
    0xdf, 0x80, 0xa, 0xf9, 0x0, 0x0, 0xdf, 0x10,
    0x0, 0x0, 0x9, 0xfe, 0x0, 0x2, 0xff, 0x40,
    0x0, 0xdf, 0x10, 0x0, 0x0, 0x6f, 0xf5, 0x0,
    0x0, 0x8f, 0xe2, 0x0, 0xdf, 0x10, 0x0, 0x8,
    0xff, 0x80, 0x0, 0x0, 0xc, 0xfe, 0x20, 0xdf,
    0x10, 0x0, 0xaf, 0xf9, 0x0, 0x0, 0x0, 0x1,
    0xdf, 0xe1, 0xdf, 0x10, 0x0, 0x1d, 0x60, 0x0,
    0x0, 0x0, 0x0, 0x1b, 0x50, 0x0, 0x0, 0x0,
    0x0, 0x0, 0x0, 0x0, 0x0, 0x0, 0x0, 0x0,

    /* U+9694 "隔" */
    0x0, 0x0, 0x0, 0x10, 0x0, 0x0, 0x0, 0x0,
    0x0, 0x0, 0x0, 0x1, 0xff, 0xff, 0xff, 0x85,
    0xff, 0xff, 0xff, 0xff, 0xff, 0xff, 0xf0, 0x1f,
    0xfc, 0xce, 0xf9, 0x4c, 0xcc, 0xcc, 0xcc, 0xcc,
    0xcc, 0xcc, 0x1, 0xfb, 0x0, 0xcf, 0x30, 0x2,
    0x22, 0x22, 0x22, 0x22, 0x22, 0x0, 0x1f, 0xb0,
    0x1f, 0xd0, 0x1, 0xff, 0xff, 0xff, 0xff, 0xff,
    0xb0, 0x1, 0xfb, 0x7, 0xf7, 0x0, 0x1f, 0xb4,
    0x44, 0x44, 0x45, 0xfb, 0x0, 0x1f, 0xb0, 0xcf,
    0x10, 0x1, 0xfa, 0x0, 0x0, 0x0, 0x1f, 0xb0,
    0x1, 0xfb, 0x3f, 0xa0, 0x0, 0x1f, 0xd8, 0x88,
    0x88, 0x88, 0xfb, 0x0, 0x1f, 0xb2, 0xee, 0x10,
    0x1, 0xff, 0xff, 0xff, 0xff, 0xff, 0xb0, 0x1,
    0xfb, 0x4, 0xfa, 0x0, 0x0, 0x0, 0x0, 0x0,
    0x0, 0x0, 0x0, 0x1f, 0xb0, 0xc, 0xf2, 0x2f,
    0xff, 0xff, 0xff, 0xff, 0xff, 0xfa, 0x1, 0xfb,
    0x0, 0x6f, 0x62, 0xfd, 0x99, 0x99, 0x99, 0x99,
    0xaf, 0xa0, 0x1f, 0xb0, 0x4, 0xf8, 0x2f, 0x90,
    0xd7, 0x0, 0xc, 0x72, 0xfa, 0x1, 0xfb, 0x0,
    0x4f, 0x92, 0xf9, 0x8, 0xf1, 0x5, 0xf5, 0x2f,
    0xa0, 0x1f, 0xb4, 0x6c, 0xf6, 0x2f, 0x90, 0xe,
    0x90, 0xcb, 0x2, 0xfa, 0x1, 0xfb, 0x9f, 0xfe,
    0x12, 0xf9, 0x47, 0xb9, 0x9f, 0x96, 0x2f, 0xa0,
    0x1f, 0xb3, 0x75, 0x10, 0x2f, 0x99, 0xff, 0xff,
    0xff, 0xe2, 0xfa, 0x1, 0xfb, 0x0, 0x0, 0x2,
    0xf9, 0x0, 0xb, 0xf0, 0x0, 0x2f, 0xa0, 0x1f,
    0xb0, 0x0, 0x0, 0x2f, 0x90, 0x0, 0xbf, 0x0,
    0x2, 0xfa, 0x1, 0xfb, 0x0, 0x0, 0x2, 0xf9,
    0x0, 0xb, 0xf0, 0x0, 0x2f, 0xa0, 0x1f, 0xb0,
    0x0, 0x0, 0x2f, 0x90, 0x0, 0xbf, 0x1, 0x9a,
    0xfa, 0x1, 0xfb, 0x0, 0x0, 0x2, 0xf9, 0x0,
    0xb, 0xf0, 0xe, 0xfe, 0x40, 0x0, 0x0, 0x0,
    0x0, 0x1, 0x0, 0x0, 0x0, 0x0, 0x0, 0x0,
    0x0,

    /* U+96C6 "集" */
    0x0, 0x0, 0x0, 0x20, 0x0, 0x0, 0x20, 0x0,
    0x0, 0x0, 0x0, 0x0, 0x0, 0x0, 0x2, 0xff,
    0x20, 0x9, 0xf7, 0x0, 0x0, 0x0, 0x0, 0x0,
    0x0, 0x0, 0xb, 0xf8, 0x0, 0x3, 0xfe, 0x0,
    0x0, 0x0, 0x0, 0x0, 0x0, 0x0, 0x6f, 0xfc,
    0xbb, 0xbb, 0xff, 0xcb, 0xbb, 0xbb, 0xb4, 0x0,
    0x0, 0x3, 0xff, 0xee, 0xee, 0xef, 0xff, 0xee,
    0xee, 0xee, 0xe5, 0x0, 0x0, 0x2e, 0xff, 0x0,
    0x0, 0x5, 0xfa, 0x0, 0x0, 0x0, 0x0, 0x0,
    0x2, 0xef, 0xff, 0x77, 0x77, 0x7a, 0xfc, 0x77,
    0x77, 0x77, 0x20, 0x0, 0x1e, 0xf7, 0xff, 0xff,
    0xff, 0xff, 0xff, 0xff, 0xff, 0xff, 0x50, 0x0,
    0x3, 0x50, 0xff, 0x0, 0x0, 0x5, 0xfa, 0x0,
    0x0, 0x0, 0x0, 0x0, 0x0, 0x0, 0xff, 0xff,
    0xff, 0xff, 0xff, 0xff, 0xff, 0xff, 0x60, 0x0,
    0x0, 0x0, 0xff, 0x77, 0x77, 0x7a, 0xfc, 0x77,
    0x77, 0x77, 0x30, 0x0, 0x0, 0x0, 0xff, 0x0,
    0x0, 0x5, 0xfa, 0x0, 0x0, 0x0, 0x0, 0x0,
    0x0, 0x0, 0xff, 0xcc, 0xcc, 0xcd, 0xfe, 0xcc,
    0xcc, 0xcc, 0xcc, 0x10, 0x0, 0x0, 0xff, 0xdd,
    0xdd, 0xdf, 0xfd, 0xdd, 0xdd, 0xdd, 0xdd, 0x10,
    0x0, 0x0, 0x88, 0x0, 0x0, 0x1f, 0xe0, 0x0,
    0x0, 0x0, 0x0, 0x0, 0x7, 0xaa, 0xaa, 0xaa,
    0xaa, 0xaf, 0xfa, 0xaa, 0xaa, 0xaa, 0xaa, 0x70,
    0xc, 0xff, 0xff, 0xff, 0xff, 0xff, 0xff, 0xff,
    0xff, 0xff, 0xff, 0xb0, 0x0, 0x11, 0x11, 0x11,
    0x8f, 0xff, 0xff, 0xf8, 0x11, 0x11, 0x11, 0x0,
    0x0, 0x0, 0x0, 0x5d, 0xfe, 0x5f, 0xe4, 0xef,
    0xd4, 0x0, 0x0, 0x0, 0x0, 0x0, 0x5d, 0xff,
    0xa1, 0x1f, 0xe0, 0x1a, 0xff, 0xd6, 0x0, 0x0,
    0x4, 0x9e, 0xff, 0xc4, 0x0, 0x1f, 0xe0, 0x0,
    0x3c, 0xff, 0xfa, 0x50, 0x1e, 0xff, 0xc5, 0x0,
    0x0, 0x1f, 0xe0, 0x0, 0x0, 0x4a, 0xff, 0xb0,
    0x4, 0x93, 0x0, 0x0, 0x0, 0x1f, 0xe0, 0x0,
    0x0, 0x0, 0x16, 0x10,

    /* U+9700 "需" */
    0x0, 0x67, 0x77, 0x77, 0x77, 0x77, 0x77, 0x77,
    0x77, 0x76, 0x0, 0x0, 0xdf, 0xff, 0xff, 0xff,
    0xff, 0xff, 0xff, 0xff, 0xfc, 0x0, 0x0, 0x11,
    0x11, 0x11, 0x12, 0xfe, 0x11, 0x11, 0x11, 0x11,
    0x0, 0x6, 0x66, 0x66, 0x66, 0x67, 0xff, 0x66,
    0x66, 0x66, 0x66, 0x62, 0x1f, 0xff, 0xff, 0xff,
    0xff, 0xff, 0xff, 0xff, 0xff, 0xff, 0xf7, 0x1f,
    0x90, 0x0, 0x0, 0x1, 0xfe, 0x0, 0x0, 0x0,
    0xa, 0xf7, 0x1f, 0x95, 0xff, 0xff, 0xb1, 0xfe,
    0xe, 0xff, 0xff, 0x4a, 0xf7, 0x1f, 0x92, 0x66,
    0x66, 0x41, 0xfe, 0x5, 0x66, 0x66, 0x1a, 0xf7,
    0x3, 0x23, 0x33, 0x33, 0x31, 0xfe, 0x3, 0x33,
    0x33, 0x32, 0x31, 0x0, 0xd, 0xff, 0xff, 0xd1,
    0xfe, 0xf, 0xff, 0xff, 0xe0, 0x0, 0x0, 0x1,
    0x11, 0x11, 0x10, 0xa9, 0x1, 0x11, 0x11, 0x10,
    0x0, 0x29, 0x99, 0x99, 0x99, 0x99, 0x99, 0x99,
    0x99, 0x99, 0x99, 0x97, 0x4f, 0xff, 0xff, 0xff,
    0xff, 0xff, 0xff, 0xff, 0xff, 0xff, 0xfc, 0x0,
    0x0, 0x0, 0x0, 0x6, 0xfa, 0x0, 0x0, 0x0,
    0x0, 0x0, 0x0, 0x69, 0x99, 0x99, 0x9d, 0xfb,
    0x99, 0x99, 0x99, 0xa9, 0x20, 0x0, 0xaf, 0xff,
    0xff, 0xff, 0xff, 0xff, 0xff, 0xff, 0xff, 0x30,
    0x0, 0xaf, 0x51, 0x17, 0xf7, 0x11, 0x2f, 0xc1,
    0x11, 0xcf, 0x30, 0x0, 0xaf, 0x40, 0x6, 0xf7,
    0x0, 0x1f, 0xb0, 0x0, 0xbf, 0x30, 0x0, 0xaf,
    0x40, 0x6, 0xf7, 0x0, 0x1f, 0xb0, 0x0, 0xbf,
    0x30, 0x0, 0xaf, 0x40, 0x6, 0xf7, 0x0, 0x1f,
    0xb0, 0x0, 0xbf, 0x30, 0x0, 0xaf, 0x40, 0x6,
    0xf7, 0x0, 0x1f, 0xb0, 0x78, 0xef, 0x30, 0x0,
    0xaf, 0x40, 0x6, 0xf7, 0x0, 0x1f, 0xb0, 0x9f,
    0xfc, 0x0, 0x0, 0x12, 0x0, 0x0, 0x0, 0x0,
    0x0, 0x0, 0x12, 0x10, 0x0,

    /* U+975E "非" */
    0x0, 0x0, 0x0, 0x4, 0x51, 0x0, 0x5, 0x40,
    0x0, 0x0, 0x0, 0x0, 0x0, 0x0, 0x0, 0xef,
    0x30, 0x3, 0xfe, 0x0, 0x0, 0x0, 0x0, 0x0,
    0x0, 0x0, 0xe, 0xf3, 0x0, 0x3f, 0xe0, 0x0,
    0x0, 0x0, 0x0, 0x0, 0x0, 0x0, 0xef, 0x30,
    0x3, 0xfe, 0x0, 0x0, 0x0, 0x0, 0x4e, 0xee,
    0xee, 0xef, 0xf3, 0x0, 0x3f, 0xfe, 0xee, 0xee,
    0xe8, 0x5, 0xff, 0xff, 0xff, 0xff, 0x30, 0x3,
    0xff, 0xff, 0xff, 0xff, 0xa0, 0x2, 0x22, 0x22,
    0x2e, 0xf3, 0x0, 0x3f, 0xf2, 0x22, 0x22, 0x21,
    0x0, 0x0, 0x0, 0x0, 0xef, 0x30, 0x3, 0xfe,
    0x0, 0x0, 0x0, 0x0, 0x0, 0x0, 0x0, 0xe,
    0xf3, 0x0, 0x3f, 0xe0, 0x0, 0x0, 0x0, 0x0,
    0x11, 0x11, 0x11, 0xef, 0x30, 0x3, 0xfe, 0x0,
    0x0, 0x0, 0x0, 0xf, 0xff, 0xff, 0xff, 0xf3,
    0x0, 0x3f, 0xff, 0xff, 0xff, 0xf2, 0x0, 0xee,
    0xee, 0xee, 0xff, 0x30, 0x3, 0xff, 0xee, 0xee,
    0xee, 0x20, 0x0, 0x0, 0x0, 0xe, 0xf3, 0x0,
    0x3f, 0xe0, 0x0, 0x0, 0x0, 0x0, 0x0, 0x0,
    0x0, 0xef, 0x30, 0x3, 0xfe, 0x0, 0x0, 0x0,
    0x0, 0x0, 0x0, 0x0, 0xe, 0xf3, 0x0, 0x3f,
    0xe0, 0x0, 0x0, 0x0, 0xd, 0xff, 0xff, 0xff,
    0xff, 0x30, 0x3, 0xff, 0xff, 0xff, 0xff, 0xf0,
    0xef, 0xff, 0xff, 0xff, 0xf3, 0x0, 0x3f, 0xff,
    0xff, 0xff, 0xff, 0x11, 0x11, 0x11, 0x11, 0xef,
    0x30, 0x3, 0xff, 0x11, 0x11, 0x11, 0x10, 0x0,
    0x0, 0x0, 0xe, 0xf3, 0x0, 0x3f, 0xe0, 0x0,
    0x0, 0x0, 0x0, 0x0, 0x0, 0x0, 0xef, 0x30,
    0x3, 0xfe, 0x0, 0x0, 0x0, 0x0, 0x0, 0x0,
    0x0, 0xe, 0xf3, 0x0, 0x3f, 0xe0, 0x0, 0x0,
    0x0, 0x0, 0x0, 0x0, 0x0, 0xef, 0x30, 0x3,
    0xfe, 0x0, 0x0, 0x0, 0x0, 0x0, 0x0, 0x0,
    0xd, 0xf3, 0x0, 0x3f, 0xe0, 0x0, 0x0, 0x0,
    0x0,

    /* U+9762 "面" */
    0x6e, 0xee, 0xee, 0xee, 0xee, 0xee, 0xee, 0xee,
    0xee, 0xee, 0xed, 0x7f, 0xff, 0xff, 0xff, 0xff,
    0xff, 0xff, 0xff, 0xff, 0xff, 0xfe, 0x0, 0x0,
    0x0, 0x0, 0x9, 0xfc, 0x0, 0x0, 0x0, 0x0,
    0x0, 0x0, 0x0, 0x0, 0x0, 0xc, 0xf7, 0x0,
    0x0, 0x0, 0x0, 0x0, 0x0, 0x0, 0x0, 0x0,
    0xf, 0xf2, 0x0, 0x0, 0x0, 0x0, 0x0, 0x8,
    0xee, 0xee, 0xee, 0xef, 0xfe, 0xee, 0xee, 0xee,
    0xee, 0x80, 0x9, 0xff, 0xff, 0xff, 0xff, 0xff,
    0xff, 0xff, 0xff, 0xff, 0x90, 0x9, 0xf6, 0x0,
    0x6f, 0x70, 0x0, 0xb, 0xf1, 0x0, 0x7f, 0x90,
    0x9, 0xf6, 0x0, 0x6f, 0x70, 0x0, 0xb, 0xf1,
    0x0, 0x7f, 0x90, 0x9, 0xf6, 0x0, 0x6f, 0xc9,
    0x99, 0x9e, 0xf1, 0x0, 0x7f, 0x90, 0x9, 0xf6,
    0x0, 0x6f, 0xff, 0xff, 0xff, 0xf1, 0x0, 0x7f,
    0x90, 0x9, 0xf6, 0x0, 0x6f, 0x80, 0x0, 0xc,
    0xf1, 0x0, 0x7f, 0x90, 0x9, 0xf6, 0x0, 0x6f,
    0x70, 0x0, 0xb, 0xf1, 0x0, 0x7f, 0x90, 0x9,
    0xf6, 0x0, 0x6f, 0xc9, 0x99, 0x9e, 0xf1, 0x0,
    0x7f, 0x90, 0x9, 0xf6, 0x0, 0x6f, 0xff, 0xff,
    0xff, 0xf1, 0x0, 0x7f, 0x90, 0x9, 0xf6, 0x0,
    0x6f, 0x80, 0x0, 0xc, 0xf1, 0x0, 0x7f, 0x90,
    0x9, 0xf6, 0x0, 0x6f, 0x70, 0x0, 0xb, 0xf1,
    0x0, 0x7f, 0x90, 0x9, 0xf6, 0x0, 0x6f, 0x70,
    0x0, 0xb, 0xf1, 0x0, 0x7f, 0x90, 0x9, 0xff,
    0xff, 0xff, 0xff, 0xff, 0xff, 0xff, 0xff, 0xff,
    0x90, 0x9, 0xff, 0xee, 0xee, 0xee, 0xee, 0xee,
    0xee, 0xee, 0xff, 0x90, 0x9, 0xf6, 0x0, 0x0,
    0x0, 0x0, 0x0, 0x0, 0x0, 0x7f, 0x90,

    /* U+9875 "页" */
    0x1f, 0xff, 0xff, 0xff, 0xff, 0xff, 0xff, 0xff,
    0xff, 0xff, 0xfa, 0x1f, 0xff, 0xff, 0xff, 0xff,
    0xff, 0xff, 0xff, 0xff, 0xff, 0xfa, 0x0, 0x0,
    0x0, 0x0, 0x6, 0xfd, 0x0, 0x0, 0x0, 0x0,
    0x0, 0x0, 0x0, 0x0, 0x0, 0xb, 0xf7, 0x0,
    0x0, 0x0, 0x0, 0x0, 0x0, 0x1, 0x11, 0x11,
    0x2f, 0xf2, 0x11, 0x11, 0x11, 0x10, 0x0, 0x0,
    0xd, 0xff, 0xff, 0xff, 0xff, 0xff, 0xff, 0xff,
    0xf7, 0x0, 0x0, 0xd, 0xfd, 0xcc, 0xcc, 0xcc,
    0xcc, 0xcc, 0xce, 0xf7, 0x0, 0x0, 0xd, 0xf4,
    0x0, 0x0, 0x0, 0x0, 0x0, 0xb, 0xf7, 0x0,
    0x0, 0xd, 0xf4, 0x0, 0x0, 0xac, 0x30, 0x0,
    0xb, 0xf7, 0x0, 0x0, 0xd, 0xf4, 0x0, 0x0,
    0xcf, 0x40, 0x0, 0xb, 0xf7, 0x0, 0x0, 0xd,
    0xf4, 0x0, 0x0, 0xcf, 0x40, 0x0, 0xb, 0xf7,
    0x0, 0x0, 0xd, 0xf4, 0x0, 0x0, 0xcf, 0x40,
    0x0, 0xb, 0xf7, 0x0, 0x0, 0xd, 0xf4, 0x0,
    0x0, 0xcf, 0x40, 0x0, 0xb, 0xf7, 0x0, 0x0,
    0xd, 0xf4, 0x0, 0x0, 0xef, 0x30, 0x0, 0xb,
    0xf7, 0x0, 0x0, 0xd, 0xf4, 0x0, 0x2, 0xff,
    0x10, 0x0, 0xb, 0xf7, 0x0, 0x0, 0xd, 0xf4,
    0x0, 0xb, 0xfb, 0x8, 0x30, 0xb, 0xf7, 0x0,
    0x0, 0x1, 0x10, 0x0, 0xaf, 0xf2, 0x7f, 0xfc,
    0x40, 0x10, 0x0, 0x0, 0x0, 0x0, 0x5d, 0xff,
    0x40, 0x4, 0xcf, 0xfc, 0x40, 0x0, 0x0, 0x3,
    0x8e, 0xff, 0xc2, 0x0, 0x0, 0x4, 0xdf, 0xfb,
    0x20, 0x3b, 0xef, 0xff, 0xc5, 0x0, 0x0, 0x0,
    0x0, 0x6, 0xef, 0xf5, 0xd, 0xfb, 0x72, 0x0,
    0x0, 0x0, 0x0, 0x0, 0x0, 0x19, 0xe1, 0x1,
    0x0, 0x0, 0x0, 0x0, 0x0, 0x0, 0x0, 0x0,
    0x0, 0x0,

    /* U+9891 "频" */
    0x0, 0x0, 0x0, 0x0, 0x0, 0x0, 0x0, 0x0,
    0x0, 0x0, 0x0, 0x0, 0x0, 0x0, 0xb, 0xf2,
    0x0, 0x0, 0x0, 0x0, 0x0, 0x0, 0x0, 0x0,
    0x12, 0x0, 0xbf, 0x20, 0x0, 0xbc, 0xcc, 0xcc,
    0xcc, 0xcc, 0x60, 0x9, 0xf1, 0xb, 0xf4, 0x11,
    0xe, 0xff, 0xff, 0xff, 0xff, 0xf8, 0x0, 0x9f,
    0x10, 0xbf, 0xff, 0xf8, 0x33, 0x33, 0xaf, 0x83,
    0x33, 0x10, 0x9, 0xf1, 0xb, 0xfa, 0x99, 0x40,
    0x0, 0xd, 0xf0, 0x0, 0x0, 0x0, 0x9f, 0x10,
    0xbf, 0x20, 0x0, 0x39, 0x9a, 0xfe, 0x99, 0x98,
    0x0, 0x9, 0xf1, 0xb, 0xf2, 0x0, 0x5, 0xff,
    0xff, 0xff, 0xff, 0xe0, 0x3d, 0xef, 0xdd, 0xff,
    0xdd, 0xdd, 0x6f, 0x60, 0x0, 0x0, 0xfe, 0x4,
    0xff, 0xff, 0xff, 0xff, 0xff, 0xf6, 0xf6, 0x8,
    0xe1, 0xf, 0xe0, 0x0, 0x0, 0x2, 0xfb, 0x0,
    0x0, 0x5f, 0x60, 0x9f, 0x10, 0xfe, 0x0, 0x1,
    0x72, 0x2f, 0xb0, 0x2, 0x5, 0xf6, 0x9, 0xf1,
    0xf, 0xe0, 0x0, 0x6f, 0x62, 0xfb, 0x1, 0xfc,
    0x5f, 0x60, 0xaf, 0x0, 0xfe, 0x0, 0xc, 0xf1,
    0x2f, 0xb0, 0x6f, 0x85, 0xf6, 0xa, 0xf0, 0xf,
    0xe0, 0x4, 0xfa, 0x2, 0xfb, 0xd, 0xf2, 0x5f,
    0x60, 0xce, 0x0, 0xfe, 0x0, 0xdf, 0x20, 0x2f,
    0xb4, 0xfc, 0x5, 0xf6, 0xd, 0xd0, 0xf, 0xe0,
    0x1b, 0x90, 0x2, 0xfc, 0xdf, 0x40, 0x5f, 0x60,
    0xfa, 0x0, 0xfe, 0x0, 0x0, 0x0, 0x4, 0xdf,
    0xa0, 0x3, 0xb4, 0x4f, 0x70, 0xa, 0x90, 0x0,
    0x0, 0x0, 0x9f, 0xd1, 0x0, 0x0, 0xb, 0xf8,
    0xd2, 0x0, 0x0, 0x0, 0x2, 0xcf, 0xd2, 0x0,
    0x0, 0x6, 0xfc, 0x5f, 0xf5, 0x0, 0x0, 0x19,
    0xff, 0xb1, 0x0, 0x0, 0x19, 0xfe, 0x20, 0x2e,
    0xf8, 0x0, 0xaf, 0xfe, 0x60, 0x0, 0x0, 0xaf,
    0xfd, 0x20, 0x0, 0x1c, 0xfa, 0x5, 0xd6, 0x0,
    0x0, 0x0, 0x9, 0xc6, 0x0, 0x0, 0x0, 0xb,
    0x40, 0x0, 0x0, 0x0, 0x0, 0x0, 0x0, 0x0,
    0x0, 0x0, 0x0, 0x0,

    /* U+989D "额" */
    0x0, 0x0, 0x0, 0x10, 0x0, 0x0, 0x0, 0x0,
    0x0, 0x0, 0x0, 0x0, 0x0, 0x0, 0xa, 0xf6,
    0x0, 0x0, 0x0, 0x0, 0x0, 0x0, 0x0, 0x0,
    0x0, 0x0, 0x4, 0xfe, 0x0, 0x0, 0x8d, 0xdd,
    0xdd, 0xdd, 0xdd, 0xc0, 0xa, 0xff, 0xff, 0xff,
    0xff, 0xfe, 0x9f, 0xff, 0xff, 0xff, 0xff, 0xd0,
    0xb, 0xfc, 0xbb, 0xbb, 0xbb, 0xef, 0x0, 0x0,
    0x8f, 0x40, 0x0, 0x0, 0xb, 0xf1, 0x18, 0x40,
    0x0, 0xbf, 0x0, 0x0, 0xde, 0x0, 0x0, 0x0,
    0x8, 0xd1, 0x9f, 0x80, 0x0, 0x9c, 0x3a, 0xab,
    0xfe, 0xaa, 0xaa, 0x0, 0x0, 0x4, 0xff, 0xff,
    0xff, 0xc1, 0x5f, 0xff, 0xff, 0xff, 0xff, 0x10,
    0x0, 0x3f, 0xfa, 0xaa, 0xcf, 0xd0, 0x5f, 0x60,
    0x0, 0x0, 0xbf, 0x10, 0x5, 0xff, 0x50, 0x1,
    0xdf, 0x40, 0x5f, 0x60, 0x6d, 0x40, 0xbf, 0x10,
    0xc, 0xf6, 0xcc, 0x5c, 0xf8, 0x0, 0x5f, 0x60,
    0x7f, 0x40, 0xbf, 0x10, 0x1, 0x21, 0x9f, 0xff,
    0xc0, 0x0, 0x5f, 0x60, 0x8f, 0x40, 0xbf, 0x10,
    0x0, 0x1, 0x9f, 0xff, 0xfb, 0x20, 0x5f, 0x60,
    0x8f, 0x30, 0xbf, 0x10, 0x3, 0x9f, 0xfe, 0x53,
    0xcf, 0xf8, 0x5f, 0x60, 0x9f, 0x20, 0xbf, 0x10,
    0xe, 0xff, 0x91, 0x0, 0x6, 0xe9, 0x5f, 0x60,
    0xbf, 0x0, 0xbf, 0x10, 0x7, 0x9b, 0x99, 0x99,
    0x99, 0x80, 0x5f, 0x60, 0xdf, 0x0, 0xbf, 0x10,
    0x0, 0xf, 0xff, 0xff, 0xff, 0xc0, 0x5f, 0x60,
    0xfc, 0x0, 0xbf, 0x10, 0x0, 0xf, 0xc0, 0x0,
    0x2f, 0xc0, 0x3b, 0x44, 0xf8, 0x0, 0x7a, 0x0,
    0x0, 0xf, 0xc0, 0x0, 0x1f, 0xc0, 0x0, 0xb,
    0xf3, 0xba, 0x0, 0x0, 0x0, 0xf, 0xc0, 0x0,
    0x1f, 0xc0, 0x0, 0x6f, 0xc1, 0xcf, 0xd2, 0x0,
    0x0, 0xf, 0xe9, 0x99, 0xaf, 0xc0, 0x7, 0xff,
    0x20, 0x9, 0xff, 0x50, 0x0, 0xf, 0xff, 0xff,
    0xff, 0xc6, 0xdf, 0xe3, 0x0, 0x0, 0x7f, 0xf2,
    0x0, 0xf, 0xc0, 0x0, 0x2f, 0xc8, 0xfa, 0x10,
    0x0, 0x0, 0x6, 0xa0, 0x0, 0x0, 0x0, 0x0,
    0x0, 0x0, 0x10, 0x0, 0x0, 0x0, 0x0, 0x0,

    /* U+9ED8 "默" */
    0x0, 0x0, 0x0, 0x0, 0x0, 0x0, 0x0, 0x0,
    0x23, 0x0, 0x0, 0x0, 0x0, 0x67, 0x77, 0x77,
    0x77, 0x75, 0x0, 0x0, 0xbf, 0x10, 0x0, 0x0,
    0x0, 0xef, 0xff, 0xff, 0xff, 0xfb, 0x0, 0x0,
    0xbf, 0x7d, 0x10, 0x0, 0x0, 0xea, 0x0, 0xaa,
    0x0, 0xeb, 0x0, 0x0, 0xbf, 0x4f, 0xc0, 0x0,
    0x0, 0xea, 0xc3, 0xaa, 0x4b, 0xeb, 0x0, 0x0,
    0xbf, 0x16, 0xf8, 0x0, 0x0, 0xea, 0x97, 0xaa,
    0x88, 0xeb, 0x0, 0x0, 0xbf, 0x10, 0xbf, 0x10,
    0x0, 0xea, 0x5a, 0xaa, 0xd3, 0xeb, 0x0, 0x0,
    0xbf, 0x10, 0x22, 0x0, 0x0, 0xea, 0x26, 0xaa,
    0xa0, 0xeb, 0x58, 0x88, 0xdf, 0x88, 0x88, 0x60,
    0x0, 0xec, 0x66, 0xcc, 0x66, 0xfb, 0xaf, 0xff,
    0xff, 0xff, 0xff, 0xd0, 0x0, 0xef, 0xff, 0xff,
    0xff, 0xfb, 0x36, 0x66, 0xef, 0x76, 0x66, 0x40,
    0x0, 0x0, 0x0, 0xdd, 0x0, 0x0, 0x0, 0x0,
    0xef, 0x40, 0x0, 0x0, 0x0, 0x0, 0x0, 0xdd,
    0x0, 0x0, 0x0, 0x0, 0xff, 0x80, 0x0, 0x0,
    0x0, 0xff, 0xff, 0xff, 0xff, 0xf9, 0x0, 0x2,
    0xff, 0xc0, 0x0, 0x0, 0x0, 0x99, 0x99, 0xff,
    0x99, 0x95, 0x0, 0x6, 0xff, 0xf0, 0x0, 0x0,
    0x0, 0x0, 0x0, 0xdd, 0x0, 0x0, 0x0, 0xa,
    0xfa, 0xf5, 0x0, 0x0, 0x5, 0x9a, 0xbc, 0xff,
    0xef, 0xff, 0x0, 0xe, 0xf1, 0xfa, 0x0, 0x0,
    0x7, 0xff, 0xff, 0xed, 0xcb, 0xa9, 0x0, 0x5f,
    0xa0, 0xbf, 0x10, 0x0, 0x1, 0x42, 0x0, 0x0,
    0x0, 0x30, 0x0, 0xcf, 0x40, 0x5f, 0x80, 0x0,
    0x0, 0x9e, 0xd, 0x3a, 0x94, 0xf3, 0x4, 0xfd,
    0x0, 0xe, 0xf2, 0x0, 0x0, 0xf9, 0xf, 0x67,
    0xd0, 0xe9, 0xd, 0xf6, 0x0, 0x6, 0xfc, 0x0,
    0x6, 0xf3, 0xd, 0x73, 0xf0, 0x99, 0x9f, 0xc0,
    0x0, 0x0, 0xdf, 0xa0, 0xe, 0xc0, 0xd, 0x81,
    0xd2, 0x4, 0xff, 0x20, 0x0, 0x0, 0x2f, 0xf3,
    0x4, 0x30, 0x4, 0x10, 0x0, 0x0, 0x64, 0x0,
    0x0, 0x0, 0x4, 0x50,

    /* U+FF08 "（" */
    0x0, 0x0, 0x15, 0x0, 0x0, 0x1d, 0xf5, 0x0,
    0xa, 0xf9, 0x0, 0x5, 0xfc, 0x0, 0x0, 0xef,
    0x30, 0x0, 0x6f, 0xa0, 0x0, 0xc, 0xf3, 0x0,
    0x1, 0xfe, 0x0, 0x0, 0x5f, 0x90, 0x0, 0x8,
    0xf6, 0x0, 0x0, 0xaf, 0x40, 0x0, 0xb, 0xf4,
    0x0, 0x0, 0xbf, 0x40, 0x0, 0x9, 0xf5, 0x0,
    0x0, 0x8f, 0x70, 0x0, 0x4, 0xfa, 0x0, 0x0,
    0x1f, 0xf0, 0x0, 0x0, 0xbf, 0x50, 0x0, 0x4,
    0xfc, 0x0, 0x0, 0xc, 0xf5, 0x0, 0x0, 0x3f,
    0xe1, 0x0, 0x0, 0x7f, 0xc0, 0x0, 0x0, 0xbf,
    0x50, 0x0, 0x0, 0x20,

    /* U+FF09 "）" */
    0x5, 0x10, 0x0, 0x5, 0xfd, 0x10, 0x0, 0x9,
    0xfa, 0x0, 0x0, 0xc, 0xf5, 0x0, 0x0, 0x3f,
    0xe0, 0x0, 0x0, 0xaf, 0x60, 0x0, 0x3, 0xfc,
    0x0, 0x0, 0xe, 0xf1, 0x0, 0x0, 0x9f, 0x50,
    0x0, 0x6, 0xf8, 0x0, 0x0, 0x4f, 0xa0, 0x0,
    0x4, 0xfb, 0x0, 0x0, 0x4f, 0xa0, 0x0, 0x5,
    0xf9, 0x0, 0x0, 0x7f, 0x70, 0x0, 0xa, 0xf4,
    0x0, 0x0, 0xff, 0x10, 0x0, 0x5f, 0xb0, 0x0,
    0xc, 0xf4, 0x0, 0x5, 0xfc, 0x0, 0x1, 0xef,
    0x30, 0x0, 0xcf, 0x70, 0x0, 0x5f, 0xb0, 0x0,
    0x0, 0x20, 0x0, 0x0,

    /* U+FF0C "，" */
    0x1, 0x99, 0x20, 0xc, 0xff, 0xd0, 0xd, 0xff,
    0xf2, 0x4, 0xdf, 0xf3, 0x0, 0xb, 0xf1, 0x0,
    0x2f, 0xb0, 0x4, 0xef, 0x20, 0x6f, 0xe3, 0x0,
    0x28, 0x10, 0x0,

    /* U+FF1A "：" */
    0x1, 0x10, 0x6f, 0xf6, 0xef, 0xfe, 0xbf, 0xfb,
    0x18, 0x81, 0x0, 0x0, 0x0, 0x0, 0x0, 0x0,
    0x0, 0x0, 0x0, 0x0, 0x0, 0x0, 0x0, 0x0,
    0x19, 0x91, 0xcf, 0xfc, 0xef, 0xfe, 0x6f, 0xf6,
    0x0, 0x0,

    /* U+FF1B "；" */
    0x0, 0x11, 0x0, 0x6, 0xff, 0x60, 0xe, 0xff,
    0xe0, 0xb, 0xff, 0xb0, 0x1, 0x88, 0x10, 0x0,
    0x0, 0x0, 0x0, 0x0, 0x0, 0x0, 0x0, 0x0,
    0x0, 0x0, 0x0, 0x0, 0x0, 0x0, 0x0, 0x0,
    0x0, 0x4, 0xde, 0x60, 0xc, 0xff, 0xf1, 0xa,
    0xff, 0xf4, 0x1, 0x8d, 0xf4, 0x0, 0xa, 0xf2,
    0x0, 0x1f, 0xd0, 0x1, 0xcf, 0x50, 0x4f, 0xf7,
    0x0, 0x2b, 0x30, 0x0
};


/*---------------------
 *  GLYPH DESCRIPTION
 *--------------------*/

static const lv_font_fmt_txt_glyph_dsc_t glyph_dsc[] = {
    {.bitmap_index = 0, .adv_w = 0, .box_w = 0, .box_h = 0, .ofs_x = 0, .ofs_y = 0} /* id = 0 reserved */,
    {.bitmap_index = 0, .adv_w = 86, .box_w = 0, .box_h = 0, .ofs_x = 0, .ofs_y = 0},
    {.bitmap_index = 0, .adv_w = 128, .box_w = 4, .box_h = 18, .ofs_x = 2, .ofs_y = 0},
    {.bitmap_index = 36, .adv_w = 190, .box_w = 8, .box_h = 8, .ofs_x = 2, .ofs_y = 12},
    {.bitmap_index = 68, .adv_w = 216, .box_w = 13, .box_h = 18, .ofs_x = 0, .ofs_y = 0},
    {.bitmap_index = 185, .adv_w = 216, .box_w = 11, .box_h = 25, .ofs_x = 1, .ofs_y = -3},
    {.bitmap_index = 323, .adv_w = 357, .box_w = 22, .box_h = 18, .ofs_x = 0, .ofs_y = 0},
    {.bitmap_index = 521, .adv_w = 266, .box_w = 17, .box_h = 18, .ofs_x = 0, .ofs_y = 0},
    {.bitmap_index = 674, .adv_w = 111, .box_w = 3, .box_h = 8, .ofs_x = 2, .ofs_y = 12},
    {.bitmap_index = 686, .adv_w = 133, .box_w = 6, .box_h = 26, .ofs_x = 2, .ofs_y = -5},
    {.bitmap_index = 764, .adv_w = 133, .box_w = 6, .box_h = 26, .ofs_x = 1, .ofs_y = -5},
    {.bitmap_index = 842, .adv_w = 182, .box_w = 9, .box_h = 9, .ofs_x = 1, .ofs_y = 11},
    {.bitmap_index = 883, .adv_w = 216, .box_w = 13, .box_h = 13, .ofs_x = 0, .ofs_y = 3},
    {.bitmap_index = 968, .adv_w = 111, .box_w = 5, .box_h = 9, .ofs_x = 1, .ofs_y = -5},
    {.bitmap_index = 991, .adv_w = 135, .box_w = 7, .box_h = 2, .ofs_x = 1, .ofs_y = 6},
    {.bitmap_index = 998, .adv_w = 111, .box_w = 5, .box_h = 4, .ofs_x = 1, .ofs_y = 0},
    {.bitmap_index = 1008, .adv_w = 150, .box_w = 9, .box_h = 25, .ofs_x = 0, .ofs_y = -5},
    {.bitmap_index = 1121, .adv_w = 216, .box_w = 12, .box_h = 18, .ofs_x = 1, .ofs_y = 0},
    {.bitmap_index = 1229, .adv_w = 216, .box_w = 10, .box_h = 18, .ofs_x = 2, .ofs_y = 0},
    {.bitmap_index = 1319, .adv_w = 216, .box_w = 13, .box_h = 18, .ofs_x = 0, .ofs_y = 0},
    {.bitmap_index = 1436, .adv_w = 216, .box_w = 13, .box_h = 18, .ofs_x = 0, .ofs_y = 0},
    {.bitmap_index = 1553, .adv_w = 216, .box_w = 13, .box_h = 18, .ofs_x = 0, .ofs_y = 0},
    {.bitmap_index = 1670, .adv_w = 216, .box_w = 13, .box_h = 18, .ofs_x = 0, .ofs_y = 0},
    {.bitmap_index = 1787, .adv_w = 216, .box_w = 12, .box_h = 18, .ofs_x = 1, .ofs_y = 0},
    {.bitmap_index = 1895, .adv_w = 216, .box_w = 12, .box_h = 18, .ofs_x = 1, .ofs_y = 0},
    {.bitmap_index = 2003, .adv_w = 216, .box_w = 12, .box_h = 18, .ofs_x = 1, .ofs_y = 0},
    {.bitmap_index = 2111, .adv_w = 216, .box_w = 12, .box_h = 18, .ofs_x = 1, .ofs_y = 0},
    {.bitmap_index = 2219, .adv_w = 111, .box_w = 5, .box_h = 14, .ofs_x = 1, .ofs_y = 0},
    {.bitmap_index = 2254, .adv_w = 111, .box_w = 5, .box_h = 19, .ofs_x = 1, .ofs_y = -5},
    {.bitmap_index = 2302, .adv_w = 216, .box_w = 13, .box_h = 13, .ofs_x = 0, .ofs_y = 3},
    {.bitmap_index = 2387, .adv_w = 216, .box_w = 13, .box_h = 8, .ofs_x = 0, .ofs_y = 6},
    {.bitmap_index = 2439, .adv_w = 216, .box_w = 13, .box_h = 13, .ofs_x = 0, .ofs_y = 3},
    {.bitmap_index = 2524, .adv_w = 185, .box_w = 10, .box_h = 18, .ofs_x = 1, .ofs_y = 0},
    {.bitmap_index = 2614, .adv_w = 368, .box_w = 21, .box_h = 23, .ofs_x = 1, .ofs_y = -5},
    {.bitmap_index = 2856, .adv_w = 236, .box_w = 15, .box_h = 18, .ofs_x = 0, .ofs_y = 0},
    {.bitmap_index = 2991, .adv_w = 254, .box_w = 13, .box_h = 18, .ofs_x = 2, .ofs_y = 0},
    {.bitmap_index = 3108, .adv_w = 247, .box_w = 14, .box_h = 18, .ofs_x = 1, .ofs_y = 0},
    {.bitmap_index = 3234, .adv_w = 266, .box_w = 14, .box_h = 18, .ofs_x = 2, .ofs_y = 0},
    {.bitmap_index = 3360, .adv_w = 228, .box_w = 11, .box_h = 18, .ofs_x = 2, .ofs_y = 0},
    {.bitmap_index = 3459, .adv_w = 215, .box_w = 11, .box_h = 18, .ofs_x = 2, .ofs_y = 0},
    {.bitmap_index = 3558, .adv_w = 267, .box_w = 14, .box_h = 18, .ofs_x = 1, .ofs_y = 0},
    {.bitmap_index = 3684, .adv_w = 282, .box_w = 14, .box_h = 18, .ofs_x = 2, .ofs_y = 0},
    {.bitmap_index = 3810, .adv_w = 116, .box_w = 3, .box_h = 18, .ofs_x = 2, .ofs_y = 0},
    {.bitmap_index = 3837, .adv_w = 208, .box_w = 11, .box_h = 18, .ofs_x = 0, .ofs_y = 0},
    {.bitmap_index = 3936, .adv_w = 252, .box_w = 14, .box_h = 18, .ofs_x = 2, .ofs_y = 0},
    {.bitmap_index = 4062, .adv_w = 212, .box_w = 11, .box_h = 18, .ofs_x = 2, .ofs_y = 0},
    {.bitmap_index = 4161, .adv_w = 315, .box_w = 16, .box_h = 18, .ofs_x = 2, .ofs_y = 0},
    {.bitmap_index = 4305, .adv_w = 280, .box_w = 14, .box_h = 18, .ofs_x = 2, .ofs_y = 0},
    {.bitmap_index = 4431, .adv_w = 287, .box_w = 16, .box_h = 18, .ofs_x = 1, .ofs_y = 0},
    {.bitmap_index = 4575, .adv_w = 246, .box_w = 13, .box_h = 18, .ofs_x = 2, .ofs_y = 0},
    {.bitmap_index = 4692, .adv_w = 287, .box_w = 17, .box_h = 23, .ofs_x = 1, .ofs_y = -5},
    {.bitmap_index = 4888, .adv_w = 248, .box_w = 13, .box_h = 18, .ofs_x = 2, .ofs_y = 0},
    {.bitmap_index = 5005, .adv_w = 231, .box_w = 13, .box_h = 18, .ofs_x = 1, .ofs_y = 0},
    {.bitmap_index = 5122, .adv_w = 232, .box_w = 14, .box_h = 18, .ofs_x = 0, .ofs_y = 0},
    {.bitmap_index = 5248, .adv_w = 279, .box_w = 14, .box_h = 18, .ofs_x = 2, .ofs_y = 0},
    {.bitmap_index = 5374, .adv_w = 225, .box_w = 16, .box_h = 18, .ofs_x = -1, .ofs_y = 0},
    {.bitmap_index = 5518, .adv_w = 340, .box_w = 21, .box_h = 18, .ofs_x = 0, .ofs_y = 0},
    {.bitmap_index = 5707, .adv_w = 225, .box_w = 14, .box_h = 18, .ofs_x = 0, .ofs_y = 0},
    {.bitmap_index = 5833, .adv_w = 208, .box_w = 15, .box_h = 18, .ofs_x = -1, .ofs_y = 0},
    {.bitmap_index = 5968, .adv_w = 232, .box_w = 13, .box_h = 18, .ofs_x = 1, .ofs_y = 0},
    {.bitmap_index = 6085, .adv_w = 133, .box_w = 6, .box_h = 25, .ofs_x = 2, .ofs_y = -5},
    {.bitmap_index = 6160, .adv_w = 150, .box_w = 10, .box_h = 25, .ofs_x = 0, .ofs_y = -5},
    {.bitmap_index = 6285, .adv_w = 133, .box_w = 6, .box_h = 25, .ofs_x = 0, .ofs_y = -5},
    {.bitmap_index = 6360, .adv_w = 216, .box_w = 11, .box_h = 11, .ofs_x = 1, .ofs_y = 8},
    {.bitmap_index = 6421, .adv_w = 215, .box_w = 14, .box_h = 2, .ofs_x = 0, .ofs_y = -4},
    {.bitmap_index = 6435, .adv_w = 234, .box_w = 6, .box_h = 7, .ofs_x = 3, .ofs_y = 16},
    {.bitmap_index = 6456, .adv_w = 218, .box_w = 11, .box_h = 14, .ofs_x = 1, .ofs_y = 0},
    {.bitmap_index = 6533, .adv_w = 240, .box_w = 12, .box_h = 20, .ofs_x = 2, .ofs_y = 0},
    {.bitmap_index = 6653, .adv_w = 197, .box_w = 11, .box_h = 14, .ofs_x = 1, .ofs_y = 0},
    {.bitmap_index = 6730, .adv_w = 240, .box_w = 12, .box_h = 20, .ofs_x = 1, .ofs_y = 0},
    {.bitmap_index = 6850, .adv_w = 215, .box_w = 12, .box_h = 14, .ofs_x = 1, .ofs_y = 0},
    {.bitmap_index = 6934, .adv_w = 129, .box_w = 9, .box_h = 21, .ofs_x = 0, .ofs_y = 0},
    {.bitmap_index = 7029, .adv_w = 219, .box_w = 13, .box_h = 20, .ofs_x = 1, .ofs_y = -6},
    {.bitmap_index = 7159, .adv_w = 236, .box_w = 11, .box_h = 20, .ofs_x = 2, .ofs_y = 0},
    {.bitmap_index = 7269, .adv_w = 108, .box_w = 4, .box_h = 20, .ofs_x = 1, .ofs_y = 0},
    {.bitmap_index = 7309, .adv_w = 108, .box_w = 7, .box_h = 26, .ofs_x = -2, .ofs_y = -6},
    {.bitmap_index = 7400, .adv_w = 216, .box_w = 12, .box_h = 20, .ofs_x = 2, .ofs_y = 0},
    {.bitmap_index = 7520, .adv_w = 112, .box_w = 5, .box_h = 20, .ofs_x = 2, .ofs_y = 0},
    {.bitmap_index = 7570, .adv_w = 359, .box_w = 19, .box_h = 14, .ofs_x = 2, .ofs_y = 0},
    {.bitmap_index = 7703, .adv_w = 237, .box_w = 11, .box_h = 14, .ofs_x = 2, .ofs_y = 0},
    {.bitmap_index = 7780, .adv_w = 234, .box_w = 13, .box_h = 14, .ofs_x = 1, .ofs_y = 0},
    {.bitmap_index = 7871, .adv_w = 240, .box_w = 12, .box_h = 20, .ofs_x = 2, .ofs_y = -6},
    {.bitmap_index = 7991, .adv_w = 240, .box_w = 12, .box_h = 20, .ofs_x = 1, .ofs_y = -6},
    {.bitmap_index = 8111, .adv_w = 153, .box_w = 8, .box_h = 14, .ofs_x = 2, .ofs_y = 0},
    {.bitmap_index = 8167, .adv_w = 182, .box_w = 11, .box_h = 14, .ofs_x = 0, .ofs_y = 0},
    {.bitmap_index = 8244, .adv_w = 149, .box_w = 9, .box_h = 18, .ofs_x = 0, .ofs_y = 0},
    {.bitmap_index = 8325, .adv_w = 236, .box_w = 12, .box_h = 14, .ofs_x = 1, .ofs_y = 0},
    {.bitmap_index = 8409, .adv_w = 205, .box_w = 13, .box_h = 14, .ofs_x = 0, .ofs_y = 0},
    {.bitmap_index = 8500, .adv_w = 313, .box_w = 19, .box_h = 14, .ofs_x = 0, .ofs_y = 0},
    {.bitmap_index = 8633, .adv_w = 197, .box_w = 12, .box_h = 14, .ofs_x = 0, .ofs_y = 0},
    {.bitmap_index = 8717, .adv_w = 205, .box_w = 13, .box_h = 20, .ofs_x = 0, .ofs_y = -6},
    {.bitmap_index = 8847, .adv_w = 185, .box_w = 11, .box_h = 14, .ofs_x = 0, .ofs_y = 0},
    {.bitmap_index = 8924, .adv_w = 133, .box_w = 8, .box_h = 25, .ofs_x = 0, .ofs_y = -5},
    {.bitmap_index = 9024, .adv_w = 106, .box_w = 3, .box_h = 28, .ofs_x = 2, .ofs_y = -7},
    {.bitmap_index = 9066, .adv_w = 133, .box_w = 8, .box_h = 25, .ofs_x = 0, .ofs_y = -5},
    {.bitmap_index = 9166, .adv_w = 216, .box_w = 13, .box_h = 4, .ofs_x = 0, .ofs_y = 7},
    {.bitmap_index = 9192, .adv_w = 384, .box_w = 9, .box_h = 8, .ofs_x = 0, .ofs_y = -2},
    {.bitmap_index = 9228, .adv_w = 384, .box_w = 23, .box_h = 3, .ofs_x = 1, .ofs_y = 8},
    {.bitmap_index = 9263, .adv_w = 384, .box_w = 23, .box_h = 22, .ofs_x = 0, .ofs_y = -1},
    {.bitmap_index = 9516, .adv_w = 384, .box_w = 22, .box_h = 21, .ofs_x = 1, .ofs_y = -2},
    {.bitmap_index = 9747, .adv_w = 384, .box_w = 23, .box_h = 21, .ofs_x = 1, .ofs_y = -2},
    {.bitmap_index = 9989, .adv_w = 384, .box_w = 21, .box_h = 23, .ofs_x = 1, .ofs_y = -3},
    {.bitmap_index = 10231, .adv_w = 384, .box_w = 20, .box_h = 23, .ofs_x = 2, .ofs_y = -2},
    {.bitmap_index = 10461, .adv_w = 384, .box_w = 20, .box_h = 23, .ofs_x = 2, .ofs_y = -2},
    {.bitmap_index = 10691, .adv_w = 384, .box_w = 22, .box_h = 23, .ofs_x = 1, .ofs_y = -2},
    {.bitmap_index = 10944, .adv_w = 384, .box_w = 24, .box_h = 23, .ofs_x = 0, .ofs_y = -2},
    {.bitmap_index = 11220, .adv_w = 384, .box_w = 22, .box_h = 22, .ofs_x = 1, .ofs_y = -3},
    {.bitmap_index = 11462, .adv_w = 384, .box_w = 23, .box_h = 24, .ofs_x = 0, .ofs_y = -3},
    {.bitmap_index = 11738, .adv_w = 384, .box_w = 24, .box_h = 24, .ofs_x = 0, .ofs_y = -3},
    {.bitmap_index = 12026, .adv_w = 384, .box_w = 24, .box_h = 24, .ofs_x = 0, .ofs_y = -3},
    {.bitmap_index = 12314, .adv_w = 384, .box_w = 24, .box_h = 24, .ofs_x = 0, .ofs_y = -3},
    {.bitmap_index = 12602, .adv_w = 384, .box_w = 24, .box_h = 22, .ofs_x = 0, .ofs_y = -2},
    {.bitmap_index = 12866, .adv_w = 384, .box_w = 24, .box_h = 24, .ofs_x = 0, .ofs_y = -3},
    {.bitmap_index = 13154, .adv_w = 384, .box_w = 24, .box_h = 24, .ofs_x = 0, .ofs_y = -3},
    {.bitmap_index = 13442, .adv_w = 384, .box_w = 24, .box_h = 23, .ofs_x = 0, .ofs_y = -2},
    {.bitmap_index = 13718, .adv_w = 384, .box_w = 24, .box_h = 23, .ofs_x = 0, .ofs_y = -2},
    {.bitmap_index = 13994, .adv_w = 384, .box_w = 24, .box_h = 22, .ofs_x = 0, .ofs_y = -2},
    {.bitmap_index = 14258, .adv_w = 384, .box_w = 24, .box_h = 23, .ofs_x = 0, .ofs_y = -2},
    {.bitmap_index = 14534, .adv_w = 384, .box_w = 24, .box_h = 24, .ofs_x = 0, .ofs_y = -3},
    {.bitmap_index = 14822, .adv_w = 384, .box_w = 24, .box_h = 23, .ofs_x = 0, .ofs_y = -2},
    {.bitmap_index = 15098, .adv_w = 384, .box_w = 23, .box_h = 24, .ofs_x = 0, .ofs_y = -3},
    {.bitmap_index = 15374, .adv_w = 384, .box_w = 24, .box_h = 23, .ofs_x = 0, .ofs_y = -2},
    {.bitmap_index = 15650, .adv_w = 384, .box_w = 24, .box_h = 22, .ofs_x = 0, .ofs_y = -2},
    {.bitmap_index = 15914, .adv_w = 384, .box_w = 23, .box_h = 23, .ofs_x = 1, .ofs_y = -2},
    {.bitmap_index = 16179, .adv_w = 384, .box_w = 23, .box_h = 23, .ofs_x = 0, .ofs_y = -3},
    {.bitmap_index = 16444, .adv_w = 384, .box_w = 20, .box_h = 23, .ofs_x = 2, .ofs_y = -2},
    {.bitmap_index = 16674, .adv_w = 384, .box_w = 24, .box_h = 23, .ofs_x = 0, .ofs_y = -3},
    {.bitmap_index = 16950, .adv_w = 384, .box_w = 22, .box_h = 23, .ofs_x = 1, .ofs_y = -3},
    {.bitmap_index = 17203, .adv_w = 384, .box_w = 23, .box_h = 24, .ofs_x = 0, .ofs_y = -3},
    {.bitmap_index = 17479, .adv_w = 384, .box_w = 22, .box_h = 23, .ofs_x = 0, .ofs_y = -3},
    {.bitmap_index = 17732, .adv_w = 384, .box_w = 21, .box_h = 22, .ofs_x = 1, .ofs_y = -2},
    {.bitmap_index = 17963, .adv_w = 384, .box_w = 22, .box_h = 24, .ofs_x = 1, .ofs_y = -3},
    {.bitmap_index = 18227, .adv_w = 384, .box_w = 22, .box_h = 24, .ofs_x = 1, .ofs_y = -3},
    {.bitmap_index = 18491, .adv_w = 384, .box_w = 21, .box_h = 22, .ofs_x = 1, .ofs_y = -2},
    {.bitmap_index = 18722, .adv_w = 384, .box_w = 22, .box_h = 24, .ofs_x = 1, .ofs_y = -3},
    {.bitmap_index = 18986, .adv_w = 384, .box_w = 22, .box_h = 23, .ofs_x = 1, .ofs_y = -3},
    {.bitmap_index = 19239, .adv_w = 384, .box_w = 22, .box_h = 23, .ofs_x = 1, .ofs_y = -3},
    {.bitmap_index = 19492, .adv_w = 384, .box_w = 24, .box_h = 22, .ofs_x = 0, .ofs_y = -2},
    {.bitmap_index = 19756, .adv_w = 384, .box_w = 23, .box_h = 22, .ofs_x = 0, .ofs_y = -3},
    {.bitmap_index = 20009, .adv_w = 384, .box_w = 24, .box_h = 23, .ofs_x = 0, .ofs_y = -2},
    {.bitmap_index = 20285, .adv_w = 384, .box_w = 24, .box_h = 24, .ofs_x = 0, .ofs_y = -3},
    {.bitmap_index = 20573, .adv_w = 384, .box_w = 23, .box_h = 23, .ofs_x = 1, .ofs_y = -3},
    {.bitmap_index = 20838, .adv_w = 384, .box_w = 23, .box_h = 24, .ofs_x = 1, .ofs_y = -3},
    {.bitmap_index = 21114, .adv_w = 384, .box_w = 20, .box_h = 20, .ofs_x = 2, .ofs_y = -2},
    {.bitmap_index = 21314, .adv_w = 384, .box_w = 22, .box_h = 23, .ofs_x = 1, .ofs_y = -3},
    {.bitmap_index = 21567, .adv_w = 384, .box_w = 21, .box_h = 21, .ofs_x = 2, .ofs_y = -2},
    {.bitmap_index = 21788, .adv_w = 384, .box_w = 20, .box_h = 23, .ofs_x = 1, .ofs_y = -2},
    {.bitmap_index = 22018, .adv_w = 384, .box_w = 24, .box_h = 24, .ofs_x = 0, .ofs_y = -3},
    {.bitmap_index = 22306, .adv_w = 384, .box_w = 24, .box_h = 23, .ofs_x = 0, .ofs_y = -2},
    {.bitmap_index = 22582, .adv_w = 384, .box_w = 22, .box_h = 22, .ofs_x = 0, .ofs_y = -2},
    {.bitmap_index = 22824, .adv_w = 384, .box_w = 22, .box_h = 23, .ofs_x = 1, .ofs_y = -2},
    {.bitmap_index = 23077, .adv_w = 384, .box_w = 24, .box_h = 23, .ofs_x = 0, .ofs_y = -3},
    {.bitmap_index = 23353, .adv_w = 384, .box_w = 22, .box_h = 22, .ofs_x = 1, .ofs_y = -2},
    {.bitmap_index = 23595, .adv_w = 384, .box_w = 22, .box_h = 22, .ofs_x = 1, .ofs_y = -2},
    {.bitmap_index = 23837, .adv_w = 384, .box_w = 22, .box_h = 23, .ofs_x = 1, .ofs_y = -2},
    {.bitmap_index = 24090, .adv_w = 384, .box_w = 24, .box_h = 23, .ofs_x = 0, .ofs_y = -2},
    {.bitmap_index = 24366, .adv_w = 384, .box_w = 23, .box_h = 24, .ofs_x = 0, .ofs_y = -3},
    {.bitmap_index = 24642, .adv_w = 384, .box_w = 23, .box_h = 22, .ofs_x = 0, .ofs_y = -1},
    {.bitmap_index = 24895, .adv_w = 384, .box_w = 24, .box_h = 24, .ofs_x = 0, .ofs_y = -3},
    {.bitmap_index = 25183, .adv_w = 384, .box_w = 24, .box_h = 24, .ofs_x = 0, .ofs_y = -3},
    {.bitmap_index = 25471, .adv_w = 384, .box_w = 23, .box_h = 23, .ofs_x = 0, .ofs_y = -2},
    {.bitmap_index = 25736, .adv_w = 384, .box_w = 23, .box_h = 23, .ofs_x = 1, .ofs_y = -3},
    {.bitmap_index = 26001, .adv_w = 384, .box_w = 24, .box_h = 24, .ofs_x = 0, .ofs_y = -3},
    {.bitmap_index = 26289, .adv_w = 384, .box_w = 24, .box_h = 24, .ofs_x = 0, .ofs_y = -3},
    {.bitmap_index = 26577, .adv_w = 384, .box_w = 23, .box_h = 24, .ofs_x = 0, .ofs_y = -3},
    {.bitmap_index = 26853, .adv_w = 384, .box_w = 23, .box_h = 24, .ofs_x = 1, .ofs_y = -3},
    {.bitmap_index = 27129, .adv_w = 384, .box_w = 24, .box_h = 24, .ofs_x = 0, .ofs_y = -3},
    {.bitmap_index = 27417, .adv_w = 384, .box_w = 22, .box_h = 23, .ofs_x = 1, .ofs_y = -2},
    {.bitmap_index = 27670, .adv_w = 384, .box_w = 24, .box_h = 23, .ofs_x = 0, .ofs_y = -3},
    {.bitmap_index = 27946, .adv_w = 384, .box_w = 20, .box_h = 22, .ofs_x = 2, .ofs_y = -2},
    {.bitmap_index = 28166, .adv_w = 384, .box_w = 24, .box_h = 24, .ofs_x = 0, .ofs_y = -3},
    {.bitmap_index = 28454, .adv_w = 384, .box_w = 23, .box_h = 23, .ofs_x = 0, .ofs_y = -3},
    {.bitmap_index = 28719, .adv_w = 384, .box_w = 22, .box_h = 21, .ofs_x = 2, .ofs_y = -2},
    {.bitmap_index = 28950, .adv_w = 384, .box_w = 22, .box_h = 21, .ofs_x = 1, .ofs_y = -2},
    {.bitmap_index = 29181, .adv_w = 384, .box_w = 22, .box_h = 24, .ofs_x = 1, .ofs_y = -3},
    {.bitmap_index = 29445, .adv_w = 384, .box_w = 24, .box_h = 24, .ofs_x = 0, .ofs_y = -3},
    {.bitmap_index = 29733, .adv_w = 384, .box_w = 24, .box_h = 24, .ofs_x = 0, .ofs_y = -3},
    {.bitmap_index = 30021, .adv_w = 384, .box_w = 24, .box_h = 23, .ofs_x = 0, .ofs_y = -2},
    {.bitmap_index = 30297, .adv_w = 384, .box_w = 24, .box_h = 24, .ofs_x = 0, .ofs_y = -3},
    {.bitmap_index = 30585, .adv_w = 384, .box_w = 22, .box_h = 22, .ofs_x = 1, .ofs_y = -3},
    {.bitmap_index = 30827, .adv_w = 384, .box_w = 23, .box_h = 23, .ofs_x = 1, .ofs_y = -2},
    {.bitmap_index = 31092, .adv_w = 384, .box_w = 20, .box_h = 23, .ofs_x = 2, .ofs_y = -2},
    {.bitmap_index = 31322, .adv_w = 384, .box_w = 24, .box_h = 24, .ofs_x = 0, .ofs_y = -3},
    {.bitmap_index = 31610, .adv_w = 384, .box_w = 23, .box_h = 23, .ofs_x = 1, .ofs_y = -2},
    {.bitmap_index = 31875, .adv_w = 384, .box_w = 23, .box_h = 23, .ofs_x = 1, .ofs_y = -2},
    {.bitmap_index = 32140, .adv_w = 384, .box_w = 24, .box_h = 23, .ofs_x = 0, .ofs_y = -3},
    {.bitmap_index = 32416, .adv_w = 384, .box_w = 23, .box_h = 23, .ofs_x = 1, .ofs_y = -3},
    {.bitmap_index = 32681, .adv_w = 384, .box_w = 23, .box_h = 23, .ofs_x = 0, .ofs_y = -3},
    {.bitmap_index = 32946, .adv_w = 384, .box_w = 24, .box_h = 24, .ofs_x = 0, .ofs_y = -3},
    {.bitmap_index = 33234, .adv_w = 384, .box_w = 24, .box_h = 24, .ofs_x = 0, .ofs_y = -3},
    {.bitmap_index = 33522, .adv_w = 384, .box_w = 24, .box_h = 24, .ofs_x = 0, .ofs_y = -3},
    {.bitmap_index = 33810, .adv_w = 384, .box_w = 24, .box_h = 24, .ofs_x = 0, .ofs_y = -3},
    {.bitmap_index = 34098, .adv_w = 384, .box_w = 24, .box_h = 24, .ofs_x = 0, .ofs_y = -3},
    {.bitmap_index = 34386, .adv_w = 384, .box_w = 24, .box_h = 23, .ofs_x = 0, .ofs_y = -3},
    {.bitmap_index = 34662, .adv_w = 384, .box_w = 24, .box_h = 23, .ofs_x = 0, .ofs_y = -2},
    {.bitmap_index = 34938, .adv_w = 384, .box_w = 23, .box_h = 24, .ofs_x = 0, .ofs_y = -3},
    {.bitmap_index = 35214, .adv_w = 384, .box_w = 23, .box_h = 24, .ofs_x = 0, .ofs_y = -3},
    {.bitmap_index = 35490, .adv_w = 384, .box_w = 24, .box_h = 24, .ofs_x = 0, .ofs_y = -3},
    {.bitmap_index = 35778, .adv_w = 384, .box_w = 24, .box_h = 23, .ofs_x = 0, .ofs_y = -3},
    {.bitmap_index = 36054, .adv_w = 384, .box_w = 23, .box_h = 23, .ofs_x = 1, .ofs_y = -2},
    {.bitmap_index = 36319, .adv_w = 384, .box_w = 24, .box_h = 24, .ofs_x = 0, .ofs_y = -3},
    {.bitmap_index = 36607, .adv_w = 384, .box_w = 23, .box_h = 24, .ofs_x = 1, .ofs_y = -3},
    {.bitmap_index = 36883, .adv_w = 384, .box_w = 23, .box_h = 23, .ofs_x = 1, .ofs_y = -2},
    {.bitmap_index = 37148, .adv_w = 384, .box_w = 24, .box_h = 24, .ofs_x = 0, .ofs_y = -3},
    {.bitmap_index = 37436, .adv_w = 384, .box_w = 24, .box_h = 24, .ofs_x = 0, .ofs_y = -3},
    {.bitmap_index = 37724, .adv_w = 384, .box_w = 24, .box_h = 23, .ofs_x = 0, .ofs_y = -2},
    {.bitmap_index = 38000, .adv_w = 384, .box_w = 24, .box_h = 23, .ofs_x = 0, .ofs_y = -2},
    {.bitmap_index = 38276, .adv_w = 384, .box_w = 23, .box_h = 24, .ofs_x = 1, .ofs_y = -3},
    {.bitmap_index = 38552, .adv_w = 384, .box_w = 24, .box_h = 23, .ofs_x = 0, .ofs_y = -2},
    {.bitmap_index = 38828, .adv_w = 384, .box_w = 23, .box_h = 22, .ofs_x = 1, .ofs_y = -3},
    {.bitmap_index = 39081, .adv_w = 384, .box_w = 22, .box_h = 23, .ofs_x = 1, .ofs_y = -3},
    {.bitmap_index = 39334, .adv_w = 384, .box_w = 22, .box_h = 23, .ofs_x = 1, .ofs_y = -3},
    {.bitmap_index = 39587, .adv_w = 384, .box_w = 24, .box_h = 21, .ofs_x = 0, .ofs_y = -1},
    {.bitmap_index = 39839, .adv_w = 384, .box_w = 22, .box_h = 24, .ofs_x = 1, .ofs_y = -3},
    {.bitmap_index = 40103, .adv_w = 384, .box_w = 22, .box_h = 22, .ofs_x = 1, .ofs_y = -2},
    {.bitmap_index = 40345, .adv_w = 384, .box_w = 22, .box_h = 23, .ofs_x = 1, .ofs_y = -2},
    {.bitmap_index = 40598, .adv_w = 384, .box_w = 24, .box_h = 22, .ofs_x = 0, .ofs_y = -2},
    {.bitmap_index = 40862, .adv_w = 384, .box_w = 24, .box_h = 23, .ofs_x = 0, .ofs_y = -2},
    {.bitmap_index = 41138, .adv_w = 384, .box_w = 24, .box_h = 24, .ofs_x = 0, .ofs_y = -3},
    {.bitmap_index = 41426, .adv_w = 384, .box_w = 24, .box_h = 22, .ofs_x = 0, .ofs_y = -2},
    {.bitmap_index = 41690, .adv_w = 384, .box_w = 23, .box_h = 24, .ofs_x = 0, .ofs_y = -3},
    {.bitmap_index = 41966, .adv_w = 384, .box_w = 24, .box_h = 24, .ofs_x = 0, .ofs_y = -3},
    {.bitmap_index = 42254, .adv_w = 384, .box_w = 24, .box_h = 23, .ofs_x = 0, .ofs_y = -2},
    {.bitmap_index = 42530, .adv_w = 384, .box_w = 23, .box_h = 23, .ofs_x = 0, .ofs_y = -2},
    {.bitmap_index = 42795, .adv_w = 384, .box_w = 24, .box_h = 24, .ofs_x = 0, .ofs_y = -3},
    {.bitmap_index = 43083, .adv_w = 384, .box_w = 24, .box_h = 24, .ofs_x = 0, .ofs_y = -3},
    {.bitmap_index = 43371, .adv_w = 384, .box_w = 24, .box_h = 23, .ofs_x = 0, .ofs_y = -2},
    {.bitmap_index = 43647, .adv_w = 384, .box_w = 24, .box_h = 23, .ofs_x = 0, .ofs_y = -3},
    {.bitmap_index = 43923, .adv_w = 384, .box_w = 24, .box_h = 24, .ofs_x = 0, .ofs_y = -3},
    {.bitmap_index = 44211, .adv_w = 384, .box_w = 23, .box_h = 21, .ofs_x = 0, .ofs_y = -1},
    {.bitmap_index = 44453, .adv_w = 384, .box_w = 23, .box_h = 20, .ofs_x = 0, .ofs_y = -1},
    {.bitmap_index = 44683, .adv_w = 384, .box_w = 23, .box_h = 23, .ofs_x = 1, .ofs_y = -2},
    {.bitmap_index = 44948, .adv_w = 384, .box_w = 22, .box_h = 23, .ofs_x = 1, .ofs_y = -2},
    {.bitmap_index = 45201, .adv_w = 384, .box_w = 24, .box_h = 23, .ofs_x = 0, .ofs_y = -3},
    {.bitmap_index = 45477, .adv_w = 384, .box_w = 23, .box_h = 23, .ofs_x = 0, .ofs_y = -2},
    {.bitmap_index = 45742, .adv_w = 384, .box_w = 23, .box_h = 23, .ofs_x = 1, .ofs_y = -3},
    {.bitmap_index = 46007, .adv_w = 384, .box_w = 23, .box_h = 23, .ofs_x = 0, .ofs_y = -3},
    {.bitmap_index = 46272, .adv_w = 384, .box_w = 24, .box_h = 22, .ofs_x = 0, .ofs_y = -2},
    {.bitmap_index = 46536, .adv_w = 384, .box_w = 23, .box_h = 24, .ofs_x = 0, .ofs_y = -3},
    {.bitmap_index = 46812, .adv_w = 384, .box_w = 24, .box_h = 23, .ofs_x = 0, .ofs_y = -2},
    {.bitmap_index = 47088, .adv_w = 384, .box_w = 22, .box_h = 23, .ofs_x = 1, .ofs_y = -2},
    {.bitmap_index = 47341, .adv_w = 384, .box_w = 22, .box_h = 23, .ofs_x = 1, .ofs_y = -2},
    {.bitmap_index = 47594, .adv_w = 384, .box_w = 22, .box_h = 22, .ofs_x = 0, .ofs_y = -3},
    {.bitmap_index = 47836, .adv_w = 384, .box_w = 22, .box_h = 23, .ofs_x = 2, .ofs_y = -2},
    {.bitmap_index = 48089, .adv_w = 384, .box_w = 23, .box_h = 23, .ofs_x = 1, .ofs_y = -3},
    {.bitmap_index = 48354, .adv_w = 384, .box_w = 21, .box_h = 24, .ofs_x = 2, .ofs_y = -3},
    {.bitmap_index = 48606, .adv_w = 384, .box_w = 22, .box_h = 23, .ofs_x = 0, .ofs_y = -2},
    {.bitmap_index = 48859, .adv_w = 384, .box_w = 24, .box_h = 23, .ofs_x = 0, .ofs_y = -3},
    {.bitmap_index = 49135, .adv_w = 384, .box_w = 23, .box_h = 24, .ofs_x = 0, .ofs_y = -3},
    {.bitmap_index = 49411, .adv_w = 384, .box_w = 23, .box_h = 22, .ofs_x = 0, .ofs_y = -3},
    {.bitmap_index = 49664, .adv_w = 384, .box_w = 24, .box_h = 24, .ofs_x = 0, .ofs_y = -3},
    {.bitmap_index = 49952, .adv_w = 384, .box_w = 23, .box_h = 22, .ofs_x = 0, .ofs_y = -2},
    {.bitmap_index = 50205, .adv_w = 384, .box_w = 22, .box_h = 22, .ofs_x = 1, .ofs_y = -1},
    {.bitmap_index = 50447, .adv_w = 384, .box_w = 23, .box_h = 24, .ofs_x = 0, .ofs_y = -3},
    {.bitmap_index = 50723, .adv_w = 384, .box_w = 23, .box_h = 24, .ofs_x = 0, .ofs_y = -3},
    {.bitmap_index = 50999, .adv_w = 384, .box_w = 23, .box_h = 24, .ofs_x = 0, .ofs_y = -3},
    {.bitmap_index = 51275, .adv_w = 384, .box_w = 22, .box_h = 23, .ofs_x = 1, .ofs_y = -3},
    {.bitmap_index = 51528, .adv_w = 384, .box_w = 24, .box_h = 24, .ofs_x = 0, .ofs_y = -3},
    {.bitmap_index = 51816, .adv_w = 384, .box_w = 23, .box_h = 22, .ofs_x = 0, .ofs_y = -1},
    {.bitmap_index = 52069, .adv_w = 384, .box_w = 24, .box_h = 24, .ofs_x = 0, .ofs_y = -3},
    {.bitmap_index = 52357, .adv_w = 384, .box_w = 23, .box_h = 24, .ofs_x = 0, .ofs_y = -3},
    {.bitmap_index = 52633, .adv_w = 384, .box_w = 22, .box_h = 22, .ofs_x = 1, .ofs_y = -2},
    {.bitmap_index = 52875, .adv_w = 384, .box_w = 24, .box_h = 23, .ofs_x = 0, .ofs_y = -3},
    {.bitmap_index = 53151, .adv_w = 384, .box_w = 23, .box_h = 23, .ofs_x = 1, .ofs_y = -2},
    {.bitmap_index = 53416, .adv_w = 384, .box_w = 18, .box_h = 24, .ofs_x = 3, .ofs_y = -3},
    {.bitmap_index = 53632, .adv_w = 384, .box_w = 24, .box_h = 23, .ofs_x = 0, .ofs_y = -2},
    {.bitmap_index = 53908, .adv_w = 384, .box_w = 24, .box_h = 23, .ofs_x = 0, .ofs_y = -2},
    {.bitmap_index = 54184, .adv_w = 384, .box_w = 22, .box_h = 22, .ofs_x = 1, .ofs_y = -3},
    {.bitmap_index = 54426, .adv_w = 384, .box_w = 24, .box_h = 24, .ofs_x = 0, .ofs_y = -3},
    {.bitmap_index = 54714, .adv_w = 384, .box_w = 22, .box_h = 24, .ofs_x = 1, .ofs_y = -3},
    {.bitmap_index = 54978, .adv_w = 384, .box_w = 23, .box_h = 22, .ofs_x = 1, .ofs_y = -2},
    {.bitmap_index = 55231, .adv_w = 384, .box_w = 23, .box_h = 23, .ofs_x = 1, .ofs_y = -2},
    {.bitmap_index = 55496, .adv_w = 384, .box_w = 23, .box_h = 22, .ofs_x = 0, .ofs_y = -2},
    {.bitmap_index = 55749, .adv_w = 384, .box_w = 23, .box_h = 22, .ofs_x = 0, .ofs_y = -2},
    {.bitmap_index = 56002, .adv_w = 384, .box_w = 24, .box_h = 23, .ofs_x = 0, .ofs_y = -2},
    {.bitmap_index = 56278, .adv_w = 384, .box_w = 24, .box_h = 24, .ofs_x = 0, .ofs_y = -3},
    {.bitmap_index = 56566, .adv_w = 384, .box_w = 23, .box_h = 23, .ofs_x = 0, .ofs_y = -2},
    {.bitmap_index = 56831, .adv_w = 384, .box_w = 23, .box_h = 23, .ofs_x = 0, .ofs_y = -3},
    {.bitmap_index = 57096, .adv_w = 384, .box_w = 24, .box_h = 23, .ofs_x = 0, .ofs_y = -3},
    {.bitmap_index = 57372, .adv_w = 384, .box_w = 23, .box_h = 24, .ofs_x = 1, .ofs_y = -3},
    {.bitmap_index = 57648, .adv_w = 384, .box_w = 23, .box_h = 23, .ofs_x = 1, .ofs_y = -2},
    {.bitmap_index = 57913, .adv_w = 384, .box_w = 23, .box_h = 24, .ofs_x = 0, .ofs_y = -3},
    {.bitmap_index = 58189, .adv_w = 384, .box_w = 22, .box_h = 23, .ofs_x = 0, .ofs_y = -3},
    {.bitmap_index = 58442, .adv_w = 384, .box_w = 24, .box_h = 22, .ofs_x = 0, .ofs_y = -2},
    {.bitmap_index = 58706, .adv_w = 384, .box_w = 24, .box_h = 24, .ofs_x = 0, .ofs_y = -3},
    {.bitmap_index = 58994, .adv_w = 384, .box_w = 24, .box_h = 24, .ofs_x = 0, .ofs_y = -3},
    {.bitmap_index = 59282, .adv_w = 384, .box_w = 22, .box_h = 24, .ofs_x = 1, .ofs_y = -3},
    {.bitmap_index = 59546, .adv_w = 384, .box_w = 23, .box_h = 23, .ofs_x = 0, .ofs_y = -2},
    {.bitmap_index = 59811, .adv_w = 384, .box_w = 23, .box_h = 22, .ofs_x = 0, .ofs_y = -2},
    {.bitmap_index = 60064, .adv_w = 384, .box_w = 24, .box_h = 23, .ofs_x = 0, .ofs_y = -3},
    {.bitmap_index = 60340, .adv_w = 384, .box_w = 24, .box_h = 24, .ofs_x = 0, .ofs_y = -3},
    {.bitmap_index = 60628, .adv_w = 384, .box_w = 23, .box_h = 23, .ofs_x = 0, .ofs_y = -2},
    {.bitmap_index = 60893, .adv_w = 384, .box_w = 24, .box_h = 24, .ofs_x = 0, .ofs_y = -3},
    {.bitmap_index = 61181, .adv_w = 384, .box_w = 24, .box_h = 24, .ofs_x = 0, .ofs_y = -3},
    {.bitmap_index = 61469, .adv_w = 384, .box_w = 24, .box_h = 24, .ofs_x = 0, .ofs_y = -3},
    {.bitmap_index = 61757, .adv_w = 384, .box_w = 23, .box_h = 23, .ofs_x = 1, .ofs_y = -3},
    {.bitmap_index = 62022, .adv_w = 384, .box_w = 24, .box_h = 23, .ofs_x = 0, .ofs_y = -2},
    {.bitmap_index = 62298, .adv_w = 384, .box_w = 22, .box_h = 21, .ofs_x = 1, .ofs_y = -1},
    {.bitmap_index = 62529, .adv_w = 384, .box_w = 23, .box_h = 22, .ofs_x = 1, .ofs_y = -2},
    {.bitmap_index = 62782, .adv_w = 384, .box_w = 24, .box_h = 23, .ofs_x = 0, .ofs_y = -2},
    {.bitmap_index = 63058, .adv_w = 384, .box_w = 23, .box_h = 24, .ofs_x = 1, .ofs_y = -3},
    {.bitmap_index = 63334, .adv_w = 384, .box_w = 21, .box_h = 22, .ofs_x = 2, .ofs_y = -2},
    {.bitmap_index = 63565, .adv_w = 384, .box_w = 21, .box_h = 23, .ofs_x = 2, .ofs_y = -3},
    {.bitmap_index = 63807, .adv_w = 384, .box_w = 22, .box_h = 24, .ofs_x = 2, .ofs_y = -3},
    {.bitmap_index = 64071, .adv_w = 384, .box_w = 23, .box_h = 23, .ofs_x = 1, .ofs_y = -3},
    {.bitmap_index = 64336, .adv_w = 384, .box_w = 24, .box_h = 23, .ofs_x = 0, .ofs_y = -2},
    {.bitmap_index = 64612, .adv_w = 384, .box_w = 22, .box_h = 23, .ofs_x = 1, .ofs_y = -3},
    {.bitmap_index = 64865, .adv_w = 384, .box_w = 23, .box_h = 23, .ofs_x = 1, .ofs_y = -2},
    {.bitmap_index = 65130, .adv_w = 384, .box_w = 22, .box_h = 21, .ofs_x = 1, .ofs_y = -2},
    {.bitmap_index = 65361, .adv_w = 384, .box_w = 22, .box_h = 22, .ofs_x = 1, .ofs_y = -3},
    {.bitmap_index = 65603, .adv_w = 384, .box_w = 23, .box_h = 24, .ofs_x = 0, .ofs_y = -3},
    {.bitmap_index = 65879, .adv_w = 384, .box_w = 24, .box_h = 24, .ofs_x = 0, .ofs_y = -3},
    {.bitmap_index = 66167, .adv_w = 384, .box_w = 24, .box_h = 23, .ofs_x = 0, .ofs_y = -2},
    {.bitmap_index = 66443, .adv_w = 384, .box_w = 7, .box_h = 24, .ofs_x = 16, .ofs_y = -3},
    {.bitmap_index = 66527, .adv_w = 384, .box_w = 7, .box_h = 24, .ofs_x = 1, .ofs_y = -3},
    {.bitmap_index = 66611, .adv_w = 384, .box_w = 6, .box_h = 9, .ofs_x = 3, .ofs_y = -3},
    {.bitmap_index = 66638, .adv_w = 384, .box_w = 4, .box_h = 17, .ofs_x = 4, .ofs_y = -1},
    {.bitmap_index = 66672, .adv_w = 384, .box_w = 6, .box_h = 20, .ofs_x = 3, .ofs_y = -4}
};

/*---------------------
 *  CHARACTER MAPPING
 *--------------------*/

static const uint16_t unicode_list_1[] = {
    0x0, 0x1dfe, 0x1e08, 0x1e09, 0x1e0b, 0x1e0c, 0x1e2b, 0x1e30,
    0x1e39, 0x1e3c, 0x1e8c, 0x1ea2, 0x1ec3, 0x1ee2, 0x1ee8, 0x1ef4,
    0x1efb, 0x1f18, 0x1f44, 0x1f51, 0x1f5a, 0x1f7d, 0x1f99, 0x1fdb,
    0x1fdf, 0x1fec, 0x2163, 0x2171, 0x2175, 0x21f8, 0x2205, 0x2215,
    0x221b, 0x2229, 0x222e, 0x2234, 0x224b, 0x226d, 0x2299, 0x229d,
    0x22a6, 0x2314, 0x239d, 0x23c0, 0x23cf, 0x23d4, 0x23d6, 0x23e1,
    0x23f5, 0x240a, 0x240b, 0x240c, 0x247b, 0x248a, 0x24cb, 0x2666,
    0x26dc, 0x26f8, 0x2726, 0x272e, 0x2745, 0x2789, 0x2905, 0x290b,
    0x2914, 0x2925, 0x292f, 0x29c9, 0x2b56, 0x2b8a, 0x2b98, 0x2bf7,
    0x2c0d, 0x2c18, 0x2c2f, 0x2c4d, 0x2df0, 0x2e71, 0x2e74, 0x2e8d,
    0x2e92, 0x2ea4, 0x2ef8, 0x2efe, 0x2f0d, 0x2f51, 0x2f83, 0x2fff,
    0x306d, 0x320e, 0x3214, 0x324b, 0x32e7, 0x32ff, 0x3307, 0x3360,
    0x336c, 0x33a3, 0x33a5, 0x33a6, 0x33cd, 0x33ce, 0x3476, 0x34cb,
    0x352d, 0x3534, 0x3537, 0x3546, 0x356e, 0x3572, 0x3585, 0x35ab,
    0x35ae, 0x35de, 0x35f4, 0x360c, 0x363c, 0x3680, 0x36fe, 0x3707,
    0x3728, 0x372a, 0x3738, 0x3763, 0x3782, 0x3798, 0x37e3, 0x3835,
    0x3836, 0x383a, 0x38be, 0x3a1f, 0x3b1f, 0x3b60, 0x3b61, 0x3b62,
    0x3b63, 0x3c40, 0x3cd3, 0x3d3f, 0x3d49, 0x3edf, 0x4246, 0x42b4,
    0x4385, 0x451d, 0x4526, 0x4533, 0x454a, 0x4682, 0x47e3, 0x486a,
    0x486c, 0x4938, 0x497f, 0x4a09, 0x4ac9, 0x4b24, 0x4b47, 0x4b7e,
    0x4cf9, 0x4edd, 0x4ee5, 0x4ee8, 0x4eeb, 0x4f6c, 0x5052, 0x50fb,
    0x51e8, 0x51f2, 0x5866, 0x597f, 0x59e4, 0x59fe, 0x5b9f, 0x5ba2,
    0x5bbc, 0x5bc4, 0x5bd3, 0x5bdb, 0x5be0, 0x5beb, 0x5bed, 0x5bf2,
    0x5bf5, 0x5bf9, 0x5c01, 0x5d23, 0x5d83, 0x5ded, 0x5ea9, 0x5fcf,
    0x5fd9, 0x5fda, 0x5fdc, 0x5fee, 0x5fff, 0x6007, 0x601d, 0x614b,
    0x61c5, 0x61cb, 0x61cd, 0x64ff, 0x6517, 0x65eb, 0x65f2, 0x661d,
    0x6692, 0x66c4, 0x66fe, 0x675c, 0x6760, 0x6873, 0x688f, 0x689b,
    0x6ed6, 0xcf06, 0xcf07, 0xcf0a, 0xcf18, 0xcf19
};

/*Collect the unicode lists and glyph_id offsets*/
static const lv_font_fmt_txt_cmap_t cmaps[] =
{
    {
        .range_start = 32, .range_length = 95, .glyph_id_start = 1,
        .unicode_list = NULL, .glyph_id_ofs_list = NULL, .list_length = 0, .type = LV_FONT_FMT_TXT_CMAP_FORMAT0_TINY
    },
    {
        .range_start = 12290, .range_length = 53018, .glyph_id_start = 96,
        .unicode_list = unicode_list_1, .glyph_id_ofs_list = NULL, .list_length = 222, .type = LV_FONT_FMT_TXT_CMAP_SPARSE_TINY
    }
};

/*-----------------
 *    KERNING
 *----------------*/


/*Map glyph_ids to kern left classes*/
static const uint8_t kern_left_class_mapping[] =
{
    0, 0, 0, 1, 0, 0, 0, 0,
    1, 2, 0, 0, 0, 3, 4, 3,
    5, 0, 0, 0, 0, 0, 0, 0,
    0, 0, 0, 6, 6, 0, 0, 0,
    0, 0, 7, 8, 9, 10, 11, 12,
    13, 0, 0, 14, 15, 16, 0, 0,
    10, 17, 10, 18, 19, 20, 21, 22,
    23, 24, 25, 26, 2, 27, 0, 0,
    0, 0, 28, 29, 30, 0, 31, 32,
    33, 34, 0, 0, 35, 36, 34, 34,
    29, 29, 37, 38, 39, 40, 37, 41,
    42, 43, 44, 45, 2, 0, 0, 0,
    0, 0, 0, 0, 0, 0, 0, 0,
    0, 0, 0, 0, 0, 0, 0, 0,
    0, 0, 0, 0, 0, 0, 0, 0,
    0, 0, 0, 0, 0, 0, 0, 0,
    0, 0, 0, 0, 0, 0, 0, 0,
    0, 0, 0, 0, 0, 0, 0, 0,
    0, 0, 0, 0, 0, 0, 0, 0,
    0, 0, 0, 0, 0, 0, 0, 0,
    0, 0, 0, 0, 0, 0, 0, 0,
    0, 0, 0, 0, 0, 0, 0, 0,
    0, 0, 0, 0, 0, 0, 0, 0,
    0, 0, 0, 0, 0, 0, 0, 0,
    0, 0, 0, 0, 0, 0, 0, 0,
    0, 0, 0, 0, 0, 0, 0, 0,
    0, 0, 0, 0, 0, 0, 0, 0,
    0, 0, 0, 0, 0, 0, 0, 0,
    0, 0, 0, 0, 0, 0, 0, 0,
    0, 0, 0, 0, 0, 0, 0, 0,
    0, 0, 0, 0, 0, 0, 0, 0,
    0, 0, 0, 0, 0, 0, 0, 0,
    0, 0, 0, 0, 0, 0, 0, 0,
    0, 0, 0, 0, 0, 0, 0, 0,
    0, 0, 0, 0, 0, 0, 0, 0,
    0, 0, 0, 0, 0, 0, 0, 0,
    0, 0, 0, 0, 0, 0, 0, 0,
    0, 0, 0, 0, 0, 0, 0, 0,
    0, 0, 0, 0, 0, 0, 0, 0,
    0, 0, 0, 0, 0, 0
};

/*Map glyph_ids to kern right classes*/
static const uint8_t kern_right_class_mapping[] =
{
    0, 0, 1, 2, 0, 0, 0, 0,
    2, 0, 3, 4, 0, 5, 6, 7,
    8, 0, 0, 0, 0, 0, 0, 0,
    0, 0, 0, 9, 10, 0, 0, 0,
    11, 0, 12, 0, 13, 0, 0, 0,
    13, 0, 0, 14, 0, 0, 0, 0,
    13, 0, 13, 0, 15, 16, 17, 18,
    19, 20, 21, 22, 0, 23, 3, 0,
    0, 0, 24, 0, 25, 25, 25, 26,
    27, 0, 28, 29, 0, 0, 30, 30,
    25, 30, 25, 30, 31, 32, 33, 34,
    35, 36, 37, 38, 0, 0, 3, 0,
    0, 0, 0, 0, 0, 0, 0, 0,
    0, 0, 0, 0, 0, 0, 0, 0,
    0, 0, 0, 0, 0, 0, 0, 0,
    0, 0, 0, 0, 0, 0, 0, 0,
    0, 0, 0, 0, 0, 0, 0, 0,
    0, 0, 0, 0, 0, 0, 0, 0,
    0, 0, 0, 0, 0, 0, 0, 0,
    0, 0, 0, 0, 0, 0, 0, 0,
    0, 0, 0, 0, 0, 0, 0, 0,
    0, 0, 0, 0, 0, 0, 0, 0,
    0, 0, 0, 0, 0, 0, 0, 0,
    0, 0, 0, 0, 0, 0, 0, 0,
    0, 0, 0, 0, 0, 0, 0, 0,
    0, 0, 0, 0, 0, 0, 0, 0,
    0, 0, 0, 0, 0, 0, 0, 0,
    0, 0, 0, 0, 0, 0, 0, 0,
    0, 0, 0, 0, 0, 0, 0, 0,
    0, 0, 0, 0, 0, 0, 0, 0,
    0, 0, 0, 0, 0, 0, 0, 0,
    0, 0, 0, 0, 0, 0, 0, 0,
    0, 0, 0, 0, 0, 0, 0, 0,
    0, 0, 0, 0, 0, 0, 0, 0,
    0, 0, 0, 0, 0, 0, 0, 0,
    0, 0, 0, 0, 0, 0, 0, 0,
    0, 0, 0, 0, 0, 0, 0, 0,
    0, 0, 0, 0, 0, 0, 0, 0,
    0, 0, 0, 0, 0, 0, 0, 0,
    0, 0, 0, 0, 0, 0
};

/*Kern values between classes*/
static const int8_t kern_class_values[] =
{
    0, 0, 0, 0, -52, 0, -52, 0,
    0, 0, 0, -26, 0, -43, -6, 0,
    0, 0, 0, -6, 0, 0, 0, 0,
    -13, 0, 0, 0, 0, 0, -10, 0,
    0, 0, 0, 0, 0, 0, 0, 0,
    0, 0, 0, 0, 0, 0, 0, 0,
    0, 0, 0, -10, 0, 0, 0, 0,
    0, 0, 0, 0, 0, 0, 0, 0,
    0, 0, 33, 0, 0, 0, 0, 0,
    0, 0, 0, 0, 0, -44, 0, -62,
    0, 0, 0, 0, 0, 0, 0, 0,
    0, 0, 0, -44, -10, -30, -16, 0,
    -42, 0, 0, 0, -6, 0, 0, 0,
    11, 0, 0, -22, 0, -17, -12, 0,
    -10, 0, 0, 0, 0, 0, 0, 0,
    0, 0, 0, 0, 0, 0, 0, -10,
    -9, -22, 0, -10, -6, -13, -30, -10,
    0, 0, 0, 0, 0, 0, 0, 0,
    0, -12, 0, -5, 0, -8, 0, 0,
    0, 0, 0, 0, 0, 0, 0, 0,
    0, 0, 0, -18, -6, -36, 0, 0,
    0, 0, 0, 0, 0, 0, 0, -12,
    -14, 0, -6, 8, 8, 0, 0, 2,
    -10, 0, 0, 0, 0, 0, 0, 0,
    0, -22, 0, 0, 0, 0, 0, 0,
    0, 0, 0, 0, 0, 0, 0, 0,
    0, 0, -13, 0, 0, 0, 0, 0,
    0, 0, 0, 0, 0, 0, 0, 0,
    0, 0, 0, 0, 0, -26, 0, -41,
    0, 0, 0, 0, 0, 0, -13, -3,
    -6, 0, 0, -26, -8, -8, 0, 0,
    -8, -4, -18, 8, 0, -6, 0, 0,
    0, 0, 8, -8, -3, -5, -3, -3,
    -5, 0, 0, 0, 0, -14, 0, 0,
    0, 0, 0, 0, 0, 0, 0, -8,
    -8, -12, 0, -4, -3, -3, -8, -3,
    0, 0, 0, 0, 0, 0, 0, 0,
    0, -6, 0, -8, -6, -6, -8, 0,
    0, 0, 0, 0, 0, -13, 0, 0,
    0, 0, 0, 0, -14, -6, -12, -8,
    -8, -3, -3, -3, -5, -6, 0, 0,
    0, 0, -10, 0, 0, 0, 0, -13,
    -6, -8, -6, 0, -8, 0, 0, 0,
    0, -15, 0, 0, 0, -8, 0, 0,
    0, -6, 0, -20, 0, -12, 0, -6,
    -3, -9, -10, -10, 0, 0, 0, 0,
    0, 0, 0, 0, 0, 0, 0, 0,
    0, -8, 0, -5, 0, 0, 0, 0,
    0, 0, 0, 0, 0, 0, 0, 0,
    0, 0, 0, 0, 0, 0, 0, 0,
    0, 0, 0, 0, -6, 0, 0, 0,
    0, 0, 0, -12, 0, -6, 0, -16,
    -6, 0, 0, 0, 0, 0, -34, 0,
    -34, -30, 0, 0, 0, -18, -6, -61,
    -10, 0, 0, 0, 0, -12, -2, -14,
    0, -16, -8, 0, -12, 0, 0, -10,
    -10, -6, -8, -11, -9, -13, -9, -15,
    0, 0, 0, -13, 0, 0, 0, 0,
    0, 0, 0, -3, 0, 0, 0, -10,
    0, -8, -3, 0, 0, 0, 0, 0,
    0, 0, 0, 0, 0, 0, 0, 0,
    0, 0, 0, 0, 0, 0, 0, 0,
    0, 0, -12, 0, -12, 0, 0, 0,
    0, 0, 0, -18, 0, 0, 0, 0,
    0, 0, 0, 0, 0, 0, 0, 0,
    0, 0, 0, 0, 0, 0, 0, 0,
    0, 0, 0, 0, 0, -12, 0, -18,
    0, -15, 0, 0, 0, 0, -5, -6,
    -10, 0, -6, -9, -8, -7, -6, 0,
    -9, 0, 0, 0, -5, 0, 0, 0,
    -6, 0, 0, -17, -7, -11, -9, -9,
    -11, -8, 0, -42, 0, -68, 0, -24,
    0, 0, 0, 0, -17, -1, -13, 0,
    -12, -53, -14, -34, -26, 0, -35, 0,
    -36, 0, -7, -8, -3, 0, 0, 0,
    0, -10, -6, -18, -16, 0, -18, 0,
    0, 0, 0, 0, -51, -15, -51, -33,
    0, 0, 0, -23, 0, -64, -6, -11,
    0, 0, 0, -12, -6, -35, 0, -19,
    -12, 0, -13, 0, 0, 0, -6, 0,
    0, 0, 0, -8, 0, -10, 0, 0,
    0, -6, 0, -13, 0, 0, 0, 0,
    0, -3, 0, -8, -7, -8, 0, 0,
    1, -3, -3, -6, 0, -3, -6, 0,
    -3, 0, 0, 0, 0, 0, 0, 0,
    0, -5, 0, -5, 0, 0, 0, -8,
    0, 5, 0, 0, 0, 0, 0, 0,
    0, -8, -8, -10, 0, 0, 0, 0,
    -8, 0, 0, 0, 0, 0, 0, 0,
    0, 0, 0, -12, 0, 0, 0, 0,
    0, -2, 0, 0, 0, 0, -48, -32,
    -48, -39, -10, -10, 0, -18, -12, -56,
    -18, 0, 0, 0, 0, -10, -8, -24,
    0, -32, -30, -8, -32, 0, 0, -21,
    -26, -8, -21, -15, -15, -18, -15, -33,
    0, 0, 0, 0, -9, 0, -9, -14,
    0, 0, 0, -8, 0, -22, -6, 0,
    0, -3, 0, -6, -8, 0, 0, -3,
    0, 0, -6, 0, 0, 0, -3, 0,
    0, 0, 0, -5, 0, 0, 0, 0,
    0, 0, -30, -10, -30, -20, 0, 0,
    0, -8, -6, -32, -6, 0, -6, 3,
    0, 0, 0, -10, 0, -12, -8, 0,
    -10, 0, 0, -10, -7, 0, -14, -5,
    -5, -8, -5, -12, 0, 0, 0, 0,
    -16, -6, -16, -13, 0, 0, 0, 0,
    -3, -29, -3, 0, 0, 0, 0, 0,
    0, -3, 0, -8, 0, 0, -6, 0,
    0, 0, 0, 0, 0, 0, 0, 0,
    0, -6, 0, -6, 0, -6, 0, -13,
    0, 0, 0, 0, 0, -1, -9, -3,
    -8, -10, -6, 0, 0, 0, 0, 0,
    0, -6, -5, -9, 0, 0, 0, 0,
    0, -9, -6, -9, -8, -6, -9, -8,
    0, 0, 0, 0, -41, -30, -41, -29,
    -13, -13, -5, -8, -8, -44, -8, -8,
    -6, 0, 0, 0, 0, -12, 0, -31,
    -20, 0, -27, 0, 0, -18, -20, -15,
    -16, -8, -12, -16, -8, -22, 0, 0,
    0, 0, 0, -15, 0, 0, 0, 0,
    0, -3, -10, -15, -14, 0, -6, -3,
    -3, 0, -8, -8, 0, -8, -10, -10,
    -7, 0, 0, 0, 0, -8, -11, -8,
    -8, -12, -8, 0, 0, 0, 0, 0,
    0, 0, 0, 0, 0, 0, 0, 0,
    0, 0, 0, -37, -13, -23, -13, 0,
    -32, 0, 0, 0, 0, 0, 12, 0,
    30, 0, 0, 0, 0, -10, -6, 0,
    4, 0, 0, 0, 0, -24, 0, 0,
    0, 0, 0, 0, -8, 0, 0, 0,
    0, -12, 0, -9, -3, 0, -12, 0,
    0, 0, 0, 0, 0, 0, 0, 0,
    0, -8, 0, 0, 0, 0, 0, 0,
    0, -13, 0, -12, -6, 1, -6, 0,
    0, 0, -8, 0, 0, 0, 0, -26,
    0, -10, 0, -3, -22, 0, -13, -7,
    0, -2, 0, 0, 0, 0, -2, -9,
    0, -3, -3, -9, -3, -4, 0, 0,
    0, 0, 0, -11, 0, 0, 0, 0,
    0, 0, 0, 0, 0, -10, 0, -8,
    0, 0, -12, 0, 0, -6, -11, 0,
    -6, 0, 0, 0, 0, -6, 0, 1,
    1, 1, 1, 0, 0, 0, 0, -15,
    0, 3, 0, 0, 0, 0, -5, 0,
    0, -10, -10, -12, 0, -9, -6, 0,
    -13, 0, -11, -7, 0, -2, -6, 0,
    0, 0, 0, -6, 0, 0, 0, -5,
    0, -2, 4, 16, 19, 0, -24, -8,
    -24, -7, 0, 0, 10, 0, 0, 0,
    0, 18, 0, 27, 18, 12, 23, 0,
    24, -10, -6, 0, -7, 0, -6, 0,
    -3, 0, 0, 4, 0, -3, 0, -8,
    0, 0, 4, -15, 0, 0, 0, 18,
    0, 0, -17, 0, 0, 0, 0, -13,
    0, 0, 0, 0, -8, 0, 0, -8,
    -8, 0, 0, 0, 15, 0, 0, 0,
    0, -3, -3, 0, 5, -8, 0, 0,
    0, -15, 0, 0, 0, 0, 0, 0,
    -5, 0, 0, 0, 0, -12, 0, -6,
    0, 0, -9, 0, 0, 0, 0, 0,
    0, 0, 0, 0, 0, 0, 0, 0,
    0, 0, 0, 0, 0, 0, 0, -10,
    4, -22, 4, 0, 4, 4, -8, 0,
    0, 0, 0, -17, 0, 0, 0, 0,
    -7, 0, 0, -6, -10, 0, -6, 0,
    -6, 0, 0, -12, -8, 0, 0, -5,
    0, -5, 0, 0, 0, 0, 0, 0,
    0, 0, 0, 0, 0, 0, 0, 0,
    0, 0, 0, 0, 0, 0, 0, 0,
    0, 0, 0, 0, 0, 0, 2, 0,
    0, 0, 0, 0, 0, 0, 0, 0,
    0, 0, 0, -11, 0, 0, 0, 0,
    0, 0, 0, 0, 0, 0, 0, -10,
    0, -8, 0, 0, -14, 0, 0, 0,
    0, 0, 0, 0, 0, 0, 0, 0,
    0, 0, 0, 0, 0, 0, 0, 0,
    0, 0, -27, -12, -27, -15, 8, 8,
    0, -8, 0, -26, 0, 0, 0, 0,
    0, 0, 0, -6, 4, -12, -6, 0,
    -6, 0, 0, 0, -3, 0, 0, 8,
    6, 0, 8, -3, 0, 0, 0, -22,
    0, 3, 0, 0, 0, 0, -7, 0,
    0, 0, 0, -12, 0, -6, 0, 0,
    -10, 0, 0, 0, 0, 0, 0, 0,
    0, 0, 0, -10, 0, 0, 0, 0,
    0, 0, 0, 0, 0, 0, 0, -13,
    0, 2, 4, 4, -13, 0, 0, 0,
    0, -8, 0, 0, 0, 0, -3, 0,
    0, -10, -8, 0, -6, 0, 0, 0,
    -6, -10, 0, 0, 0, -8, 0, 0,
    0, 0, 0, -6, -17, -5, -17, -10,
    0, 0, 0, -6, 0, -18, 0, -10,
    0, -5, 0, 0, -8, -6, 0, -10,
    -3, 0, 0, 0, -6, 0, 0, 0,
    0, 0, 0, 0, 0, -12, 0, 0,
    0, -6, -20, 0, -20, -4, 0, 0,
    0, -3, 0, -14, 0, -12, 0, -5,
    0, -8, -12, 0, 0, -6, -3, 0,
    0, 0, -6, 0, 0, 0, 0, 0,
    0, 0, 0, -9, -8, 0, 0, -11,
    2, -8, -5, 0, 0, 2, 0, 0,
    -6, 0, -3, -15, 0, -8, 0, -6,
    -16, 0, 0, -6, -9, 0, 0, 0,
    0, 0, 0, -12, 0, 0, 0, 0,
    -3, 0, 0, 0, 0, 0, -17, 0,
    -17, -7, 0, 0, 0, 0, 0, -18,
    0, -10, 0, -3, 0, -3, -5, 0,
    0, -10, -3, 0, 0, 0, -6, 0,
    0, 0, 0, 0, 0, -8, 0, -12,
    0, 0, 0, 0, 0, -9, 0, 0,
    0, 0, 0, 0, 0, 0, 0, -12,
    0, 0, 0, 0, -13, 0, 0, -11,
    -6, 0, -3, 0, 0, 0, 0, 0,
    -6, -3, 0, 0, -3, 0
};


/*Collect the kern class' data in one place*/
static const lv_font_fmt_txt_kern_classes_t kern_classes =
{
    .class_pair_values   = kern_class_values,
    .left_class_mapping  = kern_left_class_mapping,
    .right_class_mapping = kern_right_class_mapping,
    .left_class_cnt      = 45,
    .right_class_cnt     = 38,
};

/*--------------------
 *  ALL CUSTOM DATA
 *--------------------*/

#if LVGL_VERSION_MAJOR == 8
/*Store all the custom data of the font*/
static  lv_font_fmt_txt_glyph_cache_t cache;
#endif

#if LVGL_VERSION_MAJOR >= 8
static const lv_font_fmt_txt_dsc_t font_dsc = {
#else
static lv_font_fmt_txt_dsc_t font_dsc = {
#endif
    .glyph_bitmap = glyph_bitmap,
    .glyph_dsc = glyph_dsc,
    .cmaps = cmaps,
    .kern_dsc = &kern_classes,
    .kern_scale = 16,
    .cmap_num = 2,
    .bpp = 4,
    .kern_classes = 1,
    .bitmap_format = 0,
#if LVGL_VERSION_MAJOR == 8
    .cache = &cache
#endif
};



/*-----------------
 *  PUBLIC FONT
 *----------------*/

/*Initialize a public general font descriptor*/
#if LVGL_VERSION_MAJOR >= 8
const lv_font_t panel_cjk_24 = {
#else
lv_font_t panel_cjk_24 = {
#endif
    .get_glyph_dsc = lv_font_get_glyph_dsc_fmt_txt,    /*Function pointer to get glyph's data*/
    .get_glyph_bitmap = lv_font_get_bitmap_fmt_txt,    /*Function pointer to get glyph's bitmap*/
    .line_height = 30,          /*The maximum line height required by the font*/
    .base_line = 7,             /*Baseline measured from the bottom of the line*/
#if !(LVGL_VERSION_MAJOR == 6 && LVGL_VERSION_MINOR == 0)
    .subpx = LV_FONT_SUBPX_NONE,
#endif
#if LV_VERSION_CHECK(7, 4, 0) || LVGL_VERSION_MAJOR >= 8
    .underline_position = -3,
    .underline_thickness = 1,
#endif
    .dsc = &font_dsc,          /*The custom font data. Will be accessed by `get_glyph_bitmap/dsc` */
#if LV_VERSION_CHECK(8, 2, 0) || LVGL_VERSION_MAJOR >= 9
    .fallback = NULL,
#endif
    .user_data = NULL,
};



#endif /*#if PANEL_CJK_24*/

