ISO-10303-21;
HEADER;
/* Generated by software containing ST-Developer
 * from STEP Tools, Inc. (www.steptools.com) 
 */

FILE_DESCRIPTION(
/* description */ (''),
/* implementation_level */ '2;1');

FILE_NAME(
/* name */ 'R6_main_shell.step',
/* time_stamp */ '2026-10-04T07:57:08+08:00',
/* author */ (''),
/* organization */ (''),
/* preprocessor_version */ 'ST-DEVELOPER v20.2',
/* originating_system */ 'Autodesk Translation Framework v15.15.0.0',
/* authorisation */ '');

FILE_SCHEMA (('AUTOMOTIVE_DESIGN { 1 0 10303 214 3 1 1 }'));
ENDSEC;

DATA;
#10=MECHANICAL_DESIGN_GEOMETRIC_PRESENTATION_REPRESENTATION('',(#13),#5249);
#11=SHAPE_REPRESENTATION_RELATIONSHIP('SRR','None',#5256,#12);
#12=ADVANCED_BREP_SHAPE_REPRESENTATION('',(#14),#5248);
#13=STYLED_ITEM('',(#5265),#14);
#14=MANIFOLD_SOLID_BREP('PRINT R5 main shell',#3289);
#15=CYLINDRICAL_SURFACE('',#3421,4.2);
#16=CYLINDRICAL_SURFACE('',#3422,1.45);
#17=CYLINDRICAL_SURFACE('',#3426,3.);
#18=CYLINDRICAL_SURFACE('',#3431,4.2);
#19=CYLINDRICAL_SURFACE('',#3432,1.45);
#20=CYLINDRICAL_SURFACE('',#3436,3.);
#21=CYLINDRICAL_SURFACE('',#3449,2.);
#22=CYLINDRICAL_SURFACE('',#3453,2.);
#23=CYLINDRICAL_SURFACE('',#3473,2.);
#24=CYLINDRICAL_SURFACE('',#3476,2.);
#25=CYLINDRICAL_SURFACE('',#3479,3.);
#26=CYLINDRICAL_SURFACE('',#3484,1.45);
#27=CYLINDRICAL_SURFACE('',#3486,4.2);
#28=CYLINDRICAL_SURFACE('',#3491,3.);
#29=CYLINDRICAL_SURFACE('',#3495,1.45);
#30=CYLINDRICAL_SURFACE('',#3497,4.2);
#31=CIRCLE('',#3338,4.2);
#32=CIRCLE('',#3339,4.2);
#33=CIRCLE('',#3340,4.2);
#34=CIRCLE('',#3341,4.2);
#35=CIRCLE('',#3419,4.2);
#36=CIRCLE('',#3420,1.45);
#37=CIRCLE('',#3423,1.45);
#38=CIRCLE('',#3425,3.);
#39=CIRCLE('',#3427,3.);
#40=CIRCLE('',#3429,4.2);
#41=CIRCLE('',#3430,1.45);
#42=CIRCLE('',#3433,1.45);
#43=CIRCLE('',#3435,3.);
#44=CIRCLE('',#3437,3.);
#45=CIRCLE('',#3450,2.);
#46=CIRCLE('',#3451,2.);
#47=CIRCLE('',#3454,2.);
#48=CIRCLE('',#3455,2.);
#49=CIRCLE('',#3458,2.);
#50=CIRCLE('',#3459,2.);
#51=CIRCLE('',#3474,2.);
#52=CIRCLE('',#3477,2.);
#53=CIRCLE('',#3480,3.);
#54=CIRCLE('',#3481,3.);
#55=CIRCLE('',#3483,1.45);
#56=CIRCLE('',#3485,1.45);
#57=CIRCLE('',#3487,4.2);
#58=CIRCLE('',#3490,3.);
#59=CIRCLE('',#3492,3.);
#60=CIRCLE('',#3494,1.45);
#61=CIRCLE('',#3496,1.45);
#62=CIRCLE('',#3498,4.2);
#63=FACE_BOUND('',#278,.T.);
#64=FACE_BOUND('',#295,.T.);
#65=FACE_BOUND('',#296,.T.);
#66=FACE_BOUND('',#297,.T.);
#67=FACE_BOUND('',#298,.T.);
#68=FACE_BOUND('',#299,.T.);
#69=FACE_BOUND('',#300,.T.);
#70=FACE_BOUND('',#301,.T.);
#71=FACE_BOUND('',#302,.T.);
#72=FACE_BOUND('',#380,.T.);
#73=FACE_BOUND('',#384,.T.);
#74=FACE_BOUND('',#387,.T.);
#75=FACE_BOUND('',#391,.T.);
#76=FACE_BOUND('',#404,.T.);
#77=FACE_BOUND('',#405,.T.);
#78=FACE_BOUND('',#411,.T.);
#79=FACE_BOUND('',#416,.T.);
#80=FACE_BOUND('',#428,.T.);
#81=FACE_BOUND('',#429,.T.);
#82=FACE_BOUND('',#432,.T.);
#83=FACE_BOUND('',#433,.T.);
#84=FACE_BOUND('',#434,.T.);
#85=FACE_BOUND('',#437,.T.);
#86=FACE_BOUND('',#441,.T.);
#87=FACE_BOUND('',#443,.T.);
#88=FACE_BOUND('',#444,.T.);
#89=FACE_BOUND('',#445,.T.);
#90=FACE_BOUND('',#446,.T.);
#91=FACE_BOUND('',#447,.T.);
#92=FACE_BOUND('',#450,.T.);
#93=FACE_BOUND('',#454,.T.);
#94=FACE_OUTER_BOUND('',#259,.T.);
#95=FACE_OUTER_BOUND('',#260,.T.);
#96=FACE_OUTER_BOUND('',#261,.T.);
#97=FACE_OUTER_BOUND('',#262,.T.);
#98=FACE_OUTER_BOUND('',#263,.T.);
#99=FACE_OUTER_BOUND('',#264,.T.);
#100=FACE_OUTER_BOUND('',#265,.T.);
#101=FACE_OUTER_BOUND('',#266,.T.);
#102=FACE_OUTER_BOUND('',#267,.T.);
#103=FACE_OUTER_BOUND('',#268,.T.);
#104=FACE_OUTER_BOUND('',#269,.T.);
#105=FACE_OUTER_BOUND('',#270,.T.);
#106=FACE_OUTER_BOUND('',#271,.T.);
#107=FACE_OUTER_BOUND('',#272,.T.);
#108=FACE_OUTER_BOUND('',#273,.T.);
#109=FACE_OUTER_BOUND('',#274,.T.);
#110=FACE_OUTER_BOUND('',#275,.T.);
#111=FACE_OUTER_BOUND('',#276,.T.);
#112=FACE_OUTER_BOUND('',#277,.T.);
#113=FACE_OUTER_BOUND('',#279,.T.);
#114=FACE_OUTER_BOUND('',#280,.T.);
#115=FACE_OUTER_BOUND('',#281,.T.);
#116=FACE_OUTER_BOUND('',#282,.T.);
#117=FACE_OUTER_BOUND('',#283,.T.);
#118=FACE_OUTER_BOUND('',#284,.T.);
#119=FACE_OUTER_BOUND('',#285,.T.);
#120=FACE_OUTER_BOUND('',#286,.T.);
#121=FACE_OUTER_BOUND('',#287,.T.);
#122=FACE_OUTER_BOUND('',#288,.T.);
#123=FACE_OUTER_BOUND('',#289,.T.);
#124=FACE_OUTER_BOUND('',#290,.T.);
#125=FACE_OUTER_BOUND('',#291,.T.);
#126=FACE_OUTER_BOUND('',#292,.T.);
#127=FACE_OUTER_BOUND('',#293,.T.);
#128=FACE_OUTER_BOUND('',#294,.T.);
#129=FACE_OUTER_BOUND('',#303,.T.);
#130=FACE_OUTER_BOUND('',#304,.T.);
#131=FACE_OUTER_BOUND('',#305,.T.);
#132=FACE_OUTER_BOUND('',#306,.T.);
#133=FACE_OUTER_BOUND('',#307,.T.);
#134=FACE_OUTER_BOUND('',#308,.T.);
#135=FACE_OUTER_BOUND('',#309,.T.);
#136=FACE_OUTER_BOUND('',#310,.T.);
#137=FACE_OUTER_BOUND('',#311,.T.);
#138=FACE_OUTER_BOUND('',#312,.T.);
#139=FACE_OUTER_BOUND('',#313,.T.);
#140=FACE_OUTER_BOUND('',#314,.T.);
#141=FACE_OUTER_BOUND('',#315,.T.);
#142=FACE_OUTER_BOUND('',#316,.T.);
#143=FACE_OUTER_BOUND('',#317,.T.);
#144=FACE_OUTER_BOUND('',#318,.T.);
#145=FACE_OUTER_BOUND('',#319,.T.);
#146=FACE_OUTER_BOUND('',#320,.T.);
#147=FACE_OUTER_BOUND('',#321,.T.);
#148=FACE_OUTER_BOUND('',#322,.T.);
#149=FACE_OUTER_BOUND('',#323,.T.);
#150=FACE_OUTER_BOUND('',#324,.T.);
#151=FACE_OUTER_BOUND('',#325,.T.);
#152=FACE_OUTER_BOUND('',#326,.T.);
#153=FACE_OUTER_BOUND('',#327,.T.);
#154=FACE_OUTER_BOUND('',#328,.T.);
#155=FACE_OUTER_BOUND('',#329,.T.);
#156=FACE_OUTER_BOUND('',#330,.T.);
#157=FACE_OUTER_BOUND('',#331,.T.);
#158=FACE_OUTER_BOUND('',#332,.T.);
#159=FACE_OUTER_BOUND('',#333,.T.);
#160=FACE_OUTER_BOUND('',#334,.T.);
#161=FACE_OUTER_BOUND('',#335,.T.);
#162=FACE_OUTER_BOUND('',#336,.T.);
#163=FACE_OUTER_BOUND('',#337,.T.);
#164=FACE_OUTER_BOUND('',#338,.T.);
#165=FACE_OUTER_BOUND('',#339,.T.);
#166=FACE_OUTER_BOUND('',#340,.T.);
#167=FACE_OUTER_BOUND('',#341,.T.);
#168=FACE_OUTER_BOUND('',#342,.T.);
#169=FACE_OUTER_BOUND('',#343,.T.);
#170=FACE_OUTER_BOUND('',#344,.T.);
#171=FACE_OUTER_BOUND('',#345,.T.);
#172=FACE_OUTER_BOUND('',#346,.T.);
#173=FACE_OUTER_BOUND('',#347,.T.);
#174=FACE_OUTER_BOUND('',#348,.T.);
#175=FACE_OUTER_BOUND('',#349,.T.);
#176=FACE_OUTER_BOUND('',#350,.T.);
#177=FACE_OUTER_BOUND('',#351,.T.);
#178=FACE_OUTER_BOUND('',#352,.T.);
#179=FACE_OUTER_BOUND('',#353,.T.);
#180=FACE_OUTER_BOUND('',#354,.T.);
#181=FACE_OUTER_BOUND('',#355,.T.);
#182=FACE_OUTER_BOUND('',#356,.T.);
#183=FACE_OUTER_BOUND('',#357,.T.);
#184=FACE_OUTER_BOUND('',#358,.T.);
#185=FACE_OUTER_BOUND('',#359,.T.);
#186=FACE_OUTER_BOUND('',#360,.T.);
#187=FACE_OUTER_BOUND('',#361,.T.);
#188=FACE_OUTER_BOUND('',#362,.T.);
#189=FACE_OUTER_BOUND('',#363,.T.);
#190=FACE_OUTER_BOUND('',#364,.T.);
#191=FACE_OUTER_BOUND('',#365,.T.);
#192=FACE_OUTER_BOUND('',#366,.T.);
#193=FACE_OUTER_BOUND('',#367,.T.);
#194=FACE_OUTER_BOUND('',#368,.T.);
#195=FACE_OUTER_BOUND('',#369,.T.);
#196=FACE_OUTER_BOUND('',#370,.T.);
#197=FACE_OUTER_BOUND('',#371,.T.);
#198=FACE_OUTER_BOUND('',#372,.T.);
#199=FACE_OUTER_BOUND('',#373,.T.);
#200=FACE_OUTER_BOUND('',#374,.T.);
#201=FACE_OUTER_BOUND('',#375,.T.);
#202=FACE_OUTER_BOUND('',#376,.T.);
#203=FACE_OUTER_BOUND('',#377,.T.);
#204=FACE_OUTER_BOUND('',#378,.T.);
#205=FACE_OUTER_BOUND('',#379,.T.);
#206=FACE_OUTER_BOUND('',#381,.T.);
#207=FACE_OUTER_BOUND('',#382,.T.);
#208=FACE_OUTER_BOUND('',#383,.T.);
#209=FACE_OUTER_BOUND('',#385,.T.);
#210=FACE_OUTER_BOUND('',#386,.T.);
#211=FACE_OUTER_BOUND('',#388,.T.);
#212=FACE_OUTER_BOUND('',#389,.T.);
#213=FACE_OUTER_BOUND('',#390,.T.);
#214=FACE_OUTER_BOUND('',#392,.T.);
#215=FACE_OUTER_BOUND('',#393,.T.);
#216=FACE_OUTER_BOUND('',#394,.T.);
#217=FACE_OUTER_BOUND('',#395,.T.);
#218=FACE_OUTER_BOUND('',#396,.T.);
#219=FACE_OUTER_BOUND('',#397,.T.);
#220=FACE_OUTER_BOUND('',#398,.T.);
#221=FACE_OUTER_BOUND('',#399,.T.);
#222=FACE_OUTER_BOUND('',#400,.T.);
#223=FACE_OUTER_BOUND('',#401,.T.);
#224=FACE_OUTER_BOUND('',#402,.T.);
#225=FACE_OUTER_BOUND('',#403,.T.);
#226=FACE_OUTER_BOUND('',#406,.T.);
#227=FACE_OUTER_BOUND('',#407,.T.);
#228=FACE_OUTER_BOUND('',#408,.T.);
#229=FACE_OUTER_BOUND('',#409,.T.);
#230=FACE_OUTER_BOUND('',#410,.T.);
#231=FACE_OUTER_BOUND('',#412,.T.);
#232=FACE_OUTER_BOUND('',#413,.T.);
#233=FACE_OUTER_BOUND('',#414,.T.);
#234=FACE_OUTER_BOUND('',#415,.T.);
#235=FACE_OUTER_BOUND('',#417,.T.);
#236=FACE_OUTER_BOUND('',#418,.T.);
#237=FACE_OUTER_BOUND('',#419,.T.);
#238=FACE_OUTER_BOUND('',#420,.T.);
#239=FACE_OUTER_BOUND('',#421,.T.);
#240=FACE_OUTER_BOUND('',#422,.T.);
#241=FACE_OUTER_BOUND('',#423,.T.);
#242=FACE_OUTER_BOUND('',#424,.T.);
#243=FACE_OUTER_BOUND('',#425,.T.);
#244=FACE_OUTER_BOUND('',#426,.T.);
#245=FACE_OUTER_BOUND('',#427,.T.);
#246=FACE_OUTER_BOUND('',#430,.T.);
#247=FACE_OUTER_BOUND('',#431,.T.);
#248=FACE_OUTER_BOUND('',#435,.T.);
#249=FACE_OUTER_BOUND('',#436,.T.);
#250=FACE_OUTER_BOUND('',#438,.T.);
#251=FACE_OUTER_BOUND('',#439,.T.);
#252=FACE_OUTER_BOUND('',#440,.T.);
#253=FACE_OUTER_BOUND('',#442,.T.);
#254=FACE_OUTER_BOUND('',#448,.T.);
#255=FACE_OUTER_BOUND('',#449,.T.);
#256=FACE_OUTER_BOUND('',#451,.T.);
#257=FACE_OUTER_BOUND('',#452,.T.);
#258=FACE_OUTER_BOUND('',#453,.T.);
#259=EDGE_LOOP('',(#2063,#2064,#2065));
#260=EDGE_LOOP('',(#2066,#2067,#2068));
#261=EDGE_LOOP('',(#2069,#2070,#2071,#2072,#2073,#2074,#2075,#2076));
#262=EDGE_LOOP('',(#2077,#2078,#2079));
#263=EDGE_LOOP('',(#2080,#2081,#2082));
#264=EDGE_LOOP('',(#2083,#2084,#2085,#2086,#2087,#2088,#2089,#2090));
#265=EDGE_LOOP('',(#2091,#2092,#2093));
#266=EDGE_LOOP('',(#2094,#2095,#2096));
#267=EDGE_LOOP('',(#2097,#2098,#2099,#2100,#2101,#2102,#2103,#2104));
#268=EDGE_LOOP('',(#2105,#2106,#2107));
#269=EDGE_LOOP('',(#2108,#2109,#2110));
#270=EDGE_LOOP('',(#2111,#2112,#2113,#2114,#2115,#2116,#2117,#2118));
#271=EDGE_LOOP('',(#2119,#2120,#2121,#2122));
#272=EDGE_LOOP('',(#2123,#2124,#2125,#2126));
#273=EDGE_LOOP('',(#2127,#2128,#2129,#2130));
#274=EDGE_LOOP('',(#2131,#2132,#2133,#2134));
#275=EDGE_LOOP('',(#2135,#2136,#2137,#2138));
#276=EDGE_LOOP('',(#2139,#2140,#2141,#2142));
#277=EDGE_LOOP('',(#2143,#2144,#2145,#2146,#2147,#2148,#2149,#2150,#2151,
#2152,#2153,#2154,#2155,#2156,#2157,#2158,#2159,#2160,#2161,#2162,#2163,
#2164,#2165,#2166,#2167,#2168,#2169,#2170,#2171,#2172,#2173,#2174,#2175,
#2176,#2177,#2178,#2179,#2180,#2181,#2182,#2183,#2184,#2185,#2186));
#278=EDGE_LOOP('',(#2187,#2188,#2189,#2190));
#279=EDGE_LOOP('',(#2191,#2192,#2193,#2194,#2195,#2196));
#280=EDGE_LOOP('',(#2197,#2198,#2199,#2200,#2201,#2202));
#281=EDGE_LOOP('',(#2203,#2204,#2205,#2206));
#282=EDGE_LOOP('',(#2207,#2208,#2209,#2210));
#283=EDGE_LOOP('',(#2211,#2212,#2213,#2214));
#284=EDGE_LOOP('',(#2215,#2216,#2217,#2218,#2219,#2220,#2221,#2222));
#285=EDGE_LOOP('',(#2223,#2224,#2225,#2226));
#286=EDGE_LOOP('',(#2227,#2228,#2229,#2230));
#287=EDGE_LOOP('',(#2231,#2232,#2233,#2234));
#288=EDGE_LOOP('',(#2235,#2236,#2237,#2238,#2239));
#289=EDGE_LOOP('',(#2240,#2241,#2242,#2243,#2244,#2245,#2246,#2247));
#290=EDGE_LOOP('',(#2248,#2249,#2250,#2251));
#291=EDGE_LOOP('',(#2252,#2253,#2254,#2255,#2256,#2257));
#292=EDGE_LOOP('',(#2258,#2259,#2260,#2261,#2262,#2263,#2264,#2265,#2266,
#2267));
#293=EDGE_LOOP('',(#2268,#2269,#2270,#2271,#2272,#2273,#2274));
#294=EDGE_LOOP('',(#2275,#2276,#2277,#2278,#2279,#2280,#2281,#2282,#2283,
#2284,#2285,#2286,#2287,#2288,#2289,#2290,#2291,#2292,#2293,#2294));
#295=EDGE_LOOP('',(#2295,#2296,#2297,#2298));
#296=EDGE_LOOP('',(#2299));
#297=EDGE_LOOP('',(#2300));
#298=EDGE_LOOP('',(#2301,#2302,#2303,#2304));
#299=EDGE_LOOP('',(#2305));
#300=EDGE_LOOP('',(#2306));
#301=EDGE_LOOP('',(#2307,#2308,#2309,#2310));
#302=EDGE_LOOP('',(#2311,#2312,#2313,#2314));
#303=EDGE_LOOP('',(#2315,#2316,#2317,#2318));
#304=EDGE_LOOP('',(#2319,#2320,#2321,#2322));
#305=EDGE_LOOP('',(#2323,#2324,#2325,#2326,#2327,#2328));
#306=EDGE_LOOP('',(#2329,#2330,#2331,#2332,#2333,#2334));
#307=EDGE_LOOP('',(#2335,#2336,#2337,#2338));
#308=EDGE_LOOP('',(#2339,#2340,#2341,#2342));
#309=EDGE_LOOP('',(#2343,#2344,#2345,#2346));
#310=EDGE_LOOP('',(#2347,#2348,#2349,#2350,#2351,#2352,#2353,#2354));
#311=EDGE_LOOP('',(#2355,#2356,#2357,#2358));
#312=EDGE_LOOP('',(#2359,#2360,#2361,#2362));
#313=EDGE_LOOP('',(#2363,#2364,#2365,#2366));
#314=EDGE_LOOP('',(#2367,#2368,#2369,#2370,#2371));
#315=EDGE_LOOP('',(#2372,#2373,#2374,#2375));
#316=EDGE_LOOP('',(#2376,#2377,#2378,#2379,#2380,#2381,#2382,#2383));
#317=EDGE_LOOP('',(#2384,#2385,#2386,#2387,#2388,#2389));
#318=EDGE_LOOP('',(#2390,#2391,#2392,#2393,#2394,#2395,#2396));
#319=EDGE_LOOP('',(#2397,#2398,#2399,#2400,#2401,#2402,#2403,#2404,#2405,
#2406));
#320=EDGE_LOOP('',(#2407,#2408,#2409,#2410,#2411,#2412,#2413,#2414));
#321=EDGE_LOOP('',(#2415,#2416,#2417,#2418,#2419,#2420));
#322=EDGE_LOOP('',(#2421,#2422,#2423,#2424));
#323=EDGE_LOOP('',(#2425,#2426,#2427,#2428,#2429,#2430));
#324=EDGE_LOOP('',(#2431,#2432,#2433,#2434,#2435,#2436,#2437,#2438));
#325=EDGE_LOOP('',(#2439,#2440,#2441,#2442));
#326=EDGE_LOOP('',(#2443,#2444,#2445,#2446));
#327=EDGE_LOOP('',(#2447,#2448,#2449,#2450));
#328=EDGE_LOOP('',(#2451,#2452,#2453,#2454));
#329=EDGE_LOOP('',(#2455,#2456,#2457,#2458));
#330=EDGE_LOOP('',(#2459,#2460,#2461,#2462));
#331=EDGE_LOOP('',(#2463,#2464,#2465,#2466));
#332=EDGE_LOOP('',(#2467,#2468,#2469,#2470,#2471,#2472));
#333=EDGE_LOOP('',(#2473,#2474,#2475,#2476,#2477,#2478));
#334=EDGE_LOOP('',(#2479,#2480,#2481,#2482));
#335=EDGE_LOOP('',(#2483,#2484,#2485,#2486));
#336=EDGE_LOOP('',(#2487,#2488,#2489,#2490));
#337=EDGE_LOOP('',(#2491,#2492,#2493,#2494,#2495,#2496,#2497,#2498));
#338=EDGE_LOOP('',(#2499,#2500,#2501,#2502));
#339=EDGE_LOOP('',(#2503,#2504,#2505,#2506));
#340=EDGE_LOOP('',(#2507,#2508,#2509,#2510));
#341=EDGE_LOOP('',(#2511,#2512,#2513,#2514,#2515));
#342=EDGE_LOOP('',(#2516,#2517,#2518,#2519,#2520,#2521,#2522,#2523));
#343=EDGE_LOOP('',(#2524,#2525,#2526,#2527));
#344=EDGE_LOOP('',(#2528,#2529,#2530,#2531,#2532,#2533));
#345=EDGE_LOOP('',(#2534,#2535,#2536,#2537,#2538,#2539,#2540,#2541,#2542,
#2543));
#346=EDGE_LOOP('',(#2544,#2545,#2546,#2547,#2548,#2549,#2550));
#347=EDGE_LOOP('',(#2551,#2552,#2553,#2554));
#348=EDGE_LOOP('',(#2555,#2556,#2557,#2558));
#349=EDGE_LOOP('',(#2559,#2560,#2561,#2562,#2563,#2564));
#350=EDGE_LOOP('',(#2565,#2566,#2567,#2568,#2569,#2570));
#351=EDGE_LOOP('',(#2571,#2572,#2573,#2574));
#352=EDGE_LOOP('',(#2575,#2576,#2577,#2578));
#353=EDGE_LOOP('',(#2579,#2580,#2581,#2582));
#354=EDGE_LOOP('',(#2583,#2584,#2585,#2586,#2587,#2588,#2589,#2590));
#355=EDGE_LOOP('',(#2591,#2592,#2593,#2594));
#356=EDGE_LOOP('',(#2595,#2596,#2597,#2598));
#357=EDGE_LOOP('',(#2599,#2600,#2601,#2602));
#358=EDGE_LOOP('',(#2603,#2604,#2605,#2606,#2607));
#359=EDGE_LOOP('',(#2608,#2609,#2610,#2611));
#360=EDGE_LOOP('',(#2612,#2613,#2614,#2615,#2616,#2617,#2618,#2619));
#361=EDGE_LOOP('',(#2620,#2621,#2622,#2623,#2624,#2625));
#362=EDGE_LOOP('',(#2626,#2627,#2628,#2629,#2630,#2631,#2632));
#363=EDGE_LOOP('',(#2633,#2634,#2635,#2636,#2637,#2638,#2639,#2640,#2641,
#2642));
#364=EDGE_LOOP('',(#2643,#2644,#2645,#2646,#2647,#2648,#2649,#2650));
#365=EDGE_LOOP('',(#2651,#2652,#2653,#2654,#2655,#2656));
#366=EDGE_LOOP('',(#2657,#2658,#2659,#2660));
#367=EDGE_LOOP('',(#2661,#2662,#2663,#2664,#2665,#2666));
#368=EDGE_LOOP('',(#2667,#2668,#2669,#2670,#2671,#2672,#2673,#2674));
#369=EDGE_LOOP('',(#2675,#2676,#2677,#2678));
#370=EDGE_LOOP('',(#2679,#2680,#2681,#2682));
#371=EDGE_LOOP('',(#2683,#2684,#2685,#2686));
#372=EDGE_LOOP('',(#2687,#2688,#2689,#2690));
#373=EDGE_LOOP('',(#2691,#2692,#2693,#2694));
#374=EDGE_LOOP('',(#2695,#2696,#2697,#2698,#2699,#2700,#2701,#2702));
#375=EDGE_LOOP('',(#2703,#2704,#2705,#2706));
#376=EDGE_LOOP('',(#2707,#2708,#2709,#2710));
#377=EDGE_LOOP('',(#2711,#2712,#2713,#2714));
#378=EDGE_LOOP('',(#2715,#2716,#2717,#2718));
#379=EDGE_LOOP('',(#2719));
#380=EDGE_LOOP('',(#2720));
#381=EDGE_LOOP('',(#2721,#2722,#2723,#2724));
#382=EDGE_LOOP('',(#2725,#2726,#2727,#2728));
#383=EDGE_LOOP('',(#2729));
#384=EDGE_LOOP('',(#2730));
#385=EDGE_LOOP('',(#2731,#2732,#2733,#2734));
#386=EDGE_LOOP('',(#2735));
#387=EDGE_LOOP('',(#2736));
#388=EDGE_LOOP('',(#2737,#2738,#2739,#2740));
#389=EDGE_LOOP('',(#2741,#2742,#2743,#2744));
#390=EDGE_LOOP('',(#2745));
#391=EDGE_LOOP('',(#2746));
#392=EDGE_LOOP('',(#2747,#2748,#2749,#2750));
#393=EDGE_LOOP('',(#2751,#2752,#2753,#2754));
#394=EDGE_LOOP('',(#2755,#2756,#2757,#2758,#2759,#2760,#2761,#2762));
#395=EDGE_LOOP('',(#2763,#2764,#2765,#2766));
#396=EDGE_LOOP('',(#2767,#2768,#2769,#2770));
#397=EDGE_LOOP('',(#2771,#2772,#2773,#2774));
#398=EDGE_LOOP('',(#2775,#2776,#2777,#2778));
#399=EDGE_LOOP('',(#2779,#2780,#2781,#2782));
#400=EDGE_LOOP('',(#2783,#2784,#2785,#2786));
#401=EDGE_LOOP('',(#2787,#2788,#2789,#2790));
#402=EDGE_LOOP('',(#2791,#2792,#2793,#2794));
#403=EDGE_LOOP('',(#2795,#2796,#2797,#2798));
#404=EDGE_LOOP('',(#2799,#2800,#2801,#2802));
#405=EDGE_LOOP('',(#2803,#2804,#2805,#2806));
#406=EDGE_LOOP('',(#2807,#2808,#2809,#2810));
#407=EDGE_LOOP('',(#2811,#2812,#2813,#2814));
#408=EDGE_LOOP('',(#2815,#2816,#2817,#2818));
#409=EDGE_LOOP('',(#2819,#2820,#2821,#2822));
#410=EDGE_LOOP('',(#2823,#2824,#2825,#2826,#2827,#2828,#2829,#2830));
#411=EDGE_LOOP('',(#2831,#2832,#2833,#2834));
#412=EDGE_LOOP('',(#2835,#2836,#2837,#2838));
#413=EDGE_LOOP('',(#2839,#2840,#2841,#2842));
#414=EDGE_LOOP('',(#2843,#2844,#2845,#2846));
#415=EDGE_LOOP('',(#2847,#2848,#2849,#2850));
#416=EDGE_LOOP('',(#2851,#2852,#2853,#2854));
#417=EDGE_LOOP('',(#2855,#2856,#2857,#2858));
#418=EDGE_LOOP('',(#2859,#2860,#2861,#2862));
#419=EDGE_LOOP('',(#2863,#2864,#2865,#2866));
#420=EDGE_LOOP('',(#2867,#2868,#2869,#2870));
#421=EDGE_LOOP('',(#2871,#2872,#2873,#2874));
#422=EDGE_LOOP('',(#2875,#2876,#2877,#2878));
#423=EDGE_LOOP('',(#2879,#2880,#2881,#2882));
#424=EDGE_LOOP('',(#2883,#2884,#2885,#2886));
#425=EDGE_LOOP('',(#2887,#2888,#2889,#2890));
#426=EDGE_LOOP('',(#2891,#2892,#2893,#2894));
#427=EDGE_LOOP('',(#2895,#2896,#2897,#2898));
#428=EDGE_LOOP('',(#2899,#2900,#2901,#2902));
#429=EDGE_LOOP('',(#2903,#2904,#2905,#2906));
#430=EDGE_LOOP('',(#2907,#2908,#2909,#2910));
#431=EDGE_LOOP('',(#2911,#2912,#2913,#2914));
#432=EDGE_LOOP('',(#2915,#2916,#2917,#2918));
#433=EDGE_LOOP('',(#2919,#2920,#2921,#2922));
#434=EDGE_LOOP('',(#2923,#2924,#2925,#2926));
#435=EDGE_LOOP('',(#2927,#2928,#2929,#2930));
#436=EDGE_LOOP('',(#2931));
#437=EDGE_LOOP('',(#2932));
#438=EDGE_LOOP('',(#2933,#2934,#2935,#2936));
#439=EDGE_LOOP('',(#2937,#2938,#2939,#2940));
#440=EDGE_LOOP('',(#2941));
#441=EDGE_LOOP('',(#2942));
#442=EDGE_LOOP('',(#2943,#2944,#2945,#2946,#2947,#2948,#2949,#2950));
#443=EDGE_LOOP('',(#2951,#2952,#2953,#2954));
#444=EDGE_LOOP('',(#2955));
#445=EDGE_LOOP('',(#2956));
#446=EDGE_LOOP('',(#2957));
#447=EDGE_LOOP('',(#2958));
#448=EDGE_LOOP('',(#2959,#2960,#2961,#2962));
#449=EDGE_LOOP('',(#2963));
#450=EDGE_LOOP('',(#2964));
#451=EDGE_LOOP('',(#2965,#2966,#2967,#2968));
#452=EDGE_LOOP('',(#2969,#2970,#2971,#2972));
#453=EDGE_LOOP('',(#2973));
#454=EDGE_LOOP('',(#2974));
#455=LINE('',#4324,#879);
#456=LINE('',#4326,#880);
#457=LINE('',#4327,#881);
#458=LINE('',#4331,#882);
#459=LINE('',#4333,#883);
#460=LINE('',#4334,#884);
#461=LINE('',#4336,#885);
#462=LINE('',#4338,#886);
#463=LINE('',#4340,#887);
#464=LINE('',#4342,#888);
#465=LINE('',#4344,#889);
#466=LINE('',#4345,#890);
#467=LINE('',#4349,#891);
#468=LINE('',#4351,#892);
#469=LINE('',#4352,#893);
#470=LINE('',#4356,#894);
#471=LINE('',#4358,#895);
#472=LINE('',#4359,#896);
#473=LINE('',#4361,#897);
#474=LINE('',#4363,#898);
#475=LINE('',#4365,#899);
#476=LINE('',#4367,#900);
#477=LINE('',#4369,#901);
#478=LINE('',#4370,#902);
#479=LINE('',#4374,#903);
#480=LINE('',#4376,#904);
#481=LINE('',#4377,#905);
#482=LINE('',#4381,#906);
#483=LINE('',#4383,#907);
#484=LINE('',#4384,#908);
#485=LINE('',#4386,#909);
#486=LINE('',#4388,#910);
#487=LINE('',#4390,#911);
#488=LINE('',#4392,#912);
#489=LINE('',#4394,#913);
#490=LINE('',#4395,#914);
#491=LINE('',#4399,#915);
#492=LINE('',#4401,#916);
#493=LINE('',#4402,#917);
#494=LINE('',#4406,#918);
#495=LINE('',#4408,#919);
#496=LINE('',#4409,#920);
#497=LINE('',#4411,#921);
#498=LINE('',#4413,#922);
#499=LINE('',#4415,#923);
#500=LINE('',#4417,#924);
#501=LINE('',#4419,#925);
#502=LINE('',#4420,#926);
#503=LINE('',#4424,#927);
#504=LINE('',#4426,#928);
#505=LINE('',#4428,#929);
#506=LINE('',#4429,#930);
#507=LINE('',#4432,#931);
#508=LINE('',#4434,#932);
#509=LINE('',#4435,#933);
#510=LINE('',#4438,#934);
#511=LINE('',#4440,#935);
#512=LINE('',#4441,#936);
#513=LINE('',#4443,#937);
#514=LINE('',#4444,#938);
#515=LINE('',#4447,#939);
#516=LINE('',#4450,#940);
#517=LINE('',#4452,#941);
#518=LINE('',#4454,#942);
#519=LINE('',#4456,#943);
#520=LINE('',#4458,#944);
#521=LINE('',#4460,#945);
#522=LINE('',#4462,#946);
#523=LINE('',#4464,#947);
#524=LINE('',#4466,#948);
#525=LINE('',#4468,#949);
#526=LINE('',#4470,#950);
#527=LINE('',#4472,#951);
#528=LINE('',#4473,#952);
#529=LINE('',#4474,#953);
#530=LINE('',#4475,#954);
#531=LINE('',#4476,#955);
#532=LINE('',#4478,#956);
#533=LINE('',#4480,#957);
#534=LINE('',#4482,#958);
#535=LINE('',#4484,#959);
#536=LINE('',#4486,#960);
#537=LINE('',#4488,#961);
#538=LINE('',#4490,#962);
#539=LINE('',#4492,#963);
#540=LINE('',#4493,#964);
#541=LINE('',#4494,#965);
#542=LINE('',#4495,#966);
#543=LINE('',#4498,#967);
#544=LINE('',#4500,#968);
#545=LINE('',#4502,#969);
#546=LINE('',#4503,#970);
#547=LINE('',#4507,#971);
#548=LINE('',#4509,#972);
#549=LINE('',#4511,#973);
#550=LINE('',#4513,#974);
#551=LINE('',#4515,#975);
#552=LINE('',#4516,#976);
#553=LINE('',#4520,#977);
#554=LINE('',#4522,#978);
#555=LINE('',#4524,#979);
#556=LINE('',#4526,#980);
#557=LINE('',#4528,#981);
#558=LINE('',#4529,#982);
#559=LINE('',#4531,#983);
#560=LINE('',#4532,#984);
#561=LINE('',#4534,#985);
#562=LINE('',#4536,#986);
#563=LINE('',#4539,#987);
#564=LINE('',#4541,#988);
#565=LINE('',#4543,#989);
#566=LINE('',#4545,#990);
#567=LINE('',#4546,#991);
#568=LINE('',#4549,#992);
#569=LINE('',#4550,#993);
#570=LINE('',#4553,#994);
#571=LINE('',#4555,#995);
#572=LINE('',#4556,#996);
#573=LINE('',#4559,#997);
#574=LINE('',#4560,#998);
#575=LINE('',#4563,#999);
#576=LINE('',#4564,#1000);
#577=LINE('',#4566,#1001);
#578=LINE('',#4568,#1002);
#579=LINE('',#4570,#1003);
#580=LINE('',#4572,#1004);
#581=LINE('',#4573,#1005);
#582=LINE('',#4576,#1006);
#583=LINE('',#4578,#1007);
#584=LINE('',#4579,#1008);
#585=LINE('',#4582,#1009);
#586=LINE('',#4584,#1010);
#587=LINE('',#4586,#1011);
#588=LINE('',#4587,#1012);
#589=LINE('',#4590,#1013);
#590=LINE('',#4591,#1014);
#591=LINE('',#4593,#1015);
#592=LINE('',#4596,#1016);
#593=LINE('',#4598,#1017);
#594=LINE('',#4600,#1018);
#595=LINE('',#4601,#1019);
#596=LINE('',#4603,#1020);
#597=LINE('',#4605,#1021);
#598=LINE('',#4607,#1022);
#599=LINE('',#4609,#1023);
#600=LINE('',#4611,#1024);
#601=LINE('',#4613,#1025);
#602=LINE('',#4614,#1026);
#603=LINE('',#4616,#1027);
#604=LINE('',#4618,#1028);
#605=LINE('',#4619,#1029);
#606=LINE('',#4622,#1030);
#607=LINE('',#4624,#1031);
#608=LINE('',#4626,#1032);
#609=LINE('',#4627,#1033);
#610=LINE('',#4634,#1034);
#611=LINE('',#4636,#1035);
#612=LINE('',#4638,#1036);
#613=LINE('',#4639,#1037);
#614=LINE('',#4646,#1038);
#615=LINE('',#4648,#1039);
#616=LINE('',#4650,#1040);
#617=LINE('',#4651,#1041);
#618=LINE('',#4654,#1042);
#619=LINE('',#4655,#1043);
#620=LINE('',#4660,#1044);
#621=LINE('',#4662,#1045);
#622=LINE('',#4664,#1046);
#623=LINE('',#4666,#1047);
#624=LINE('',#4668,#1048);
#625=LINE('',#4669,#1049);
#626=LINE('',#4673,#1050);
#627=LINE('',#4675,#1051);
#628=LINE('',#4677,#1052);
#629=LINE('',#4679,#1053);
#630=LINE('',#4681,#1054);
#631=LINE('',#4682,#1055);
#632=LINE('',#4684,#1056);
#633=LINE('',#4685,#1057);
#634=LINE('',#4687,#1058);
#635=LINE('',#4689,#1059);
#636=LINE('',#4692,#1060);
#637=LINE('',#4694,#1061);
#638=LINE('',#4696,#1062);
#639=LINE('',#4698,#1063);
#640=LINE('',#4699,#1064);
#641=LINE('',#4702,#1065);
#642=LINE('',#4703,#1066);
#643=LINE('',#4706,#1067);
#644=LINE('',#4707,#1068);
#645=LINE('',#4710,#1069);
#646=LINE('',#4712,#1070);
#647=LINE('',#4713,#1071);
#648=LINE('',#4716,#1072);
#649=LINE('',#4717,#1073);
#650=LINE('',#4721,#1074);
#651=LINE('',#4723,#1075);
#652=LINE('',#4725,#1076);
#653=LINE('',#4726,#1077);
#654=LINE('',#4729,#1078);
#655=LINE('',#4730,#1079);
#656=LINE('',#4731,#1080);
#657=LINE('',#4732,#1081);
#658=LINE('',#4734,#1082);
#659=LINE('',#4735,#1083);
#660=LINE('',#4737,#1084);
#661=LINE('',#4741,#1085);
#662=LINE('',#4743,#1086);
#663=LINE('',#4744,#1087);
#664=LINE('',#4747,#1088);
#665=LINE('',#4748,#1089);
#666=LINE('',#4751,#1090);
#667=LINE('',#4752,#1091);
#668=LINE('',#4754,#1092);
#669=LINE('',#4756,#1093);
#670=LINE('',#4758,#1094);
#671=LINE('',#4761,#1095);
#672=LINE('',#4763,#1096);
#673=LINE('',#4764,#1097);
#674=LINE('',#4767,#1098);
#675=LINE('',#4768,#1099);
#676=LINE('',#4771,#1100);
#677=LINE('',#4772,#1101);
#678=LINE('',#4774,#1102);
#679=LINE('',#4780,#1103);
#680=LINE('',#4782,#1104);
#681=LINE('',#4784,#1105);
#682=LINE('',#4786,#1106);
#683=LINE('',#4788,#1107);
#684=LINE('',#4789,#1108);
#685=LINE('',#4793,#1109);
#686=LINE('',#4795,#1110);
#687=LINE('',#4797,#1111);
#688=LINE('',#4799,#1112);
#689=LINE('',#4801,#1113);
#690=LINE('',#4802,#1114);
#691=LINE('',#4804,#1115);
#692=LINE('',#4805,#1116);
#693=LINE('',#4807,#1117);
#694=LINE('',#4809,#1118);
#695=LINE('',#4812,#1119);
#696=LINE('',#4814,#1120);
#697=LINE('',#4816,#1121);
#698=LINE('',#4818,#1122);
#699=LINE('',#4819,#1123);
#700=LINE('',#4822,#1124);
#701=LINE('',#4823,#1125);
#702=LINE('',#4826,#1126);
#703=LINE('',#4828,#1127);
#704=LINE('',#4829,#1128);
#705=LINE('',#4832,#1129);
#706=LINE('',#4833,#1130);
#707=LINE('',#4836,#1131);
#708=LINE('',#4837,#1132);
#709=LINE('',#4839,#1133);
#710=LINE('',#4841,#1134);
#711=LINE('',#4843,#1135);
#712=LINE('',#4845,#1136);
#713=LINE('',#4846,#1137);
#714=LINE('',#4849,#1138);
#715=LINE('',#4851,#1139);
#716=LINE('',#4852,#1140);
#717=LINE('',#4855,#1141);
#718=LINE('',#4856,#1142);
#719=LINE('',#4857,#1143);
#720=LINE('',#4859,#1144);
#721=LINE('',#4863,#1145);
#722=LINE('',#4864,#1146);
#723=LINE('',#4869,#1147);
#724=LINE('',#4871,#1148);
#725=LINE('',#4873,#1149);
#726=LINE('',#4875,#1150);
#727=LINE('',#4877,#1151);
#728=LINE('',#4878,#1152);
#729=LINE('',#4882,#1153);
#730=LINE('',#4884,#1154);
#731=LINE('',#4886,#1155);
#732=LINE('',#4888,#1156);
#733=LINE('',#4890,#1157);
#734=LINE('',#4891,#1158);
#735=LINE('',#4893,#1159);
#736=LINE('',#4894,#1160);
#737=LINE('',#4896,#1161);
#738=LINE('',#4898,#1162);
#739=LINE('',#4901,#1163);
#740=LINE('',#4903,#1164);
#741=LINE('',#4905,#1165);
#742=LINE('',#4907,#1166);
#743=LINE('',#4908,#1167);
#744=LINE('',#4911,#1168);
#745=LINE('',#4912,#1169);
#746=LINE('',#4915,#1170);
#747=LINE('',#4916,#1171);
#748=LINE('',#4919,#1172);
#749=LINE('',#4921,#1173);
#750=LINE('',#4922,#1174);
#751=LINE('',#4925,#1175);
#752=LINE('',#4926,#1176);
#753=LINE('',#4930,#1177);
#754=LINE('',#4932,#1178);
#755=LINE('',#4934,#1179);
#756=LINE('',#4935,#1180);
#757=LINE('',#4938,#1181);
#758=LINE('',#4939,#1182);
#759=LINE('',#4940,#1183);
#760=LINE('',#4941,#1184);
#761=LINE('',#4943,#1185);
#762=LINE('',#4944,#1186);
#763=LINE('',#4946,#1187);
#764=LINE('',#4950,#1188);
#765=LINE('',#4952,#1189);
#766=LINE('',#4953,#1190);
#767=LINE('',#4956,#1191);
#768=LINE('',#4957,#1192);
#769=LINE('',#4960,#1193);
#770=LINE('',#4961,#1194);
#771=LINE('',#4963,#1195);
#772=LINE('',#4965,#1196);
#773=LINE('',#4967,#1197);
#774=LINE('',#4970,#1198);
#775=LINE('',#4972,#1199);
#776=LINE('',#4973,#1200);
#777=LINE('',#4976,#1201);
#778=LINE('',#4977,#1202);
#779=LINE('',#4980,#1203);
#780=LINE('',#4981,#1204);
#781=LINE('',#4983,#1205);
#782=LINE('',#4986,#1206);
#783=LINE('',#4988,#1207);
#784=LINE('',#4990,#1208);
#785=LINE('',#4992,#1209);
#786=LINE('',#4994,#1210);
#787=LINE('',#4996,#1211);
#788=LINE('',#4997,#1212);
#789=LINE('',#5001,#1213);
#790=LINE('',#5002,#1214);
#791=LINE('',#5003,#1215);
#792=LINE('',#5006,#1216);
#793=LINE('',#5007,#1217);
#794=LINE('',#5010,#1218);
#795=LINE('',#5011,#1219);
#796=LINE('',#5013,#1220);
#797=LINE('',#5020,#1221);
#798=LINE('',#5024,#1222);
#799=LINE('',#5031,#1223);
#800=LINE('',#5038,#1224);
#801=LINE('',#5042,#1225);
#802=LINE('',#5049,#1226);
#803=LINE('',#5052,#1227);
#804=LINE('',#5053,#1228);
#805=LINE('',#5056,#1229);
#806=LINE('',#5058,#1230);
#807=LINE('',#5060,#1231);
#808=LINE('',#5062,#1232);
#809=LINE('',#5064,#1233);
#810=LINE('',#5065,#1234);
#811=LINE('',#5067,#1235);
#812=LINE('',#5069,#1236);
#813=LINE('',#5071,#1237);
#814=LINE('',#5073,#1238);
#815=LINE('',#5075,#1239);
#816=LINE('',#5079,#1240);
#817=LINE('',#5081,#1241);
#818=LINE('',#5082,#1242);
#819=LINE('',#5084,#1243);
#820=LINE('',#5086,#1244);
#821=LINE('',#5089,#1245);
#822=LINE('',#5091,#1246);
#823=LINE('',#5093,#1247);
#824=LINE('',#5094,#1248);
#825=LINE('',#5097,#1249);
#826=LINE('',#5099,#1250);
#827=LINE('',#5101,#1251);
#828=LINE('',#5102,#1252);
#829=LINE('',#5108,#1253);
#830=LINE('',#5111,#1254);
#831=LINE('',#5114,#1255);
#832=LINE('',#5116,#1256);
#833=LINE('',#5117,#1257);
#834=LINE('',#5122,#1258);
#835=LINE('',#5126,#1259);
#836=LINE('',#5128,#1260);
#837=LINE('',#5129,#1261);
#838=LINE('',#5134,#1262);
#839=LINE('',#5137,#1263);
#840=LINE('',#5140,#1264);
#841=LINE('',#5142,#1265);
#842=LINE('',#5144,#1266);
#843=LINE('',#5145,#1267);
#844=LINE('',#5148,#1268);
#845=LINE('',#5150,#1269);
#846=LINE('',#5151,#1270);
#847=LINE('',#5154,#1271);
#848=LINE('',#5155,#1272);
#849=LINE('',#5158,#1273);
#850=LINE('',#5159,#1274);
#851=LINE('',#5161,#1275);
#852=LINE('',#5165,#1276);
#853=LINE('',#5167,#1277);
#854=LINE('',#5168,#1278);
#855=LINE('',#5171,#1279);
#856=LINE('',#5172,#1280);
#857=LINE('',#5175,#1281);
#858=LINE('',#5176,#1282);
#859=LINE('',#5178,#1283);
#860=LINE('',#5181,#1284);
#861=LINE('',#5183,#1285);
#862=LINE('',#5184,#1286);
#863=LINE('',#5187,#1287);
#864=LINE('',#5188,#1288);
#865=LINE('',#5191,#1289);
#866=LINE('',#5192,#1290);
#867=LINE('',#5194,#1291);
#868=LINE('',#5198,#1292);
#869=LINE('',#5201,#1293);
#870=LINE('',#5202,#1294);
#871=LINE('',#5206,#1295);
#872=LINE('',#5208,#1296);
#873=LINE('',#5213,#1297);
#874=LINE('',#5220,#1298);
#875=LINE('',#5225,#1299);
#876=LINE('',#5232,#1300);
#877=LINE('',#5239,#1301);
#878=LINE('',#5244,#1302);
#879=VECTOR('',#3504,10.);
#880=VECTOR('',#3505,10.);
#881=VECTOR('',#3506,10.);
#882=VECTOR('',#3509,10.);
#883=VECTOR('',#3510,10.);
#884=VECTOR('',#3511,10.);
#885=VECTOR('',#3514,10.);
#886=VECTOR('',#3515,10.);
#887=VECTOR('',#3516,10.);
#888=VECTOR('',#3517,10.);
#889=VECTOR('',#3518,10.);
#890=VECTOR('',#3519,10.);
#891=VECTOR('',#3522,10.);
#892=VECTOR('',#3523,10.);
#893=VECTOR('',#3524,10.);
#894=VECTOR('',#3527,10.);
#895=VECTOR('',#3528,10.);
#896=VECTOR('',#3529,10.);
#897=VECTOR('',#3532,10.);
#898=VECTOR('',#3533,10.);
#899=VECTOR('',#3534,10.);
#900=VECTOR('',#3535,10.);
#901=VECTOR('',#3536,10.);
#902=VECTOR('',#3537,10.);
#903=VECTOR('',#3540,10.);
#904=VECTOR('',#3541,10.);
#905=VECTOR('',#3542,10.);
#906=VECTOR('',#3545,10.);
#907=VECTOR('',#3546,10.);
#908=VECTOR('',#3547,10.);
#909=VECTOR('',#3550,10.);
#910=VECTOR('',#3551,10.);
#911=VECTOR('',#3552,10.);
#912=VECTOR('',#3553,10.);
#913=VECTOR('',#3554,10.);
#914=VECTOR('',#3555,10.);
#915=VECTOR('',#3558,10.);
#916=VECTOR('',#3559,10.);
#917=VECTOR('',#3560,10.);
#918=VECTOR('',#3563,10.);
#919=VECTOR('',#3564,10.);
#920=VECTOR('',#3565,10.);
#921=VECTOR('',#3568,10.);
#922=VECTOR('',#3569,10.);
#923=VECTOR('',#3570,10.);
#924=VECTOR('',#3571,10.);
#925=VECTOR('',#3572,10.);
#926=VECTOR('',#3573,10.);
#927=VECTOR('',#3576,10.);
#928=VECTOR('',#3577,10.);
#929=VECTOR('',#3578,10.);
#930=VECTOR('',#3579,10.);
#931=VECTOR('',#3582,10.);
#932=VECTOR('',#3583,10.);
#933=VECTOR('',#3584,10.);
#934=VECTOR('',#3587,10.);
#935=VECTOR('',#3588,10.);
#936=VECTOR('',#3589,10.);
#937=VECTOR('',#3592,10.);
#938=VECTOR('',#3593,10.);
#939=VECTOR('',#3598,10.);
#940=VECTOR('',#3601,10.);
#941=VECTOR('',#3602,10.);
#942=VECTOR('',#3603,10.);
#943=VECTOR('',#3604,10.);
#944=VECTOR('',#3605,10.);
#945=VECTOR('',#3606,10.);
#946=VECTOR('',#3607,10.);
#947=VECTOR('',#3608,10.);
#948=VECTOR('',#3609,10.);
#949=VECTOR('',#3610,10.);
#950=VECTOR('',#3611,10.);
#951=VECTOR('',#3612,10.);
#952=VECTOR('',#3613,10.);
#953=VECTOR('',#3614,10.);
#954=VECTOR('',#3615,10.);
#955=VECTOR('',#3616,10.);
#956=VECTOR('',#3617,10.);
#957=VECTOR('',#3618,10.);
#958=VECTOR('',#3619,10.);
#959=VECTOR('',#3620,10.);
#960=VECTOR('',#3621,10.);
#961=VECTOR('',#3622,10.);
#962=VECTOR('',#3623,10.);
#963=VECTOR('',#3624,10.);
#964=VECTOR('',#3625,10.);
#965=VECTOR('',#3626,10.);
#966=VECTOR('',#3627,10.);
#967=VECTOR('',#3628,10.);
#968=VECTOR('',#3629,10.);
#969=VECTOR('',#3630,10.);
#970=VECTOR('',#3631,10.);
#971=VECTOR('',#3634,10.);
#972=VECTOR('',#3635,10.);
#973=VECTOR('',#3636,10.);
#974=VECTOR('',#3637,10.);
#975=VECTOR('',#3638,10.);
#976=VECTOR('',#3639,10.);
#977=VECTOR('',#3642,10.);
#978=VECTOR('',#3643,10.);
#979=VECTOR('',#3644,10.);
#980=VECTOR('',#3645,10.);
#981=VECTOR('',#3646,10.);
#982=VECTOR('',#3647,10.);
#983=VECTOR('',#3650,10.);
#984=VECTOR('',#3651,10.);
#985=VECTOR('',#3654,10.);
#986=VECTOR('',#3657,10.);
#987=VECTOR('',#3660,10.);
#988=VECTOR('',#3661,10.);
#989=VECTOR('',#3662,10.);
#990=VECTOR('',#3663,10.);
#991=VECTOR('',#3664,10.);
#992=VECTOR('',#3667,10.);
#993=VECTOR('',#3668,10.);
#994=VECTOR('',#3671,10.);
#995=VECTOR('',#3672,10.);
#996=VECTOR('',#3673,10.);
#997=VECTOR('',#3676,10.);
#998=VECTOR('',#3677,10.);
#999=VECTOR('',#3680,10.);
#1000=VECTOR('',#3681,10.);
#1001=VECTOR('',#3684,10.);
#1002=VECTOR('',#3685,10.);
#1003=VECTOR('',#3686,10.);
#1004=VECTOR('',#3687,10.);
#1005=VECTOR('',#3688,10.);
#1006=VECTOR('',#3691,10.);
#1007=VECTOR('',#3692,10.);
#1008=VECTOR('',#3693,10.);
#1009=VECTOR('',#3696,10.);
#1010=VECTOR('',#3697,10.);
#1011=VECTOR('',#3698,10.);
#1012=VECTOR('',#3699,10.);
#1013=VECTOR('',#3702,10.);
#1014=VECTOR('',#3703,10.);
#1015=VECTOR('',#3706,10.);
#1016=VECTOR('',#3709,10.);
#1017=VECTOR('',#3710,10.);
#1018=VECTOR('',#3711,10.);
#1019=VECTOR('',#3712,10.);
#1020=VECTOR('',#3713,10.);
#1021=VECTOR('',#3714,10.);
#1022=VECTOR('',#3715,10.);
#1023=VECTOR('',#3716,10.);
#1024=VECTOR('',#3717,10.);
#1025=VECTOR('',#3718,10.);
#1026=VECTOR('',#3719,10.);
#1027=VECTOR('',#3720,10.);
#1028=VECTOR('',#3721,10.);
#1029=VECTOR('',#3722,10.);
#1030=VECTOR('',#3723,10.);
#1031=VECTOR('',#3724,10.);
#1032=VECTOR('',#3725,10.);
#1033=VECTOR('',#3726,10.);
#1034=VECTOR('',#3731,10.);
#1035=VECTOR('',#3732,10.);
#1036=VECTOR('',#3733,10.);
#1037=VECTOR('',#3734,10.);
#1038=VECTOR('',#3739,10.);
#1039=VECTOR('',#3740,10.);
#1040=VECTOR('',#3741,10.);
#1041=VECTOR('',#3742,10.);
#1042=VECTOR('',#3745,10.);
#1043=VECTOR('',#3746,10.);
#1044=VECTOR('',#3751,10.);
#1045=VECTOR('',#3752,10.);
#1046=VECTOR('',#3753,10.);
#1047=VECTOR('',#3754,10.);
#1048=VECTOR('',#3755,10.);
#1049=VECTOR('',#3756,10.);
#1050=VECTOR('',#3759,10.);
#1051=VECTOR('',#3760,10.);
#1052=VECTOR('',#3761,10.);
#1053=VECTOR('',#3762,10.);
#1054=VECTOR('',#3763,10.);
#1055=VECTOR('',#3764,10.);
#1056=VECTOR('',#3767,10.);
#1057=VECTOR('',#3768,10.);
#1058=VECTOR('',#3771,10.);
#1059=VECTOR('',#3774,10.);
#1060=VECTOR('',#3777,10.);
#1061=VECTOR('',#3778,10.);
#1062=VECTOR('',#3779,10.);
#1063=VECTOR('',#3780,10.);
#1064=VECTOR('',#3781,10.);
#1065=VECTOR('',#3784,10.);
#1066=VECTOR('',#3785,10.);
#1067=VECTOR('',#3788,10.);
#1068=VECTOR('',#3789,10.);
#1069=VECTOR('',#3792,10.);
#1070=VECTOR('',#3793,10.);
#1071=VECTOR('',#3794,10.);
#1072=VECTOR('',#3797,10.);
#1073=VECTOR('',#3798,10.);
#1074=VECTOR('',#3801,10.);
#1075=VECTOR('',#3802,10.);
#1076=VECTOR('',#3803,10.);
#1077=VECTOR('',#3804,10.);
#1078=VECTOR('',#3807,10.);
#1079=VECTOR('',#3808,10.);
#1080=VECTOR('',#3809,10.);
#1081=VECTOR('',#3810,10.);
#1082=VECTOR('',#3813,10.);
#1083=VECTOR('',#3814,10.);
#1084=VECTOR('',#3817,10.);
#1085=VECTOR('',#3822,10.);
#1086=VECTOR('',#3823,10.);
#1087=VECTOR('',#3824,10.);
#1088=VECTOR('',#3827,10.);
#1089=VECTOR('',#3828,10.);
#1090=VECTOR('',#3831,10.);
#1091=VECTOR('',#3832,10.);
#1092=VECTOR('',#3835,10.);
#1093=VECTOR('',#3838,10.);
#1094=VECTOR('',#3841,10.);
#1095=VECTOR('',#3844,10.);
#1096=VECTOR('',#3845,10.);
#1097=VECTOR('',#3846,10.);
#1098=VECTOR('',#3849,10.);
#1099=VECTOR('',#3850,10.);
#1100=VECTOR('',#3853,10.);
#1101=VECTOR('',#3854,10.);
#1102=VECTOR('',#3857,10.);
#1103=VECTOR('',#3864,10.);
#1104=VECTOR('',#3865,10.);
#1105=VECTOR('',#3866,10.);
#1106=VECTOR('',#3867,10.);
#1107=VECTOR('',#3868,10.);
#1108=VECTOR('',#3869,10.);
#1109=VECTOR('',#3872,10.);
#1110=VECTOR('',#3873,10.);
#1111=VECTOR('',#3874,10.);
#1112=VECTOR('',#3875,10.);
#1113=VECTOR('',#3876,10.);
#1114=VECTOR('',#3877,10.);
#1115=VECTOR('',#3880,10.);
#1116=VECTOR('',#3881,10.);
#1117=VECTOR('',#3884,10.);
#1118=VECTOR('',#3887,10.);
#1119=VECTOR('',#3890,10.);
#1120=VECTOR('',#3891,10.);
#1121=VECTOR('',#3892,10.);
#1122=VECTOR('',#3893,10.);
#1123=VECTOR('',#3894,10.);
#1124=VECTOR('',#3897,10.);
#1125=VECTOR('',#3898,10.);
#1126=VECTOR('',#3901,10.);
#1127=VECTOR('',#3902,10.);
#1128=VECTOR('',#3903,10.);
#1129=VECTOR('',#3906,10.);
#1130=VECTOR('',#3907,10.);
#1131=VECTOR('',#3910,10.);
#1132=VECTOR('',#3911,10.);
#1133=VECTOR('',#3914,10.);
#1134=VECTOR('',#3915,10.);
#1135=VECTOR('',#3916,10.);
#1136=VECTOR('',#3917,10.);
#1137=VECTOR('',#3918,10.);
#1138=VECTOR('',#3921,10.);
#1139=VECTOR('',#3922,10.);
#1140=VECTOR('',#3923,10.);
#1141=VECTOR('',#3926,10.);
#1142=VECTOR('',#3927,10.);
#1143=VECTOR('',#3928,10.);
#1144=VECTOR('',#3931,10.);
#1145=VECTOR('',#3936,10.);
#1146=VECTOR('',#3937,10.);
#1147=VECTOR('',#3942,10.);
#1148=VECTOR('',#3943,10.);
#1149=VECTOR('',#3944,10.);
#1150=VECTOR('',#3945,10.);
#1151=VECTOR('',#3946,10.);
#1152=VECTOR('',#3947,10.);
#1153=VECTOR('',#3950,10.);
#1154=VECTOR('',#3951,10.);
#1155=VECTOR('',#3952,10.);
#1156=VECTOR('',#3953,10.);
#1157=VECTOR('',#3954,10.);
#1158=VECTOR('',#3955,10.);
#1159=VECTOR('',#3958,10.);
#1160=VECTOR('',#3959,10.);
#1161=VECTOR('',#3962,10.);
#1162=VECTOR('',#3965,10.);
#1163=VECTOR('',#3968,10.);
#1164=VECTOR('',#3969,10.);
#1165=VECTOR('',#3970,10.);
#1166=VECTOR('',#3971,10.);
#1167=VECTOR('',#3972,10.);
#1168=VECTOR('',#3975,10.);
#1169=VECTOR('',#3976,10.);
#1170=VECTOR('',#3979,10.);
#1171=VECTOR('',#3980,10.);
#1172=VECTOR('',#3983,10.);
#1173=VECTOR('',#3984,10.);
#1174=VECTOR('',#3985,10.);
#1175=VECTOR('',#3988,10.);
#1176=VECTOR('',#3989,10.);
#1177=VECTOR('',#3992,10.);
#1178=VECTOR('',#3993,10.);
#1179=VECTOR('',#3994,10.);
#1180=VECTOR('',#3995,10.);
#1181=VECTOR('',#3998,10.);
#1182=VECTOR('',#3999,10.);
#1183=VECTOR('',#4000,10.);
#1184=VECTOR('',#4001,10.);
#1185=VECTOR('',#4004,10.);
#1186=VECTOR('',#4005,10.);
#1187=VECTOR('',#4008,10.);
#1188=VECTOR('',#4013,10.);
#1189=VECTOR('',#4014,10.);
#1190=VECTOR('',#4015,10.);
#1191=VECTOR('',#4018,10.);
#1192=VECTOR('',#4019,10.);
#1193=VECTOR('',#4022,10.);
#1194=VECTOR('',#4023,10.);
#1195=VECTOR('',#4026,10.);
#1196=VECTOR('',#4029,10.);
#1197=VECTOR('',#4032,10.);
#1198=VECTOR('',#4035,10.);
#1199=VECTOR('',#4036,10.);
#1200=VECTOR('',#4037,10.);
#1201=VECTOR('',#4040,10.);
#1202=VECTOR('',#4041,10.);
#1203=VECTOR('',#4044,10.);
#1204=VECTOR('',#4045,10.);
#1205=VECTOR('',#4048,10.);
#1206=VECTOR('',#4051,10.);
#1207=VECTOR('',#4052,10.);
#1208=VECTOR('',#4053,10.);
#1209=VECTOR('',#4054,10.);
#1210=VECTOR('',#4055,10.);
#1211=VECTOR('',#4056,10.);
#1212=VECTOR('',#4057,10.);
#1213=VECTOR('',#4060,10.);
#1214=VECTOR('',#4061,10.);
#1215=VECTOR('',#4062,10.);
#1216=VECTOR('',#4065,10.);
#1217=VECTOR('',#4066,10.);
#1218=VECTOR('',#4069,10.);
#1219=VECTOR('',#4070,10.);
#1220=VECTOR('',#4073,10.);
#1221=VECTOR('',#4082,4.2);
#1222=VECTOR('',#4087,1.45);
#1223=VECTOR('',#4096,3.);
#1224=VECTOR('',#4105,4.2);
#1225=VECTOR('',#4110,1.45);
#1226=VECTOR('',#4119,3.);
#1227=VECTOR('',#4122,10.);
#1228=VECTOR('',#4123,10.);
#1229=VECTOR('',#4126,10.);
#1230=VECTOR('',#4127,10.);
#1231=VECTOR('',#4128,10.);
#1232=VECTOR('',#4129,10.);
#1233=VECTOR('',#4130,10.);
#1234=VECTOR('',#4131,10.);
#1235=VECTOR('',#4134,10.);
#1236=VECTOR('',#4137,10.);
#1237=VECTOR('',#4140,10.);
#1238=VECTOR('',#4143,10.);
#1239=VECTOR('',#4146,10.);
#1240=VECTOR('',#4151,10.);
#1241=VECTOR('',#4152,10.);
#1242=VECTOR('',#4153,10.);
#1243=VECTOR('',#4156,10.);
#1244=VECTOR('',#4159,10.);
#1245=VECTOR('',#4160,10.);
#1246=VECTOR('',#4161,10.);
#1247=VECTOR('',#4162,10.);
#1248=VECTOR('',#4163,10.);
#1249=VECTOR('',#4164,10.);
#1250=VECTOR('',#4165,10.);
#1251=VECTOR('',#4166,10.);
#1252=VECTOR('',#4167,10.);
#1253=VECTOR('',#4172,10.);
#1254=VECTOR('',#4175,10.);
#1255=VECTOR('',#4178,10.);
#1256=VECTOR('',#4179,10.);
#1257=VECTOR('',#4180,10.);
#1258=VECTOR('',#4185,10.);
#1259=VECTOR('',#4190,10.);
#1260=VECTOR('',#4191,10.);
#1261=VECTOR('',#4192,10.);
#1262=VECTOR('',#4197,10.);
#1263=VECTOR('',#4200,10.);
#1264=VECTOR('',#4201,10.);
#1265=VECTOR('',#4202,10.);
#1266=VECTOR('',#4203,10.);
#1267=VECTOR('',#4204,10.);
#1268=VECTOR('',#4207,10.);
#1269=VECTOR('',#4208,10.);
#1270=VECTOR('',#4209,10.);
#1271=VECTOR('',#4212,10.);
#1272=VECTOR('',#4213,10.);
#1273=VECTOR('',#4216,10.);
#1274=VECTOR('',#4217,10.);
#1275=VECTOR('',#4220,10.);
#1276=VECTOR('',#4225,10.);
#1277=VECTOR('',#4226,10.);
#1278=VECTOR('',#4227,10.);
#1279=VECTOR('',#4230,10.);
#1280=VECTOR('',#4231,10.);
#1281=VECTOR('',#4234,10.);
#1282=VECTOR('',#4235,10.);
#1283=VECTOR('',#4238,10.);
#1284=VECTOR('',#4241,10.);
#1285=VECTOR('',#4242,10.);
#1286=VECTOR('',#4243,10.);
#1287=VECTOR('',#4246,10.);
#1288=VECTOR('',#4247,10.);
#1289=VECTOR('',#4250,10.);
#1290=VECTOR('',#4251,10.);
#1291=VECTOR('',#4254,10.);
#1292=VECTOR('',#4259,10.);
#1293=VECTOR('',#4262,10.);
#1294=VECTOR('',#4263,10.);
#1295=VECTOR('',#4268,10.);
#1296=VECTOR('',#4271,10.);
#1297=VECTOR('',#4276,3.);
#1298=VECTOR('',#4285,1.45);
#1299=VECTOR('',#4292,4.2);
#1300=VECTOR('',#4301,3.);
#1301=VECTOR('',#4310,1.45);
#1302=VECTOR('',#4317,4.2);
#1303=VERTEX_POINT('',#4322);
#1304=VERTEX_POINT('',#4323);
#1305=VERTEX_POINT('',#4325);
#1306=VERTEX_POINT('',#4329);
#1307=VERTEX_POINT('',#4330);
#1308=VERTEX_POINT('',#4332);
#1309=VERTEX_POINT('',#4337);
#1310=VERTEX_POINT('',#4339);
#1311=VERTEX_POINT('',#4341);
#1312=VERTEX_POINT('',#4343);
#1313=VERTEX_POINT('',#4347);
#1314=VERTEX_POINT('',#4348);
#1315=VERTEX_POINT('',#4350);
#1316=VERTEX_POINT('',#4354);
#1317=VERTEX_POINT('',#4355);
#1318=VERTEX_POINT('',#4357);
#1319=VERTEX_POINT('',#4362);
#1320=VERTEX_POINT('',#4364);
#1321=VERTEX_POINT('',#4366);
#1322=VERTEX_POINT('',#4368);
#1323=VERTEX_POINT('',#4372);
#1324=VERTEX_POINT('',#4373);
#1325=VERTEX_POINT('',#4375);
#1326=VERTEX_POINT('',#4379);
#1327=VERTEX_POINT('',#4380);
#1328=VERTEX_POINT('',#4382);
#1329=VERTEX_POINT('',#4387);
#1330=VERTEX_POINT('',#4389);
#1331=VERTEX_POINT('',#4391);
#1332=VERTEX_POINT('',#4393);
#1333=VERTEX_POINT('',#4397);
#1334=VERTEX_POINT('',#4398);
#1335=VERTEX_POINT('',#4400);
#1336=VERTEX_POINT('',#4404);
#1337=VERTEX_POINT('',#4405);
#1338=VERTEX_POINT('',#4407);
#1339=VERTEX_POINT('',#4412);
#1340=VERTEX_POINT('',#4414);
#1341=VERTEX_POINT('',#4416);
#1342=VERTEX_POINT('',#4418);
#1343=VERTEX_POINT('',#4422);
#1344=VERTEX_POINT('',#4423);
#1345=VERTEX_POINT('',#4425);
#1346=VERTEX_POINT('',#4427);
#1347=VERTEX_POINT('',#4431);
#1348=VERTEX_POINT('',#4433);
#1349=VERTEX_POINT('',#4437);
#1350=VERTEX_POINT('',#4439);
#1351=VERTEX_POINT('',#4449);
#1352=VERTEX_POINT('',#4451);
#1353=VERTEX_POINT('',#4453);
#1354=VERTEX_POINT('',#4455);
#1355=VERTEX_POINT('',#4457);
#1356=VERTEX_POINT('',#4459);
#1357=VERTEX_POINT('',#4461);
#1358=VERTEX_POINT('',#4463);
#1359=VERTEX_POINT('',#4465);
#1360=VERTEX_POINT('',#4467);
#1361=VERTEX_POINT('',#4469);
#1362=VERTEX_POINT('',#4471);
#1363=VERTEX_POINT('',#4477);
#1364=VERTEX_POINT('',#4479);
#1365=VERTEX_POINT('',#4481);
#1366=VERTEX_POINT('',#4483);
#1367=VERTEX_POINT('',#4485);
#1368=VERTEX_POINT('',#4487);
#1369=VERTEX_POINT('',#4489);
#1370=VERTEX_POINT('',#4491);
#1371=VERTEX_POINT('',#4496);
#1372=VERTEX_POINT('',#4497);
#1373=VERTEX_POINT('',#4499);
#1374=VERTEX_POINT('',#4501);
#1375=VERTEX_POINT('',#4505);
#1376=VERTEX_POINT('',#4506);
#1377=VERTEX_POINT('',#4508);
#1378=VERTEX_POINT('',#4510);
#1379=VERTEX_POINT('',#4512);
#1380=VERTEX_POINT('',#4514);
#1381=VERTEX_POINT('',#4518);
#1382=VERTEX_POINT('',#4519);
#1383=VERTEX_POINT('',#4521);
#1384=VERTEX_POINT('',#4523);
#1385=VERTEX_POINT('',#4525);
#1386=VERTEX_POINT('',#4527);
#1387=VERTEX_POINT('',#4538);
#1388=VERTEX_POINT('',#4540);
#1389=VERTEX_POINT('',#4542);
#1390=VERTEX_POINT('',#4544);
#1391=VERTEX_POINT('',#4548);
#1392=VERTEX_POINT('',#4552);
#1393=VERTEX_POINT('',#4554);
#1394=VERTEX_POINT('',#4558);
#1395=VERTEX_POINT('',#4562);
#1396=VERTEX_POINT('',#4567);
#1397=VERTEX_POINT('',#4569);
#1398=VERTEX_POINT('',#4571);
#1399=VERTEX_POINT('',#4575);
#1400=VERTEX_POINT('',#4577);
#1401=VERTEX_POINT('',#4581);
#1402=VERTEX_POINT('',#4583);
#1403=VERTEX_POINT('',#4585);
#1404=VERTEX_POINT('',#4589);
#1405=VERTEX_POINT('',#4595);
#1406=VERTEX_POINT('',#4597);
#1407=VERTEX_POINT('',#4599);
#1408=VERTEX_POINT('',#4602);
#1409=VERTEX_POINT('',#4604);
#1410=VERTEX_POINT('',#4606);
#1411=VERTEX_POINT('',#4608);
#1412=VERTEX_POINT('',#4610);
#1413=VERTEX_POINT('',#4612);
#1414=VERTEX_POINT('',#4615);
#1415=VERTEX_POINT('',#4617);
#1416=VERTEX_POINT('',#4620);
#1417=VERTEX_POINT('',#4621);
#1418=VERTEX_POINT('',#4623);
#1419=VERTEX_POINT('',#4625);
#1420=VERTEX_POINT('',#4628);
#1421=VERTEX_POINT('',#4630);
#1422=VERTEX_POINT('',#4632);
#1423=VERTEX_POINT('',#4633);
#1424=VERTEX_POINT('',#4635);
#1425=VERTEX_POINT('',#4637);
#1426=VERTEX_POINT('',#4640);
#1427=VERTEX_POINT('',#4642);
#1428=VERTEX_POINT('',#4644);
#1429=VERTEX_POINT('',#4645);
#1430=VERTEX_POINT('',#4647);
#1431=VERTEX_POINT('',#4649);
#1432=VERTEX_POINT('',#4653);
#1433=VERTEX_POINT('',#4658);
#1434=VERTEX_POINT('',#4659);
#1435=VERTEX_POINT('',#4661);
#1436=VERTEX_POINT('',#4663);
#1437=VERTEX_POINT('',#4665);
#1438=VERTEX_POINT('',#4667);
#1439=VERTEX_POINT('',#4671);
#1440=VERTEX_POINT('',#4672);
#1441=VERTEX_POINT('',#4674);
#1442=VERTEX_POINT('',#4676);
#1443=VERTEX_POINT('',#4678);
#1444=VERTEX_POINT('',#4680);
#1445=VERTEX_POINT('',#4691);
#1446=VERTEX_POINT('',#4693);
#1447=VERTEX_POINT('',#4695);
#1448=VERTEX_POINT('',#4697);
#1449=VERTEX_POINT('',#4701);
#1450=VERTEX_POINT('',#4705);
#1451=VERTEX_POINT('',#4709);
#1452=VERTEX_POINT('',#4711);
#1453=VERTEX_POINT('',#4715);
#1454=VERTEX_POINT('',#4719);
#1455=VERTEX_POINT('',#4720);
#1456=VERTEX_POINT('',#4722);
#1457=VERTEX_POINT('',#4724);
#1458=VERTEX_POINT('',#4728);
#1459=VERTEX_POINT('',#4740);
#1460=VERTEX_POINT('',#4742);
#1461=VERTEX_POINT('',#4746);
#1462=VERTEX_POINT('',#4750);
#1463=VERTEX_POINT('',#4760);
#1464=VERTEX_POINT('',#4762);
#1465=VERTEX_POINT('',#4766);
#1466=VERTEX_POINT('',#4770);
#1467=VERTEX_POINT('',#4778);
#1468=VERTEX_POINT('',#4779);
#1469=VERTEX_POINT('',#4781);
#1470=VERTEX_POINT('',#4783);
#1471=VERTEX_POINT('',#4785);
#1472=VERTEX_POINT('',#4787);
#1473=VERTEX_POINT('',#4791);
#1474=VERTEX_POINT('',#4792);
#1475=VERTEX_POINT('',#4794);
#1476=VERTEX_POINT('',#4796);
#1477=VERTEX_POINT('',#4798);
#1478=VERTEX_POINT('',#4800);
#1479=VERTEX_POINT('',#4811);
#1480=VERTEX_POINT('',#4813);
#1481=VERTEX_POINT('',#4815);
#1482=VERTEX_POINT('',#4817);
#1483=VERTEX_POINT('',#4821);
#1484=VERTEX_POINT('',#4825);
#1485=VERTEX_POINT('',#4827);
#1486=VERTEX_POINT('',#4831);
#1487=VERTEX_POINT('',#4835);
#1488=VERTEX_POINT('',#4840);
#1489=VERTEX_POINT('',#4842);
#1490=VERTEX_POINT('',#4844);
#1491=VERTEX_POINT('',#4848);
#1492=VERTEX_POINT('',#4850);
#1493=VERTEX_POINT('',#4854);
#1494=VERTEX_POINT('',#4862);
#1495=VERTEX_POINT('',#4867);
#1496=VERTEX_POINT('',#4868);
#1497=VERTEX_POINT('',#4870);
#1498=VERTEX_POINT('',#4872);
#1499=VERTEX_POINT('',#4874);
#1500=VERTEX_POINT('',#4876);
#1501=VERTEX_POINT('',#4880);
#1502=VERTEX_POINT('',#4881);
#1503=VERTEX_POINT('',#4883);
#1504=VERTEX_POINT('',#4885);
#1505=VERTEX_POINT('',#4887);
#1506=VERTEX_POINT('',#4889);
#1507=VERTEX_POINT('',#4900);
#1508=VERTEX_POINT('',#4902);
#1509=VERTEX_POINT('',#4904);
#1510=VERTEX_POINT('',#4906);
#1511=VERTEX_POINT('',#4910);
#1512=VERTEX_POINT('',#4914);
#1513=VERTEX_POINT('',#4918);
#1514=VERTEX_POINT('',#4920);
#1515=VERTEX_POINT('',#4924);
#1516=VERTEX_POINT('',#4928);
#1517=VERTEX_POINT('',#4929);
#1518=VERTEX_POINT('',#4931);
#1519=VERTEX_POINT('',#4933);
#1520=VERTEX_POINT('',#4937);
#1521=VERTEX_POINT('',#4949);
#1522=VERTEX_POINT('',#4951);
#1523=VERTEX_POINT('',#4955);
#1524=VERTEX_POINT('',#4959);
#1525=VERTEX_POINT('',#4969);
#1526=VERTEX_POINT('',#4971);
#1527=VERTEX_POINT('',#4975);
#1528=VERTEX_POINT('',#4979);
#1529=VERTEX_POINT('',#4985);
#1530=VERTEX_POINT('',#4987);
#1531=VERTEX_POINT('',#4989);
#1532=VERTEX_POINT('',#4991);
#1533=VERTEX_POINT('',#4993);
#1534=VERTEX_POINT('',#4995);
#1535=VERTEX_POINT('',#4999);
#1536=VERTEX_POINT('',#5000);
#1537=VERTEX_POINT('',#5005);
#1538=VERTEX_POINT('',#5009);
#1539=VERTEX_POINT('',#5015);
#1540=VERTEX_POINT('',#5017);
#1541=VERTEX_POINT('',#5022);
#1542=VERTEX_POINT('',#5026);
#1543=VERTEX_POINT('',#5029);
#1544=VERTEX_POINT('',#5033);
#1545=VERTEX_POINT('',#5035);
#1546=VERTEX_POINT('',#5040);
#1547=VERTEX_POINT('',#5044);
#1548=VERTEX_POINT('',#5047);
#1549=VERTEX_POINT('',#5051);
#1550=VERTEX_POINT('',#5055);
#1551=VERTEX_POINT('',#5057);
#1552=VERTEX_POINT('',#5059);
#1553=VERTEX_POINT('',#5061);
#1554=VERTEX_POINT('',#5063);
#1555=VERTEX_POINT('',#5078);
#1556=VERTEX_POINT('',#5080);
#1557=VERTEX_POINT('',#5087);
#1558=VERTEX_POINT('',#5088);
#1559=VERTEX_POINT('',#5090);
#1560=VERTEX_POINT('',#5092);
#1561=VERTEX_POINT('',#5095);
#1562=VERTEX_POINT('',#5096);
#1563=VERTEX_POINT('',#5098);
#1564=VERTEX_POINT('',#5100);
#1565=VERTEX_POINT('',#5104);
#1566=VERTEX_POINT('',#5105);
#1567=VERTEX_POINT('',#5107);
#1568=VERTEX_POINT('',#5109);
#1569=VERTEX_POINT('',#5113);
#1570=VERTEX_POINT('',#5115);
#1571=VERTEX_POINT('',#5119);
#1572=VERTEX_POINT('',#5121);
#1573=VERTEX_POINT('',#5125);
#1574=VERTEX_POINT('',#5127);
#1575=VERTEX_POINT('',#5131);
#1576=VERTEX_POINT('',#5133);
#1577=VERTEX_POINT('',#5135);
#1578=VERTEX_POINT('',#5138);
#1579=VERTEX_POINT('',#5139);
#1580=VERTEX_POINT('',#5141);
#1581=VERTEX_POINT('',#5143);
#1582=VERTEX_POINT('',#5147);
#1583=VERTEX_POINT('',#5149);
#1584=VERTEX_POINT('',#5153);
#1585=VERTEX_POINT('',#5157);
#1586=VERTEX_POINT('',#5164);
#1587=VERTEX_POINT('',#5166);
#1588=VERTEX_POINT('',#5170);
#1589=VERTEX_POINT('',#5174);
#1590=VERTEX_POINT('',#5180);
#1591=VERTEX_POINT('',#5182);
#1592=VERTEX_POINT('',#5186);
#1593=VERTEX_POINT('',#5190);
#1594=VERTEX_POINT('',#5196);
#1595=VERTEX_POINT('',#5200);
#1596=VERTEX_POINT('',#5204);
#1597=VERTEX_POINT('',#5210);
#1598=VERTEX_POINT('',#5212);
#1599=VERTEX_POINT('',#5216);
#1600=VERTEX_POINT('',#5219);
#1601=VERTEX_POINT('',#5223);
#1602=VERTEX_POINT('',#5228);
#1603=VERTEX_POINT('',#5231);
#1604=VERTEX_POINT('',#5235);
#1605=VERTEX_POINT('',#5238);
#1606=VERTEX_POINT('',#5242);
#1607=EDGE_CURVE('',#1303,#1304,#455,.T.);
#1608=EDGE_CURVE('',#1303,#1305,#456,.T.);
#1609=EDGE_CURVE('',#1304,#1305,#457,.T.);
#1610=EDGE_CURVE('',#1306,#1307,#458,.T.);
#1611=EDGE_CURVE('',#1308,#1306,#459,.T.);
#1612=EDGE_CURVE('',#1307,#1308,#460,.T.);
#1613=EDGE_CURVE('',#1305,#1306,#461,.T.);
#1614=EDGE_CURVE('',#1309,#1307,#462,.T.);
#1615=EDGE_CURVE('',#1309,#1310,#463,.T.);
#1616=EDGE_CURVE('',#1311,#1310,#464,.T.);
#1617=EDGE_CURVE('',#1312,#1311,#465,.T.);
#1618=EDGE_CURVE('',#1304,#1312,#466,.T.);
#1619=EDGE_CURVE('',#1313,#1314,#467,.T.);
#1620=EDGE_CURVE('',#1315,#1313,#468,.T.);
#1621=EDGE_CURVE('',#1314,#1315,#469,.T.);
#1622=EDGE_CURVE('',#1316,#1317,#470,.T.);
#1623=EDGE_CURVE('',#1318,#1316,#471,.T.);
#1624=EDGE_CURVE('',#1317,#1318,#472,.T.);
#1625=EDGE_CURVE('',#1317,#1313,#473,.T.);
#1626=EDGE_CURVE('',#1319,#1314,#474,.T.);
#1627=EDGE_CURVE('',#1320,#1319,#475,.T.);
#1628=EDGE_CURVE('',#1321,#1320,#476,.T.);
#1629=EDGE_CURVE('',#1321,#1322,#477,.T.);
#1630=EDGE_CURVE('',#1316,#1322,#478,.T.);
#1631=EDGE_CURVE('',#1323,#1324,#479,.T.);
#1632=EDGE_CURVE('',#1325,#1323,#480,.T.);
#1633=EDGE_CURVE('',#1324,#1325,#481,.T.);
#1634=EDGE_CURVE('',#1326,#1327,#482,.T.);
#1635=EDGE_CURVE('',#1328,#1326,#483,.T.);
#1636=EDGE_CURVE('',#1328,#1327,#484,.T.);
#1637=EDGE_CURVE('',#1327,#1323,#485,.T.);
#1638=EDGE_CURVE('',#1329,#1324,#486,.T.);
#1639=EDGE_CURVE('',#1329,#1330,#487,.T.);
#1640=EDGE_CURVE('',#1331,#1330,#488,.T.);
#1641=EDGE_CURVE('',#1332,#1331,#489,.T.);
#1642=EDGE_CURVE('',#1326,#1332,#490,.T.);
#1643=EDGE_CURVE('',#1333,#1334,#491,.T.);
#1644=EDGE_CURVE('',#1335,#1333,#492,.T.);
#1645=EDGE_CURVE('',#1334,#1335,#493,.T.);
#1646=EDGE_CURVE('',#1336,#1337,#494,.T.);
#1647=EDGE_CURVE('',#1338,#1336,#495,.T.);
#1648=EDGE_CURVE('',#1337,#1338,#496,.T.);
#1649=EDGE_CURVE('',#1337,#1333,#497,.T.);
#1650=EDGE_CURVE('',#1339,#1334,#498,.T.);
#1651=EDGE_CURVE('',#1340,#1339,#499,.T.);
#1652=EDGE_CURVE('',#1341,#1340,#500,.T.);
#1653=EDGE_CURVE('',#1341,#1342,#501,.T.);
#1654=EDGE_CURVE('',#1336,#1342,#502,.T.);
#1655=EDGE_CURVE('',#1343,#1344,#503,.T.);
#1656=EDGE_CURVE('',#1343,#1345,#504,.T.);
#1657=EDGE_CURVE('',#1346,#1345,#505,.T.);
#1658=EDGE_CURVE('',#1344,#1346,#506,.T.);
#1659=EDGE_CURVE('',#1347,#1343,#507,.T.);
#1660=EDGE_CURVE('',#1347,#1348,#508,.T.);
#1661=EDGE_CURVE('',#1345,#1348,#509,.T.);
#1662=EDGE_CURVE('',#1344,#1349,#510,.T.);
#1663=EDGE_CURVE('',#1350,#1346,#511,.T.);
#1664=EDGE_CURVE('',#1349,#1350,#512,.T.);
#1665=EDGE_CURVE('',#1349,#1347,#513,.T.);
#1666=EDGE_CURVE('',#1348,#1350,#514,.T.);
#1667=EDGE_CURVE('',#1308,#1303,#515,.T.);
#1668=EDGE_CURVE('',#1312,#1351,#516,.T.);
#1669=EDGE_CURVE('',#1351,#1352,#517,.T.);
#1670=EDGE_CURVE('',#1352,#1353,#518,.T.);
#1671=EDGE_CURVE('',#1353,#1354,#519,.T.);
#1672=EDGE_CURVE('',#1354,#1355,#520,.T.);
#1673=EDGE_CURVE('',#1355,#1356,#521,.T.);
#1674=EDGE_CURVE('',#1356,#1357,#522,.T.);
#1675=EDGE_CURVE('',#1358,#1357,#523,.T.);
#1676=EDGE_CURVE('',#1358,#1359,#524,.T.);
#1677=EDGE_CURVE('',#1359,#1360,#525,.T.);
#1678=EDGE_CURVE('',#1360,#1361,#526,.T.);
#1679=EDGE_CURVE('',#1361,#1362,#527,.T.);
#1680=EDGE_CURVE('',#1362,#1339,#528,.T.);
#1681=EDGE_CURVE('',#1335,#1338,#529,.T.);
#1682=EDGE_CURVE('',#1342,#1329,#530,.T.);
#1683=EDGE_CURVE('',#1325,#1328,#531,.T.);
#1684=EDGE_CURVE('',#1332,#1363,#532,.T.);
#1685=EDGE_CURVE('',#1363,#1364,#533,.T.);
#1686=EDGE_CURVE('',#1364,#1365,#534,.T.);
#1687=EDGE_CURVE('',#1365,#1366,#535,.T.);
#1688=EDGE_CURVE('',#1366,#1367,#536,.T.);
#1689=EDGE_CURVE('',#1367,#1368,#537,.T.);
#1690=EDGE_CURVE('',#1368,#1369,#538,.T.);
#1691=EDGE_CURVE('',#1369,#1370,#539,.T.);
#1692=EDGE_CURVE('',#1370,#1319,#540,.T.);
#1693=EDGE_CURVE('',#1315,#1318,#541,.T.);
#1694=EDGE_CURVE('',#1322,#1309,#542,.T.);
#1695=EDGE_CURVE('',#1371,#1372,#543,.T.);
#1696=EDGE_CURVE('',#1372,#1373,#544,.T.);
#1697=EDGE_CURVE('',#1373,#1374,#545,.T.);
#1698=EDGE_CURVE('',#1374,#1371,#546,.T.);
#1699=EDGE_CURVE('',#1375,#1376,#547,.T.);
#1700=EDGE_CURVE('',#1377,#1375,#548,.T.);
#1701=EDGE_CURVE('',#1377,#1378,#549,.T.);
#1702=EDGE_CURVE('',#1379,#1378,#550,.T.);
#1703=EDGE_CURVE('',#1380,#1379,#551,.T.);
#1704=EDGE_CURVE('',#1380,#1376,#552,.T.);
#1705=EDGE_CURVE('',#1381,#1382,#553,.T.);
#1706=EDGE_CURVE('',#1381,#1383,#554,.T.);
#1707=EDGE_CURVE('',#1383,#1384,#555,.T.);
#1708=EDGE_CURVE('',#1385,#1384,#556,.T.);
#1709=EDGE_CURVE('',#1386,#1385,#557,.T.);
#1710=EDGE_CURVE('',#1382,#1386,#558,.T.);
#1711=EDGE_CURVE('',#1383,#1380,#559,.T.);
#1712=EDGE_CURVE('',#1384,#1379,#560,.T.);
#1713=EDGE_CURVE('',#1378,#1385,#561,.T.);
#1714=EDGE_CURVE('',#1376,#1381,#562,.T.);
#1715=EDGE_CURVE('',#1382,#1387,#563,.T.);
#1716=EDGE_CURVE('',#1388,#1387,#564,.T.);
#1717=EDGE_CURVE('',#1389,#1388,#565,.T.);
#1718=EDGE_CURVE('',#1390,#1389,#566,.T.);
#1719=EDGE_CURVE('',#1390,#1375,#567,.T.);
#1720=EDGE_CURVE('',#1386,#1391,#568,.T.);
#1721=EDGE_CURVE('',#1387,#1391,#569,.T.);
#1722=EDGE_CURVE('',#1389,#1392,#570,.T.);
#1723=EDGE_CURVE('',#1393,#1388,#571,.T.);
#1724=EDGE_CURVE('',#1392,#1393,#572,.T.);
#1725=EDGE_CURVE('',#1394,#1390,#573,.T.);
#1726=EDGE_CURVE('',#1394,#1377,#574,.T.);
#1727=EDGE_CURVE('',#1391,#1395,#575,.T.);
#1728=EDGE_CURVE('',#1393,#1395,#576,.T.);
#1729=EDGE_CURVE('',#1395,#1353,#577,.T.);
#1730=EDGE_CURVE('',#1396,#1352,#578,.T.);
#1731=EDGE_CURVE('',#1396,#1397,#579,.T.);
#1732=EDGE_CURVE('',#1397,#1398,#580,.T.);
#1733=EDGE_CURVE('',#1398,#1392,#581,.T.);
#1734=EDGE_CURVE('',#1399,#1396,#582,.T.);
#1735=EDGE_CURVE('',#1400,#1399,#583,.T.);
#1736=EDGE_CURVE('',#1400,#1397,#584,.T.);
#1737=EDGE_CURVE('',#1401,#1400,#585,.T.);
#1738=EDGE_CURVE('',#1402,#1401,#586,.T.);
#1739=EDGE_CURVE('',#1403,#1402,#587,.T.);
#1740=EDGE_CURVE('',#1403,#1398,#588,.T.);
#1741=EDGE_CURVE('',#1404,#1394,#589,.T.);
#1742=EDGE_CURVE('',#1354,#1404,#590,.T.);
#1743=EDGE_CURVE('',#1404,#1403,#591,.T.);
#1744=EDGE_CURVE('',#1405,#1402,#592,.T.);
#1745=EDGE_CURVE('',#1405,#1406,#593,.T.);
#1746=EDGE_CURVE('',#1406,#1407,#594,.T.);
#1747=EDGE_CURVE('',#1407,#1367,#595,.T.);
#1748=EDGE_CURVE('',#1366,#1408,#596,.T.);
#1749=EDGE_CURVE('',#1408,#1409,#597,.T.);
#1750=EDGE_CURVE('',#1409,#1410,#598,.T.);
#1751=EDGE_CURVE('',#1411,#1410,#599,.T.);
#1752=EDGE_CURVE('',#1411,#1412,#600,.T.);
#1753=EDGE_CURVE('',#1412,#1413,#601,.T.);
#1754=EDGE_CURVE('',#1413,#1359,#602,.T.);
#1755=EDGE_CURVE('',#1414,#1358,#603,.T.);
#1756=EDGE_CURVE('',#1415,#1414,#604,.T.);
#1757=EDGE_CURVE('',#1355,#1415,#605,.T.);
#1758=EDGE_CURVE('',#1416,#1417,#606,.T.);
#1759=EDGE_CURVE('',#1417,#1418,#607,.T.);
#1760=EDGE_CURVE('',#1418,#1419,#608,.T.);
#1761=EDGE_CURVE('',#1419,#1416,#609,.T.);
#1762=EDGE_CURVE('',#1420,#1420,#31,.T.);
#1763=EDGE_CURVE('',#1421,#1421,#32,.T.);
#1764=EDGE_CURVE('',#1422,#1423,#610,.T.);
#1765=EDGE_CURVE('',#1424,#1422,#611,.T.);
#1766=EDGE_CURVE('',#1425,#1424,#612,.T.);
#1767=EDGE_CURVE('',#1423,#1425,#613,.T.);
#1768=EDGE_CURVE('',#1426,#1426,#33,.T.);
#1769=EDGE_CURVE('',#1427,#1427,#34,.T.);
#1770=EDGE_CURVE('',#1428,#1429,#614,.T.);
#1771=EDGE_CURVE('',#1429,#1430,#615,.T.);
#1772=EDGE_CURVE('',#1430,#1431,#616,.T.);
#1773=EDGE_CURVE('',#1431,#1428,#617,.T.);
#1774=EDGE_CURVE('',#1401,#1432,#618,.T.);
#1775=EDGE_CURVE('',#1432,#1405,#619,.T.);
#1776=EDGE_CURVE('',#1433,#1434,#620,.T.);
#1777=EDGE_CURVE('',#1435,#1433,#621,.T.);
#1778=EDGE_CURVE('',#1435,#1436,#622,.T.);
#1779=EDGE_CURVE('',#1436,#1437,#623,.T.);
#1780=EDGE_CURVE('',#1438,#1437,#624,.T.);
#1781=EDGE_CURVE('',#1434,#1438,#625,.T.);
#1782=EDGE_CURVE('',#1439,#1440,#626,.T.);
#1783=EDGE_CURVE('',#1439,#1441,#627,.T.);
#1784=EDGE_CURVE('',#1442,#1441,#628,.T.);
#1785=EDGE_CURVE('',#1443,#1442,#629,.T.);
#1786=EDGE_CURVE('',#1443,#1444,#630,.T.);
#1787=EDGE_CURVE('',#1440,#1444,#631,.T.);
#1788=EDGE_CURVE('',#1436,#1443,#632,.T.);
#1789=EDGE_CURVE('',#1437,#1442,#633,.T.);
#1790=EDGE_CURVE('',#1441,#1438,#634,.T.);
#1791=EDGE_CURVE('',#1444,#1435,#635,.T.);
#1792=EDGE_CURVE('',#1445,#1433,#636,.T.);
#1793=EDGE_CURVE('',#1445,#1446,#637,.T.);
#1794=EDGE_CURVE('',#1446,#1447,#638,.T.);
#1795=EDGE_CURVE('',#1448,#1447,#639,.T.);
#1796=EDGE_CURVE('',#1440,#1448,#640,.T.);
#1797=EDGE_CURVE('',#1449,#1434,#641,.T.);
#1798=EDGE_CURVE('',#1449,#1445,#642,.T.);
#1799=EDGE_CURVE('',#1450,#1448,#643,.T.);
#1800=EDGE_CURVE('',#1439,#1450,#644,.T.);
#1801=EDGE_CURVE('',#1446,#1451,#645,.T.);
#1802=EDGE_CURVE('',#1452,#1451,#646,.T.);
#1803=EDGE_CURVE('',#1447,#1452,#647,.T.);
#1804=EDGE_CURVE('',#1453,#1452,#648,.T.);
#1805=EDGE_CURVE('',#1453,#1450,#649,.T.);
#1806=EDGE_CURVE('',#1454,#1455,#650,.T.);
#1807=EDGE_CURVE('',#1456,#1454,#651,.T.);
#1808=EDGE_CURVE('',#1457,#1456,#652,.T.);
#1809=EDGE_CURVE('',#1455,#1457,#653,.T.);
#1810=EDGE_CURVE('',#1451,#1458,#654,.T.);
#1811=EDGE_CURVE('',#1458,#1457,#655,.T.);
#1812=EDGE_CURVE('',#1369,#1456,#656,.T.);
#1813=EDGE_CURVE('',#1368,#1453,#657,.T.);
#1814=EDGE_CURVE('',#1455,#1432,#658,.T.);
#1815=EDGE_CURVE('',#1406,#1458,#659,.T.);
#1816=EDGE_CURVE('',#1407,#1449,#660,.T.);
#1817=EDGE_CURVE('',#1399,#1459,#661,.T.);
#1818=EDGE_CURVE('',#1459,#1460,#662,.T.);
#1819=EDGE_CURVE('',#1460,#1454,#663,.T.);
#1820=EDGE_CURVE('',#1460,#1461,#664,.T.);
#1821=EDGE_CURVE('',#1370,#1461,#665,.T.);
#1822=EDGE_CURVE('',#1461,#1462,#666,.T.);
#1823=EDGE_CURVE('',#1459,#1462,#667,.T.);
#1824=EDGE_CURVE('',#1462,#1351,#668,.T.);
#1825=EDGE_CURVE('',#1320,#1311,#669,.T.);
#1826=EDGE_CURVE('',#1310,#1321,#670,.T.);
#1827=EDGE_CURVE('',#1429,#1463,#671,.T.);
#1828=EDGE_CURVE('',#1464,#1463,#672,.T.);
#1829=EDGE_CURVE('',#1430,#1464,#673,.T.);
#1830=EDGE_CURVE('',#1428,#1465,#674,.T.);
#1831=EDGE_CURVE('',#1463,#1465,#675,.T.);
#1832=EDGE_CURVE('',#1466,#1464,#676,.T.);
#1833=EDGE_CURVE('',#1431,#1466,#677,.T.);
#1834=EDGE_CURVE('',#1465,#1466,#678,.T.);
#1835=EDGE_CURVE('',#1467,#1468,#679,.T.);
#1836=EDGE_CURVE('',#1469,#1467,#680,.T.);
#1837=EDGE_CURVE('',#1469,#1470,#681,.T.);
#1838=EDGE_CURVE('',#1471,#1470,#682,.T.);
#1839=EDGE_CURVE('',#1472,#1471,#683,.T.);
#1840=EDGE_CURVE('',#1472,#1468,#684,.T.);
#1841=EDGE_CURVE('',#1473,#1474,#685,.T.);
#1842=EDGE_CURVE('',#1473,#1475,#686,.T.);
#1843=EDGE_CURVE('',#1475,#1476,#687,.T.);
#1844=EDGE_CURVE('',#1477,#1476,#688,.T.);
#1845=EDGE_CURVE('',#1478,#1477,#689,.T.);
#1846=EDGE_CURVE('',#1474,#1478,#690,.T.);
#1847=EDGE_CURVE('',#1475,#1472,#691,.T.);
#1848=EDGE_CURVE('',#1476,#1471,#692,.T.);
#1849=EDGE_CURVE('',#1470,#1477,#693,.T.);
#1850=EDGE_CURVE('',#1468,#1473,#694,.T.);
#1851=EDGE_CURVE('',#1474,#1479,#695,.T.);
#1852=EDGE_CURVE('',#1480,#1479,#696,.T.);
#1853=EDGE_CURVE('',#1481,#1480,#697,.T.);
#1854=EDGE_CURVE('',#1482,#1481,#698,.T.);
#1855=EDGE_CURVE('',#1482,#1467,#699,.T.);
#1856=EDGE_CURVE('',#1478,#1483,#700,.T.);
#1857=EDGE_CURVE('',#1479,#1483,#701,.T.);
#1858=EDGE_CURVE('',#1481,#1484,#702,.T.);
#1859=EDGE_CURVE('',#1485,#1480,#703,.T.);
#1860=EDGE_CURVE('',#1484,#1485,#704,.T.);
#1861=EDGE_CURVE('',#1486,#1482,#705,.T.);
#1862=EDGE_CURVE('',#1486,#1469,#706,.T.);
#1863=EDGE_CURVE('',#1483,#1487,#707,.T.);
#1864=EDGE_CURVE('',#1485,#1487,#708,.T.);
#1865=EDGE_CURVE('',#1487,#1365,#709,.T.);
#1866=EDGE_CURVE('',#1488,#1364,#710,.T.);
#1867=EDGE_CURVE('',#1488,#1489,#711,.T.);
#1868=EDGE_CURVE('',#1489,#1490,#712,.T.);
#1869=EDGE_CURVE('',#1490,#1484,#713,.T.);
#1870=EDGE_CURVE('',#1491,#1488,#714,.T.);
#1871=EDGE_CURVE('',#1492,#1491,#715,.T.);
#1872=EDGE_CURVE('',#1492,#1489,#716,.T.);
#1873=EDGE_CURVE('',#1493,#1492,#717,.T.);
#1874=EDGE_CURVE('',#1410,#1493,#718,.T.);
#1875=EDGE_CURVE('',#1409,#1490,#719,.T.);
#1876=EDGE_CURVE('',#1408,#1486,#720,.T.);
#1877=EDGE_CURVE('',#1493,#1494,#721,.T.);
#1878=EDGE_CURVE('',#1494,#1411,#722,.T.);
#1879=EDGE_CURVE('',#1495,#1496,#723,.T.);
#1880=EDGE_CURVE('',#1497,#1495,#724,.T.);
#1881=EDGE_CURVE('',#1497,#1498,#725,.T.);
#1882=EDGE_CURVE('',#1498,#1499,#726,.T.);
#1883=EDGE_CURVE('',#1500,#1499,#727,.T.);
#1884=EDGE_CURVE('',#1496,#1500,#728,.T.);
#1885=EDGE_CURVE('',#1501,#1502,#729,.T.);
#1886=EDGE_CURVE('',#1501,#1503,#730,.T.);
#1887=EDGE_CURVE('',#1504,#1503,#731,.T.);
#1888=EDGE_CURVE('',#1505,#1504,#732,.T.);
#1889=EDGE_CURVE('',#1505,#1506,#733,.T.);
#1890=EDGE_CURVE('',#1502,#1506,#734,.T.);
#1891=EDGE_CURVE('',#1498,#1505,#735,.T.);
#1892=EDGE_CURVE('',#1499,#1504,#736,.T.);
#1893=EDGE_CURVE('',#1503,#1500,#737,.T.);
#1894=EDGE_CURVE('',#1506,#1497,#738,.T.);
#1895=EDGE_CURVE('',#1507,#1495,#739,.T.);
#1896=EDGE_CURVE('',#1507,#1508,#740,.T.);
#1897=EDGE_CURVE('',#1508,#1509,#741,.T.);
#1898=EDGE_CURVE('',#1510,#1509,#742,.T.);
#1899=EDGE_CURVE('',#1502,#1510,#743,.T.);
#1900=EDGE_CURVE('',#1511,#1496,#744,.T.);
#1901=EDGE_CURVE('',#1511,#1507,#745,.T.);
#1902=EDGE_CURVE('',#1512,#1510,#746,.T.);
#1903=EDGE_CURVE('',#1501,#1512,#747,.T.);
#1904=EDGE_CURVE('',#1508,#1513,#748,.T.);
#1905=EDGE_CURVE('',#1514,#1513,#749,.T.);
#1906=EDGE_CURVE('',#1509,#1514,#750,.T.);
#1907=EDGE_CURVE('',#1515,#1514,#751,.T.);
#1908=EDGE_CURVE('',#1515,#1512,#752,.T.);
#1909=EDGE_CURVE('',#1516,#1517,#753,.T.);
#1910=EDGE_CURVE('',#1518,#1516,#754,.T.);
#1911=EDGE_CURVE('',#1519,#1518,#755,.T.);
#1912=EDGE_CURVE('',#1517,#1519,#756,.T.);
#1913=EDGE_CURVE('',#1513,#1520,#757,.T.);
#1914=EDGE_CURVE('',#1520,#1519,#758,.T.);
#1915=EDGE_CURVE('',#1361,#1518,#759,.T.);
#1916=EDGE_CURVE('',#1360,#1515,#760,.T.);
#1917=EDGE_CURVE('',#1517,#1494,#761,.T.);
#1918=EDGE_CURVE('',#1412,#1520,#762,.T.);
#1919=EDGE_CURVE('',#1413,#1511,#763,.T.);
#1920=EDGE_CURVE('',#1491,#1521,#764,.T.);
#1921=EDGE_CURVE('',#1521,#1522,#765,.T.);
#1922=EDGE_CURVE('',#1522,#1516,#766,.T.);
#1923=EDGE_CURVE('',#1522,#1523,#767,.T.);
#1924=EDGE_CURVE('',#1362,#1523,#768,.T.);
#1925=EDGE_CURVE('',#1523,#1524,#769,.T.);
#1926=EDGE_CURVE('',#1521,#1524,#770,.T.);
#1927=EDGE_CURVE('',#1524,#1363,#771,.T.);
#1928=EDGE_CURVE('',#1340,#1331,#772,.T.);
#1929=EDGE_CURVE('',#1330,#1341,#773,.T.);
#1930=EDGE_CURVE('',#1373,#1525,#774,.T.);
#1931=EDGE_CURVE('',#1526,#1525,#775,.T.);
#1932=EDGE_CURVE('',#1374,#1526,#776,.T.);
#1933=EDGE_CURVE('',#1527,#1526,#777,.T.);
#1934=EDGE_CURVE('',#1527,#1371,#778,.T.);
#1935=EDGE_CURVE('',#1528,#1527,#779,.T.);
#1936=EDGE_CURVE('',#1528,#1372,#780,.T.);
#1937=EDGE_CURVE('',#1525,#1528,#781,.T.);
#1938=EDGE_CURVE('',#1423,#1529,#782,.T.);
#1939=EDGE_CURVE('',#1425,#1530,#783,.T.);
#1940=EDGE_CURVE('',#1531,#1530,#784,.T.);
#1941=EDGE_CURVE('',#1532,#1531,#785,.T.);
#1942=EDGE_CURVE('',#1532,#1533,#786,.T.);
#1943=EDGE_CURVE('',#1533,#1534,#787,.T.);
#1944=EDGE_CURVE('',#1529,#1534,#788,.T.);
#1945=EDGE_CURVE('',#1535,#1536,#789,.T.);
#1946=EDGE_CURVE('',#1416,#1536,#790,.T.);
#1947=EDGE_CURVE('',#1535,#1419,#791,.T.);
#1948=EDGE_CURVE('',#1537,#1536,#792,.T.);
#1949=EDGE_CURVE('',#1537,#1417,#793,.T.);
#1950=EDGE_CURVE('',#1538,#1537,#794,.T.);
#1951=EDGE_CURVE('',#1538,#1418,#795,.T.);
#1952=EDGE_CURVE('',#1535,#1538,#796,.T.);
#1953=EDGE_CURVE('',#1539,#1539,#35,.T.);
#1954=EDGE_CURVE('',#1540,#1540,#36,.T.);
#1955=EDGE_CURVE('',#1539,#1420,#797,.T.);
#1956=EDGE_CURVE('',#1541,#1541,#37,.T.);
#1957=EDGE_CURVE('',#1541,#1540,#798,.T.);
#1958=EDGE_CURVE('',#1542,#1542,#38,.T.);
#1959=EDGE_CURVE('',#1543,#1543,#39,.T.);
#1960=EDGE_CURVE('',#1543,#1542,#799,.T.);
#1961=EDGE_CURVE('',#1544,#1544,#40,.T.);
#1962=EDGE_CURVE('',#1545,#1545,#41,.T.);
#1963=EDGE_CURVE('',#1544,#1421,#800,.T.);
#1964=EDGE_CURVE('',#1546,#1546,#42,.T.);
#1965=EDGE_CURVE('',#1546,#1545,#801,.T.);
#1966=EDGE_CURVE('',#1547,#1547,#43,.T.);
#1967=EDGE_CURVE('',#1548,#1548,#44,.T.);
#1968=EDGE_CURVE('',#1548,#1547,#802,.T.);
#1969=EDGE_CURVE('',#1549,#1424,#803,.T.);
#1970=EDGE_CURVE('',#1530,#1549,#804,.T.);
#1971=EDGE_CURVE('',#1550,#1422,#805,.T.);
#1972=EDGE_CURVE('',#1551,#1550,#806,.T.);
#1973=EDGE_CURVE('',#1552,#1551,#807,.T.);
#1974=EDGE_CURVE('',#1553,#1552,#808,.T.);
#1975=EDGE_CURVE('',#1553,#1554,#809,.T.);
#1976=EDGE_CURVE('',#1549,#1554,#810,.T.);
#1977=EDGE_CURVE('',#1550,#1529,#811,.T.);
#1978=EDGE_CURVE('',#1554,#1531,#812,.T.);
#1979=EDGE_CURVE('',#1532,#1553,#813,.T.);
#1980=EDGE_CURVE('',#1552,#1533,#814,.T.);
#1981=EDGE_CURVE('',#1534,#1551,#815,.T.);
#1982=EDGE_CURVE('',#1414,#1555,#816,.T.);
#1983=EDGE_CURVE('',#1555,#1556,#817,.T.);
#1984=EDGE_CURVE('',#1415,#1556,#818,.T.);
#1985=EDGE_CURVE('',#1357,#1555,#819,.T.);
#1986=EDGE_CURVE('',#1556,#1356,#820,.T.);
#1987=EDGE_CURVE('',#1557,#1558,#821,.T.);
#1988=EDGE_CURVE('',#1558,#1559,#822,.T.);
#1989=EDGE_CURVE('',#1559,#1560,#823,.T.);
#1990=EDGE_CURVE('',#1560,#1557,#824,.T.);
#1991=EDGE_CURVE('',#1561,#1562,#825,.T.);
#1992=EDGE_CURVE('',#1562,#1563,#826,.T.);
#1993=EDGE_CURVE('',#1563,#1564,#827,.T.);
#1994=EDGE_CURVE('',#1564,#1561,#828,.T.);
#1995=EDGE_CURVE('',#1565,#1566,#45,.T.);
#1996=EDGE_CURVE('',#1566,#1567,#829,.T.);
#1997=EDGE_CURVE('',#1568,#1567,#46,.T.);
#1998=EDGE_CURVE('',#1568,#1565,#830,.T.);
#1999=EDGE_CURVE('',#1566,#1569,#831,.T.);
#2000=EDGE_CURVE('',#1570,#1569,#832,.T.);
#2001=EDGE_CURVE('',#1567,#1570,#833,.T.);
#2002=EDGE_CURVE('',#1569,#1571,#47,.T.);
#2003=EDGE_CURVE('',#1571,#1572,#834,.T.);
#2004=EDGE_CURVE('',#1570,#1572,#48,.T.);
#2005=EDGE_CURVE('',#1571,#1573,#835,.T.);
#2006=EDGE_CURVE('',#1574,#1573,#836,.T.);
#2007=EDGE_CURVE('',#1572,#1574,#837,.T.);
#2008=EDGE_CURVE('',#1574,#1575,#49,.T.);
#2009=EDGE_CURVE('',#1575,#1576,#838,.T.);
#2010=EDGE_CURVE('',#1576,#1577,#50,.T.);
#2011=EDGE_CURVE('',#1577,#1568,#839,.T.);
#2012=EDGE_CURVE('',#1578,#1579,#840,.T.);
#2013=EDGE_CURVE('',#1579,#1580,#841,.T.);
#2014=EDGE_CURVE('',#1580,#1581,#842,.T.);
#2015=EDGE_CURVE('',#1581,#1578,#843,.T.);
#2016=EDGE_CURVE('',#1578,#1582,#844,.T.);
#2017=EDGE_CURVE('',#1583,#1581,#845,.T.);
#2018=EDGE_CURVE('',#1583,#1582,#846,.T.);
#2019=EDGE_CURVE('',#1580,#1584,#847,.T.);
#2020=EDGE_CURVE('',#1584,#1583,#848,.T.);
#2021=EDGE_CURVE('',#1585,#1579,#849,.T.);
#2022=EDGE_CURVE('',#1585,#1584,#850,.T.);
#2023=EDGE_CURVE('',#1582,#1585,#851,.T.);
#2024=EDGE_CURVE('',#1586,#1563,#852,.T.);
#2025=EDGE_CURVE('',#1587,#1586,#853,.T.);
#2026=EDGE_CURVE('',#1587,#1564,#854,.T.);
#2027=EDGE_CURVE('',#1588,#1587,#855,.T.);
#2028=EDGE_CURVE('',#1561,#1588,#856,.T.);
#2029=EDGE_CURVE('',#1589,#1588,#857,.T.);
#2030=EDGE_CURVE('',#1562,#1589,#858,.T.);
#2031=EDGE_CURVE('',#1586,#1589,#859,.T.);
#2032=EDGE_CURVE('',#1590,#1559,#860,.T.);
#2033=EDGE_CURVE('',#1591,#1590,#861,.T.);
#2034=EDGE_CURVE('',#1591,#1560,#862,.T.);
#2035=EDGE_CURVE('',#1592,#1591,#863,.T.);
#2036=EDGE_CURVE('',#1557,#1592,#864,.T.);
#2037=EDGE_CURVE('',#1593,#1592,#865,.T.);
#2038=EDGE_CURVE('',#1558,#1593,#866,.T.);
#2039=EDGE_CURVE('',#1590,#1593,#867,.T.);
#2040=EDGE_CURVE('',#1573,#1594,#51,.T.);
#2041=EDGE_CURVE('',#1594,#1575,#868,.T.);
#2042=EDGE_CURVE('',#1594,#1595,#869,.T.);
#2043=EDGE_CURVE('',#1576,#1595,#870,.T.);
#2044=EDGE_CURVE('',#1595,#1596,#52,.T.);
#2045=EDGE_CURVE('',#1596,#1577,#871,.T.);
#2046=EDGE_CURVE('',#1596,#1565,#872,.T.);
#2047=EDGE_CURVE('',#1597,#1597,#53,.T.);
#2048=EDGE_CURVE('',#1597,#1598,#873,.T.);
#2049=EDGE_CURVE('',#1598,#1598,#54,.T.);
#2050=EDGE_CURVE('',#1599,#1599,#55,.T.);
#2051=EDGE_CURVE('',#1599,#1600,#874,.T.);
#2052=EDGE_CURVE('',#1600,#1600,#56,.T.);
#2053=EDGE_CURVE('',#1601,#1601,#57,.T.);
#2054=EDGE_CURVE('',#1601,#1426,#875,.T.);
#2055=EDGE_CURVE('',#1602,#1602,#58,.T.);
#2056=EDGE_CURVE('',#1602,#1603,#876,.T.);
#2057=EDGE_CURVE('',#1603,#1603,#59,.T.);
#2058=EDGE_CURVE('',#1604,#1604,#60,.T.);
#2059=EDGE_CURVE('',#1604,#1605,#877,.T.);
#2060=EDGE_CURVE('',#1605,#1605,#61,.T.);
#2061=EDGE_CURVE('',#1606,#1606,#62,.T.);
#2062=EDGE_CURVE('',#1606,#1427,#878,.T.);
#2063=ORIENTED_EDGE('',*,*,#1607,.F.);
#2064=ORIENTED_EDGE('',*,*,#1608,.T.);
#2065=ORIENTED_EDGE('',*,*,#1609,.F.);
#2066=ORIENTED_EDGE('',*,*,#1610,.F.);
#2067=ORIENTED_EDGE('',*,*,#1611,.F.);
#2068=ORIENTED_EDGE('',*,*,#1612,.F.);
#2069=ORIENTED_EDGE('',*,*,#1609,.T.);
#2070=ORIENTED_EDGE('',*,*,#1613,.T.);
#2071=ORIENTED_EDGE('',*,*,#1610,.T.);
#2072=ORIENTED_EDGE('',*,*,#1614,.F.);
#2073=ORIENTED_EDGE('',*,*,#1615,.T.);
#2074=ORIENTED_EDGE('',*,*,#1616,.F.);
#2075=ORIENTED_EDGE('',*,*,#1617,.F.);
#2076=ORIENTED_EDGE('',*,*,#1618,.F.);
#2077=ORIENTED_EDGE('',*,*,#1619,.F.);
#2078=ORIENTED_EDGE('',*,*,#1620,.F.);
#2079=ORIENTED_EDGE('',*,*,#1621,.F.);
#2080=ORIENTED_EDGE('',*,*,#1622,.F.);
#2081=ORIENTED_EDGE('',*,*,#1623,.F.);
#2082=ORIENTED_EDGE('',*,*,#1624,.F.);
#2083=ORIENTED_EDGE('',*,*,#1622,.T.);
#2084=ORIENTED_EDGE('',*,*,#1625,.T.);
#2085=ORIENTED_EDGE('',*,*,#1619,.T.);
#2086=ORIENTED_EDGE('',*,*,#1626,.F.);
#2087=ORIENTED_EDGE('',*,*,#1627,.F.);
#2088=ORIENTED_EDGE('',*,*,#1628,.F.);
#2089=ORIENTED_EDGE('',*,*,#1629,.T.);
#2090=ORIENTED_EDGE('',*,*,#1630,.F.);
#2091=ORIENTED_EDGE('',*,*,#1631,.F.);
#2092=ORIENTED_EDGE('',*,*,#1632,.F.);
#2093=ORIENTED_EDGE('',*,*,#1633,.F.);
#2094=ORIENTED_EDGE('',*,*,#1634,.F.);
#2095=ORIENTED_EDGE('',*,*,#1635,.F.);
#2096=ORIENTED_EDGE('',*,*,#1636,.T.);
#2097=ORIENTED_EDGE('',*,*,#1634,.T.);
#2098=ORIENTED_EDGE('',*,*,#1637,.T.);
#2099=ORIENTED_EDGE('',*,*,#1631,.T.);
#2100=ORIENTED_EDGE('',*,*,#1638,.F.);
#2101=ORIENTED_EDGE('',*,*,#1639,.T.);
#2102=ORIENTED_EDGE('',*,*,#1640,.F.);
#2103=ORIENTED_EDGE('',*,*,#1641,.F.);
#2104=ORIENTED_EDGE('',*,*,#1642,.F.);
#2105=ORIENTED_EDGE('',*,*,#1643,.F.);
#2106=ORIENTED_EDGE('',*,*,#1644,.F.);
#2107=ORIENTED_EDGE('',*,*,#1645,.F.);
#2108=ORIENTED_EDGE('',*,*,#1646,.F.);
#2109=ORIENTED_EDGE('',*,*,#1647,.F.);
#2110=ORIENTED_EDGE('',*,*,#1648,.F.);
#2111=ORIENTED_EDGE('',*,*,#1646,.T.);
#2112=ORIENTED_EDGE('',*,*,#1649,.T.);
#2113=ORIENTED_EDGE('',*,*,#1643,.T.);
#2114=ORIENTED_EDGE('',*,*,#1650,.F.);
#2115=ORIENTED_EDGE('',*,*,#1651,.F.);
#2116=ORIENTED_EDGE('',*,*,#1652,.F.);
#2117=ORIENTED_EDGE('',*,*,#1653,.T.);
#2118=ORIENTED_EDGE('',*,*,#1654,.F.);
#2119=ORIENTED_EDGE('',*,*,#1655,.F.);
#2120=ORIENTED_EDGE('',*,*,#1656,.T.);
#2121=ORIENTED_EDGE('',*,*,#1657,.F.);
#2122=ORIENTED_EDGE('',*,*,#1658,.F.);
#2123=ORIENTED_EDGE('',*,*,#1659,.F.);
#2124=ORIENTED_EDGE('',*,*,#1660,.T.);
#2125=ORIENTED_EDGE('',*,*,#1661,.F.);
#2126=ORIENTED_EDGE('',*,*,#1656,.F.);
#2127=ORIENTED_EDGE('',*,*,#1662,.F.);
#2128=ORIENTED_EDGE('',*,*,#1658,.T.);
#2129=ORIENTED_EDGE('',*,*,#1663,.F.);
#2130=ORIENTED_EDGE('',*,*,#1664,.F.);
#2131=ORIENTED_EDGE('',*,*,#1665,.F.);
#2132=ORIENTED_EDGE('',*,*,#1664,.T.);
#2133=ORIENTED_EDGE('',*,*,#1666,.F.);
#2134=ORIENTED_EDGE('',*,*,#1660,.F.);
#2135=ORIENTED_EDGE('',*,*,#1666,.T.);
#2136=ORIENTED_EDGE('',*,*,#1663,.T.);
#2137=ORIENTED_EDGE('',*,*,#1657,.T.);
#2138=ORIENTED_EDGE('',*,*,#1661,.T.);
#2139=ORIENTED_EDGE('',*,*,#1667,.F.);
#2140=ORIENTED_EDGE('',*,*,#1611,.T.);
#2141=ORIENTED_EDGE('',*,*,#1613,.F.);
#2142=ORIENTED_EDGE('',*,*,#1608,.F.);
#2143=ORIENTED_EDGE('',*,*,#1607,.T.);
#2144=ORIENTED_EDGE('',*,*,#1618,.T.);
#2145=ORIENTED_EDGE('',*,*,#1668,.T.);
#2146=ORIENTED_EDGE('',*,*,#1669,.T.);
#2147=ORIENTED_EDGE('',*,*,#1670,.T.);
#2148=ORIENTED_EDGE('',*,*,#1671,.T.);
#2149=ORIENTED_EDGE('',*,*,#1672,.T.);
#2150=ORIENTED_EDGE('',*,*,#1673,.T.);
#2151=ORIENTED_EDGE('',*,*,#1674,.T.);
#2152=ORIENTED_EDGE('',*,*,#1675,.F.);
#2153=ORIENTED_EDGE('',*,*,#1676,.T.);
#2154=ORIENTED_EDGE('',*,*,#1677,.T.);
#2155=ORIENTED_EDGE('',*,*,#1678,.T.);
#2156=ORIENTED_EDGE('',*,*,#1679,.T.);
#2157=ORIENTED_EDGE('',*,*,#1680,.T.);
#2158=ORIENTED_EDGE('',*,*,#1650,.T.);
#2159=ORIENTED_EDGE('',*,*,#1645,.T.);
#2160=ORIENTED_EDGE('',*,*,#1681,.T.);
#2161=ORIENTED_EDGE('',*,*,#1647,.T.);
#2162=ORIENTED_EDGE('',*,*,#1654,.T.);
#2163=ORIENTED_EDGE('',*,*,#1682,.T.);
#2164=ORIENTED_EDGE('',*,*,#1638,.T.);
#2165=ORIENTED_EDGE('',*,*,#1633,.T.);
#2166=ORIENTED_EDGE('',*,*,#1683,.T.);
#2167=ORIENTED_EDGE('',*,*,#1635,.T.);
#2168=ORIENTED_EDGE('',*,*,#1642,.T.);
#2169=ORIENTED_EDGE('',*,*,#1684,.T.);
#2170=ORIENTED_EDGE('',*,*,#1685,.T.);
#2171=ORIENTED_EDGE('',*,*,#1686,.T.);
#2172=ORIENTED_EDGE('',*,*,#1687,.T.);
#2173=ORIENTED_EDGE('',*,*,#1688,.T.);
#2174=ORIENTED_EDGE('',*,*,#1689,.T.);
#2175=ORIENTED_EDGE('',*,*,#1690,.T.);
#2176=ORIENTED_EDGE('',*,*,#1691,.T.);
#2177=ORIENTED_EDGE('',*,*,#1692,.T.);
#2178=ORIENTED_EDGE('',*,*,#1626,.T.);
#2179=ORIENTED_EDGE('',*,*,#1621,.T.);
#2180=ORIENTED_EDGE('',*,*,#1693,.T.);
#2181=ORIENTED_EDGE('',*,*,#1623,.T.);
#2182=ORIENTED_EDGE('',*,*,#1630,.T.);
#2183=ORIENTED_EDGE('',*,*,#1694,.T.);
#2184=ORIENTED_EDGE('',*,*,#1614,.T.);
#2185=ORIENTED_EDGE('',*,*,#1612,.T.);
#2186=ORIENTED_EDGE('',*,*,#1667,.T.);
#2187=ORIENTED_EDGE('',*,*,#1695,.T.);
#2188=ORIENTED_EDGE('',*,*,#1696,.T.);
#2189=ORIENTED_EDGE('',*,*,#1697,.T.);
#2190=ORIENTED_EDGE('',*,*,#1698,.T.);
#2191=ORIENTED_EDGE('',*,*,#1699,.F.);
#2192=ORIENTED_EDGE('',*,*,#1700,.F.);
#2193=ORIENTED_EDGE('',*,*,#1701,.T.);
#2194=ORIENTED_EDGE('',*,*,#1702,.F.);
#2195=ORIENTED_EDGE('',*,*,#1703,.F.);
#2196=ORIENTED_EDGE('',*,*,#1704,.T.);
#2197=ORIENTED_EDGE('',*,*,#1705,.F.);
#2198=ORIENTED_EDGE('',*,*,#1706,.T.);
#2199=ORIENTED_EDGE('',*,*,#1707,.T.);
#2200=ORIENTED_EDGE('',*,*,#1708,.F.);
#2201=ORIENTED_EDGE('',*,*,#1709,.F.);
#2202=ORIENTED_EDGE('',*,*,#1710,.F.);
#2203=ORIENTED_EDGE('',*,*,#1711,.T.);
#2204=ORIENTED_EDGE('',*,*,#1703,.T.);
#2205=ORIENTED_EDGE('',*,*,#1712,.F.);
#2206=ORIENTED_EDGE('',*,*,#1707,.F.);
#2207=ORIENTED_EDGE('',*,*,#1712,.T.);
#2208=ORIENTED_EDGE('',*,*,#1702,.T.);
#2209=ORIENTED_EDGE('',*,*,#1713,.T.);
#2210=ORIENTED_EDGE('',*,*,#1708,.T.);
#2211=ORIENTED_EDGE('',*,*,#1714,.F.);
#2212=ORIENTED_EDGE('',*,*,#1704,.F.);
#2213=ORIENTED_EDGE('',*,*,#1711,.F.);
#2214=ORIENTED_EDGE('',*,*,#1706,.F.);
#2215=ORIENTED_EDGE('',*,*,#1699,.T.);
#2216=ORIENTED_EDGE('',*,*,#1714,.T.);
#2217=ORIENTED_EDGE('',*,*,#1705,.T.);
#2218=ORIENTED_EDGE('',*,*,#1715,.T.);
#2219=ORIENTED_EDGE('',*,*,#1716,.F.);
#2220=ORIENTED_EDGE('',*,*,#1717,.F.);
#2221=ORIENTED_EDGE('',*,*,#1718,.F.);
#2222=ORIENTED_EDGE('',*,*,#1719,.T.);
#2223=ORIENTED_EDGE('',*,*,#1710,.T.);
#2224=ORIENTED_EDGE('',*,*,#1720,.T.);
#2225=ORIENTED_EDGE('',*,*,#1721,.F.);
#2226=ORIENTED_EDGE('',*,*,#1715,.F.);
#2227=ORIENTED_EDGE('',*,*,#1722,.F.);
#2228=ORIENTED_EDGE('',*,*,#1717,.T.);
#2229=ORIENTED_EDGE('',*,*,#1723,.F.);
#2230=ORIENTED_EDGE('',*,*,#1724,.F.);
#2231=ORIENTED_EDGE('',*,*,#1700,.T.);
#2232=ORIENTED_EDGE('',*,*,#1719,.F.);
#2233=ORIENTED_EDGE('',*,*,#1725,.F.);
#2234=ORIENTED_EDGE('',*,*,#1726,.T.);
#2235=ORIENTED_EDGE('',*,*,#1716,.T.);
#2236=ORIENTED_EDGE('',*,*,#1721,.T.);
#2237=ORIENTED_EDGE('',*,*,#1727,.T.);
#2238=ORIENTED_EDGE('',*,*,#1728,.F.);
#2239=ORIENTED_EDGE('',*,*,#1723,.T.);
#2240=ORIENTED_EDGE('',*,*,#1724,.T.);
#2241=ORIENTED_EDGE('',*,*,#1728,.T.);
#2242=ORIENTED_EDGE('',*,*,#1729,.T.);
#2243=ORIENTED_EDGE('',*,*,#1670,.F.);
#2244=ORIENTED_EDGE('',*,*,#1730,.F.);
#2245=ORIENTED_EDGE('',*,*,#1731,.T.);
#2246=ORIENTED_EDGE('',*,*,#1732,.T.);
#2247=ORIENTED_EDGE('',*,*,#1733,.T.);
#2248=ORIENTED_EDGE('',*,*,#1734,.F.);
#2249=ORIENTED_EDGE('',*,*,#1735,.F.);
#2250=ORIENTED_EDGE('',*,*,#1736,.T.);
#2251=ORIENTED_EDGE('',*,*,#1731,.F.);
#2252=ORIENTED_EDGE('',*,*,#1737,.F.);
#2253=ORIENTED_EDGE('',*,*,#1738,.F.);
#2254=ORIENTED_EDGE('',*,*,#1739,.F.);
#2255=ORIENTED_EDGE('',*,*,#1740,.T.);
#2256=ORIENTED_EDGE('',*,*,#1732,.F.);
#2257=ORIENTED_EDGE('',*,*,#1736,.F.);
#2258=ORIENTED_EDGE('',*,*,#1726,.F.);
#2259=ORIENTED_EDGE('',*,*,#1741,.F.);
#2260=ORIENTED_EDGE('',*,*,#1742,.F.);
#2261=ORIENTED_EDGE('',*,*,#1671,.F.);
#2262=ORIENTED_EDGE('',*,*,#1729,.F.);
#2263=ORIENTED_EDGE('',*,*,#1727,.F.);
#2264=ORIENTED_EDGE('',*,*,#1720,.F.);
#2265=ORIENTED_EDGE('',*,*,#1709,.T.);
#2266=ORIENTED_EDGE('',*,*,#1713,.F.);
#2267=ORIENTED_EDGE('',*,*,#1701,.F.);
#2268=ORIENTED_EDGE('',*,*,#1743,.F.);
#2269=ORIENTED_EDGE('',*,*,#1741,.T.);
#2270=ORIENTED_EDGE('',*,*,#1725,.T.);
#2271=ORIENTED_EDGE('',*,*,#1718,.T.);
#2272=ORIENTED_EDGE('',*,*,#1722,.T.);
#2273=ORIENTED_EDGE('',*,*,#1733,.F.);
#2274=ORIENTED_EDGE('',*,*,#1740,.F.);
#2275=ORIENTED_EDGE('',*,*,#1742,.T.);
#2276=ORIENTED_EDGE('',*,*,#1743,.T.);
#2277=ORIENTED_EDGE('',*,*,#1739,.T.);
#2278=ORIENTED_EDGE('',*,*,#1744,.F.);
#2279=ORIENTED_EDGE('',*,*,#1745,.T.);
#2280=ORIENTED_EDGE('',*,*,#1746,.T.);
#2281=ORIENTED_EDGE('',*,*,#1747,.T.);
#2282=ORIENTED_EDGE('',*,*,#1688,.F.);
#2283=ORIENTED_EDGE('',*,*,#1748,.T.);
#2284=ORIENTED_EDGE('',*,*,#1749,.T.);
#2285=ORIENTED_EDGE('',*,*,#1750,.T.);
#2286=ORIENTED_EDGE('',*,*,#1751,.F.);
#2287=ORIENTED_EDGE('',*,*,#1752,.T.);
#2288=ORIENTED_EDGE('',*,*,#1753,.T.);
#2289=ORIENTED_EDGE('',*,*,#1754,.T.);
#2290=ORIENTED_EDGE('',*,*,#1676,.F.);
#2291=ORIENTED_EDGE('',*,*,#1755,.F.);
#2292=ORIENTED_EDGE('',*,*,#1756,.F.);
#2293=ORIENTED_EDGE('',*,*,#1757,.F.);
#2294=ORIENTED_EDGE('',*,*,#1672,.F.);
#2295=ORIENTED_EDGE('',*,*,#1758,.T.);
#2296=ORIENTED_EDGE('',*,*,#1759,.T.);
#2297=ORIENTED_EDGE('',*,*,#1760,.T.);
#2298=ORIENTED_EDGE('',*,*,#1761,.T.);
#2299=ORIENTED_EDGE('',*,*,#1762,.F.);
#2300=ORIENTED_EDGE('',*,*,#1763,.F.);
#2301=ORIENTED_EDGE('',*,*,#1764,.F.);
#2302=ORIENTED_EDGE('',*,*,#1765,.F.);
#2303=ORIENTED_EDGE('',*,*,#1766,.F.);
#2304=ORIENTED_EDGE('',*,*,#1767,.F.);
#2305=ORIENTED_EDGE('',*,*,#1768,.F.);
#2306=ORIENTED_EDGE('',*,*,#1769,.F.);
#2307=ORIENTED_EDGE('',*,*,#1770,.T.);
#2308=ORIENTED_EDGE('',*,*,#1771,.T.);
#2309=ORIENTED_EDGE('',*,*,#1772,.T.);
#2310=ORIENTED_EDGE('',*,*,#1773,.T.);
#2311=ORIENTED_EDGE('',*,*,#1659,.T.);
#2312=ORIENTED_EDGE('',*,*,#1655,.T.);
#2313=ORIENTED_EDGE('',*,*,#1662,.T.);
#2314=ORIENTED_EDGE('',*,*,#1665,.T.);
#2315=ORIENTED_EDGE('',*,*,#1738,.T.);
#2316=ORIENTED_EDGE('',*,*,#1774,.T.);
#2317=ORIENTED_EDGE('',*,*,#1775,.T.);
#2318=ORIENTED_EDGE('',*,*,#1744,.T.);
#2319=ORIENTED_EDGE('',*,*,#1693,.F.);
#2320=ORIENTED_EDGE('',*,*,#1620,.T.);
#2321=ORIENTED_EDGE('',*,*,#1625,.F.);
#2322=ORIENTED_EDGE('',*,*,#1624,.T.);
#2323=ORIENTED_EDGE('',*,*,#1776,.F.);
#2324=ORIENTED_EDGE('',*,*,#1777,.F.);
#2325=ORIENTED_EDGE('',*,*,#1778,.T.);
#2326=ORIENTED_EDGE('',*,*,#1779,.T.);
#2327=ORIENTED_EDGE('',*,*,#1780,.F.);
#2328=ORIENTED_EDGE('',*,*,#1781,.F.);
#2329=ORIENTED_EDGE('',*,*,#1782,.F.);
#2330=ORIENTED_EDGE('',*,*,#1783,.T.);
#2331=ORIENTED_EDGE('',*,*,#1784,.F.);
#2332=ORIENTED_EDGE('',*,*,#1785,.F.);
#2333=ORIENTED_EDGE('',*,*,#1786,.T.);
#2334=ORIENTED_EDGE('',*,*,#1787,.F.);
#2335=ORIENTED_EDGE('',*,*,#1788,.T.);
#2336=ORIENTED_EDGE('',*,*,#1785,.T.);
#2337=ORIENTED_EDGE('',*,*,#1789,.F.);
#2338=ORIENTED_EDGE('',*,*,#1779,.F.);
#2339=ORIENTED_EDGE('',*,*,#1790,.T.);
#2340=ORIENTED_EDGE('',*,*,#1780,.T.);
#2341=ORIENTED_EDGE('',*,*,#1789,.T.);
#2342=ORIENTED_EDGE('',*,*,#1784,.T.);
#2343=ORIENTED_EDGE('',*,*,#1791,.F.);
#2344=ORIENTED_EDGE('',*,*,#1786,.F.);
#2345=ORIENTED_EDGE('',*,*,#1788,.F.);
#2346=ORIENTED_EDGE('',*,*,#1778,.F.);
#2347=ORIENTED_EDGE('',*,*,#1787,.T.);
#2348=ORIENTED_EDGE('',*,*,#1791,.T.);
#2349=ORIENTED_EDGE('',*,*,#1777,.T.);
#2350=ORIENTED_EDGE('',*,*,#1792,.F.);
#2351=ORIENTED_EDGE('',*,*,#1793,.T.);
#2352=ORIENTED_EDGE('',*,*,#1794,.T.);
#2353=ORIENTED_EDGE('',*,*,#1795,.F.);
#2354=ORIENTED_EDGE('',*,*,#1796,.F.);
#2355=ORIENTED_EDGE('',*,*,#1776,.T.);
#2356=ORIENTED_EDGE('',*,*,#1797,.F.);
#2357=ORIENTED_EDGE('',*,*,#1798,.T.);
#2358=ORIENTED_EDGE('',*,*,#1792,.T.);
#2359=ORIENTED_EDGE('',*,*,#1782,.T.);
#2360=ORIENTED_EDGE('',*,*,#1796,.T.);
#2361=ORIENTED_EDGE('',*,*,#1799,.F.);
#2362=ORIENTED_EDGE('',*,*,#1800,.F.);
#2363=ORIENTED_EDGE('',*,*,#1801,.T.);
#2364=ORIENTED_EDGE('',*,*,#1802,.F.);
#2365=ORIENTED_EDGE('',*,*,#1803,.F.);
#2366=ORIENTED_EDGE('',*,*,#1794,.F.);
#2367=ORIENTED_EDGE('',*,*,#1803,.T.);
#2368=ORIENTED_EDGE('',*,*,#1804,.F.);
#2369=ORIENTED_EDGE('',*,*,#1805,.T.);
#2370=ORIENTED_EDGE('',*,*,#1799,.T.);
#2371=ORIENTED_EDGE('',*,*,#1795,.T.);
#2372=ORIENTED_EDGE('',*,*,#1806,.F.);
#2373=ORIENTED_EDGE('',*,*,#1807,.F.);
#2374=ORIENTED_EDGE('',*,*,#1808,.F.);
#2375=ORIENTED_EDGE('',*,*,#1809,.F.);
#2376=ORIENTED_EDGE('',*,*,#1802,.T.);
#2377=ORIENTED_EDGE('',*,*,#1810,.T.);
#2378=ORIENTED_EDGE('',*,*,#1811,.T.);
#2379=ORIENTED_EDGE('',*,*,#1808,.T.);
#2380=ORIENTED_EDGE('',*,*,#1812,.F.);
#2381=ORIENTED_EDGE('',*,*,#1690,.F.);
#2382=ORIENTED_EDGE('',*,*,#1813,.T.);
#2383=ORIENTED_EDGE('',*,*,#1804,.T.);
#2384=ORIENTED_EDGE('',*,*,#1814,.F.);
#2385=ORIENTED_EDGE('',*,*,#1809,.T.);
#2386=ORIENTED_EDGE('',*,*,#1811,.F.);
#2387=ORIENTED_EDGE('',*,*,#1815,.F.);
#2388=ORIENTED_EDGE('',*,*,#1745,.F.);
#2389=ORIENTED_EDGE('',*,*,#1775,.F.);
#2390=ORIENTED_EDGE('',*,*,#1746,.F.);
#2391=ORIENTED_EDGE('',*,*,#1815,.T.);
#2392=ORIENTED_EDGE('',*,*,#1810,.F.);
#2393=ORIENTED_EDGE('',*,*,#1801,.F.);
#2394=ORIENTED_EDGE('',*,*,#1793,.F.);
#2395=ORIENTED_EDGE('',*,*,#1798,.F.);
#2396=ORIENTED_EDGE('',*,*,#1816,.F.);
#2397=ORIENTED_EDGE('',*,*,#1800,.T.);
#2398=ORIENTED_EDGE('',*,*,#1805,.F.);
#2399=ORIENTED_EDGE('',*,*,#1813,.F.);
#2400=ORIENTED_EDGE('',*,*,#1689,.F.);
#2401=ORIENTED_EDGE('',*,*,#1747,.F.);
#2402=ORIENTED_EDGE('',*,*,#1816,.T.);
#2403=ORIENTED_EDGE('',*,*,#1797,.T.);
#2404=ORIENTED_EDGE('',*,*,#1781,.T.);
#2405=ORIENTED_EDGE('',*,*,#1790,.F.);
#2406=ORIENTED_EDGE('',*,*,#1783,.F.);
#2407=ORIENTED_EDGE('',*,*,#1735,.T.);
#2408=ORIENTED_EDGE('',*,*,#1817,.T.);
#2409=ORIENTED_EDGE('',*,*,#1818,.T.);
#2410=ORIENTED_EDGE('',*,*,#1819,.T.);
#2411=ORIENTED_EDGE('',*,*,#1806,.T.);
#2412=ORIENTED_EDGE('',*,*,#1814,.T.);
#2413=ORIENTED_EDGE('',*,*,#1774,.F.);
#2414=ORIENTED_EDGE('',*,*,#1737,.T.);
#2415=ORIENTED_EDGE('',*,*,#1807,.T.);
#2416=ORIENTED_EDGE('',*,*,#1819,.F.);
#2417=ORIENTED_EDGE('',*,*,#1820,.T.);
#2418=ORIENTED_EDGE('',*,*,#1821,.F.);
#2419=ORIENTED_EDGE('',*,*,#1691,.F.);
#2420=ORIENTED_EDGE('',*,*,#1812,.T.);
#2421=ORIENTED_EDGE('',*,*,#1822,.F.);
#2422=ORIENTED_EDGE('',*,*,#1820,.F.);
#2423=ORIENTED_EDGE('',*,*,#1818,.F.);
#2424=ORIENTED_EDGE('',*,*,#1823,.T.);
#2425=ORIENTED_EDGE('',*,*,#1730,.T.);
#2426=ORIENTED_EDGE('',*,*,#1669,.F.);
#2427=ORIENTED_EDGE('',*,*,#1824,.F.);
#2428=ORIENTED_EDGE('',*,*,#1823,.F.);
#2429=ORIENTED_EDGE('',*,*,#1817,.F.);
#2430=ORIENTED_EDGE('',*,*,#1734,.T.);
#2431=ORIENTED_EDGE('',*,*,#1824,.T.);
#2432=ORIENTED_EDGE('',*,*,#1668,.F.);
#2433=ORIENTED_EDGE('',*,*,#1617,.T.);
#2434=ORIENTED_EDGE('',*,*,#1825,.F.);
#2435=ORIENTED_EDGE('',*,*,#1627,.T.);
#2436=ORIENTED_EDGE('',*,*,#1692,.F.);
#2437=ORIENTED_EDGE('',*,*,#1821,.T.);
#2438=ORIENTED_EDGE('',*,*,#1822,.T.);
#2439=ORIENTED_EDGE('',*,*,#1694,.F.);
#2440=ORIENTED_EDGE('',*,*,#1629,.F.);
#2441=ORIENTED_EDGE('',*,*,#1826,.F.);
#2442=ORIENTED_EDGE('',*,*,#1615,.F.);
#2443=ORIENTED_EDGE('',*,*,#1771,.F.);
#2444=ORIENTED_EDGE('',*,*,#1827,.T.);
#2445=ORIENTED_EDGE('',*,*,#1828,.F.);
#2446=ORIENTED_EDGE('',*,*,#1829,.F.);
#2447=ORIENTED_EDGE('',*,*,#1770,.F.);
#2448=ORIENTED_EDGE('',*,*,#1830,.T.);
#2449=ORIENTED_EDGE('',*,*,#1831,.F.);
#2450=ORIENTED_EDGE('',*,*,#1827,.F.);
#2451=ORIENTED_EDGE('',*,*,#1772,.F.);
#2452=ORIENTED_EDGE('',*,*,#1829,.T.);
#2453=ORIENTED_EDGE('',*,*,#1832,.F.);
#2454=ORIENTED_EDGE('',*,*,#1833,.F.);
#2455=ORIENTED_EDGE('',*,*,#1773,.F.);
#2456=ORIENTED_EDGE('',*,*,#1833,.T.);
#2457=ORIENTED_EDGE('',*,*,#1834,.F.);
#2458=ORIENTED_EDGE('',*,*,#1830,.F.);
#2459=ORIENTED_EDGE('',*,*,#1834,.T.);
#2460=ORIENTED_EDGE('',*,*,#1832,.T.);
#2461=ORIENTED_EDGE('',*,*,#1828,.T.);
#2462=ORIENTED_EDGE('',*,*,#1831,.T.);
#2463=ORIENTED_EDGE('',*,*,#1683,.F.);
#2464=ORIENTED_EDGE('',*,*,#1632,.T.);
#2465=ORIENTED_EDGE('',*,*,#1637,.F.);
#2466=ORIENTED_EDGE('',*,*,#1636,.F.);
#2467=ORIENTED_EDGE('',*,*,#1835,.F.);
#2468=ORIENTED_EDGE('',*,*,#1836,.F.);
#2469=ORIENTED_EDGE('',*,*,#1837,.T.);
#2470=ORIENTED_EDGE('',*,*,#1838,.F.);
#2471=ORIENTED_EDGE('',*,*,#1839,.F.);
#2472=ORIENTED_EDGE('',*,*,#1840,.T.);
#2473=ORIENTED_EDGE('',*,*,#1841,.F.);
#2474=ORIENTED_EDGE('',*,*,#1842,.T.);
#2475=ORIENTED_EDGE('',*,*,#1843,.T.);
#2476=ORIENTED_EDGE('',*,*,#1844,.F.);
#2477=ORIENTED_EDGE('',*,*,#1845,.F.);
#2478=ORIENTED_EDGE('',*,*,#1846,.F.);
#2479=ORIENTED_EDGE('',*,*,#1847,.T.);
#2480=ORIENTED_EDGE('',*,*,#1839,.T.);
#2481=ORIENTED_EDGE('',*,*,#1848,.F.);
#2482=ORIENTED_EDGE('',*,*,#1843,.F.);
#2483=ORIENTED_EDGE('',*,*,#1848,.T.);
#2484=ORIENTED_EDGE('',*,*,#1838,.T.);
#2485=ORIENTED_EDGE('',*,*,#1849,.T.);
#2486=ORIENTED_EDGE('',*,*,#1844,.T.);
#2487=ORIENTED_EDGE('',*,*,#1850,.F.);
#2488=ORIENTED_EDGE('',*,*,#1840,.F.);
#2489=ORIENTED_EDGE('',*,*,#1847,.F.);
#2490=ORIENTED_EDGE('',*,*,#1842,.F.);
#2491=ORIENTED_EDGE('',*,*,#1835,.T.);
#2492=ORIENTED_EDGE('',*,*,#1850,.T.);
#2493=ORIENTED_EDGE('',*,*,#1841,.T.);
#2494=ORIENTED_EDGE('',*,*,#1851,.T.);
#2495=ORIENTED_EDGE('',*,*,#1852,.F.);
#2496=ORIENTED_EDGE('',*,*,#1853,.F.);
#2497=ORIENTED_EDGE('',*,*,#1854,.F.);
#2498=ORIENTED_EDGE('',*,*,#1855,.T.);
#2499=ORIENTED_EDGE('',*,*,#1846,.T.);
#2500=ORIENTED_EDGE('',*,*,#1856,.T.);
#2501=ORIENTED_EDGE('',*,*,#1857,.F.);
#2502=ORIENTED_EDGE('',*,*,#1851,.F.);
#2503=ORIENTED_EDGE('',*,*,#1858,.F.);
#2504=ORIENTED_EDGE('',*,*,#1853,.T.);
#2505=ORIENTED_EDGE('',*,*,#1859,.F.);
#2506=ORIENTED_EDGE('',*,*,#1860,.F.);
#2507=ORIENTED_EDGE('',*,*,#1836,.T.);
#2508=ORIENTED_EDGE('',*,*,#1855,.F.);
#2509=ORIENTED_EDGE('',*,*,#1861,.F.);
#2510=ORIENTED_EDGE('',*,*,#1862,.T.);
#2511=ORIENTED_EDGE('',*,*,#1852,.T.);
#2512=ORIENTED_EDGE('',*,*,#1857,.T.);
#2513=ORIENTED_EDGE('',*,*,#1863,.T.);
#2514=ORIENTED_EDGE('',*,*,#1864,.F.);
#2515=ORIENTED_EDGE('',*,*,#1859,.T.);
#2516=ORIENTED_EDGE('',*,*,#1860,.T.);
#2517=ORIENTED_EDGE('',*,*,#1864,.T.);
#2518=ORIENTED_EDGE('',*,*,#1865,.T.);
#2519=ORIENTED_EDGE('',*,*,#1686,.F.);
#2520=ORIENTED_EDGE('',*,*,#1866,.F.);
#2521=ORIENTED_EDGE('',*,*,#1867,.T.);
#2522=ORIENTED_EDGE('',*,*,#1868,.T.);
#2523=ORIENTED_EDGE('',*,*,#1869,.T.);
#2524=ORIENTED_EDGE('',*,*,#1870,.F.);
#2525=ORIENTED_EDGE('',*,*,#1871,.F.);
#2526=ORIENTED_EDGE('',*,*,#1872,.T.);
#2527=ORIENTED_EDGE('',*,*,#1867,.F.);
#2528=ORIENTED_EDGE('',*,*,#1873,.F.);
#2529=ORIENTED_EDGE('',*,*,#1874,.F.);
#2530=ORIENTED_EDGE('',*,*,#1750,.F.);
#2531=ORIENTED_EDGE('',*,*,#1875,.T.);
#2532=ORIENTED_EDGE('',*,*,#1868,.F.);
#2533=ORIENTED_EDGE('',*,*,#1872,.F.);
#2534=ORIENTED_EDGE('',*,*,#1862,.F.);
#2535=ORIENTED_EDGE('',*,*,#1876,.F.);
#2536=ORIENTED_EDGE('',*,*,#1748,.F.);
#2537=ORIENTED_EDGE('',*,*,#1687,.F.);
#2538=ORIENTED_EDGE('',*,*,#1865,.F.);
#2539=ORIENTED_EDGE('',*,*,#1863,.F.);
#2540=ORIENTED_EDGE('',*,*,#1856,.F.);
#2541=ORIENTED_EDGE('',*,*,#1845,.T.);
#2542=ORIENTED_EDGE('',*,*,#1849,.F.);
#2543=ORIENTED_EDGE('',*,*,#1837,.F.);
#2544=ORIENTED_EDGE('',*,*,#1749,.F.);
#2545=ORIENTED_EDGE('',*,*,#1876,.T.);
#2546=ORIENTED_EDGE('',*,*,#1861,.T.);
#2547=ORIENTED_EDGE('',*,*,#1854,.T.);
#2548=ORIENTED_EDGE('',*,*,#1858,.T.);
#2549=ORIENTED_EDGE('',*,*,#1869,.F.);
#2550=ORIENTED_EDGE('',*,*,#1875,.F.);
#2551=ORIENTED_EDGE('',*,*,#1874,.T.);
#2552=ORIENTED_EDGE('',*,*,#1877,.T.);
#2553=ORIENTED_EDGE('',*,*,#1878,.T.);
#2554=ORIENTED_EDGE('',*,*,#1751,.T.);
#2555=ORIENTED_EDGE('',*,*,#1681,.F.);
#2556=ORIENTED_EDGE('',*,*,#1644,.T.);
#2557=ORIENTED_EDGE('',*,*,#1649,.F.);
#2558=ORIENTED_EDGE('',*,*,#1648,.T.);
#2559=ORIENTED_EDGE('',*,*,#1879,.F.);
#2560=ORIENTED_EDGE('',*,*,#1880,.F.);
#2561=ORIENTED_EDGE('',*,*,#1881,.T.);
#2562=ORIENTED_EDGE('',*,*,#1882,.T.);
#2563=ORIENTED_EDGE('',*,*,#1883,.F.);
#2564=ORIENTED_EDGE('',*,*,#1884,.F.);
#2565=ORIENTED_EDGE('',*,*,#1885,.F.);
#2566=ORIENTED_EDGE('',*,*,#1886,.T.);
#2567=ORIENTED_EDGE('',*,*,#1887,.F.);
#2568=ORIENTED_EDGE('',*,*,#1888,.F.);
#2569=ORIENTED_EDGE('',*,*,#1889,.T.);
#2570=ORIENTED_EDGE('',*,*,#1890,.F.);
#2571=ORIENTED_EDGE('',*,*,#1891,.T.);
#2572=ORIENTED_EDGE('',*,*,#1888,.T.);
#2573=ORIENTED_EDGE('',*,*,#1892,.F.);
#2574=ORIENTED_EDGE('',*,*,#1882,.F.);
#2575=ORIENTED_EDGE('',*,*,#1893,.T.);
#2576=ORIENTED_EDGE('',*,*,#1883,.T.);
#2577=ORIENTED_EDGE('',*,*,#1892,.T.);
#2578=ORIENTED_EDGE('',*,*,#1887,.T.);
#2579=ORIENTED_EDGE('',*,*,#1894,.F.);
#2580=ORIENTED_EDGE('',*,*,#1889,.F.);
#2581=ORIENTED_EDGE('',*,*,#1891,.F.);
#2582=ORIENTED_EDGE('',*,*,#1881,.F.);
#2583=ORIENTED_EDGE('',*,*,#1890,.T.);
#2584=ORIENTED_EDGE('',*,*,#1894,.T.);
#2585=ORIENTED_EDGE('',*,*,#1880,.T.);
#2586=ORIENTED_EDGE('',*,*,#1895,.F.);
#2587=ORIENTED_EDGE('',*,*,#1896,.T.);
#2588=ORIENTED_EDGE('',*,*,#1897,.T.);
#2589=ORIENTED_EDGE('',*,*,#1898,.F.);
#2590=ORIENTED_EDGE('',*,*,#1899,.F.);
#2591=ORIENTED_EDGE('',*,*,#1879,.T.);
#2592=ORIENTED_EDGE('',*,*,#1900,.F.);
#2593=ORIENTED_EDGE('',*,*,#1901,.T.);
#2594=ORIENTED_EDGE('',*,*,#1895,.T.);
#2595=ORIENTED_EDGE('',*,*,#1885,.T.);
#2596=ORIENTED_EDGE('',*,*,#1899,.T.);
#2597=ORIENTED_EDGE('',*,*,#1902,.F.);
#2598=ORIENTED_EDGE('',*,*,#1903,.F.);
#2599=ORIENTED_EDGE('',*,*,#1904,.T.);
#2600=ORIENTED_EDGE('',*,*,#1905,.F.);
#2601=ORIENTED_EDGE('',*,*,#1906,.F.);
#2602=ORIENTED_EDGE('',*,*,#1897,.F.);
#2603=ORIENTED_EDGE('',*,*,#1906,.T.);
#2604=ORIENTED_EDGE('',*,*,#1907,.F.);
#2605=ORIENTED_EDGE('',*,*,#1908,.T.);
#2606=ORIENTED_EDGE('',*,*,#1902,.T.);
#2607=ORIENTED_EDGE('',*,*,#1898,.T.);
#2608=ORIENTED_EDGE('',*,*,#1909,.F.);
#2609=ORIENTED_EDGE('',*,*,#1910,.F.);
#2610=ORIENTED_EDGE('',*,*,#1911,.F.);
#2611=ORIENTED_EDGE('',*,*,#1912,.F.);
#2612=ORIENTED_EDGE('',*,*,#1905,.T.);
#2613=ORIENTED_EDGE('',*,*,#1913,.T.);
#2614=ORIENTED_EDGE('',*,*,#1914,.T.);
#2615=ORIENTED_EDGE('',*,*,#1911,.T.);
#2616=ORIENTED_EDGE('',*,*,#1915,.F.);
#2617=ORIENTED_EDGE('',*,*,#1678,.F.);
#2618=ORIENTED_EDGE('',*,*,#1916,.T.);
#2619=ORIENTED_EDGE('',*,*,#1907,.T.);
#2620=ORIENTED_EDGE('',*,*,#1917,.F.);
#2621=ORIENTED_EDGE('',*,*,#1912,.T.);
#2622=ORIENTED_EDGE('',*,*,#1914,.F.);
#2623=ORIENTED_EDGE('',*,*,#1918,.F.);
#2624=ORIENTED_EDGE('',*,*,#1752,.F.);
#2625=ORIENTED_EDGE('',*,*,#1878,.F.);
#2626=ORIENTED_EDGE('',*,*,#1753,.F.);
#2627=ORIENTED_EDGE('',*,*,#1918,.T.);
#2628=ORIENTED_EDGE('',*,*,#1913,.F.);
#2629=ORIENTED_EDGE('',*,*,#1904,.F.);
#2630=ORIENTED_EDGE('',*,*,#1896,.F.);
#2631=ORIENTED_EDGE('',*,*,#1901,.F.);
#2632=ORIENTED_EDGE('',*,*,#1919,.F.);
#2633=ORIENTED_EDGE('',*,*,#1903,.T.);
#2634=ORIENTED_EDGE('',*,*,#1908,.F.);
#2635=ORIENTED_EDGE('',*,*,#1916,.F.);
#2636=ORIENTED_EDGE('',*,*,#1677,.F.);
#2637=ORIENTED_EDGE('',*,*,#1754,.F.);
#2638=ORIENTED_EDGE('',*,*,#1919,.T.);
#2639=ORIENTED_EDGE('',*,*,#1900,.T.);
#2640=ORIENTED_EDGE('',*,*,#1884,.T.);
#2641=ORIENTED_EDGE('',*,*,#1893,.F.);
#2642=ORIENTED_EDGE('',*,*,#1886,.F.);
#2643=ORIENTED_EDGE('',*,*,#1871,.T.);
#2644=ORIENTED_EDGE('',*,*,#1920,.T.);
#2645=ORIENTED_EDGE('',*,*,#1921,.T.);
#2646=ORIENTED_EDGE('',*,*,#1922,.T.);
#2647=ORIENTED_EDGE('',*,*,#1909,.T.);
#2648=ORIENTED_EDGE('',*,*,#1917,.T.);
#2649=ORIENTED_EDGE('',*,*,#1877,.F.);
#2650=ORIENTED_EDGE('',*,*,#1873,.T.);
#2651=ORIENTED_EDGE('',*,*,#1910,.T.);
#2652=ORIENTED_EDGE('',*,*,#1922,.F.);
#2653=ORIENTED_EDGE('',*,*,#1923,.T.);
#2654=ORIENTED_EDGE('',*,*,#1924,.F.);
#2655=ORIENTED_EDGE('',*,*,#1679,.F.);
#2656=ORIENTED_EDGE('',*,*,#1915,.T.);
#2657=ORIENTED_EDGE('',*,*,#1925,.F.);
#2658=ORIENTED_EDGE('',*,*,#1923,.F.);
#2659=ORIENTED_EDGE('',*,*,#1921,.F.);
#2660=ORIENTED_EDGE('',*,*,#1926,.T.);
#2661=ORIENTED_EDGE('',*,*,#1866,.T.);
#2662=ORIENTED_EDGE('',*,*,#1685,.F.);
#2663=ORIENTED_EDGE('',*,*,#1927,.F.);
#2664=ORIENTED_EDGE('',*,*,#1926,.F.);
#2665=ORIENTED_EDGE('',*,*,#1920,.F.);
#2666=ORIENTED_EDGE('',*,*,#1870,.T.);
#2667=ORIENTED_EDGE('',*,*,#1927,.T.);
#2668=ORIENTED_EDGE('',*,*,#1684,.F.);
#2669=ORIENTED_EDGE('',*,*,#1641,.T.);
#2670=ORIENTED_EDGE('',*,*,#1928,.F.);
#2671=ORIENTED_EDGE('',*,*,#1651,.T.);
#2672=ORIENTED_EDGE('',*,*,#1680,.F.);
#2673=ORIENTED_EDGE('',*,*,#1924,.T.);
#2674=ORIENTED_EDGE('',*,*,#1925,.T.);
#2675=ORIENTED_EDGE('',*,*,#1682,.F.);
#2676=ORIENTED_EDGE('',*,*,#1653,.F.);
#2677=ORIENTED_EDGE('',*,*,#1929,.F.);
#2678=ORIENTED_EDGE('',*,*,#1639,.F.);
#2679=ORIENTED_EDGE('',*,*,#1697,.F.);
#2680=ORIENTED_EDGE('',*,*,#1930,.T.);
#2681=ORIENTED_EDGE('',*,*,#1931,.F.);
#2682=ORIENTED_EDGE('',*,*,#1932,.F.);
#2683=ORIENTED_EDGE('',*,*,#1698,.F.);
#2684=ORIENTED_EDGE('',*,*,#1932,.T.);
#2685=ORIENTED_EDGE('',*,*,#1933,.F.);
#2686=ORIENTED_EDGE('',*,*,#1934,.T.);
#2687=ORIENTED_EDGE('',*,*,#1695,.F.);
#2688=ORIENTED_EDGE('',*,*,#1934,.F.);
#2689=ORIENTED_EDGE('',*,*,#1935,.F.);
#2690=ORIENTED_EDGE('',*,*,#1936,.T.);
#2691=ORIENTED_EDGE('',*,*,#1696,.F.);
#2692=ORIENTED_EDGE('',*,*,#1936,.F.);
#2693=ORIENTED_EDGE('',*,*,#1937,.F.);
#2694=ORIENTED_EDGE('',*,*,#1930,.F.);
#2695=ORIENTED_EDGE('',*,*,#1938,.F.);
#2696=ORIENTED_EDGE('',*,*,#1767,.T.);
#2697=ORIENTED_EDGE('',*,*,#1939,.T.);
#2698=ORIENTED_EDGE('',*,*,#1940,.F.);
#2699=ORIENTED_EDGE('',*,*,#1941,.F.);
#2700=ORIENTED_EDGE('',*,*,#1942,.T.);
#2701=ORIENTED_EDGE('',*,*,#1943,.T.);
#2702=ORIENTED_EDGE('',*,*,#1944,.F.);
#2703=ORIENTED_EDGE('',*,*,#1945,.T.);
#2704=ORIENTED_EDGE('',*,*,#1946,.F.);
#2705=ORIENTED_EDGE('',*,*,#1761,.F.);
#2706=ORIENTED_EDGE('',*,*,#1947,.F.);
#2707=ORIENTED_EDGE('',*,*,#1946,.T.);
#2708=ORIENTED_EDGE('',*,*,#1948,.F.);
#2709=ORIENTED_EDGE('',*,*,#1949,.T.);
#2710=ORIENTED_EDGE('',*,*,#1758,.F.);
#2711=ORIENTED_EDGE('',*,*,#1759,.F.);
#2712=ORIENTED_EDGE('',*,*,#1949,.F.);
#2713=ORIENTED_EDGE('',*,*,#1950,.F.);
#2714=ORIENTED_EDGE('',*,*,#1951,.T.);
#2715=ORIENTED_EDGE('',*,*,#1947,.T.);
#2716=ORIENTED_EDGE('',*,*,#1760,.F.);
#2717=ORIENTED_EDGE('',*,*,#1951,.F.);
#2718=ORIENTED_EDGE('',*,*,#1952,.F.);
#2719=ORIENTED_EDGE('',*,*,#1953,.T.);
#2720=ORIENTED_EDGE('',*,*,#1954,.T.);
#2721=ORIENTED_EDGE('',*,*,#1953,.F.);
#2722=ORIENTED_EDGE('',*,*,#1955,.T.);
#2723=ORIENTED_EDGE('',*,*,#1762,.T.);
#2724=ORIENTED_EDGE('',*,*,#1955,.F.);
#2725=ORIENTED_EDGE('',*,*,#1956,.T.);
#2726=ORIENTED_EDGE('',*,*,#1957,.T.);
#2727=ORIENTED_EDGE('',*,*,#1954,.F.);
#2728=ORIENTED_EDGE('',*,*,#1957,.F.);
#2729=ORIENTED_EDGE('',*,*,#1958,.F.);
#2730=ORIENTED_EDGE('',*,*,#1956,.F.);
#2731=ORIENTED_EDGE('',*,*,#1959,.F.);
#2732=ORIENTED_EDGE('',*,*,#1960,.T.);
#2733=ORIENTED_EDGE('',*,*,#1958,.T.);
#2734=ORIENTED_EDGE('',*,*,#1960,.F.);
#2735=ORIENTED_EDGE('',*,*,#1961,.T.);
#2736=ORIENTED_EDGE('',*,*,#1962,.T.);
#2737=ORIENTED_EDGE('',*,*,#1961,.F.);
#2738=ORIENTED_EDGE('',*,*,#1963,.T.);
#2739=ORIENTED_EDGE('',*,*,#1763,.T.);
#2740=ORIENTED_EDGE('',*,*,#1963,.F.);
#2741=ORIENTED_EDGE('',*,*,#1964,.T.);
#2742=ORIENTED_EDGE('',*,*,#1965,.T.);
#2743=ORIENTED_EDGE('',*,*,#1962,.F.);
#2744=ORIENTED_EDGE('',*,*,#1965,.F.);
#2745=ORIENTED_EDGE('',*,*,#1966,.F.);
#2746=ORIENTED_EDGE('',*,*,#1964,.F.);
#2747=ORIENTED_EDGE('',*,*,#1967,.F.);
#2748=ORIENTED_EDGE('',*,*,#1968,.T.);
#2749=ORIENTED_EDGE('',*,*,#1966,.T.);
#2750=ORIENTED_EDGE('',*,*,#1968,.F.);
#2751=ORIENTED_EDGE('',*,*,#1766,.T.);
#2752=ORIENTED_EDGE('',*,*,#1969,.F.);
#2753=ORIENTED_EDGE('',*,*,#1970,.F.);
#2754=ORIENTED_EDGE('',*,*,#1939,.F.);
#2755=ORIENTED_EDGE('',*,*,#1765,.T.);
#2756=ORIENTED_EDGE('',*,*,#1971,.F.);
#2757=ORIENTED_EDGE('',*,*,#1972,.F.);
#2758=ORIENTED_EDGE('',*,*,#1973,.F.);
#2759=ORIENTED_EDGE('',*,*,#1974,.F.);
#2760=ORIENTED_EDGE('',*,*,#1975,.T.);
#2761=ORIENTED_EDGE('',*,*,#1976,.F.);
#2762=ORIENTED_EDGE('',*,*,#1969,.T.);
#2763=ORIENTED_EDGE('',*,*,#1764,.T.);
#2764=ORIENTED_EDGE('',*,*,#1938,.T.);
#2765=ORIENTED_EDGE('',*,*,#1977,.F.);
#2766=ORIENTED_EDGE('',*,*,#1971,.T.);
#2767=ORIENTED_EDGE('',*,*,#1970,.T.);
#2768=ORIENTED_EDGE('',*,*,#1976,.T.);
#2769=ORIENTED_EDGE('',*,*,#1978,.T.);
#2770=ORIENTED_EDGE('',*,*,#1940,.T.);
#2771=ORIENTED_EDGE('',*,*,#1979,.F.);
#2772=ORIENTED_EDGE('',*,*,#1941,.T.);
#2773=ORIENTED_EDGE('',*,*,#1978,.F.);
#2774=ORIENTED_EDGE('',*,*,#1975,.F.);
#2775=ORIENTED_EDGE('',*,*,#1980,.T.);
#2776=ORIENTED_EDGE('',*,*,#1942,.F.);
#2777=ORIENTED_EDGE('',*,*,#1979,.T.);
#2778=ORIENTED_EDGE('',*,*,#1974,.T.);
#2779=ORIENTED_EDGE('',*,*,#1981,.T.);
#2780=ORIENTED_EDGE('',*,*,#1972,.T.);
#2781=ORIENTED_EDGE('',*,*,#1977,.T.);
#2782=ORIENTED_EDGE('',*,*,#1944,.T.);
#2783=ORIENTED_EDGE('',*,*,#1980,.F.);
#2784=ORIENTED_EDGE('',*,*,#1973,.T.);
#2785=ORIENTED_EDGE('',*,*,#1981,.F.);
#2786=ORIENTED_EDGE('',*,*,#1943,.F.);
#2787=ORIENTED_EDGE('',*,*,#1756,.T.);
#2788=ORIENTED_EDGE('',*,*,#1982,.T.);
#2789=ORIENTED_EDGE('',*,*,#1983,.T.);
#2790=ORIENTED_EDGE('',*,*,#1984,.F.);
#2791=ORIENTED_EDGE('',*,*,#1755,.T.);
#2792=ORIENTED_EDGE('',*,*,#1675,.T.);
#2793=ORIENTED_EDGE('',*,*,#1985,.T.);
#2794=ORIENTED_EDGE('',*,*,#1982,.F.);
#2795=ORIENTED_EDGE('',*,*,#1757,.T.);
#2796=ORIENTED_EDGE('',*,*,#1984,.T.);
#2797=ORIENTED_EDGE('',*,*,#1986,.T.);
#2798=ORIENTED_EDGE('',*,*,#1673,.F.);
#2799=ORIENTED_EDGE('',*,*,#1987,.T.);
#2800=ORIENTED_EDGE('',*,*,#1988,.T.);
#2801=ORIENTED_EDGE('',*,*,#1989,.T.);
#2802=ORIENTED_EDGE('',*,*,#1990,.T.);
#2803=ORIENTED_EDGE('',*,*,#1991,.T.);
#2804=ORIENTED_EDGE('',*,*,#1992,.T.);
#2805=ORIENTED_EDGE('',*,*,#1993,.T.);
#2806=ORIENTED_EDGE('',*,*,#1994,.T.);
#2807=ORIENTED_EDGE('',*,*,#1995,.T.);
#2808=ORIENTED_EDGE('',*,*,#1996,.T.);
#2809=ORIENTED_EDGE('',*,*,#1997,.F.);
#2810=ORIENTED_EDGE('',*,*,#1998,.T.);
#2811=ORIENTED_EDGE('',*,*,#1999,.T.);
#2812=ORIENTED_EDGE('',*,*,#2000,.F.);
#2813=ORIENTED_EDGE('',*,*,#2001,.F.);
#2814=ORIENTED_EDGE('',*,*,#1996,.F.);
#2815=ORIENTED_EDGE('',*,*,#2002,.T.);
#2816=ORIENTED_EDGE('',*,*,#2003,.T.);
#2817=ORIENTED_EDGE('',*,*,#2004,.F.);
#2818=ORIENTED_EDGE('',*,*,#2000,.T.);
#2819=ORIENTED_EDGE('',*,*,#2005,.T.);
#2820=ORIENTED_EDGE('',*,*,#2006,.F.);
#2821=ORIENTED_EDGE('',*,*,#2007,.F.);
#2822=ORIENTED_EDGE('',*,*,#2003,.F.);
#2823=ORIENTED_EDGE('',*,*,#2004,.T.);
#2824=ORIENTED_EDGE('',*,*,#2007,.T.);
#2825=ORIENTED_EDGE('',*,*,#2008,.T.);
#2826=ORIENTED_EDGE('',*,*,#2009,.T.);
#2827=ORIENTED_EDGE('',*,*,#2010,.T.);
#2828=ORIENTED_EDGE('',*,*,#2011,.T.);
#2829=ORIENTED_EDGE('',*,*,#1997,.T.);
#2830=ORIENTED_EDGE('',*,*,#2001,.T.);
#2831=ORIENTED_EDGE('',*,*,#2012,.T.);
#2832=ORIENTED_EDGE('',*,*,#2013,.T.);
#2833=ORIENTED_EDGE('',*,*,#2014,.T.);
#2834=ORIENTED_EDGE('',*,*,#2015,.T.);
#2835=ORIENTED_EDGE('',*,*,#2016,.F.);
#2836=ORIENTED_EDGE('',*,*,#2015,.F.);
#2837=ORIENTED_EDGE('',*,*,#2017,.F.);
#2838=ORIENTED_EDGE('',*,*,#2018,.T.);
#2839=ORIENTED_EDGE('',*,*,#2017,.T.);
#2840=ORIENTED_EDGE('',*,*,#2014,.F.);
#2841=ORIENTED_EDGE('',*,*,#2019,.T.);
#2842=ORIENTED_EDGE('',*,*,#2020,.T.);
#2843=ORIENTED_EDGE('',*,*,#2021,.F.);
#2844=ORIENTED_EDGE('',*,*,#2022,.T.);
#2845=ORIENTED_EDGE('',*,*,#2019,.F.);
#2846=ORIENTED_EDGE('',*,*,#2013,.F.);
#2847=ORIENTED_EDGE('',*,*,#1674,.F.);
#2848=ORIENTED_EDGE('',*,*,#1986,.F.);
#2849=ORIENTED_EDGE('',*,*,#1983,.F.);
#2850=ORIENTED_EDGE('',*,*,#1985,.F.);
#2851=ORIENTED_EDGE('',*,*,#2018,.F.);
#2852=ORIENTED_EDGE('',*,*,#2020,.F.);
#2853=ORIENTED_EDGE('',*,*,#2022,.F.);
#2854=ORIENTED_EDGE('',*,*,#2023,.F.);
#2855=ORIENTED_EDGE('',*,*,#2016,.T.);
#2856=ORIENTED_EDGE('',*,*,#2023,.T.);
#2857=ORIENTED_EDGE('',*,*,#2021,.T.);
#2858=ORIENTED_EDGE('',*,*,#2012,.F.);
#2859=ORIENTED_EDGE('',*,*,#1993,.F.);
#2860=ORIENTED_EDGE('',*,*,#2024,.F.);
#2861=ORIENTED_EDGE('',*,*,#2025,.F.);
#2862=ORIENTED_EDGE('',*,*,#2026,.T.);
#2863=ORIENTED_EDGE('',*,*,#1994,.F.);
#2864=ORIENTED_EDGE('',*,*,#2026,.F.);
#2865=ORIENTED_EDGE('',*,*,#2027,.F.);
#2866=ORIENTED_EDGE('',*,*,#2028,.F.);
#2867=ORIENTED_EDGE('',*,*,#1991,.F.);
#2868=ORIENTED_EDGE('',*,*,#2028,.T.);
#2869=ORIENTED_EDGE('',*,*,#2029,.F.);
#2870=ORIENTED_EDGE('',*,*,#2030,.F.);
#2871=ORIENTED_EDGE('',*,*,#1992,.F.);
#2872=ORIENTED_EDGE('',*,*,#2030,.T.);
#2873=ORIENTED_EDGE('',*,*,#2031,.F.);
#2874=ORIENTED_EDGE('',*,*,#2024,.T.);
#2875=ORIENTED_EDGE('',*,*,#1989,.F.);
#2876=ORIENTED_EDGE('',*,*,#2032,.F.);
#2877=ORIENTED_EDGE('',*,*,#2033,.F.);
#2878=ORIENTED_EDGE('',*,*,#2034,.T.);
#2879=ORIENTED_EDGE('',*,*,#1990,.F.);
#2880=ORIENTED_EDGE('',*,*,#2034,.F.);
#2881=ORIENTED_EDGE('',*,*,#2035,.F.);
#2882=ORIENTED_EDGE('',*,*,#2036,.F.);
#2883=ORIENTED_EDGE('',*,*,#1987,.F.);
#2884=ORIENTED_EDGE('',*,*,#2036,.T.);
#2885=ORIENTED_EDGE('',*,*,#2037,.F.);
#2886=ORIENTED_EDGE('',*,*,#2038,.F.);
#2887=ORIENTED_EDGE('',*,*,#1988,.F.);
#2888=ORIENTED_EDGE('',*,*,#2038,.T.);
#2889=ORIENTED_EDGE('',*,*,#2039,.F.);
#2890=ORIENTED_EDGE('',*,*,#2032,.T.);
#2891=ORIENTED_EDGE('',*,*,#2040,.T.);
#2892=ORIENTED_EDGE('',*,*,#2041,.T.);
#2893=ORIENTED_EDGE('',*,*,#2008,.F.);
#2894=ORIENTED_EDGE('',*,*,#2006,.T.);
#2895=ORIENTED_EDGE('',*,*,#2042,.T.);
#2896=ORIENTED_EDGE('',*,*,#2043,.F.);
#2897=ORIENTED_EDGE('',*,*,#2009,.F.);
#2898=ORIENTED_EDGE('',*,*,#2041,.F.);
#2899=ORIENTED_EDGE('',*,*,#2029,.T.);
#2900=ORIENTED_EDGE('',*,*,#2027,.T.);
#2901=ORIENTED_EDGE('',*,*,#2025,.T.);
#2902=ORIENTED_EDGE('',*,*,#2031,.T.);
#2903=ORIENTED_EDGE('',*,*,#2037,.T.);
#2904=ORIENTED_EDGE('',*,*,#2035,.T.);
#2905=ORIENTED_EDGE('',*,*,#2033,.T.);
#2906=ORIENTED_EDGE('',*,*,#2039,.T.);
#2907=ORIENTED_EDGE('',*,*,#2044,.T.);
#2908=ORIENTED_EDGE('',*,*,#2045,.T.);
#2909=ORIENTED_EDGE('',*,*,#2010,.F.);
#2910=ORIENTED_EDGE('',*,*,#2043,.T.);
#2911=ORIENTED_EDGE('',*,*,#2046,.T.);
#2912=ORIENTED_EDGE('',*,*,#1998,.F.);
#2913=ORIENTED_EDGE('',*,*,#2011,.F.);
#2914=ORIENTED_EDGE('',*,*,#2045,.F.);
#2915=ORIENTED_EDGE('',*,*,#1628,.T.);
#2916=ORIENTED_EDGE('',*,*,#1825,.T.);
#2917=ORIENTED_EDGE('',*,*,#1616,.T.);
#2918=ORIENTED_EDGE('',*,*,#1826,.T.);
#2919=ORIENTED_EDGE('',*,*,#1652,.T.);
#2920=ORIENTED_EDGE('',*,*,#1928,.T.);
#2921=ORIENTED_EDGE('',*,*,#1640,.T.);
#2922=ORIENTED_EDGE('',*,*,#1929,.T.);
#2923=ORIENTED_EDGE('',*,*,#1935,.T.);
#2924=ORIENTED_EDGE('',*,*,#1933,.T.);
#2925=ORIENTED_EDGE('',*,*,#1931,.T.);
#2926=ORIENTED_EDGE('',*,*,#1937,.T.);
#2927=ORIENTED_EDGE('',*,*,#2047,.F.);
#2928=ORIENTED_EDGE('',*,*,#2048,.T.);
#2929=ORIENTED_EDGE('',*,*,#2049,.T.);
#2930=ORIENTED_EDGE('',*,*,#2048,.F.);
#2931=ORIENTED_EDGE('',*,*,#2049,.F.);
#2932=ORIENTED_EDGE('',*,*,#2050,.F.);
#2933=ORIENTED_EDGE('',*,*,#2050,.T.);
#2934=ORIENTED_EDGE('',*,*,#2051,.T.);
#2935=ORIENTED_EDGE('',*,*,#2052,.F.);
#2936=ORIENTED_EDGE('',*,*,#2051,.F.);
#2937=ORIENTED_EDGE('',*,*,#2053,.F.);
#2938=ORIENTED_EDGE('',*,*,#2054,.T.);
#2939=ORIENTED_EDGE('',*,*,#1768,.T.);
#2940=ORIENTED_EDGE('',*,*,#2054,.F.);
#2941=ORIENTED_EDGE('',*,*,#2053,.T.);
#2942=ORIENTED_EDGE('',*,*,#2052,.T.);
#2943=ORIENTED_EDGE('',*,*,#2040,.F.);
#2944=ORIENTED_EDGE('',*,*,#2005,.F.);
#2945=ORIENTED_EDGE('',*,*,#2002,.F.);
#2946=ORIENTED_EDGE('',*,*,#1999,.F.);
#2947=ORIENTED_EDGE('',*,*,#1995,.F.);
#2948=ORIENTED_EDGE('',*,*,#2046,.F.);
#2949=ORIENTED_EDGE('',*,*,#2044,.F.);
#2950=ORIENTED_EDGE('',*,*,#2042,.F.);
#2951=ORIENTED_EDGE('',*,*,#1952,.T.);
#2952=ORIENTED_EDGE('',*,*,#1950,.T.);
#2953=ORIENTED_EDGE('',*,*,#1948,.T.);
#2954=ORIENTED_EDGE('',*,*,#1945,.F.);
#2955=ORIENTED_EDGE('',*,*,#2047,.T.);
#2956=ORIENTED_EDGE('',*,*,#1967,.T.);
#2957=ORIENTED_EDGE('',*,*,#2055,.T.);
#2958=ORIENTED_EDGE('',*,*,#1959,.T.);
#2959=ORIENTED_EDGE('',*,*,#2055,.F.);
#2960=ORIENTED_EDGE('',*,*,#2056,.T.);
#2961=ORIENTED_EDGE('',*,*,#2057,.T.);
#2962=ORIENTED_EDGE('',*,*,#2056,.F.);
#2963=ORIENTED_EDGE('',*,*,#2057,.F.);
#2964=ORIENTED_EDGE('',*,*,#2058,.F.);
#2965=ORIENTED_EDGE('',*,*,#2058,.T.);
#2966=ORIENTED_EDGE('',*,*,#2059,.T.);
#2967=ORIENTED_EDGE('',*,*,#2060,.F.);
#2968=ORIENTED_EDGE('',*,*,#2059,.F.);
#2969=ORIENTED_EDGE('',*,*,#2061,.F.);
#2970=ORIENTED_EDGE('',*,*,#2062,.T.);
#2971=ORIENTED_EDGE('',*,*,#1769,.T.);
#2972=ORIENTED_EDGE('',*,*,#2062,.F.);
#2973=ORIENTED_EDGE('',*,*,#2061,.T.);
#2974=ORIENTED_EDGE('',*,*,#2060,.T.);
#2975=PLANE('',#3303);
#2976=PLANE('',#3304);
#2977=PLANE('',#3305);
#2978=PLANE('',#3306);
#2979=PLANE('',#3307);
#2980=PLANE('',#3308);
#2981=PLANE('',#3309);
#2982=PLANE('',#3310);
#2983=PLANE('',#3311);
#2984=PLANE('',#3312);
#2985=PLANE('',#3313);
#2986=PLANE('',#3314);
#2987=PLANE('',#3315);
#2988=PLANE('',#3316);
#2989=PLANE('',#3317);
#2990=PLANE('',#3318);
#2991=PLANE('',#3319);
#2992=PLANE('',#3320);
#2993=PLANE('',#3321);
#2994=PLANE('',#3322);
#2995=PLANE('',#3323);
#2996=PLANE('',#3324);
#2997=PLANE('',#3325);
#2998=PLANE('',#3326);
#2999=PLANE('',#3327);
#3000=PLANE('',#3328);
#3001=PLANE('',#3329);
#3002=PLANE('',#3330);
#3003=PLANE('',#3331);
#3004=PLANE('',#3332);
#3005=PLANE('',#3333);
#3006=PLANE('',#3334);
#3007=PLANE('',#3335);
#3008=PLANE('',#3336);
#3009=PLANE('',#3337);
#3010=PLANE('',#3342);
#3011=PLANE('',#3343);
#3012=PLANE('',#3344);
#3013=PLANE('',#3345);
#3014=PLANE('',#3346);
#3015=PLANE('',#3347);
#3016=PLANE('',#3348);
#3017=PLANE('',#3349);
#3018=PLANE('',#3350);
#3019=PLANE('',#3351);
#3020=PLANE('',#3352);
#3021=PLANE('',#3353);
#3022=PLANE('',#3354);
#3023=PLANE('',#3355);
#3024=PLANE('',#3356);
#3025=PLANE('',#3357);
#3026=PLANE('',#3358);
#3027=PLANE('',#3359);
#3028=PLANE('',#3360);
#3029=PLANE('',#3361);
#3030=PLANE('',#3362);
#3031=PLANE('',#3363);
#3032=PLANE('',#3364);
#3033=PLANE('',#3365);
#3034=PLANE('',#3366);
#3035=PLANE('',#3367);
#3036=PLANE('',#3368);
#3037=PLANE('',#3369);
#3038=PLANE('',#3370);
#3039=PLANE('',#3371);
#3040=PLANE('',#3372);
#3041=PLANE('',#3373);
#3042=PLANE('',#3374);
#3043=PLANE('',#3375);
#3044=PLANE('',#3376);
#3045=PLANE('',#3377);
#3046=PLANE('',#3378);
#3047=PLANE('',#3379);
#3048=PLANE('',#3380);
#3049=PLANE('',#3381);
#3050=PLANE('',#3382);
#3051=PLANE('',#3383);
#3052=PLANE('',#3384);
#3053=PLANE('',#3385);
#3054=PLANE('',#3386);
#3055=PLANE('',#3387);
#3056=PLANE('',#3388);
#3057=PLANE('',#3389);
#3058=PLANE('',#3390);
#3059=PLANE('',#3391);
#3060=PLANE('',#3392);
#3061=PLANE('',#3393);
#3062=PLANE('',#3394);
#3063=PLANE('',#3395);
#3064=PLANE('',#3396);
#3065=PLANE('',#3397);
#3066=PLANE('',#3398);
#3067=PLANE('',#3399);
#3068=PLANE('',#3400);
#3069=PLANE('',#3401);
#3070=PLANE('',#3402);
#3071=PLANE('',#3403);
#3072=PLANE('',#3404);
#3073=PLANE('',#3405);
#3074=PLANE('',#3406);
#3075=PLANE('',#3407);
#3076=PLANE('',#3408);
#3077=PLANE('',#3409);
#3078=PLANE('',#3410);
#3079=PLANE('',#3411);
#3080=PLANE('',#3412);
#3081=PLANE('',#3413);
#3082=PLANE('',#3414);
#3083=PLANE('',#3415);
#3084=PLANE('',#3416);
#3085=PLANE('',#3417);
#3086=PLANE('',#3418);
#3087=PLANE('',#3424);
#3088=PLANE('',#3428);
#3089=PLANE('',#3434);
#3090=PLANE('',#3438);
#3091=PLANE('',#3439);
#3092=PLANE('',#3440);
#3093=PLANE('',#3441);
#3094=PLANE('',#3442);
#3095=PLANE('',#3443);
#3096=PLANE('',#3444);
#3097=PLANE('',#3445);
#3098=PLANE('',#3446);
#3099=PLANE('',#3447);
#3100=PLANE('',#3448);
#3101=PLANE('',#3452);
#3102=PLANE('',#3456);
#3103=PLANE('',#3457);
#3104=PLANE('',#3460);
#3105=PLANE('',#3461);
#3106=PLANE('',#3462);
#3107=PLANE('',#3463);
#3108=PLANE('',#3464);
#3109=PLANE('',#3465);
#3110=PLANE('',#3466);
#3111=PLANE('',#3467);
#3112=PLANE('',#3468);
#3113=PLANE('',#3469);
#3114=PLANE('',#3470);
#3115=PLANE('',#3471);
#3116=PLANE('',#3472);
#3117=PLANE('',#3475);
#3118=PLANE('',#3478);
#3119=PLANE('',#3482);
#3120=PLANE('',#3488);
#3121=PLANE('',#3489);
#3122=PLANE('',#3493);
#3123=PLANE('',#3499);
#3124=ADVANCED_FACE('',(#94),#2975,.T.);
#3125=ADVANCED_FACE('',(#95),#2976,.F.);
#3126=ADVANCED_FACE('',(#96),#2977,.F.);
#3127=ADVANCED_FACE('',(#97),#2978,.T.);
#3128=ADVANCED_FACE('',(#98),#2979,.F.);
#3129=ADVANCED_FACE('',(#99),#2980,.F.);
#3130=ADVANCED_FACE('',(#100),#2981,.F.);
#3131=ADVANCED_FACE('',(#101),#2982,.T.);
#3132=ADVANCED_FACE('',(#102),#2983,.F.);
#3133=ADVANCED_FACE('',(#103),#2984,.T.);
#3134=ADVANCED_FACE('',(#104),#2985,.F.);
#3135=ADVANCED_FACE('',(#105),#2986,.F.);
#3136=ADVANCED_FACE('',(#106),#2987,.T.);
#3137=ADVANCED_FACE('',(#107),#2988,.T.);
#3138=ADVANCED_FACE('',(#108),#2989,.T.);
#3139=ADVANCED_FACE('',(#109),#2990,.T.);
#3140=ADVANCED_FACE('',(#110),#2991,.T.);
#3141=ADVANCED_FACE('',(#111),#2992,.F.);
#3142=ADVANCED_FACE('',(#112,#63),#2993,.F.);
#3143=ADVANCED_FACE('',(#113),#2994,.T.);
#3144=ADVANCED_FACE('',(#114),#2995,.T.);
#3145=ADVANCED_FACE('',(#115),#2996,.T.);
#3146=ADVANCED_FACE('',(#116),#2997,.T.);
#3147=ADVANCED_FACE('',(#117),#2998,.F.);
#3148=ADVANCED_FACE('',(#118),#2999,.T.);
#3149=ADVANCED_FACE('',(#119),#3000,.T.);
#3150=ADVANCED_FACE('',(#120),#3001,.T.);
#3151=ADVANCED_FACE('',(#121),#3002,.T.);
#3152=ADVANCED_FACE('',(#122),#3003,.T.);
#3153=ADVANCED_FACE('',(#123),#3004,.T.);
#3154=ADVANCED_FACE('',(#124),#3005,.T.);
#3155=ADVANCED_FACE('',(#125),#3006,.T.);
#3156=ADVANCED_FACE('',(#126),#3007,.T.);
#3157=ADVANCED_FACE('',(#127),#3008,.T.);
#3158=ADVANCED_FACE('',(#128,#64,#65,#66,#67,#68,#69,#70,#71),#3009,.T.);
#3159=ADVANCED_FACE('',(#129),#3010,.F.);
#3160=ADVANCED_FACE('',(#130),#3011,.F.);
#3161=ADVANCED_FACE('',(#131),#3012,.T.);
#3162=ADVANCED_FACE('',(#132),#3013,.T.);
#3163=ADVANCED_FACE('',(#133),#3014,.T.);
#3164=ADVANCED_FACE('',(#134),#3015,.T.);
#3165=ADVANCED_FACE('',(#135),#3016,.F.);
#3166=ADVANCED_FACE('',(#136),#3017,.T.);
#3167=ADVANCED_FACE('',(#137),#3018,.T.);
#3168=ADVANCED_FACE('',(#138),#3019,.T.);
#3169=ADVANCED_FACE('',(#139),#3020,.T.);
#3170=ADVANCED_FACE('',(#140),#3021,.T.);
#3171=ADVANCED_FACE('',(#141),#3022,.T.);
#3172=ADVANCED_FACE('',(#142),#3023,.T.);
#3173=ADVANCED_FACE('',(#143),#3024,.T.);
#3174=ADVANCED_FACE('',(#144),#3025,.T.);
#3175=ADVANCED_FACE('',(#145),#3026,.T.);
#3176=ADVANCED_FACE('',(#146),#3027,.T.);
#3177=ADVANCED_FACE('',(#147),#3028,.F.);
#3178=ADVANCED_FACE('',(#148),#3029,.F.);
#3179=ADVANCED_FACE('',(#149),#3030,.F.);
#3180=ADVANCED_FACE('',(#150),#3031,.T.);
#3181=ADVANCED_FACE('',(#151),#3032,.F.);
#3182=ADVANCED_FACE('',(#152),#3033,.T.);
#3183=ADVANCED_FACE('',(#153),#3034,.T.);
#3184=ADVANCED_FACE('',(#154),#3035,.T.);
#3185=ADVANCED_FACE('',(#155),#3036,.T.);
#3186=ADVANCED_FACE('',(#156),#3037,.T.);
#3187=ADVANCED_FACE('',(#157),#3038,.F.);
#3188=ADVANCED_FACE('',(#158),#3039,.T.);
#3189=ADVANCED_FACE('',(#159),#3040,.T.);
#3190=ADVANCED_FACE('',(#160),#3041,.T.);
#3191=ADVANCED_FACE('',(#161),#3042,.T.);
#3192=ADVANCED_FACE('',(#162),#3043,.F.);
#3193=ADVANCED_FACE('',(#163),#3044,.T.);
#3194=ADVANCED_FACE('',(#164),#3045,.T.);
#3195=ADVANCED_FACE('',(#165),#3046,.T.);
#3196=ADVANCED_FACE('',(#166),#3047,.T.);
#3197=ADVANCED_FACE('',(#167),#3048,.T.);
#3198=ADVANCED_FACE('',(#168),#3049,.T.);
#3199=ADVANCED_FACE('',(#169),#3050,.T.);
#3200=ADVANCED_FACE('',(#170),#3051,.T.);
#3201=ADVANCED_FACE('',(#171),#3052,.T.);
#3202=ADVANCED_FACE('',(#172),#3053,.T.);
#3203=ADVANCED_FACE('',(#173),#3054,.F.);
#3204=ADVANCED_FACE('',(#174),#3055,.F.);
#3205=ADVANCED_FACE('',(#175),#3056,.T.);
#3206=ADVANCED_FACE('',(#176),#3057,.T.);
#3207=ADVANCED_FACE('',(#177),#3058,.T.);
#3208=ADVANCED_FACE('',(#178),#3059,.T.);
#3209=ADVANCED_FACE('',(#179),#3060,.F.);
#3210=ADVANCED_FACE('',(#180),#3061,.T.);
#3211=ADVANCED_FACE('',(#181),#3062,.T.);
#3212=ADVANCED_FACE('',(#182),#3063,.T.);
#3213=ADVANCED_FACE('',(#183),#3064,.T.);
#3214=ADVANCED_FACE('',(#184),#3065,.T.);
#3215=ADVANCED_FACE('',(#185),#3066,.T.);
#3216=ADVANCED_FACE('',(#186),#3067,.T.);
#3217=ADVANCED_FACE('',(#187),#3068,.T.);
#3218=ADVANCED_FACE('',(#188),#3069,.T.);
#3219=ADVANCED_FACE('',(#189),#3070,.T.);
#3220=ADVANCED_FACE('',(#190),#3071,.T.);
#3221=ADVANCED_FACE('',(#191),#3072,.F.);
#3222=ADVANCED_FACE('',(#192),#3073,.F.);
#3223=ADVANCED_FACE('',(#193),#3074,.F.);
#3224=ADVANCED_FACE('',(#194),#3075,.T.);
#3225=ADVANCED_FACE('',(#195),#3076,.F.);
#3226=ADVANCED_FACE('',(#196),#3077,.F.);
#3227=ADVANCED_FACE('',(#197),#3078,.T.);
#3228=ADVANCED_FACE('',(#198),#3079,.F.);
#3229=ADVANCED_FACE('',(#199),#3080,.F.);
#3230=ADVANCED_FACE('',(#200),#3081,.T.);
#3231=ADVANCED_FACE('',(#201),#3082,.T.);
#3232=ADVANCED_FACE('',(#202),#3083,.F.);
#3233=ADVANCED_FACE('',(#203),#3084,.F.);
#3234=ADVANCED_FACE('',(#204),#3085,.F.);
#3235=ADVANCED_FACE('',(#205,#72),#3086,.T.);
#3236=ADVANCED_FACE('',(#206),#15,.T.);
#3237=ADVANCED_FACE('',(#207),#16,.F.);
#3238=ADVANCED_FACE('',(#208,#73),#3087,.F.);
#3239=ADVANCED_FACE('',(#209),#17,.F.);
#3240=ADVANCED_FACE('',(#210,#74),#3088,.T.);
#3241=ADVANCED_FACE('',(#211),#18,.T.);
#3242=ADVANCED_FACE('',(#212),#19,.F.);
#3243=ADVANCED_FACE('',(#213,#75),#3089,.F.);
#3244=ADVANCED_FACE('',(#214),#20,.F.);
#3245=ADVANCED_FACE('',(#215),#3090,.F.);
#3246=ADVANCED_FACE('',(#216),#3091,.T.);
#3247=ADVANCED_FACE('',(#217),#3092,.T.);
#3248=ADVANCED_FACE('',(#218),#3093,.T.);
#3249=ADVANCED_FACE('',(#219),#3094,.T.);
#3250=ADVANCED_FACE('',(#220),#3095,.T.);
#3251=ADVANCED_FACE('',(#221),#3096,.T.);
#3252=ADVANCED_FACE('',(#222),#3097,.T.);
#3253=ADVANCED_FACE('',(#223),#3098,.F.);
#3254=ADVANCED_FACE('',(#224),#3099,.F.);
#3255=ADVANCED_FACE('',(#225,#76,#77),#3100,.F.);
#3256=ADVANCED_FACE('',(#226),#21,.T.);
#3257=ADVANCED_FACE('',(#227),#3101,.T.);
#3258=ADVANCED_FACE('',(#228),#22,.T.);
#3259=ADVANCED_FACE('',(#229),#3102,.T.);
#3260=ADVANCED_FACE('',(#230,#78),#3103,.T.);
#3261=ADVANCED_FACE('',(#231),#3104,.T.);
#3262=ADVANCED_FACE('',(#232),#3105,.T.);
#3263=ADVANCED_FACE('',(#233),#3106,.T.);
#3264=ADVANCED_FACE('',(#234,#79),#3107,.F.);
#3265=ADVANCED_FACE('',(#235),#3108,.T.);
#3266=ADVANCED_FACE('',(#236),#3109,.F.);
#3267=ADVANCED_FACE('',(#237),#3110,.F.);
#3268=ADVANCED_FACE('',(#238),#3111,.F.);
#3269=ADVANCED_FACE('',(#239),#3112,.T.);
#3270=ADVANCED_FACE('',(#240),#3113,.F.);
#3271=ADVANCED_FACE('',(#241),#3114,.F.);
#3272=ADVANCED_FACE('',(#242),#3115,.F.);
#3273=ADVANCED_FACE('',(#243),#3116,.T.);
#3274=ADVANCED_FACE('',(#244),#23,.T.);
#3275=ADVANCED_FACE('',(#245,#80,#81),#3117,.T.);
#3276=ADVANCED_FACE('',(#246),#24,.T.);
#3277=ADVANCED_FACE('',(#247,#82,#83,#84),#3118,.T.);
#3278=ADVANCED_FACE('',(#248),#25,.F.);
#3279=ADVANCED_FACE('',(#249,#85),#3119,.F.);
#3280=ADVANCED_FACE('',(#250),#26,.F.);
#3281=ADVANCED_FACE('',(#251),#27,.T.);
#3282=ADVANCED_FACE('',(#252,#86),#3120,.T.);
#3283=ADVANCED_FACE('',(#253,#87,#88,#89,#90,#91),#3121,.F.);
#3284=ADVANCED_FACE('',(#254),#28,.F.);
#3285=ADVANCED_FACE('',(#255,#92),#3122,.F.);
#3286=ADVANCED_FACE('',(#256),#29,.F.);
#3287=ADVANCED_FACE('',(#257),#30,.T.);
#3288=ADVANCED_FACE('',(#258,#93),#3123,.T.);
#3289=CLOSED_SHELL('',(#3124,#3125,#3126,#3127,#3128,#3129,#3130,#3131,
#3132,#3133,#3134,#3135,#3136,#3137,#3138,#3139,#3140,#3141,#3142,#3143,
#3144,#3145,#3146,#3147,#3148,#3149,#3150,#3151,#3152,#3153,#3154,#3155,
#3156,#3157,#3158,#3159,#3160,#3161,#3162,#3163,#3164,#3165,#3166,#3167,
#3168,#3169,#3170,#3171,#3172,#3173,#3174,#3175,#3176,#3177,#3178,#3179,
#3180,#3181,#3182,#3183,#3184,#3185,#3186,#3187,#3188,#3189,#3190,#3191,
#3192,#3193,#3194,#3195,#3196,#3197,#3198,#3199,#3200,#3201,#3202,#3203,
#3204,#3205,#3206,#3207,#3208,#3209,#3210,#3211,#3212,#3213,#3214,#3215,
#3216,#3217,#3218,#3219,#3220,#3221,#3222,#3223,#3224,#3225,#3226,#3227,
#3228,#3229,#3230,#3231,#3232,#3233,#3234,#3235,#3236,#3237,#3238,#3239,
#3240,#3241,#3242,#3243,#3244,#3245,#3246,#3247,#3248,#3249,#3250,#3251,
#3252,#3253,#3254,#3255,#3256,#3257,#3258,#3259,#3260,#3261,#3262,#3263,
#3264,#3265,#3266,#3267,#3268,#3269,#3270,#3271,#3272,#3273,#3274,#3275,
#3276,#3277,#3278,#3279,#3280,#3281,#3282,#3283,#3284,#3285,#3286,#3287,
#3288));
#3290=DERIVED_UNIT_ELEMENT(#3292,1.);
#3291=DERIVED_UNIT_ELEMENT(#5251,-3.);
#3292=(
MASS_UNIT()
NAMED_UNIT(*)
SI_UNIT(.KILO.,.GRAM.)
);
#3293=DERIVED_UNIT((#3290,#3291));
#3294=MEASURE_REPRESENTATION_ITEM('density measure',
POSITIVE_RATIO_MEASURE(7850.),#3293);
#3295=PROPERTY_DEFINITION_REPRESENTATION(#3300,#3297);
#3296=PROPERTY_DEFINITION_REPRESENTATION(#3301,#3298);
#3297=REPRESENTATION('material name',(#3299),#5248);
#3298=REPRESENTATION('density',(#3294),#5248);
#3299=DESCRIPTIVE_REPRESENTATION_ITEM('\X2\94A2\X0\','\X2\94A2\X0\');
#3300=PROPERTY_DEFINITION('material property','material name',#5258);
#3301=PROPERTY_DEFINITION('material property','density of part',#5258);
#3302=AXIS2_PLACEMENT_3D('',#4320,#3500,#3501);
#3303=AXIS2_PLACEMENT_3D('',#4321,#3502,#3503);
#3304=AXIS2_PLACEMENT_3D('',#4328,#3507,#3508);
#3305=AXIS2_PLACEMENT_3D('',#4335,#3512,#3513);
#3306=AXIS2_PLACEMENT_3D('',#4346,#3520,#3521);
#3307=AXIS2_PLACEMENT_3D('',#4353,#3525,#3526);
#3308=AXIS2_PLACEMENT_3D('',#4360,#3530,#3531);
#3309=AXIS2_PLACEMENT_3D('',#4371,#3538,#3539);
#3310=AXIS2_PLACEMENT_3D('',#4378,#3543,#3544);
#3311=AXIS2_PLACEMENT_3D('',#4385,#3548,#3549);
#3312=AXIS2_PLACEMENT_3D('',#4396,#3556,#3557);
#3313=AXIS2_PLACEMENT_3D('',#4403,#3561,#3562);
#3314=AXIS2_PLACEMENT_3D('',#4410,#3566,#3567);
#3315=AXIS2_PLACEMENT_3D('',#4421,#3574,#3575);
#3316=AXIS2_PLACEMENT_3D('',#4430,#3580,#3581);
#3317=AXIS2_PLACEMENT_3D('',#4436,#3585,#3586);
#3318=AXIS2_PLACEMENT_3D('',#4442,#3590,#3591);
#3319=AXIS2_PLACEMENT_3D('',#4445,#3594,#3595);
#3320=AXIS2_PLACEMENT_3D('',#4446,#3596,#3597);
#3321=AXIS2_PLACEMENT_3D('',#4448,#3599,#3600);
#3322=AXIS2_PLACEMENT_3D('',#4504,#3632,#3633);
#3323=AXIS2_PLACEMENT_3D('',#4517,#3640,#3641);
#3324=AXIS2_PLACEMENT_3D('',#4530,#3648,#3649);
#3325=AXIS2_PLACEMENT_3D('',#4533,#3652,#3653);
#3326=AXIS2_PLACEMENT_3D('',#4535,#3655,#3656);
#3327=AXIS2_PLACEMENT_3D('',#4537,#3658,#3659);
#3328=AXIS2_PLACEMENT_3D('',#4547,#3665,#3666);
#3329=AXIS2_PLACEMENT_3D('',#4551,#3669,#3670);
#3330=AXIS2_PLACEMENT_3D('',#4557,#3674,#3675);
#3331=AXIS2_PLACEMENT_3D('',#4561,#3678,#3679);
#3332=AXIS2_PLACEMENT_3D('',#4565,#3682,#3683);
#3333=AXIS2_PLACEMENT_3D('',#4574,#3689,#3690);
#3334=AXIS2_PLACEMENT_3D('',#4580,#3694,#3695);
#3335=AXIS2_PLACEMENT_3D('',#4588,#3700,#3701);
#3336=AXIS2_PLACEMENT_3D('',#4592,#3704,#3705);
#3337=AXIS2_PLACEMENT_3D('',#4594,#3707,#3708);
#3338=AXIS2_PLACEMENT_3D('',#4629,#3727,#3728);
#3339=AXIS2_PLACEMENT_3D('',#4631,#3729,#3730);
#3340=AXIS2_PLACEMENT_3D('',#4641,#3735,#3736);
#3341=AXIS2_PLACEMENT_3D('',#4643,#3737,#3738);
#3342=AXIS2_PLACEMENT_3D('',#4652,#3743,#3744);
#3343=AXIS2_PLACEMENT_3D('',#4656,#3747,#3748);
#3344=AXIS2_PLACEMENT_3D('',#4657,#3749,#3750);
#3345=AXIS2_PLACEMENT_3D('',#4670,#3757,#3758);
#3346=AXIS2_PLACEMENT_3D('',#4683,#3765,#3766);
#3347=AXIS2_PLACEMENT_3D('',#4686,#3769,#3770);
#3348=AXIS2_PLACEMENT_3D('',#4688,#3772,#3773);
#3349=AXIS2_PLACEMENT_3D('',#4690,#3775,#3776);
#3350=AXIS2_PLACEMENT_3D('',#4700,#3782,#3783);
#3351=AXIS2_PLACEMENT_3D('',#4704,#3786,#3787);
#3352=AXIS2_PLACEMENT_3D('',#4708,#3790,#3791);
#3353=AXIS2_PLACEMENT_3D('',#4714,#3795,#3796);
#3354=AXIS2_PLACEMENT_3D('',#4718,#3799,#3800);
#3355=AXIS2_PLACEMENT_3D('',#4727,#3805,#3806);
#3356=AXIS2_PLACEMENT_3D('',#4733,#3811,#3812);
#3357=AXIS2_PLACEMENT_3D('',#4736,#3815,#3816);
#3358=AXIS2_PLACEMENT_3D('',#4738,#3818,#3819);
#3359=AXIS2_PLACEMENT_3D('',#4739,#3820,#3821);
#3360=AXIS2_PLACEMENT_3D('',#4745,#3825,#3826);
#3361=AXIS2_PLACEMENT_3D('',#4749,#3829,#3830);
#3362=AXIS2_PLACEMENT_3D('',#4753,#3833,#3834);
#3363=AXIS2_PLACEMENT_3D('',#4755,#3836,#3837);
#3364=AXIS2_PLACEMENT_3D('',#4757,#3839,#3840);
#3365=AXIS2_PLACEMENT_3D('',#4759,#3842,#3843);
#3366=AXIS2_PLACEMENT_3D('',#4765,#3847,#3848);
#3367=AXIS2_PLACEMENT_3D('',#4769,#3851,#3852);
#3368=AXIS2_PLACEMENT_3D('',#4773,#3855,#3856);
#3369=AXIS2_PLACEMENT_3D('',#4775,#3858,#3859);
#3370=AXIS2_PLACEMENT_3D('',#4776,#3860,#3861);
#3371=AXIS2_PLACEMENT_3D('',#4777,#3862,#3863);
#3372=AXIS2_PLACEMENT_3D('',#4790,#3870,#3871);
#3373=AXIS2_PLACEMENT_3D('',#4803,#3878,#3879);
#3374=AXIS2_PLACEMENT_3D('',#4806,#3882,#3883);
#3375=AXIS2_PLACEMENT_3D('',#4808,#3885,#3886);
#3376=AXIS2_PLACEMENT_3D('',#4810,#3888,#3889);
#3377=AXIS2_PLACEMENT_3D('',#4820,#3895,#3896);
#3378=AXIS2_PLACEMENT_3D('',#4824,#3899,#3900);
#3379=AXIS2_PLACEMENT_3D('',#4830,#3904,#3905);
#3380=AXIS2_PLACEMENT_3D('',#4834,#3908,#3909);
#3381=AXIS2_PLACEMENT_3D('',#4838,#3912,#3913);
#3382=AXIS2_PLACEMENT_3D('',#4847,#3919,#3920);
#3383=AXIS2_PLACEMENT_3D('',#4853,#3924,#3925);
#3384=AXIS2_PLACEMENT_3D('',#4858,#3929,#3930);
#3385=AXIS2_PLACEMENT_3D('',#4860,#3932,#3933);
#3386=AXIS2_PLACEMENT_3D('',#4861,#3934,#3935);
#3387=AXIS2_PLACEMENT_3D('',#4865,#3938,#3939);
#3388=AXIS2_PLACEMENT_3D('',#4866,#3940,#3941);
#3389=AXIS2_PLACEMENT_3D('',#4879,#3948,#3949);
#3390=AXIS2_PLACEMENT_3D('',#4892,#3956,#3957);
#3391=AXIS2_PLACEMENT_3D('',#4895,#3960,#3961);
#3392=AXIS2_PLACEMENT_3D('',#4897,#3963,#3964);
#3393=AXIS2_PLACEMENT_3D('',#4899,#3966,#3967);
#3394=AXIS2_PLACEMENT_3D('',#4909,#3973,#3974);
#3395=AXIS2_PLACEMENT_3D('',#4913,#3977,#3978);
#3396=AXIS2_PLACEMENT_3D('',#4917,#3981,#3982);
#3397=AXIS2_PLACEMENT_3D('',#4923,#3986,#3987);
#3398=AXIS2_PLACEMENT_3D('',#4927,#3990,#3991);
#3399=AXIS2_PLACEMENT_3D('',#4936,#3996,#3997);
#3400=AXIS2_PLACEMENT_3D('',#4942,#4002,#4003);
#3401=AXIS2_PLACEMENT_3D('',#4945,#4006,#4007);
#3402=AXIS2_PLACEMENT_3D('',#4947,#4009,#4010);
#3403=AXIS2_PLACEMENT_3D('',#4948,#4011,#4012);
#3404=AXIS2_PLACEMENT_3D('',#4954,#4016,#4017);
#3405=AXIS2_PLACEMENT_3D('',#4958,#4020,#4021);
#3406=AXIS2_PLACEMENT_3D('',#4962,#4024,#4025);
#3407=AXIS2_PLACEMENT_3D('',#4964,#4027,#4028);
#3408=AXIS2_PLACEMENT_3D('',#4966,#4030,#4031);
#3409=AXIS2_PLACEMENT_3D('',#4968,#4033,#4034);
#3410=AXIS2_PLACEMENT_3D('',#4974,#4038,#4039);
#3411=AXIS2_PLACEMENT_3D('',#4978,#4042,#4043);
#3412=AXIS2_PLACEMENT_3D('',#4982,#4046,#4047);
#3413=AXIS2_PLACEMENT_3D('',#4984,#4049,#4050);
#3414=AXIS2_PLACEMENT_3D('',#4998,#4058,#4059);
#3415=AXIS2_PLACEMENT_3D('',#5004,#4063,#4064);
#3416=AXIS2_PLACEMENT_3D('',#5008,#4067,#4068);
#3417=AXIS2_PLACEMENT_3D('',#5012,#4071,#4072);
#3418=AXIS2_PLACEMENT_3D('',#5014,#4074,#4075);
#3419=AXIS2_PLACEMENT_3D('',#5016,#4076,#4077);
#3420=AXIS2_PLACEMENT_3D('',#5018,#4078,#4079);
#3421=AXIS2_PLACEMENT_3D('',#5019,#4080,#4081);
#3422=AXIS2_PLACEMENT_3D('',#5021,#4083,#4084);
#3423=AXIS2_PLACEMENT_3D('',#5023,#4085,#4086);
#3424=AXIS2_PLACEMENT_3D('',#5025,#4088,#4089);
#3425=AXIS2_PLACEMENT_3D('',#5027,#4090,#4091);
#3426=AXIS2_PLACEMENT_3D('',#5028,#4092,#4093);
#3427=AXIS2_PLACEMENT_3D('',#5030,#4094,#4095);
#3428=AXIS2_PLACEMENT_3D('',#5032,#4097,#4098);
#3429=AXIS2_PLACEMENT_3D('',#5034,#4099,#4100);
#3430=AXIS2_PLACEMENT_3D('',#5036,#4101,#4102);
#3431=AXIS2_PLACEMENT_3D('',#5037,#4103,#4104);
#3432=AXIS2_PLACEMENT_3D('',#5039,#4106,#4107);
#3433=AXIS2_PLACEMENT_3D('',#5041,#4108,#4109);
#3434=AXIS2_PLACEMENT_3D('',#5043,#4111,#4112);
#3435=AXIS2_PLACEMENT_3D('',#5045,#4113,#4114);
#3436=AXIS2_PLACEMENT_3D('',#5046,#4115,#4116);
#3437=AXIS2_PLACEMENT_3D('',#5048,#4117,#4118);
#3438=AXIS2_PLACEMENT_3D('',#5050,#4120,#4121);
#3439=AXIS2_PLACEMENT_3D('',#5054,#4124,#4125);
#3440=AXIS2_PLACEMENT_3D('',#5066,#4132,#4133);
#3441=AXIS2_PLACEMENT_3D('',#5068,#4135,#4136);
#3442=AXIS2_PLACEMENT_3D('',#5070,#4138,#4139);
#3443=AXIS2_PLACEMENT_3D('',#5072,#4141,#4142);
#3444=AXIS2_PLACEMENT_3D('',#5074,#4144,#4145);
#3445=AXIS2_PLACEMENT_3D('',#5076,#4147,#4148);
#3446=AXIS2_PLACEMENT_3D('',#5077,#4149,#4150);
#3447=AXIS2_PLACEMENT_3D('',#5083,#4154,#4155);
#3448=AXIS2_PLACEMENT_3D('',#5085,#4157,#4158);
#3449=AXIS2_PLACEMENT_3D('',#5103,#4168,#4169);
#3450=AXIS2_PLACEMENT_3D('',#5106,#4170,#4171);
#3451=AXIS2_PLACEMENT_3D('',#5110,#4173,#4174);
#3452=AXIS2_PLACEMENT_3D('',#5112,#4176,#4177);
#3453=AXIS2_PLACEMENT_3D('',#5118,#4181,#4182);
#3454=AXIS2_PLACEMENT_3D('',#5120,#4183,#4184);
#3455=AXIS2_PLACEMENT_3D('',#5123,#4186,#4187);
#3456=AXIS2_PLACEMENT_3D('',#5124,#4188,#4189);
#3457=AXIS2_PLACEMENT_3D('',#5130,#4193,#4194);
#3458=AXIS2_PLACEMENT_3D('',#5132,#4195,#4196);
#3459=AXIS2_PLACEMENT_3D('',#5136,#4198,#4199);
#3460=AXIS2_PLACEMENT_3D('',#5146,#4205,#4206);
#3461=AXIS2_PLACEMENT_3D('',#5152,#4210,#4211);
#3462=AXIS2_PLACEMENT_3D('',#5156,#4214,#4215);
#3463=AXIS2_PLACEMENT_3D('',#5160,#4218,#4219);
#3464=AXIS2_PLACEMENT_3D('',#5162,#4221,#4222);
#3465=AXIS2_PLACEMENT_3D('',#5163,#4223,#4224);
#3466=AXIS2_PLACEMENT_3D('',#5169,#4228,#4229);
#3467=AXIS2_PLACEMENT_3D('',#5173,#4232,#4233);
#3468=AXIS2_PLACEMENT_3D('',#5177,#4236,#4237);
#3469=AXIS2_PLACEMENT_3D('',#5179,#4239,#4240);
#3470=AXIS2_PLACEMENT_3D('',#5185,#4244,#4245);
#3471=AXIS2_PLACEMENT_3D('',#5189,#4248,#4249);
#3472=AXIS2_PLACEMENT_3D('',#5193,#4252,#4253);
#3473=AXIS2_PLACEMENT_3D('',#5195,#4255,#4256);
#3474=AXIS2_PLACEMENT_3D('',#5197,#4257,#4258);
#3475=AXIS2_PLACEMENT_3D('',#5199,#4260,#4261);
#3476=AXIS2_PLACEMENT_3D('',#5203,#4264,#4265);
#3477=AXIS2_PLACEMENT_3D('',#5205,#4266,#4267);
#3478=AXIS2_PLACEMENT_3D('',#5207,#4269,#4270);
#3479=AXIS2_PLACEMENT_3D('',#5209,#4272,#4273);
#3480=AXIS2_PLACEMENT_3D('',#5211,#4274,#4275);
#3481=AXIS2_PLACEMENT_3D('',#5214,#4277,#4278);
#3482=AXIS2_PLACEMENT_3D('',#5215,#4279,#4280);
#3483=AXIS2_PLACEMENT_3D('',#5217,#4281,#4282);
#3484=AXIS2_PLACEMENT_3D('',#5218,#4283,#4284);
#3485=AXIS2_PLACEMENT_3D('',#5221,#4286,#4287);
#3486=AXIS2_PLACEMENT_3D('',#5222,#4288,#4289);
#3487=AXIS2_PLACEMENT_3D('',#5224,#4290,#4291);
#3488=AXIS2_PLACEMENT_3D('',#5226,#4293,#4294);
#3489=AXIS2_PLACEMENT_3D('',#5227,#4295,#4296);
#3490=AXIS2_PLACEMENT_3D('',#5229,#4297,#4298);
#3491=AXIS2_PLACEMENT_3D('',#5230,#4299,#4300);
#3492=AXIS2_PLACEMENT_3D('',#5233,#4302,#4303);
#3493=AXIS2_PLACEMENT_3D('',#5234,#4304,#4305);
#3494=AXIS2_PLACEMENT_3D('',#5236,#4306,#4307);
#3495=AXIS2_PLACEMENT_3D('',#5237,#4308,#4309);
#3496=AXIS2_PLACEMENT_3D('',#5240,#4311,#4312);
#3497=AXIS2_PLACEMENT_3D('',#5241,#4313,#4314);
#3498=AXIS2_PLACEMENT_3D('',#5243,#4315,#4316);
#3499=AXIS2_PLACEMENT_3D('',#5245,#4318,#4319);
#3500=DIRECTION('axis',(0.,0.,1.));
#3501=DIRECTION('refdir',(1.,0.,0.));
#3502=DIRECTION('center_axis',(0.,0.,1.));
#3503=DIRECTION('ref_axis',(1.,0.,0.));
#3504=DIRECTION('',(-1.,4.15424892282566E-17,0.));
#3505=DIRECTION('',(-0.707106781186545,0.70710678118655,0.));
#3506=DIRECTION('',(0.,1.,0.));
#3507=DIRECTION('center_axis',(0.,0.,1.));
#3508=DIRECTION('ref_axis',(1.,0.,0.));
#3509=DIRECTION('',(0.,-1.,0.));
#3510=DIRECTION('',(-0.707106781186545,0.70710678118655,0.));
#3511=DIRECTION('',(1.,-4.15424892282566E-17,0.));
#3512=DIRECTION('center_axis',(1.,0.,0.));
#3513=DIRECTION('ref_axis',(0.,1.,0.));
#3514=DIRECTION('',(0.,0.,1.));
#3515=DIRECTION('',(0.,0.,-1.));
#3516=DIRECTION('',(0.,1.,0.));
#3517=DIRECTION('',(0.,0.,1.));
#3518=DIRECTION('',(0.,1.,0.));
#3519=DIRECTION('',(0.,0.,-1.));
#3520=DIRECTION('center_axis',(0.,0.,1.));
#3521=DIRECTION('ref_axis',(1.,0.,0.));
#3522=DIRECTION('',(0.,-1.,0.));
#3523=DIRECTION('',(0.707106781186546,0.707106781186549,0.));
#3524=DIRECTION('',(-1.,4.15424892282566E-17,0.));
#3525=DIRECTION('center_axis',(0.,0.,1.));
#3526=DIRECTION('ref_axis',(1.,0.,0.));
#3527=DIRECTION('',(0.,1.,0.));
#3528=DIRECTION('',(1.,-4.15424892282566E-17,0.));
#3529=DIRECTION('',(-0.707106781186546,-0.707106781186549,0.));
#3530=DIRECTION('center_axis',(-1.,0.,0.));
#3531=DIRECTION('ref_axis',(0.,-1.,0.));
#3532=DIRECTION('',(0.,0.,-1.));
#3533=DIRECTION('',(0.,0.,1.));
#3534=DIRECTION('',(0.,-1.,0.));
#3535=DIRECTION('',(0.,0.,-1.));
#3536=DIRECTION('',(0.,-1.,0.));
#3537=DIRECTION('',(0.,0.,1.));
#3538=DIRECTION('center_axis',(0.,0.,1.));
#3539=DIRECTION('ref_axis',(1.,0.,0.));
#3540=DIRECTION('',(0.,-1.,0.));
#3541=DIRECTION('',(-0.707106781186546,0.707106781186549,0.));
#3542=DIRECTION('',(1.,-4.15424892282566E-17,0.));
#3543=DIRECTION('center_axis',(0.,0.,1.));
#3544=DIRECTION('ref_axis',(1.,0.,0.));
#3545=DIRECTION('',(0.,1.,0.));
#3546=DIRECTION('',(-1.,4.15424892282566E-17,0.));
#3547=DIRECTION('',(-0.707106781186546,0.707106781186549,0.));
#3548=DIRECTION('center_axis',(1.,0.,0.));
#3549=DIRECTION('ref_axis',(0.,1.,0.));
#3550=DIRECTION('',(0.,0.,1.));
#3551=DIRECTION('',(0.,0.,-1.));
#3552=DIRECTION('',(0.,1.,0.));
#3553=DIRECTION('',(0.,0.,1.));
#3554=DIRECTION('',(0.,1.,0.));
#3555=DIRECTION('',(0.,0.,-1.));
#3556=DIRECTION('center_axis',(0.,0.,1.));
#3557=DIRECTION('ref_axis',(1.,0.,0.));
#3558=DIRECTION('',(0.,-1.,0.));
#3559=DIRECTION('',(0.707106781186545,0.70710678118655,0.));
#3560=DIRECTION('',(-1.,4.15424892282566E-17,0.));
#3561=DIRECTION('center_axis',(0.,0.,1.));
#3562=DIRECTION('ref_axis',(1.,0.,0.));
#3563=DIRECTION('',(0.,1.,0.));
#3564=DIRECTION('',(1.,-4.15424892282566E-17,0.));
#3565=DIRECTION('',(-0.707106781186545,-0.70710678118655,0.));
#3566=DIRECTION('center_axis',(-1.,0.,0.));
#3567=DIRECTION('ref_axis',(0.,-1.,0.));
#3568=DIRECTION('',(0.,0.,-1.));
#3569=DIRECTION('',(0.,0.,1.));
#3570=DIRECTION('',(0.,-1.,0.));
#3571=DIRECTION('',(0.,0.,-1.));
#3572=DIRECTION('',(0.,-1.,0.));
#3573=DIRECTION('',(0.,0.,1.));
#3574=DIRECTION('center_axis',(1.,0.,0.));
#3575=DIRECTION('ref_axis',(0.,1.,0.));
#3576=DIRECTION('',(0.,-1.,0.));
#3577=DIRECTION('',(0.,0.,1.));
#3578=DIRECTION('',(0.,1.,0.));
#3579=DIRECTION('',(0.,0.,1.));
#3580=DIRECTION('center_axis',(0.,1.,0.));
#3581=DIRECTION('ref_axis',(-1.,0.,0.));
#3582=DIRECTION('',(1.,0.,0.));
#3583=DIRECTION('',(0.,0.,1.));
#3584=DIRECTION('',(-1.,0.,0.));
#3585=DIRECTION('center_axis',(0.,-1.,0.));
#3586=DIRECTION('ref_axis',(1.,0.,0.));
#3587=DIRECTION('',(-1.,0.,0.));
#3588=DIRECTION('',(1.,0.,0.));
#3589=DIRECTION('',(0.,0.,1.));
#3590=DIRECTION('center_axis',(-1.,0.,0.));
#3591=DIRECTION('ref_axis',(0.,-1.,0.));
#3592=DIRECTION('',(0.,1.,0.));
#3593=DIRECTION('',(0.,-1.,0.));
#3594=DIRECTION('center_axis',(0.,0.,1.));
#3595=DIRECTION('ref_axis',(1.,0.,0.));
#3596=DIRECTION('center_axis',(0.70710678118655,0.707106781186545,0.));
#3597=DIRECTION('ref_axis',(-0.707106781186545,0.70710678118655,0.));
#3598=DIRECTION('',(0.,0.,-1.));
#3599=DIRECTION('center_axis',(4.15424892282566E-17,1.,0.));
#3600=DIRECTION('ref_axis',(-1.,4.15424892282566E-17,0.));
#3601=DIRECTION('',(-1.,4.15424892282566E-17,0.));
#3602=DIRECTION('',(0.,0.,-1.));
#3603=DIRECTION('',(1.,-4.15424892282566E-17,0.));
#3604=DIRECTION('',(0.,0.,-1.));
#3605=DIRECTION('',(1.,-4.15424892282566E-17,0.));
#3606=DIRECTION('',(0.,0.,1.));
#3607=DIRECTION('',(-1.,4.15424892282566E-17,0.));
#3608=DIRECTION('',(0.,0.,1.));
#3609=DIRECTION('',(1.,-4.15424892282566E-17,0.));
#3610=DIRECTION('',(0.,0.,1.));
#3611=DIRECTION('',(1.,-4.15424892282566E-17,0.));
#3612=DIRECTION('',(0.,0.,1.));
#3613=DIRECTION('',(-1.,4.15424892282566E-17,0.));
#3614=DIRECTION('',(0.,0.,1.));
#3615=DIRECTION('',(1.,-4.15424892282566E-17,0.));
#3616=DIRECTION('',(0.,0.,-1.));
#3617=DIRECTION('',(-1.,4.15424892282566E-17,0.));
#3618=DIRECTION('',(0.,0.,-1.));
#3619=DIRECTION('',(1.,-4.15424892282566E-17,0.));
#3620=DIRECTION('',(0.,0.,-1.));
#3621=DIRECTION('',(1.,-4.15424892282566E-17,0.));
#3622=DIRECTION('',(0.,0.,1.));
#3623=DIRECTION('',(1.,-4.15424892282566E-17,0.));
#3624=DIRECTION('',(0.,0.,1.));
#3625=DIRECTION('',(-1.,4.15424892282566E-17,0.));
#3626=DIRECTION('',(0.,0.,1.));
#3627=DIRECTION('',(1.,-4.15424892282566E-17,0.));
#3628=DIRECTION('',(0.,0.,1.));
#3629=DIRECTION('',(1.,-4.15424892282566E-17,0.));
#3630=DIRECTION('',(0.,0.,-1.));
#3631=DIRECTION('',(-1.,4.15424892282566E-17,0.));
#3632=DIRECTION('center_axis',(0.,-1.,0.));
#3633=DIRECTION('ref_axis',(1.,0.,0.));
#3634=DIRECTION('',(0.,0.,-1.));
#3635=DIRECTION('',(-1.,0.,0.));
#3636=DIRECTION('',(0.,0.,1.));
#3637=DIRECTION('',(1.,0.,0.));
#3638=DIRECTION('',(0.,0.,1.));
#3639=DIRECTION('',(1.,0.,0.));
#3640=DIRECTION('center_axis',(0.,1.,0.));
#3641=DIRECTION('ref_axis',(-1.,0.,0.));
#3642=DIRECTION('',(0.,0.,1.));
#3643=DIRECTION('',(-1.,0.,0.));
#3644=DIRECTION('',(0.,0.,1.));
#3645=DIRECTION('',(-1.,0.,0.));
#3646=DIRECTION('',(0.,0.,1.));
#3647=DIRECTION('',(1.,0.,0.));
#3648=DIRECTION('center_axis',(-1.,0.,0.));
#3649=DIRECTION('ref_axis',(0.,-1.,0.));
#3650=DIRECTION('',(0.,-1.,0.));
#3651=DIRECTION('',(0.,-1.,0.));
#3652=DIRECTION('center_axis',(0.,0.,1.));
#3653=DIRECTION('ref_axis',(1.,0.,0.));
#3654=DIRECTION('',(0.,1.,0.));
#3655=DIRECTION('center_axis',(0.,0.,1.));
#3656=DIRECTION('ref_axis',(1.,0.,0.));
#3657=DIRECTION('',(0.,1.,0.));
#3658=DIRECTION('center_axis',(-1.,0.,0.));
#3659=DIRECTION('ref_axis',(0.,0.,1.));
#3660=DIRECTION('',(0.,1.,0.));
#3661=DIRECTION('',(0.,0.,1.));
#3662=DIRECTION('',(0.,1.,0.));
#3663=DIRECTION('',(0.,0.,-1.));
#3664=DIRECTION('',(0.,1.,0.));
#3665=DIRECTION('center_axis',(0.,0.,1.));
#3666=DIRECTION('ref_axis',(1.,0.,0.));
#3667=DIRECTION('',(0.,1.,0.));
#3668=DIRECTION('',(1.,0.,0.));
#3669=DIRECTION('center_axis',(-0.813733471206735,0.,-0.581238193719096));
#3670=DIRECTION('ref_axis',(-0.581238193719096,0.,0.813733471206735));
#3671=DIRECTION('',(0.581238193719096,0.,-0.813733471206735));
#3672=DIRECTION('',(-0.581238193719096,0.,0.813733471206735));
#3673=DIRECTION('',(0.,1.,0.));
#3674=DIRECTION('center_axis',(0.,0.,1.));
#3675=DIRECTION('ref_axis',(1.,0.,0.));
#3676=DIRECTION('',(-1.,0.,0.));
#3677=DIRECTION('',(0.,1.,0.));
#3678=DIRECTION('center_axis',(0.,1.,0.));
#3679=DIRECTION('ref_axis',(0.,0.,1.));
#3680=DIRECTION('',(0.,0.,-1.));
#3681=DIRECTION('',(1.,0.,0.));
#3682=DIRECTION('center_axis',(0.,0.,1.));
#3683=DIRECTION('ref_axis',(1.,0.,0.));
#3684=DIRECTION('',(0.,1.,0.));
#3685=DIRECTION('',(0.,-1.,0.));
#3686=DIRECTION('',(-1.,0.,0.));
#3687=DIRECTION('',(0.,-1.,0.));
#3688=DIRECTION('',(1.,0.,0.));
#3689=DIRECTION('center_axis',(0.,1.,0.));
#3690=DIRECTION('ref_axis',(-1.,0.,0.));
#3691=DIRECTION('',(0.,0.,1.));
#3692=DIRECTION('',(1.,0.,0.));
#3693=DIRECTION('',(0.,0.,1.));
#3694=DIRECTION('center_axis',(-1.,0.,0.));
#3695=DIRECTION('ref_axis',(0.,-1.,0.));
#3696=DIRECTION('',(0.,1.,0.));
#3697=DIRECTION('',(0.,0.,1.));
#3698=DIRECTION('',(0.,1.,0.));
#3699=DIRECTION('',(0.,0.,1.));
#3700=DIRECTION('center_axis',(1.,0.,0.));
#3701=DIRECTION('ref_axis',(0.,1.,0.));
#3702=DIRECTION('',(0.,0.,1.));
#3703=DIRECTION('',(0.,-1.,0.));
#3704=DIRECTION('center_axis',(0.,-1.,0.));
#3705=DIRECTION('ref_axis',(1.,0.,0.));
#3706=DIRECTION('',(-1.,0.,0.));
#3707=DIRECTION('center_axis',(0.,0.,1.));
#3708=DIRECTION('ref_axis',(1.,0.,0.));
#3709=DIRECTION('',(1.,-4.15424892282566E-17,0.));
#3710=DIRECTION('',(0.,-1.,0.));
#3711=DIRECTION('',(-1.,0.,0.));
#3712=DIRECTION('',(0.,1.,0.));
#3713=DIRECTION('',(0.,-1.,0.));
#3714=DIRECTION('',(-1.,0.,0.));
#3715=DIRECTION('',(0.,1.,0.));
#3716=DIRECTION('',(1.,-4.15424892282566E-17,0.));
#3717=DIRECTION('',(0.,-1.,0.));
#3718=DIRECTION('',(-1.,0.,0.));
#3719=DIRECTION('',(0.,1.,0.));
#3720=DIRECTION('',(0.,1.,0.));
#3721=DIRECTION('',(-1.,0.,0.));
#3722=DIRECTION('',(0.,-1.,0.));
#3723=DIRECTION('',(-1.,0.,0.));
#3724=DIRECTION('',(0.,1.,0.));
#3725=DIRECTION('',(1.,0.,0.));
#3726=DIRECTION('',(0.,-1.,0.));
#3727=DIRECTION('center_axis',(0.,0.,1.));
#3728=DIRECTION('ref_axis',(1.,0.,0.));
#3729=DIRECTION('center_axis',(0.,0.,1.));
#3730=DIRECTION('ref_axis',(1.,0.,0.));
#3731=DIRECTION('',(0.,1.,0.));
#3732=DIRECTION('',(1.,0.,0.));
#3733=DIRECTION('',(0.,-1.,0.));
#3734=DIRECTION('',(-1.,0.,0.));
#3735=DIRECTION('center_axis',(0.,0.,1.));
#3736=DIRECTION('ref_axis',(1.,0.,0.));
#3737=DIRECTION('center_axis',(0.,0.,1.));
#3738=DIRECTION('ref_axis',(1.,0.,0.));
#3739=DIRECTION('',(1.,0.,0.));
#3740=DIRECTION('',(0.,-1.,0.));
#3741=DIRECTION('',(-1.,0.,0.));
#3742=DIRECTION('',(0.,1.,0.));
#3743=DIRECTION('center_axis',(4.15424892282566E-17,1.,0.));
#3744=DIRECTION('ref_axis',(-1.,4.15424892282566E-17,0.));
#3745=DIRECTION('',(-1.,4.15424892282566E-17,0.));
#3746=DIRECTION('',(0.,0.,-1.));
#3747=DIRECTION('center_axis',(-0.707106781186549,0.707106781186546,0.));
#3748=DIRECTION('ref_axis',(-0.707106781186546,-0.707106781186549,0.));
#3749=DIRECTION('center_axis',(0.,-1.,0.));
#3750=DIRECTION('ref_axis',(1.,0.,0.));
#3751=DIRECTION('',(-1.,0.,0.));
#3752=DIRECTION('',(0.,0.,1.));
#3753=DIRECTION('',(1.,0.,0.));
#3754=DIRECTION('',(0.,0.,1.));
#3755=DIRECTION('',(1.,0.,0.));
#3756=DIRECTION('',(0.,0.,1.));
#3757=DIRECTION('center_axis',(0.,1.,0.));
#3758=DIRECTION('ref_axis',(-1.,0.,0.));
#3759=DIRECTION('',(1.,0.,0.));
#3760=DIRECTION('',(0.,0.,1.));
#3761=DIRECTION('',(-1.,0.,0.));
#3762=DIRECTION('',(0.,0.,1.));
#3763=DIRECTION('',(-1.,0.,0.));
#3764=DIRECTION('',(0.,0.,-1.));
#3765=DIRECTION('center_axis',(1.,0.,0.));
#3766=DIRECTION('ref_axis',(0.,1.,0.));
#3767=DIRECTION('',(0.,1.,0.));
#3768=DIRECTION('',(0.,1.,0.));
#3769=DIRECTION('center_axis',(0.,0.,1.));
#3770=DIRECTION('ref_axis',(1.,0.,0.));
#3771=DIRECTION('',(0.,-1.,0.));
#3772=DIRECTION('center_axis',(0.,0.,1.));
#3773=DIRECTION('ref_axis',(1.,0.,0.));
#3774=DIRECTION('',(0.,-1.,0.));
#3775=DIRECTION('center_axis',(1.,0.,0.));
#3776=DIRECTION('ref_axis',(0.,0.,-1.));
#3777=DIRECTION('',(0.,1.,0.));
#3778=DIRECTION('',(0.,0.,-1.));
#3779=DIRECTION('',(0.,1.,0.));
#3780=DIRECTION('',(0.,0.,-1.));
#3781=DIRECTION('',(0.,1.,0.));
#3782=DIRECTION('center_axis',(0.,0.,1.));
#3783=DIRECTION('ref_axis',(1.,0.,0.));
#3784=DIRECTION('',(0.,1.,0.));
#3785=DIRECTION('',(1.,0.,0.));
#3786=DIRECTION('center_axis',(0.,0.,1.));
#3787=DIRECTION('ref_axis',(1.,0.,0.));
#3788=DIRECTION('',(1.,0.,0.));
#3789=DIRECTION('',(0.,1.,0.));
#3790=DIRECTION('center_axis',(0.813733471206735,0.,-0.581238193719096));
#3791=DIRECTION('ref_axis',(-0.581238193719096,0.,-0.813733471206735));
#3792=DIRECTION('',(-0.581238193719096,0.,-0.813733471206735));
#3793=DIRECTION('',(0.,-1.,0.));
#3794=DIRECTION('',(-0.581238193719096,0.,-0.813733471206735));
#3795=DIRECTION('center_axis',(0.,1.,0.));
#3796=DIRECTION('ref_axis',(0.,0.,1.));
#3797=DIRECTION('',(1.,0.,0.));
#3798=DIRECTION('',(0.,0.,1.));
#3799=DIRECTION('center_axis',(0.,1.,0.));
#3800=DIRECTION('ref_axis',(-1.,0.,0.));
#3801=DIRECTION('',(1.,0.,0.));
#3802=DIRECTION('',(0.,0.,-1.));
#3803=DIRECTION('',(-1.,0.,0.));
#3804=DIRECTION('',(0.,0.,1.));
#3805=DIRECTION('center_axis',(0.,0.,1.));
#3806=DIRECTION('ref_axis',(1.,0.,0.));
#3807=DIRECTION('',(1.,0.,0.));
#3808=DIRECTION('',(0.,1.,0.));
#3809=DIRECTION('',(0.,1.,0.));
#3810=DIRECTION('',(0.,-1.,0.));
#3811=DIRECTION('center_axis',(1.,0.,0.));
#3812=DIRECTION('ref_axis',(0.,1.,0.));
#3813=DIRECTION('',(0.,-1.,0.));
#3814=DIRECTION('',(0.,0.,1.));
#3815=DIRECTION('center_axis',(0.,-1.,0.));
#3816=DIRECTION('ref_axis',(1.,0.,0.));
#3817=DIRECTION('',(0.,0.,1.));
#3818=DIRECTION('center_axis',(-1.,0.,0.));
#3819=DIRECTION('ref_axis',(0.,-1.,0.));
#3820=DIRECTION('center_axis',(0.,0.,1.));
#3821=DIRECTION('ref_axis',(1.,0.,0.));
#3822=DIRECTION('',(0.,1.,0.));
#3823=DIRECTION('',(-1.,0.,0.));
#3824=DIRECTION('',(0.,-1.,0.));
#3825=DIRECTION('center_axis',(-1.,0.,0.));
#3826=DIRECTION('ref_axis',(0.,-1.,0.));
#3827=DIRECTION('',(0.,0.,1.));
#3828=DIRECTION('',(0.,1.,0.));
#3829=DIRECTION('center_axis',(0.,1.,0.));
#3830=DIRECTION('ref_axis',(-1.,0.,0.));
#3831=DIRECTION('',(1.,0.,0.));
#3832=DIRECTION('',(0.,0.,1.));
#3833=DIRECTION('center_axis',(1.,0.,0.));
#3834=DIRECTION('ref_axis',(0.,1.,0.));
#3835=DIRECTION('',(0.,-1.,0.));
#3836=DIRECTION('center_axis',(0.,0.,1.));
#3837=DIRECTION('ref_axis',(1.,0.,0.));
#3838=DIRECTION('',(1.,-3.97573151163888E-17,0.));
#3839=DIRECTION('center_axis',(0.,0.,1.));
#3840=DIRECTION('ref_axis',(1.,0.,0.));
#3841=DIRECTION('',(-1.,3.97573151163888E-17,0.));
#3842=DIRECTION('center_axis',(1.,0.,0.));
#3843=DIRECTION('ref_axis',(0.,1.,0.));
#3844=DIRECTION('',(0.,0.,1.));
#3845=DIRECTION('',(0.,1.,0.));
#3846=DIRECTION('',(0.,0.,1.));
#3847=DIRECTION('center_axis',(0.,1.,0.));
#3848=DIRECTION('ref_axis',(-1.,0.,0.));
#3849=DIRECTION('',(0.,0.,1.));
#3850=DIRECTION('',(-1.,0.,0.));
#3851=DIRECTION('center_axis',(0.,-1.,0.));
#3852=DIRECTION('ref_axis',(1.,0.,0.));
#3853=DIRECTION('',(1.,0.,0.));
#3854=DIRECTION('',(0.,0.,1.));
#3855=DIRECTION('center_axis',(-1.,0.,0.));
#3856=DIRECTION('ref_axis',(0.,-1.,0.));
#3857=DIRECTION('',(0.,-1.,0.));
#3858=DIRECTION('center_axis',(0.,0.,1.));
#3859=DIRECTION('ref_axis',(1.,0.,0.));
#3860=DIRECTION('center_axis',(0.707106781186549,0.707106781186546,0.));
#3861=DIRECTION('ref_axis',(-0.707106781186546,0.707106781186549,0.));
#3862=DIRECTION('center_axis',(0.,-1.,0.));
#3863=DIRECTION('ref_axis',(1.,0.,0.));
#3864=DIRECTION('',(0.,0.,-1.));
#3865=DIRECTION('',(-1.,0.,0.));
#3866=DIRECTION('',(0.,0.,1.));
#3867=DIRECTION('',(1.,0.,0.));
#3868=DIRECTION('',(0.,0.,1.));
#3869=DIRECTION('',(1.,0.,0.));
#3870=DIRECTION('center_axis',(0.,1.,0.));
#3871=DIRECTION('ref_axis',(-1.,0.,0.));
#3872=DIRECTION('',(0.,0.,1.));
#3873=DIRECTION('',(-1.,0.,0.));
#3874=DIRECTION('',(0.,0.,1.));
#3875=DIRECTION('',(-1.,0.,0.));
#3876=DIRECTION('',(0.,0.,1.));
#3877=DIRECTION('',(1.,0.,0.));
#3878=DIRECTION('center_axis',(-1.,0.,0.));
#3879=DIRECTION('ref_axis',(0.,-1.,0.));
#3880=DIRECTION('',(0.,-1.,0.));
#3881=DIRECTION('',(0.,-1.,0.));
#3882=DIRECTION('center_axis',(0.,0.,1.));
#3883=DIRECTION('ref_axis',(1.,0.,0.));
#3884=DIRECTION('',(0.,1.,0.));
#3885=DIRECTION('center_axis',(0.,0.,1.));
#3886=DIRECTION('ref_axis',(1.,0.,0.));
#3887=DIRECTION('',(0.,1.,0.));
#3888=DIRECTION('center_axis',(-1.,0.,0.));
#3889=DIRECTION('ref_axis',(0.,0.,1.));
#3890=DIRECTION('',(0.,1.,0.));
#3891=DIRECTION('',(0.,0.,1.));
#3892=DIRECTION('',(0.,1.,0.));
#3893=DIRECTION('',(0.,0.,-1.));
#3894=DIRECTION('',(0.,1.,0.));
#3895=DIRECTION('center_axis',(0.,0.,1.));
#3896=DIRECTION('ref_axis',(1.,0.,0.));
#3897=DIRECTION('',(0.,1.,0.));
#3898=DIRECTION('',(1.,0.,0.));
#3899=DIRECTION('center_axis',(-0.813733471206735,0.,-0.581238193719096));
#3900=DIRECTION('ref_axis',(-0.581238193719096,0.,0.813733471206735));
#3901=DIRECTION('',(0.581238193719096,0.,-0.813733471206735));
#3902=DIRECTION('',(-0.581238193719096,0.,0.813733471206735));
#3903=DIRECTION('',(0.,1.,0.));
#3904=DIRECTION('center_axis',(0.,0.,1.));
#3905=DIRECTION('ref_axis',(1.,0.,0.));
#3906=DIRECTION('',(-1.,0.,0.));
#3907=DIRECTION('',(0.,1.,0.));
#3908=DIRECTION('center_axis',(0.,1.,0.));
#3909=DIRECTION('ref_axis',(0.,0.,1.));
#3910=DIRECTION('',(0.,0.,-1.));
#3911=DIRECTION('',(1.,0.,0.));
#3912=DIRECTION('center_axis',(0.,0.,1.));
#3913=DIRECTION('ref_axis',(1.,0.,0.));
#3914=DIRECTION('',(0.,1.,0.));
#3915=DIRECTION('',(0.,-1.,0.));
#3916=DIRECTION('',(-1.,0.,0.));
#3917=DIRECTION('',(0.,-1.,0.));
#3918=DIRECTION('',(1.,0.,0.));
#3919=DIRECTION('center_axis',(0.,1.,0.));
#3920=DIRECTION('ref_axis',(-1.,0.,0.));
#3921=DIRECTION('',(0.,0.,1.));
#3922=DIRECTION('',(1.,0.,0.));
#3923=DIRECTION('',(0.,0.,1.));
#3924=DIRECTION('center_axis',(-1.,0.,0.));
#3925=DIRECTION('ref_axis',(0.,-1.,0.));
#3926=DIRECTION('',(0.,1.,0.));
#3927=DIRECTION('',(0.,0.,1.));
#3928=DIRECTION('',(0.,0.,1.));
#3929=DIRECTION('center_axis',(1.,0.,0.));
#3930=DIRECTION('ref_axis',(0.,1.,0.));
#3931=DIRECTION('',(0.,0.,1.));
#3932=DIRECTION('center_axis',(0.,-1.,0.));
#3933=DIRECTION('ref_axis',(1.,0.,0.));
#3934=DIRECTION('center_axis',(4.15424892282566E-17,1.,0.));
#3935=DIRECTION('ref_axis',(-1.,4.15424892282566E-17,0.));
#3936=DIRECTION('',(-1.,4.15424892282566E-17,0.));
#3937=DIRECTION('',(0.,0.,-1.));
#3938=DIRECTION('center_axis',(-0.70710678118655,0.707106781186545,0.));
#3939=DIRECTION('ref_axis',(-0.707106781186545,-0.70710678118655,0.));
#3940=DIRECTION('center_axis',(0.,-1.,0.));
#3941=DIRECTION('ref_axis',(1.,0.,0.));
#3942=DIRECTION('',(-1.,0.,0.));
#3943=DIRECTION('',(0.,0.,1.));
#3944=DIRECTION('',(1.,0.,0.));
#3945=DIRECTION('',(0.,0.,1.));
#3946=DIRECTION('',(1.,0.,0.));
#3947=DIRECTION('',(0.,0.,1.));
#3948=DIRECTION('center_axis',(0.,1.,0.));
#3949=DIRECTION('ref_axis',(-1.,0.,0.));
#3950=DIRECTION('',(1.,0.,0.));
#3951=DIRECTION('',(0.,0.,1.));
#3952=DIRECTION('',(-1.,0.,0.));
#3953=DIRECTION('',(0.,0.,1.));
#3954=DIRECTION('',(-1.,0.,0.));
#3955=DIRECTION('',(0.,0.,-1.));
#3956=DIRECTION('center_axis',(1.,0.,0.));
#3957=DIRECTION('ref_axis',(0.,1.,0.));
#3958=DIRECTION('',(0.,1.,0.));
#3959=DIRECTION('',(0.,1.,0.));
#3960=DIRECTION('center_axis',(0.,0.,1.));
#3961=DIRECTION('ref_axis',(1.,0.,0.));
#3962=DIRECTION('',(0.,-1.,0.));
#3963=DIRECTION('center_axis',(0.,0.,1.));
#3964=DIRECTION('ref_axis',(1.,0.,0.));
#3965=DIRECTION('',(0.,-1.,0.));
#3966=DIRECTION('center_axis',(1.,0.,0.));
#3967=DIRECTION('ref_axis',(0.,0.,-1.));
#3968=DIRECTION('',(0.,1.,0.));
#3969=DIRECTION('',(0.,0.,-1.));
#3970=DIRECTION('',(0.,1.,0.));
#3971=DIRECTION('',(0.,0.,-1.));
#3972=DIRECTION('',(0.,1.,0.));
#3973=DIRECTION('center_axis',(0.,0.,1.));
#3974=DIRECTION('ref_axis',(1.,0.,0.));
#3975=DIRECTION('',(0.,1.,0.));
#3976=DIRECTION('',(1.,0.,0.));
#3977=DIRECTION('center_axis',(0.,0.,1.));
#3978=DIRECTION('ref_axis',(1.,0.,0.));
#3979=DIRECTION('',(1.,0.,0.));
#3980=DIRECTION('',(0.,1.,0.));
#3981=DIRECTION('center_axis',(0.813733471206735,0.,-0.581238193719096));
#3982=DIRECTION('ref_axis',(-0.581238193719096,0.,-0.813733471206735));
#3983=DIRECTION('',(-0.581238193719096,0.,-0.813733471206735));
#3984=DIRECTION('',(0.,-1.,0.));
#3985=DIRECTION('',(-0.581238193719096,0.,-0.813733471206735));
#3986=DIRECTION('center_axis',(0.,1.,0.));
#3987=DIRECTION('ref_axis',(0.,0.,1.));
#3988=DIRECTION('',(1.,0.,0.));
#3989=DIRECTION('',(0.,0.,1.));
#3990=DIRECTION('center_axis',(0.,1.,0.));
#3991=DIRECTION('ref_axis',(-1.,0.,0.));
#3992=DIRECTION('',(1.,0.,0.));
#3993=DIRECTION('',(0.,0.,-1.));
#3994=DIRECTION('',(-1.,0.,0.));
#3995=DIRECTION('',(0.,0.,1.));
#3996=DIRECTION('center_axis',(0.,0.,1.));
#3997=DIRECTION('ref_axis',(1.,0.,0.));
#3998=DIRECTION('',(1.,0.,0.));
#3999=DIRECTION('',(0.,1.,0.));
#4000=DIRECTION('',(0.,1.,0.));
#4001=DIRECTION('',(0.,-1.,0.));
#4002=DIRECTION('center_axis',(1.,0.,0.));
#4003=DIRECTION('ref_axis',(0.,1.,0.));
#4004=DIRECTION('',(0.,-1.,0.));
#4005=DIRECTION('',(0.,0.,1.));
#4006=DIRECTION('center_axis',(0.,-1.,0.));
#4007=DIRECTION('ref_axis',(1.,0.,0.));
#4008=DIRECTION('',(0.,0.,1.));
#4009=DIRECTION('center_axis',(-1.,0.,0.));
#4010=DIRECTION('ref_axis',(0.,-1.,0.));
#4011=DIRECTION('center_axis',(0.,0.,1.));
#4012=DIRECTION('ref_axis',(1.,0.,0.));
#4013=DIRECTION('',(0.,1.,0.));
#4014=DIRECTION('',(-1.,0.,0.));
#4015=DIRECTION('',(0.,-1.,0.));
#4016=DIRECTION('center_axis',(-1.,0.,0.));
#4017=DIRECTION('ref_axis',(0.,-1.,0.));
#4018=DIRECTION('',(0.,0.,1.));
#4019=DIRECTION('',(0.,1.,0.));
#4020=DIRECTION('center_axis',(0.,1.,0.));
#4021=DIRECTION('ref_axis',(-1.,0.,0.));
#4022=DIRECTION('',(1.,0.,0.));
#4023=DIRECTION('',(0.,0.,1.));
#4024=DIRECTION('center_axis',(1.,0.,0.));
#4025=DIRECTION('ref_axis',(0.,1.,0.));
#4026=DIRECTION('',(0.,-1.,0.));
#4027=DIRECTION('center_axis',(0.,0.,1.));
#4028=DIRECTION('ref_axis',(1.,0.,0.));
#4029=DIRECTION('',(1.,-3.97573151163888E-17,0.));
#4030=DIRECTION('center_axis',(0.,0.,1.));
#4031=DIRECTION('ref_axis',(1.,0.,0.));
#4032=DIRECTION('',(-1.,3.97573151163888E-17,0.));
#4033=DIRECTION('center_axis',(1.,0.,0.));
#4034=DIRECTION('ref_axis',(0.,1.,0.));
#4035=DIRECTION('',(0.,1.,0.));
#4036=DIRECTION('',(0.,0.,1.));
#4037=DIRECTION('',(0.,1.,0.));
#4038=DIRECTION('center_axis',(0.,0.,1.));
#4039=DIRECTION('ref_axis',(1.,0.,0.));
#4040=DIRECTION('',(1.,-3.97573151163888E-17,0.));
#4041=DIRECTION('',(0.,-1.,0.));
#4042=DIRECTION('center_axis',(-1.,0.,0.));
#4043=DIRECTION('ref_axis',(0.,-1.,0.));
#4044=DIRECTION('',(0.,0.,-1.));
#4045=DIRECTION('',(0.,-1.,0.));
#4046=DIRECTION('center_axis',(0.,0.,1.));
#4047=DIRECTION('ref_axis',(1.,0.,0.));
#4048=DIRECTION('',(-1.,3.97573151163888E-17,0.));
#4049=DIRECTION('center_axis',(0.,1.,0.));
#4050=DIRECTION('ref_axis',(0.,0.,1.));
#4051=DIRECTION('',(0.,0.,1.));
#4052=DIRECTION('',(0.,0.,1.));
#4053=DIRECTION('',(-1.,0.,0.));
#4054=DIRECTION('',(0.,0.,1.));
#4055=DIRECTION('',(1.,0.,0.));
#4056=DIRECTION('',(0.,0.,1.));
#4057=DIRECTION('',(-1.,0.,0.));
#4058=DIRECTION('center_axis',(-1.,0.,0.));
#4059=DIRECTION('ref_axis',(0.,-1.,0.));
#4060=DIRECTION('',(0.,-1.,0.));
#4061=DIRECTION('',(0.,0.,-1.));
#4062=DIRECTION('',(0.,0.,1.));
#4063=DIRECTION('center_axis',(0.,-1.,0.));
#4064=DIRECTION('ref_axis',(1.,0.,0.));
#4065=DIRECTION('',(1.,0.,0.));
#4066=DIRECTION('',(0.,0.,1.));
#4067=DIRECTION('center_axis',(-1.,0.,0.));
#4068=DIRECTION('ref_axis',(0.,-1.,0.));
#4069=DIRECTION('',(0.,-1.,0.));
#4070=DIRECTION('',(0.,0.,1.));
#4071=DIRECTION('center_axis',(0.,1.,0.));
#4072=DIRECTION('ref_axis',(-1.,0.,0.));
#4073=DIRECTION('',(-1.,0.,0.));
#4074=DIRECTION('center_axis',(0.,0.,1.));
#4075=DIRECTION('ref_axis',(1.,0.,0.));
#4076=DIRECTION('center_axis',(0.,0.,1.));
#4077=DIRECTION('ref_axis',(1.,0.,0.));
#4078=DIRECTION('center_axis',(0.,0.,-1.));
#4079=DIRECTION('ref_axis',(1.,0.,0.));
#4080=DIRECTION('center_axis',(0.,0.,1.));
#4081=DIRECTION('ref_axis',(1.,0.,0.));
#4082=DIRECTION('',(0.,0.,-1.));
#4083=DIRECTION('center_axis',(0.,0.,1.));
#4084=DIRECTION('ref_axis',(1.,0.,0.));
#4085=DIRECTION('center_axis',(0.,0.,-1.));
#4086=DIRECTION('ref_axis',(1.,0.,0.));
#4087=DIRECTION('',(0.,0.,1.));
#4088=DIRECTION('center_axis',(0.,0.,1.));
#4089=DIRECTION('ref_axis',(1.,0.,0.));
#4090=DIRECTION('center_axis',(0.,0.,1.));
#4091=DIRECTION('ref_axis',(1.,0.,0.));
#4092=DIRECTION('center_axis',(0.,0.,1.));
#4093=DIRECTION('ref_axis',(1.,0.,0.));
#4094=DIRECTION('center_axis',(0.,0.,1.));
#4095=DIRECTION('ref_axis',(1.,0.,0.));
#4096=DIRECTION('',(0.,0.,1.));
#4097=DIRECTION('center_axis',(0.,0.,1.));
#4098=DIRECTION('ref_axis',(1.,0.,0.));
#4099=DIRECTION('center_axis',(0.,0.,1.));
#4100=DIRECTION('ref_axis',(1.,0.,0.));
#4101=DIRECTION('center_axis',(0.,0.,-1.));
#4102=DIRECTION('ref_axis',(1.,0.,0.));
#4103=DIRECTION('center_axis',(0.,0.,1.));
#4104=DIRECTION('ref_axis',(1.,0.,0.));
#4105=DIRECTION('',(0.,0.,-1.));
#4106=DIRECTION('center_axis',(0.,0.,1.));
#4107=DIRECTION('ref_axis',(1.,0.,0.));
#4108=DIRECTION('center_axis',(0.,0.,-1.));
#4109=DIRECTION('ref_axis',(1.,0.,0.));
#4110=DIRECTION('',(0.,0.,1.));
#4111=DIRECTION('center_axis',(0.,0.,1.));
#4112=DIRECTION('ref_axis',(1.,0.,0.));
#4113=DIRECTION('center_axis',(0.,0.,1.));
#4114=DIRECTION('ref_axis',(1.,0.,0.));
#4115=DIRECTION('center_axis',(0.,0.,1.));
#4116=DIRECTION('ref_axis',(1.,0.,0.));
#4117=DIRECTION('center_axis',(0.,0.,1.));
#4118=DIRECTION('ref_axis',(1.,0.,0.));
#4119=DIRECTION('',(0.,0.,1.));
#4120=DIRECTION('center_axis',(1.,0.,0.));
#4121=DIRECTION('ref_axis',(0.,0.,-1.));
#4122=DIRECTION('',(0.,0.,-1.));
#4123=DIRECTION('',(0.,-1.,0.));
#4124=DIRECTION('center_axis',(0.,-1.,0.));
#4125=DIRECTION('ref_axis',(0.,0.,-1.));
#4126=DIRECTION('',(0.,0.,-1.));
#4127=DIRECTION('',(1.,0.,0.));
#4128=DIRECTION('',(0.,0.,1.));
#4129=DIRECTION('',(1.,0.,0.));
#4130=DIRECTION('',(0.,0.,1.));
#4131=DIRECTION('',(1.,0.,0.));
#4132=DIRECTION('center_axis',(1.,0.,0.));
#4133=DIRECTION('ref_axis',(0.,0.,-1.));
#4134=DIRECTION('',(0.,1.,0.));
#4135=DIRECTION('center_axis',(0.,0.,1.));
#4136=DIRECTION('ref_axis',(1.,0.,0.));
#4137=DIRECTION('',(0.,1.,0.));
#4138=DIRECTION('center_axis',(1.,0.,0.));
#4139=DIRECTION('ref_axis',(0.,1.,0.));
#4140=DIRECTION('',(0.,-0.944756611917631,0.327772702093872));
#4141=DIRECTION('center_axis',(0.,0.327772702093872,0.944756611917631));
#4142=DIRECTION('ref_axis',(0.,-0.944756611917631,0.327772702093872));
#4143=DIRECTION('',(0.,0.944756611917631,-0.327772702093872));
#4144=DIRECTION('center_axis',(0.,0.,1.));
#4145=DIRECTION('ref_axis',(1.,0.,0.));
#4146=DIRECTION('',(0.,-1.,0.));
#4147=DIRECTION('center_axis',(-1.,0.,0.));
#4148=DIRECTION('ref_axis',(0.,-1.,0.));
#4149=DIRECTION('center_axis',(0.,-1.,0.));
#4150=DIRECTION('ref_axis',(1.,0.,0.));
#4151=DIRECTION('',(0.,0.,1.));
#4152=DIRECTION('',(1.,0.,0.));
#4153=DIRECTION('',(0.,0.,1.));
#4154=DIRECTION('center_axis',(-1.,0.,0.));
#4155=DIRECTION('ref_axis',(0.,-1.,0.));
#4156=DIRECTION('',(0.,-1.,0.));
#4157=DIRECTION('center_axis',(1.,0.,0.));
#4158=DIRECTION('ref_axis',(0.,1.,0.));
#4159=DIRECTION('',(0.,1.,0.));
#4160=DIRECTION('',(0.,0.,-1.));
#4161=DIRECTION('',(0.,1.,0.));
#4162=DIRECTION('',(0.,0.,1.));
#4163=DIRECTION('',(0.,-1.,0.));
#4164=DIRECTION('',(0.,0.,-1.));
#4165=DIRECTION('',(0.,1.,0.));
#4166=DIRECTION('',(0.,0.,1.));
#4167=DIRECTION('',(0.,-1.,0.));
#4168=DIRECTION('center_axis',(0.,0.,1.));
#4169=DIRECTION('ref_axis',(-0.707106781186549,0.707106781186546,0.));
#4170=DIRECTION('center_axis',(0.,0.,1.));
#4171=DIRECTION('ref_axis',(-0.707106781186549,0.707106781186546,0.));
#4172=DIRECTION('',(0.,0.,1.));
#4173=DIRECTION('center_axis',(0.,0.,1.));
#4174=DIRECTION('ref_axis',(-0.707106781186549,0.707106781186546,0.));
#4175=DIRECTION('',(0.,0.,-1.));
#4176=DIRECTION('center_axis',(-1.,0.,0.));
#4177=DIRECTION('ref_axis',(0.,-1.,0.));
#4178=DIRECTION('',(0.,-1.,0.));
#4179=DIRECTION('',(0.,0.,-1.));
#4180=DIRECTION('',(0.,-1.,0.));
#4181=DIRECTION('center_axis',(0.,0.,1.));
#4182=DIRECTION('ref_axis',(-0.707106781186546,-0.707106781186549,0.));
#4183=DIRECTION('center_axis',(0.,0.,1.));
#4184=DIRECTION('ref_axis',(-0.707106781186546,-0.707106781186549,0.));
#4185=DIRECTION('',(0.,0.,1.));
#4186=DIRECTION('center_axis',(0.,0.,1.));
#4187=DIRECTION('ref_axis',(-0.707106781186546,-0.707106781186549,0.));
#4188=DIRECTION('center_axis',(0.,-1.,0.));
#4189=DIRECTION('ref_axis',(1.,0.,0.));
#4190=DIRECTION('',(1.,0.,0.));
#4191=DIRECTION('',(0.,0.,-1.));
#4192=DIRECTION('',(1.,0.,0.));
#4193=DIRECTION('center_axis',(0.,0.,1.));
#4194=DIRECTION('ref_axis',(1.,0.,0.));
#4195=DIRECTION('center_axis',(0.,0.,1.));
#4196=DIRECTION('ref_axis',(0.707106781186549,-0.707106781186546,0.));
#4197=DIRECTION('',(0.,1.,0.));
#4198=DIRECTION('center_axis',(0.,0.,1.));
#4199=DIRECTION('ref_axis',(0.707106781186544,0.707106781186551,0.));
#4200=DIRECTION('',(-1.,3.97573151163888E-17,0.));
#4201=DIRECTION('',(0.,-1.,0.));
#4202=DIRECTION('',(-1.,0.,0.));
#4203=DIRECTION('',(0.,1.,0.));
#4204=DIRECTION('',(1.,0.,0.));
#4205=DIRECTION('center_axis',(0.,-1.,0.));
#4206=DIRECTION('ref_axis',(1.,0.,0.));
#4207=DIRECTION('',(0.,0.,-1.));
#4208=DIRECTION('',(0.,0.,1.));
#4209=DIRECTION('',(1.,0.,0.));
#4210=DIRECTION('center_axis',(1.,0.,0.));
#4211=DIRECTION('ref_axis',(0.,1.,0.));
#4212=DIRECTION('',(0.,0.,-1.));
#4213=DIRECTION('',(0.,1.,0.));
#4214=DIRECTION('center_axis',(0.,1.,0.));
#4215=DIRECTION('ref_axis',(-1.,0.,0.));
#4216=DIRECTION('',(0.,0.,1.));
#4217=DIRECTION('',(-1.,0.,0.));
#4218=DIRECTION('center_axis',(0.,0.,1.));
#4219=DIRECTION('ref_axis',(1.,0.,0.));
#4220=DIRECTION('',(0.,-1.,0.));
#4221=DIRECTION('center_axis',(-1.,0.,0.));
#4222=DIRECTION('ref_axis',(0.,-1.,0.));
#4223=DIRECTION('center_axis',(0.,1.,0.));
#4224=DIRECTION('ref_axis',(-1.,0.,0.));
#4225=DIRECTION('',(-1.,0.,0.));
#4226=DIRECTION('',(0.,0.,-1.));
#4227=DIRECTION('',(-1.,0.,0.));
#4228=DIRECTION('center_axis',(0.,0.,1.));
#4229=DIRECTION('ref_axis',(1.,0.,0.));
#4230=DIRECTION('',(0.,1.,0.));
#4231=DIRECTION('',(1.,0.,0.));
#4232=DIRECTION('center_axis',(0.,-1.,0.));
#4233=DIRECTION('ref_axis',(1.,0.,0.));
#4234=DIRECTION('',(0.,0.,1.));
#4235=DIRECTION('',(1.,0.,0.));
#4236=DIRECTION('center_axis',(0.,0.,1.));
#4237=DIRECTION('ref_axis',(1.,0.,0.));
#4238=DIRECTION('',(0.,-1.,0.));
#4239=DIRECTION('center_axis',(0.,1.,0.));
#4240=DIRECTION('ref_axis',(-1.,0.,0.));
#4241=DIRECTION('',(-1.,0.,0.));
#4242=DIRECTION('',(0.,0.,-1.));
#4243=DIRECTION('',(-1.,0.,0.));
#4244=DIRECTION('center_axis',(0.,0.,1.));
#4245=DIRECTION('ref_axis',(1.,0.,0.));
#4246=DIRECTION('',(0.,1.,0.));
#4247=DIRECTION('',(1.,0.,0.));
#4248=DIRECTION('center_axis',(0.,-1.,0.));
#4249=DIRECTION('ref_axis',(1.,0.,0.));
#4250=DIRECTION('',(0.,0.,1.));
#4251=DIRECTION('',(1.,0.,0.));
#4252=DIRECTION('center_axis',(0.,0.,1.));
#4253=DIRECTION('ref_axis',(1.,0.,0.));
#4254=DIRECTION('',(0.,-1.,0.));
#4255=DIRECTION('center_axis',(0.,0.,1.));
#4256=DIRECTION('ref_axis',(0.707106781186549,-0.707106781186546,0.));
#4257=DIRECTION('center_axis',(0.,0.,1.));
#4258=DIRECTION('ref_axis',(0.707106781186549,-0.707106781186546,0.));
#4259=DIRECTION('',(0.,0.,1.));
#4260=DIRECTION('center_axis',(1.,0.,0.));
#4261=DIRECTION('ref_axis',(0.,1.,0.));
#4262=DIRECTION('',(0.,1.,0.));
#4263=DIRECTION('',(0.,0.,-1.));
#4264=DIRECTION('center_axis',(0.,0.,1.));
#4265=DIRECTION('ref_axis',(0.707106781186544,0.707106781186551,0.));
#4266=DIRECTION('center_axis',(0.,0.,1.));
#4267=DIRECTION('ref_axis',(0.707106781186544,0.707106781186551,0.));
#4268=DIRECTION('',(0.,0.,1.));
#4269=DIRECTION('center_axis',(3.97573151163888E-17,1.,0.));
#4270=DIRECTION('ref_axis',(-1.,3.97573151163888E-17,0.));
#4271=DIRECTION('',(-1.,3.97573151163888E-17,0.));
#4272=DIRECTION('center_axis',(0.,0.,1.));
#4273=DIRECTION('ref_axis',(1.,0.,0.));
#4274=DIRECTION('center_axis',(0.,0.,1.));
#4275=DIRECTION('ref_axis',(1.,0.,0.));
#4276=DIRECTION('',(0.,0.,1.));
#4277=DIRECTION('center_axis',(0.,0.,1.));
#4278=DIRECTION('ref_axis',(1.,0.,0.));
#4279=DIRECTION('center_axis',(0.,0.,1.));
#4280=DIRECTION('ref_axis',(1.,0.,0.));
#4281=DIRECTION('center_axis',(0.,0.,-1.));
#4282=DIRECTION('ref_axis',(1.,0.,0.));
#4283=DIRECTION('center_axis',(0.,0.,1.));
#4284=DIRECTION('ref_axis',(1.,0.,0.));
#4285=DIRECTION('',(0.,0.,1.));
#4286=DIRECTION('center_axis',(0.,0.,-1.));
#4287=DIRECTION('ref_axis',(1.,0.,0.));
#4288=DIRECTION('center_axis',(0.,0.,1.));
#4289=DIRECTION('ref_axis',(1.,0.,0.));
#4290=DIRECTION('center_axis',(0.,0.,1.));
#4291=DIRECTION('ref_axis',(1.,0.,0.));
#4292=DIRECTION('',(0.,0.,-1.));
#4293=DIRECTION('center_axis',(0.,0.,1.));
#4294=DIRECTION('ref_axis',(1.,0.,0.));
#4295=DIRECTION('center_axis',(0.,0.,1.));
#4296=DIRECTION('ref_axis',(1.,0.,0.));
#4297=DIRECTION('center_axis',(0.,0.,1.));
#4298=DIRECTION('ref_axis',(1.,0.,0.));
#4299=DIRECTION('center_axis',(0.,0.,1.));
#4300=DIRECTION('ref_axis',(1.,0.,0.));
#4301=DIRECTION('',(0.,0.,1.));
#4302=DIRECTION('center_axis',(0.,0.,1.));
#4303=DIRECTION('ref_axis',(1.,0.,0.));
#4304=DIRECTION('center_axis',(0.,0.,1.));
#4305=DIRECTION('ref_axis',(1.,0.,0.));
#4306=DIRECTION('center_axis',(0.,0.,-1.));
#4307=DIRECTION('ref_axis',(1.,0.,0.));
#4308=DIRECTION('center_axis',(0.,0.,1.));
#4309=DIRECTION('ref_axis',(1.,0.,0.));
#4310=DIRECTION('',(0.,0.,1.));
#4311=DIRECTION('center_axis',(0.,0.,-1.));
#4312=DIRECTION('ref_axis',(1.,0.,0.));
#4313=DIRECTION('center_axis',(0.,0.,1.));
#4314=DIRECTION('ref_axis',(1.,0.,0.));
#4315=DIRECTION('center_axis',(0.,0.,1.));
#4316=DIRECTION('ref_axis',(1.,0.,0.));
#4317=DIRECTION('',(0.,0.,-1.));
#4318=DIRECTION('center_axis',(0.,0.,1.));
#4319=DIRECTION('ref_axis',(1.,0.,0.));
#4320=CARTESIAN_POINT('',(0.,0.,0.));
#4321=CARTESIAN_POINT('Origin',(8.475549,32.465,-7.65));
#4322=CARTESIAN_POINT('',(8.640549,32.3,-7.65));
#4323=CARTESIAN_POINT('',(8.320549,32.3,-7.65));
#4324=CARTESIAN_POINT('',(30.9877745,32.3,-7.65));
#4325=CARTESIAN_POINT('',(8.320549,32.62,-7.65));
#4326=CARTESIAN_POINT('',(8.650549,32.29,-7.65));
#4327=CARTESIAN_POINT('',(8.320549,32.1825,-7.65));
#4328=CARTESIAN_POINT('Origin',(8.475549,32.465,-5.85));
#4329=CARTESIAN_POINT('',(8.320549,32.62,-5.85));
#4330=CARTESIAN_POINT('',(8.320549,32.3,-5.85));
#4331=CARTESIAN_POINT('',(8.320549,32.1825,-5.85));
#4332=CARTESIAN_POINT('',(8.640549,32.3,-5.85));
#4333=CARTESIAN_POINT('',(8.650549,32.29,-5.85));
#4334=CARTESIAN_POINT('',(30.9877745,32.3,-5.85));
#4335=CARTESIAN_POINT('Origin',(8.320549,31.9,-7.9));
#4336=CARTESIAN_POINT('',(8.320549,32.62,-7.605));
#4337=CARTESIAN_POINT('',(8.320549,32.3,-2.6));
#4338=CARTESIAN_POINT('',(8.320549,32.3,-10.45));
#4339=CARTESIAN_POINT('',(8.320549,34.7,-2.6));
#4340=CARTESIAN_POINT('',(8.320549,31.9,-2.6));
#4341=CARTESIAN_POINT('',(8.320549,34.7,-7.9));
#4342=CARTESIAN_POINT('',(8.320549,34.7,-11.65));
#4343=CARTESIAN_POINT('',(8.320549,32.3,-7.9));
#4344=CARTESIAN_POINT('',(8.320549,31.9,-7.9));
#4345=CARTESIAN_POINT('',(8.320549,32.3,-10.45));
#4346=CARTESIAN_POINT('Origin',(0.965549,32.465,-7.65));
#4347=CARTESIAN_POINT('',(1.120549,32.62,-7.65));
#4348=CARTESIAN_POINT('',(1.120549,32.3,-7.65));
#4349=CARTESIAN_POINT('',(1.120549,35.2325,-7.65));
#4350=CARTESIAN_POINT('',(0.800548999999997,32.3,-7.65));
#4351=CARTESIAN_POINT('',(0.790549,32.29,-7.65));
#4352=CARTESIAN_POINT('',(27.2327745,32.3,-7.65));
#4353=CARTESIAN_POINT('Origin',(0.965549,32.465,-5.85));
#4354=CARTESIAN_POINT('',(1.120549,32.3,-5.85));
#4355=CARTESIAN_POINT('',(1.120549,32.62,-5.85));
#4356=CARTESIAN_POINT('',(1.120549,35.2325,-5.85));
#4357=CARTESIAN_POINT('',(0.800548999999997,32.3,-5.85));
#4358=CARTESIAN_POINT('',(27.2327745,32.3,-5.85));
#4359=CARTESIAN_POINT('',(0.790549,32.29,-5.85));
#4360=CARTESIAN_POINT('Origin',(1.120549,38.,-7.9));
#4361=CARTESIAN_POINT('',(1.120549,32.62,-7.605));
#4362=CARTESIAN_POINT('',(1.120549,32.3,-7.9));
#4363=CARTESIAN_POINT('',(1.120549,32.3,-10.45));
#4364=CARTESIAN_POINT('',(1.120549,34.7,-7.9));
#4365=CARTESIAN_POINT('',(1.120549,38.,-7.9));
#4366=CARTESIAN_POINT('',(1.120549,34.7,-2.6));
#4367=CARTESIAN_POINT('',(1.120549,34.7,-11.65));
#4368=CARTESIAN_POINT('',(1.120549,32.3,-2.6));
#4369=CARTESIAN_POINT('',(1.120549,38.,-2.6));
#4370=CARTESIAN_POINT('',(1.120549,32.3,-10.45));
#4371=CARTESIAN_POINT('Origin',(-2.740844,32.465,-5.85));
#4372=CARTESIAN_POINT('',(-2.895844,32.62,-5.85));
#4373=CARTESIAN_POINT('',(-2.895844,32.3,-5.85));
#4374=CARTESIAN_POINT('',(-2.895844,32.1825,-5.85));
#4375=CARTESIAN_POINT('',(-2.575844,32.3,-5.85));
#4376=CARTESIAN_POINT('',(-2.565844,32.29,-5.85));
#4377=CARTESIAN_POINT('',(25.379578,32.3,-5.85));
#4378=CARTESIAN_POINT('Origin',(-2.740844,32.465,-7.65));
#4379=CARTESIAN_POINT('',(-2.895844,32.3,-7.65));
#4380=CARTESIAN_POINT('',(-2.895844,32.62,-7.65));
#4381=CARTESIAN_POINT('',(-2.895844,32.1825,-7.65));
#4382=CARTESIAN_POINT('',(-2.575844,32.3,-7.65));
#4383=CARTESIAN_POINT('',(25.379578,32.3,-7.65));
#4384=CARTESIAN_POINT('',(-2.565844,32.29,-7.65));
#4385=CARTESIAN_POINT('Origin',(-2.895844,31.9,-7.9));
#4386=CARTESIAN_POINT('',(-2.895844,32.62,-7.605));
#4387=CARTESIAN_POINT('',(-2.895844,32.3,-2.6));
#4388=CARTESIAN_POINT('',(-2.895844,32.3,-10.45));
#4389=CARTESIAN_POINT('',(-2.895844,34.7,-2.6));
#4390=CARTESIAN_POINT('',(-2.895844,31.9,-2.6));
#4391=CARTESIAN_POINT('',(-2.895844,34.7,-7.9));
#4392=CARTESIAN_POINT('',(-2.895844,34.7,-11.65));
#4393=CARTESIAN_POINT('',(-2.895844,32.3,-7.9));
#4394=CARTESIAN_POINT('',(-2.895844,31.9,-7.9));
#4395=CARTESIAN_POINT('',(-2.895844,32.3,-10.45));
#4396=CARTESIAN_POINT('Origin',(-10.250844,32.465,-7.65));
#4397=CARTESIAN_POINT('',(-10.095844,32.62,-7.65));
#4398=CARTESIAN_POINT('',(-10.095844,32.3,-7.65));
#4399=CARTESIAN_POINT('',(-10.095844,35.2325,-7.65));
#4400=CARTESIAN_POINT('',(-10.415844,32.3,-7.65));
#4401=CARTESIAN_POINT('',(-10.425844,32.29,-7.65));
#4402=CARTESIAN_POINT('',(21.624578,32.3,-7.65));
#4403=CARTESIAN_POINT('Origin',(-10.250844,32.465,-5.85));
#4404=CARTESIAN_POINT('',(-10.095844,32.3,-5.85));
#4405=CARTESIAN_POINT('',(-10.095844,32.62,-5.85));
#4406=CARTESIAN_POINT('',(-10.095844,35.2325,-5.85));
#4407=CARTESIAN_POINT('',(-10.415844,32.3,-5.85));
#4408=CARTESIAN_POINT('',(21.624578,32.3,-5.85));
#4409=CARTESIAN_POINT('',(-10.425844,32.29,-5.85));
#4410=CARTESIAN_POINT('Origin',(-10.095844,38.,-7.9));
#4411=CARTESIAN_POINT('',(-10.095844,32.62,-7.605));
#4412=CARTESIAN_POINT('',(-10.095844,32.3,-7.9));
#4413=CARTESIAN_POINT('',(-10.095844,32.3,-10.45));
#4414=CARTESIAN_POINT('',(-10.095844,34.7,-7.9));
#4415=CARTESIAN_POINT('',(-10.095844,38.,-7.9));
#4416=CARTESIAN_POINT('',(-10.095844,34.7,-2.6));
#4417=CARTESIAN_POINT('',(-10.095844,34.7,-11.65));
#4418=CARTESIAN_POINT('',(-10.095844,32.3,-2.6));
#4419=CARTESIAN_POINT('',(-10.095844,38.,-2.6));
#4420=CARTESIAN_POINT('',(-10.095844,32.3,-10.45));
#4421=CARTESIAN_POINT('Origin',(5.820549,24.,-10.51));
#4422=CARTESIAN_POINT('',(5.820549,25.25,-10.5));
#4423=CARTESIAN_POINT('',(5.820549,24.,-10.5));
#4424=CARTESIAN_POINT('',(5.820549,10.85,-10.5));
#4425=CARTESIAN_POINT('',(5.820549,25.25,-9.7));
#4426=CARTESIAN_POINT('',(5.820549,25.25,-10.51));
#4427=CARTESIAN_POINT('',(5.820549,24.,-9.7));
#4428=CARTESIAN_POINT('',(5.820549,24.,-9.7));
#4429=CARTESIAN_POINT('',(5.820549,24.,-10.51));
#4430=CARTESIAN_POINT('Origin',(5.820549,25.25,-10.51));
#4431=CARTESIAN_POINT('',(3.620549,25.25,-10.5));
#4432=CARTESIAN_POINT('',(2.9352745,25.25,-10.5));
#4433=CARTESIAN_POINT('',(3.620549,25.25,-9.7));
#4434=CARTESIAN_POINT('',(3.620549,25.25,-10.51));
#4435=CARTESIAN_POINT('',(5.820549,25.25,-9.7));
#4436=CARTESIAN_POINT('Origin',(3.620549,24.,-10.51));
#4437=CARTESIAN_POINT('',(3.620549,24.,-10.5));
#4438=CARTESIAN_POINT('',(1.8352745,24.,-10.5));
#4439=CARTESIAN_POINT('',(3.620549,24.,-9.7));
#4440=CARTESIAN_POINT('',(3.620549,24.,-9.7));
#4441=CARTESIAN_POINT('',(3.620549,24.,-10.51));
#4442=CARTESIAN_POINT('Origin',(3.620549,25.25,-10.51));
#4443=CARTESIAN_POINT('',(3.620549,11.475,-10.5));
#4444=CARTESIAN_POINT('',(3.620549,25.25,-9.7));
#4445=CARTESIAN_POINT('Origin',(4.720549,24.625,-9.7));
#4446=CARTESIAN_POINT('Origin',(8.650549,32.29,-7.31));
#4447=CARTESIAN_POINT('',(8.64054899999999,32.3,-10.155));
#4448=CARTESIAN_POINT('Origin',(53.5,32.3,-13.));
#4449=CARTESIAN_POINT('',(7.770549,32.3,-7.9));
#4450=CARTESIAN_POINT('',(29.1102745,32.3,-7.9));
#4451=CARTESIAN_POINT('',(7.770549,32.3,-9.5));
#4452=CARTESIAN_POINT('',(7.770549,32.3,-11.425));
#4453=CARTESIAN_POINT('',(8.920549,32.3,-9.5));
#4454=CARTESIAN_POINT('',(30.4727745,32.3,-9.5));
#4455=CARTESIAN_POINT('',(8.920549,32.3,-10.5));
#4456=CARTESIAN_POINT('',(8.920549,32.3,-11.755));
#4457=CARTESIAN_POINT('',(53.5,32.3,-10.5));
#4458=CARTESIAN_POINT('',(26.775,32.3,-10.5));
#4459=CARTESIAN_POINT('',(53.5,32.3,3.3));
#4460=CARTESIAN_POINT('',(53.5,32.3,-13.));
#4461=CARTESIAN_POINT('',(-53.4,32.3,3.3));
#4462=CARTESIAN_POINT('',(26.775,32.3,3.3));
#4463=CARTESIAN_POINT('',(-53.4,32.3,-10.5));
#4464=CARTESIAN_POINT('',(-53.4,32.3,-13.));
#4465=CARTESIAN_POINT('',(-10.695844,32.3,-10.5));
#4466=CARTESIAN_POINT('',(26.775,32.3,-10.5));
#4467=CARTESIAN_POINT('',(-10.695844,32.3,-9.5));
#4468=CARTESIAN_POINT('',(-10.695844,32.3,-11.755));
#4469=CARTESIAN_POINT('',(-9.545844,32.3,-9.5));
#4470=CARTESIAN_POINT('',(22.139578,32.3,-9.5));
#4471=CARTESIAN_POINT('',(-9.545844,32.3,-7.9));
#4472=CARTESIAN_POINT('',(-9.545844,32.3,-11.425));
#4473=CARTESIAN_POINT('',(23.502078,32.3,-7.9));
#4474=CARTESIAN_POINT('',(-10.415844,32.3,-10.155));
#4475=CARTESIAN_POINT('',(23.502078,32.3,-2.6));
#4476=CARTESIAN_POINT('',(-2.575844,32.3,-10.155));
#4477=CARTESIAN_POINT('',(-3.445844,32.3,-7.9));
#4478=CARTESIAN_POINT('',(23.502078,32.3,-7.9));
#4479=CARTESIAN_POINT('',(-3.445844,32.3,-9.5));
#4480=CARTESIAN_POINT('',(-3.445844,32.3,-11.425));
#4481=CARTESIAN_POINT('',(-2.295844,32.3,-9.5));
#4482=CARTESIAN_POINT('',(24.864578,32.3,-9.5));
#4483=CARTESIAN_POINT('',(-2.295844,32.3,-10.5));
#4484=CARTESIAN_POINT('',(-2.295844,32.3,-11.755));
#4485=CARTESIAN_POINT('',(0.520548999999999,32.3,-10.5));
#4486=CARTESIAN_POINT('',(26.775,32.3,-10.5));
#4487=CARTESIAN_POINT('',(0.520549,32.3,-9.5));
#4488=CARTESIAN_POINT('',(0.520548999999999,32.3,-11.755));
#4489=CARTESIAN_POINT('',(1.670549,32.3,-9.5));
#4490=CARTESIAN_POINT('',(27.7477745,32.3,-9.5));
#4491=CARTESIAN_POINT('',(1.670549,32.3,-7.9));
#4492=CARTESIAN_POINT('',(1.670549,32.3,-11.425));
#4493=CARTESIAN_POINT('',(29.1102745,32.3,-7.9));
#4494=CARTESIAN_POINT('',(0.800548999999997,32.3,-10.155));
#4495=CARTESIAN_POINT('',(29.1102745,32.3,-2.6));
#4496=CARTESIAN_POINT('',(-38.8,32.3,-9.7));
#4497=CARTESIAN_POINT('',(-38.8,32.3,-1.3));
#4498=CARTESIAN_POINT('',(-38.8,32.3,-11.35));
#4499=CARTESIAN_POINT('',(-20.7,32.3,-1.3));
#4500=CARTESIAN_POINT('',(11.875,32.3,-1.3));
#4501=CARTESIAN_POINT('',(-20.7,32.3,-9.7));
#4502=CARTESIAN_POINT('',(-20.7,32.3,-11.35));
#4503=CARTESIAN_POINT('',(11.875,32.3,-9.7));
#4504=CARTESIAN_POINT('Origin',(6.270549,25.1,-7.85));
#4505=CARTESIAN_POINT('',(6.870549,25.1,-7.8));
#4506=CARTESIAN_POINT('',(6.870549,25.1,-7.85));
#4507=CARTESIAN_POINT('',(6.870549,25.1,-7.975));
#4508=CARTESIAN_POINT('',(8.920549,25.1,-7.8));
#4509=CARTESIAN_POINT('',(6.570549,25.1,-7.8));
#4510=CARTESIAN_POINT('',(8.920549,25.1,-7.6));
#4511=CARTESIAN_POINT('',(8.920549,25.1,-7.85));
#4512=CARTESIAN_POINT('',(6.270549,25.1,-7.6));
#4513=CARTESIAN_POINT('',(6.270549,25.1,-7.6));
#4514=CARTESIAN_POINT('',(6.270549,25.1,-7.85));
#4515=CARTESIAN_POINT('',(6.270549,25.1,-7.85));
#4516=CARTESIAN_POINT('',(6.270549,25.1,-7.85));
#4517=CARTESIAN_POINT('Origin',(8.920549,30.85,-7.85));
#4518=CARTESIAN_POINT('',(6.870549,30.85,-7.85));
#4519=CARTESIAN_POINT('',(6.870549,30.85,-7.8));
#4520=CARTESIAN_POINT('',(6.870549,30.85,-7.975));
#4521=CARTESIAN_POINT('',(6.270549,30.85,-7.85));
#4522=CARTESIAN_POINT('',(8.920549,30.85,-7.85));
#4523=CARTESIAN_POINT('',(6.270549,30.85,-7.6));
#4524=CARTESIAN_POINT('',(6.270549,30.85,-7.85));
#4525=CARTESIAN_POINT('',(8.920549,30.85,-7.6));
#4526=CARTESIAN_POINT('',(8.920549,30.85,-7.6));
#4527=CARTESIAN_POINT('',(8.920549,30.85,-7.8));
#4528=CARTESIAN_POINT('',(8.920549,30.85,-7.85));
#4529=CARTESIAN_POINT('',(7.895549,30.85,-7.8));
#4530=CARTESIAN_POINT('Origin',(6.270549,30.85,-7.85));
#4531=CARTESIAN_POINT('',(6.270549,30.85,-7.85));
#4532=CARTESIAN_POINT('',(6.270549,30.85,-7.6));
#4533=CARTESIAN_POINT('Origin',(7.595549,27.975,-7.6));
#4534=CARTESIAN_POINT('',(8.920549,25.1,-7.6));
#4535=CARTESIAN_POINT('Origin',(7.595549,27.975,-7.85));
#4536=CARTESIAN_POINT('',(6.870549,26.2375,-7.85));
#4537=CARTESIAN_POINT('Origin',(6.870549,24.5,-8.1));
#4538=CARTESIAN_POINT('',(6.870549,31.3,-7.8));
#4539=CARTESIAN_POINT('',(6.870549,24.5,-7.8));
#4540=CARTESIAN_POINT('',(6.870549,31.3,-8.1));
#4541=CARTESIAN_POINT('',(6.870549,31.3,-7.8));
#4542=CARTESIAN_POINT('',(6.870549,24.5,-8.1));
#4543=CARTESIAN_POINT('',(6.870549,24.5,-8.1));
#4544=CARTESIAN_POINT('',(6.870549,24.5,-7.8));
#4545=CARTESIAN_POINT('',(6.870549,24.5,-7.8));
#4546=CARTESIAN_POINT('',(6.870549,24.5,-7.8));
#4547=CARTESIAN_POINT('Origin',(6.870549,24.5,-7.8));
#4548=CARTESIAN_POINT('',(8.920549,31.3,-7.8));
#4549=CARTESIAN_POINT('',(8.920549,24.5,-7.8));
#4550=CARTESIAN_POINT('',(8.920549,31.3,-7.8));
#4551=CARTESIAN_POINT('Origin',(7.870549,24.5,-9.5));
#4552=CARTESIAN_POINT('',(7.870549,24.5,-9.5));
#4553=CARTESIAN_POINT('',(6.870549,24.5,-8.1));
#4554=CARTESIAN_POINT('',(7.870549,31.3,-9.5));
#4555=CARTESIAN_POINT('',(6.870549,31.3,-8.1));
#4556=CARTESIAN_POINT('',(7.870549,26.4525,-9.5));
#4557=CARTESIAN_POINT('Origin',(6.870549,24.5,-7.8));
#4558=CARTESIAN_POINT('',(8.920549,24.5,-7.8));
#4559=CARTESIAN_POINT('',(8.920549,24.5,-7.8));
#4560=CARTESIAN_POINT('',(8.920549,24.5,-7.8));
#4561=CARTESIAN_POINT('Origin',(7.895549,31.3,-8.65));
#4562=CARTESIAN_POINT('',(8.920549,31.3,-9.5));
#4563=CARTESIAN_POINT('',(8.920549,31.3,-9.5));
#4564=CARTESIAN_POINT('',(7.670549,31.3,-9.5));
#4565=CARTESIAN_POINT('Origin',(7.445549,28.405,-9.5));
#4566=CARTESIAN_POINT('',(8.920549,24.5,-9.5));
#4567=CARTESIAN_POINT('',(7.770549,32.31,-9.5));
#4568=CARTESIAN_POINT('',(7.770549,30.1525,-9.5));
#4569=CARTESIAN_POINT('',(5.970549,32.31,-9.5));
#4570=CARTESIAN_POINT('',(8.920549,32.31,-9.5));
#4571=CARTESIAN_POINT('',(5.970549,24.5,-9.5));
#4572=CARTESIAN_POINT('',(5.970549,32.31,-9.5));
#4573=CARTESIAN_POINT('',(5.970549,24.5,-9.5));
#4574=CARTESIAN_POINT('Origin',(8.920549,32.31,-10.51));
#4575=CARTESIAN_POINT('',(7.770549,32.31,-9.85));
#4576=CARTESIAN_POINT('',(7.770549,32.31,-10.18));
#4577=CARTESIAN_POINT('',(5.970549,32.31,-9.85));
#4578=CARTESIAN_POINT('',(6.820549,32.31,-9.85));
#4579=CARTESIAN_POINT('',(5.970549,32.31,-10.51));
#4580=CARTESIAN_POINT('Origin',(5.970549,32.31,-10.51));
#4581=CARTESIAN_POINT('',(5.970549,32.3,-9.85));
#4582=CARTESIAN_POINT('',(5.970549,32.73,-9.85));
#4583=CARTESIAN_POINT('',(5.970549,32.3,-10.5));
#4584=CARTESIAN_POINT('',(5.970549,32.3,-11.755));
#4585=CARTESIAN_POINT('',(5.970549,24.5,-10.5));
#4586=CARTESIAN_POINT('',(5.970549,15.005,-10.5));
#4587=CARTESIAN_POINT('',(5.970549,24.5,-10.51));
#4588=CARTESIAN_POINT('Origin',(8.920549,24.5,-10.51));
#4589=CARTESIAN_POINT('',(8.920549,24.5,-10.5));
#4590=CARTESIAN_POINT('',(8.920549,24.5,-10.51));
#4591=CARTESIAN_POINT('',(8.920549,11.1,-10.5));
#4592=CARTESIAN_POINT('Origin',(5.970549,24.5,-10.51));
#4593=CARTESIAN_POINT('',(3.0102745,24.5,-10.5));
#4594=CARTESIAN_POINT('Origin',(0.0499999999999989,-2.3,-10.5));
#4595=CARTESIAN_POINT('',(3.470549,32.3,-10.5));
#4596=CARTESIAN_POINT('',(26.775,32.3,-10.5));
#4597=CARTESIAN_POINT('',(3.470549,24.5,-10.5));
#4598=CARTESIAN_POINT('',(3.470549,11.1,-10.5));
#4599=CARTESIAN_POINT('',(0.520549,24.5,-10.5));
#4600=CARTESIAN_POINT('',(0.285274499999999,24.5,-10.5));
#4601=CARTESIAN_POINT('',(0.520549,15.005,-10.5));
#4602=CARTESIAN_POINT('',(-2.295844,24.5,-10.5));
#4603=CARTESIAN_POINT('',(-2.295844,11.1,-10.5));
#4604=CARTESIAN_POINT('',(-5.245844,24.5,-10.5));
#4605=CARTESIAN_POINT('',(-2.597922,24.5,-10.5));
#4606=CARTESIAN_POINT('',(-5.245844,32.3,-10.5));
#4607=CARTESIAN_POINT('',(-5.245844,15.005,-10.5));
#4608=CARTESIAN_POINT('',(-7.745844,32.3,-10.5));
#4609=CARTESIAN_POINT('',(26.775,32.3,-10.5));
#4610=CARTESIAN_POINT('',(-7.745844,24.5,-10.5));
#4611=CARTESIAN_POINT('',(-7.745844,11.1,-10.5));
#4612=CARTESIAN_POINT('',(-10.695844,24.5,-10.5));
#4613=CARTESIAN_POINT('',(-5.322922,24.5,-10.5));
#4614=CARTESIAN_POINT('',(-10.695844,15.005,-10.5));
#4615=CARTESIAN_POINT('',(-53.4,-36.9,-10.5));
#4616=CARTESIAN_POINT('',(-53.4,15.,-10.5));
#4617=CARTESIAN_POINT('',(53.5,-36.9,-10.5));
#4618=CARTESIAN_POINT('',(-26.675,-36.9,-10.5));
#4619=CARTESIAN_POINT('',(53.5,-19.6,-10.5));
#4620=CARTESIAN_POINT('',(-43.2,-13.06,-10.5));
#4621=CARTESIAN_POINT('',(-53.05,-13.06,-10.5));
#4622=CARTESIAN_POINT('',(-26.5,-13.06,-10.5));
#4623=CARTESIAN_POINT('',(-53.05,19.74,-10.5));
#4624=CARTESIAN_POINT('',(-53.05,8.72,-10.5));
#4625=CARTESIAN_POINT('',(-43.2,19.74,-10.5));
#4626=CARTESIAN_POINT('',(-20.075,19.74,-10.5));
#4627=CARTESIAN_POINT('',(-43.2,19.74,-10.5));
#4628=CARTESIAN_POINT('',(44.85,-32.47,-10.5));
#4629=CARTESIAN_POINT('Origin',(49.05,-32.47,-10.5));
#4630=CARTESIAN_POINT('',(44.85,27.53,-10.5));
#4631=CARTESIAN_POINT('Origin',(49.05,27.53,-10.5));
#4632=CARTESIAN_POINT('',(-22.7,29.25,-10.5));
#4633=CARTESIAN_POINT('',(-22.7,31.7,-10.5));
#4634=CARTESIAN_POINT('',(-22.7,14.0875,-10.5));
#4635=CARTESIAN_POINT('',(-36.8,29.25,-10.5));
#4636=CARTESIAN_POINT('',(-18.375,29.25,-10.5));
#4637=CARTESIAN_POINT('',(-36.8,31.7,-10.5));
#4638=CARTESIAN_POINT('',(-36.8,14.0875,-10.5));
#4639=CARTESIAN_POINT('',(-18.375,31.7,-10.5));
#4640=CARTESIAN_POINT('',(-53.15,27.53,-10.5));
#4641=CARTESIAN_POINT('Origin',(-48.95,27.53,-10.5));
#4642=CARTESIAN_POINT('',(-53.15,-32.47,-10.5));
#4643=CARTESIAN_POINT('Origin',(-48.95,-32.47,-10.5));
#4644=CARTESIAN_POINT('',(-7.595844,25.25,-10.5));
#4645=CARTESIAN_POINT('',(-5.395844,25.25,-10.5));
#4646=CARTESIAN_POINT('',(-2.672922,25.25,-10.5));
#4647=CARTESIAN_POINT('',(-5.395844,24.,-10.5));
#4648=CARTESIAN_POINT('',(-5.395844,10.85,-10.5));
#4649=CARTESIAN_POINT('',(-7.595844,24.,-10.5));
#4650=CARTESIAN_POINT('',(-3.772922,24.,-10.5));
#4651=CARTESIAN_POINT('',(-7.595844,11.475,-10.5));
#4652=CARTESIAN_POINT('Origin',(53.5,32.3,-13.));
#4653=CARTESIAN_POINT('',(3.470549,32.3,-9.85));
#4654=CARTESIAN_POINT('',(29.1102745,32.3,-9.85));
#4655=CARTESIAN_POINT('',(3.470549,32.3,-11.755));
#4656=CARTESIAN_POINT('Origin',(1.140549,32.64,-7.31));
#4657=CARTESIAN_POINT('Origin',(0.520549,25.1,-7.85));
#4658=CARTESIAN_POINT('',(2.570549,25.1,-7.8));
#4659=CARTESIAN_POINT('',(0.520549,25.1,-7.8));
#4660=CARTESIAN_POINT('',(0.520549,25.1,-7.8));
#4661=CARTESIAN_POINT('',(2.570549,25.1,-7.85));
#4662=CARTESIAN_POINT('',(2.570549,25.1,-7.825));
#4663=CARTESIAN_POINT('',(3.170549,25.1,-7.85));
#4664=CARTESIAN_POINT('',(0.520549,25.1,-7.85));
#4665=CARTESIAN_POINT('',(3.170549,25.1,-7.6));
#4666=CARTESIAN_POINT('',(3.170549,25.1,-7.85));
#4667=CARTESIAN_POINT('',(0.520549,25.1,-7.6));
#4668=CARTESIAN_POINT('',(0.520549,25.1,-7.6));
#4669=CARTESIAN_POINT('',(0.520549,25.1,-7.85));
#4670=CARTESIAN_POINT('Origin',(3.170549,30.85,-7.85));
#4671=CARTESIAN_POINT('',(0.520549,30.85,-7.8));
#4672=CARTESIAN_POINT('',(2.570549,30.85,-7.8));
#4673=CARTESIAN_POINT('',(1.845549,30.85,-7.8));
#4674=CARTESIAN_POINT('',(0.520549,30.85,-7.6));
#4675=CARTESIAN_POINT('',(0.520549,30.85,-7.85));
#4676=CARTESIAN_POINT('',(3.170549,30.85,-7.6));
#4677=CARTESIAN_POINT('',(3.170549,30.85,-7.6));
#4678=CARTESIAN_POINT('',(3.170549,30.85,-7.85));
#4679=CARTESIAN_POINT('',(3.170549,30.85,-7.85));
#4680=CARTESIAN_POINT('',(2.570549,30.85,-7.85));
#4681=CARTESIAN_POINT('',(3.170549,30.85,-7.85));
#4682=CARTESIAN_POINT('',(2.570549,30.85,-7.825));
#4683=CARTESIAN_POINT('Origin',(3.170549,25.1,-7.85));
#4684=CARTESIAN_POINT('',(3.170549,25.1,-7.85));
#4685=CARTESIAN_POINT('',(3.170549,25.1,-7.6));
#4686=CARTESIAN_POINT('Origin',(1.845549,27.975,-7.6));
#4687=CARTESIAN_POINT('',(0.520549,30.85,-7.6));
#4688=CARTESIAN_POINT('Origin',(1.845549,27.975,-7.85));
#4689=CARTESIAN_POINT('',(2.570549,26.2375,-7.85));
#4690=CARTESIAN_POINT('Origin',(2.570549,24.5,-7.8));
#4691=CARTESIAN_POINT('',(2.570549,24.5,-7.8));
#4692=CARTESIAN_POINT('',(2.570549,24.5,-7.8));
#4693=CARTESIAN_POINT('',(2.570549,24.5,-8.1));
#4694=CARTESIAN_POINT('',(2.570549,24.5,-7.8));
#4695=CARTESIAN_POINT('',(2.570549,31.3,-8.1));
#4696=CARTESIAN_POINT('',(2.570549,24.5,-8.1));
#4697=CARTESIAN_POINT('',(2.570549,31.3,-7.8));
#4698=CARTESIAN_POINT('',(2.570549,31.3,-7.8));
#4699=CARTESIAN_POINT('',(2.570549,24.5,-7.8));
#4700=CARTESIAN_POINT('Origin',(0.520549,24.5,-7.8));
#4701=CARTESIAN_POINT('',(0.520549,24.5,-7.8));
#4702=CARTESIAN_POINT('',(0.520549,24.5,-7.8));
#4703=CARTESIAN_POINT('',(0.520549,24.5,-7.8));
#4704=CARTESIAN_POINT('Origin',(0.520549,24.5,-7.8));
#4705=CARTESIAN_POINT('',(0.520549,31.3,-7.8));
#4706=CARTESIAN_POINT('',(0.520549,31.3,-7.8));
#4707=CARTESIAN_POINT('',(0.520549,24.5,-7.8));
#4708=CARTESIAN_POINT('Origin',(2.570549,24.5,-8.1));
#4709=CARTESIAN_POINT('',(1.570549,24.5,-9.5));
#4710=CARTESIAN_POINT('',(2.570549,24.5,-8.1));
#4711=CARTESIAN_POINT('',(1.570549,31.3,-9.5));
#4712=CARTESIAN_POINT('',(1.570549,26.4525,-9.5));
#4713=CARTESIAN_POINT('',(2.570549,31.3,-8.1));
#4714=CARTESIAN_POINT('Origin',(1.545549,31.3,-8.65));
#4715=CARTESIAN_POINT('',(0.520549,31.3,-9.5));
#4716=CARTESIAN_POINT('',(1.770549,31.3,-9.5));
#4717=CARTESIAN_POINT('',(0.520549,31.3,-9.5));
#4718=CARTESIAN_POINT('Origin',(3.470549,32.31,-10.51));
#4719=CARTESIAN_POINT('',(1.670549,32.31,-9.85));
#4720=CARTESIAN_POINT('',(3.470549,32.31,-9.85));
#4721=CARTESIAN_POINT('',(4.095549,32.31,-9.85));
#4722=CARTESIAN_POINT('',(1.670549,32.31,-9.5));
#4723=CARTESIAN_POINT('',(1.670549,32.31,-10.18));
#4724=CARTESIAN_POINT('',(3.470549,32.31,-9.5));
#4725=CARTESIAN_POINT('',(3.470549,32.31,-9.5));
#4726=CARTESIAN_POINT('',(3.470549,32.31,-10.51));
#4727=CARTESIAN_POINT('Origin',(1.995549,28.405,-9.5));
#4728=CARTESIAN_POINT('',(3.470549,24.5,-9.5));
#4729=CARTESIAN_POINT('',(0.520549,24.5,-9.5));
#4730=CARTESIAN_POINT('',(3.470549,24.5,-9.5));
#4731=CARTESIAN_POINT('',(1.670549,31.4025,-9.5));
#4732=CARTESIAN_POINT('',(0.520549,32.31,-9.5));
#4733=CARTESIAN_POINT('Origin',(3.470549,24.5,-10.51));
#4734=CARTESIAN_POINT('',(3.470549,28.825,-9.85));
#4735=CARTESIAN_POINT('',(3.470549,24.5,-10.51));
#4736=CARTESIAN_POINT('Origin',(0.520549,24.5,-10.51));
#4737=CARTESIAN_POINT('',(0.520549,24.5,-10.51));
#4738=CARTESIAN_POINT('Origin',(0.520549,32.31,-10.51));
#4739=CARTESIAN_POINT('Origin',(4.720549,33.15,-9.85));
#4740=CARTESIAN_POINT('',(7.770549,34.4,-9.85));
#4741=CARTESIAN_POINT('',(7.770549,31.9,-9.85));
#4742=CARTESIAN_POINT('',(1.670549,34.4,-9.85));
#4743=CARTESIAN_POINT('',(7.770549,34.4,-9.85));
#4744=CARTESIAN_POINT('',(1.670549,34.4,-9.85));
#4745=CARTESIAN_POINT('Origin',(1.670549,34.4,-9.85));
#4746=CARTESIAN_POINT('',(1.670549,34.4,-7.9));
#4747=CARTESIAN_POINT('',(1.670549,34.4,-9.85));
#4748=CARTESIAN_POINT('',(1.670549,34.675,-7.9));
#4749=CARTESIAN_POINT('Origin',(7.770549,34.4,-9.85));
#4750=CARTESIAN_POINT('',(7.770549,34.4,-7.9));
#4751=CARTESIAN_POINT('',(6.245549,34.4,-7.9));
#4752=CARTESIAN_POINT('',(7.770549,34.4,-9.85));
#4753=CARTESIAN_POINT('Origin',(7.770549,31.9,-9.85));
#4754=CARTESIAN_POINT('',(7.770549,33.425,-7.9));
#4755=CARTESIAN_POINT('Origin',(4.720549,34.95,-7.9));
#4756=CARTESIAN_POINT('',(30.3102745,34.7,-7.9));
#4757=CARTESIAN_POINT('Origin',(4.720549,34.95,-2.6));
#4758=CARTESIAN_POINT('',(30.3102745,34.7,-2.6));
#4759=CARTESIAN_POINT('Origin',(-5.395844,24.,-10.51));
#4760=CARTESIAN_POINT('',(-5.395844,25.25,-9.7));
#4761=CARTESIAN_POINT('',(-5.395844,25.25,-10.51));
#4762=CARTESIAN_POINT('',(-5.395844,24.,-9.7));
#4763=CARTESIAN_POINT('',(-5.395844,24.,-9.7));
#4764=CARTESIAN_POINT('',(-5.395844,24.,-10.51));
#4765=CARTESIAN_POINT('Origin',(-5.395844,25.25,-10.51));
#4766=CARTESIAN_POINT('',(-7.595844,25.25,-9.7));
#4767=CARTESIAN_POINT('',(-7.595844,25.25,-10.51));
#4768=CARTESIAN_POINT('',(-5.395844,25.25,-9.7));
#4769=CARTESIAN_POINT('Origin',(-7.595844,24.,-10.51));
#4770=CARTESIAN_POINT('',(-7.595844,24.,-9.7));
#4771=CARTESIAN_POINT('',(-7.595844,24.,-9.7));
#4772=CARTESIAN_POINT('',(-7.595844,24.,-10.51));
#4773=CARTESIAN_POINT('Origin',(-7.595844,25.25,-10.51));
#4774=CARTESIAN_POINT('',(-7.595844,25.25,-9.7));
#4775=CARTESIAN_POINT('Origin',(-6.495844,24.625,-9.7));
#4776=CARTESIAN_POINT('Origin',(-2.565844,32.29,-7.31));
#4777=CARTESIAN_POINT('Origin',(-4.945844,25.1,-7.85));
#4778=CARTESIAN_POINT('',(-4.345844,25.1,-7.8));
#4779=CARTESIAN_POINT('',(-4.345844,25.1,-7.85));
#4780=CARTESIAN_POINT('',(-4.345844,25.1,-7.975));
#4781=CARTESIAN_POINT('',(-2.295844,25.1,-7.8));
#4782=CARTESIAN_POINT('',(-4.645844,25.1,-7.8));
#4783=CARTESIAN_POINT('',(-2.295844,25.1,-7.6));
#4784=CARTESIAN_POINT('',(-2.295844,25.1,-7.85));
#4785=CARTESIAN_POINT('',(-4.945844,25.1,-7.6));
#4786=CARTESIAN_POINT('',(-4.945844,25.1,-7.6));
#4787=CARTESIAN_POINT('',(-4.945844,25.1,-7.85));
#4788=CARTESIAN_POINT('',(-4.945844,25.1,-7.85));
#4789=CARTESIAN_POINT('',(-4.945844,25.1,-7.85));
#4790=CARTESIAN_POINT('Origin',(-2.295844,30.85,-7.85));
#4791=CARTESIAN_POINT('',(-4.345844,30.85,-7.85));
#4792=CARTESIAN_POINT('',(-4.345844,30.85,-7.8));
#4793=CARTESIAN_POINT('',(-4.345844,30.85,-7.975));
#4794=CARTESIAN_POINT('',(-4.945844,30.85,-7.85));
#4795=CARTESIAN_POINT('',(-2.295844,30.85,-7.85));
#4796=CARTESIAN_POINT('',(-4.945844,30.85,-7.6));
#4797=CARTESIAN_POINT('',(-4.945844,30.85,-7.85));
#4798=CARTESIAN_POINT('',(-2.295844,30.85,-7.6));
#4799=CARTESIAN_POINT('',(-2.295844,30.85,-7.6));
#4800=CARTESIAN_POINT('',(-2.295844,30.85,-7.8));
#4801=CARTESIAN_POINT('',(-2.295844,30.85,-7.85));
#4802=CARTESIAN_POINT('',(-3.320844,30.85,-7.8));
#4803=CARTESIAN_POINT('Origin',(-4.945844,30.85,-7.85));
#4804=CARTESIAN_POINT('',(-4.945844,30.85,-7.85));
#4805=CARTESIAN_POINT('',(-4.945844,30.85,-7.6));
#4806=CARTESIAN_POINT('Origin',(-3.620844,27.975,-7.6));
#4807=CARTESIAN_POINT('',(-2.295844,25.1,-7.6));
#4808=CARTESIAN_POINT('Origin',(-3.620844,27.975,-7.85));
#4809=CARTESIAN_POINT('',(-4.345844,26.2375,-7.85));
#4810=CARTESIAN_POINT('Origin',(-4.345844,24.5,-8.1));
#4811=CARTESIAN_POINT('',(-4.345844,31.3,-7.8));
#4812=CARTESIAN_POINT('',(-4.345844,24.5,-7.8));
#4813=CARTESIAN_POINT('',(-4.345844,31.3,-8.1));
#4814=CARTESIAN_POINT('',(-4.345844,31.3,-7.8));
#4815=CARTESIAN_POINT('',(-4.345844,24.5,-8.1));
#4816=CARTESIAN_POINT('',(-4.345844,24.5,-8.1));
#4817=CARTESIAN_POINT('',(-4.345844,24.5,-7.8));
#4818=CARTESIAN_POINT('',(-4.345844,24.5,-7.8));
#4819=CARTESIAN_POINT('',(-4.345844,24.5,-7.8));
#4820=CARTESIAN_POINT('Origin',(-4.345844,24.5,-7.8));
#4821=CARTESIAN_POINT('',(-2.295844,31.3,-7.8));
#4822=CARTESIAN_POINT('',(-2.295844,24.5,-7.8));
#4823=CARTESIAN_POINT('',(-2.295844,31.3,-7.8));
#4824=CARTESIAN_POINT('Origin',(-3.345844,24.5,-9.5));
#4825=CARTESIAN_POINT('',(-3.345844,24.5,-9.5));
#4826=CARTESIAN_POINT('',(-4.345844,24.5,-8.1));
#4827=CARTESIAN_POINT('',(-3.345844,31.3,-9.5));
#4828=CARTESIAN_POINT('',(-4.345844,31.3,-8.1));
#4829=CARTESIAN_POINT('',(-3.345844,26.4525,-9.5));
#4830=CARTESIAN_POINT('Origin',(-4.345844,24.5,-7.8));
#4831=CARTESIAN_POINT('',(-2.295844,24.5,-7.8));
#4832=CARTESIAN_POINT('',(-2.295844,24.5,-7.8));
#4833=CARTESIAN_POINT('',(-2.295844,24.5,-7.8));
#4834=CARTESIAN_POINT('Origin',(-3.320844,31.3,-8.65));
#4835=CARTESIAN_POINT('',(-2.295844,31.3,-9.5));
#4836=CARTESIAN_POINT('',(-2.295844,31.3,-9.5));
#4837=CARTESIAN_POINT('',(-3.545844,31.3,-9.5));
#4838=CARTESIAN_POINT('Origin',(-3.770844,28.405,-9.5));
#4839=CARTESIAN_POINT('',(-2.295844,24.5,-9.5));
#4840=CARTESIAN_POINT('',(-3.445844,32.31,-9.5));
#4841=CARTESIAN_POINT('',(-3.445844,30.1525,-9.5));
#4842=CARTESIAN_POINT('',(-5.245844,32.31,-9.5));
#4843=CARTESIAN_POINT('',(-2.295844,32.31,-9.5));
#4844=CARTESIAN_POINT('',(-5.245844,24.5,-9.5));
#4845=CARTESIAN_POINT('',(-5.245844,32.31,-9.5));
#4846=CARTESIAN_POINT('',(-5.245844,24.5,-9.5));
#4847=CARTESIAN_POINT('Origin',(-2.295844,32.31,-10.51));
#4848=CARTESIAN_POINT('',(-3.445844,32.31,-9.85));
#4849=CARTESIAN_POINT('',(-3.445844,32.31,-10.18));
#4850=CARTESIAN_POINT('',(-5.245844,32.31,-9.85));
#4851=CARTESIAN_POINT('',(-4.395844,32.31,-9.85));
#4852=CARTESIAN_POINT('',(-5.245844,32.31,-10.51));
#4853=CARTESIAN_POINT('Origin',(-5.245844,32.31,-10.51));
#4854=CARTESIAN_POINT('',(-5.245844,32.3,-9.85));
#4855=CARTESIAN_POINT('',(-5.245844,32.73,-9.85));
#4856=CARTESIAN_POINT('',(-5.245844,32.3,-11.755));
#4857=CARTESIAN_POINT('',(-5.245844,24.5,-10.51));
#4858=CARTESIAN_POINT('Origin',(-2.295844,24.5,-10.51));
#4859=CARTESIAN_POINT('',(-2.295844,24.5,-10.51));
#4860=CARTESIAN_POINT('Origin',(-5.245844,24.5,-10.51));
#4861=CARTESIAN_POINT('Origin',(53.5,32.3,-13.));
#4862=CARTESIAN_POINT('',(-7.745844,32.3,-9.85));
#4863=CARTESIAN_POINT('',(23.502078,32.3,-9.85));
#4864=CARTESIAN_POINT('',(-7.745844,32.3,-11.755));
#4865=CARTESIAN_POINT('Origin',(-10.075844,32.64,-7.31));
#4866=CARTESIAN_POINT('Origin',(-10.695844,25.1,-7.85));
#4867=CARTESIAN_POINT('',(-8.645844,25.1,-7.8));
#4868=CARTESIAN_POINT('',(-10.695844,25.1,-7.8));
#4869=CARTESIAN_POINT('',(-10.695844,25.1,-7.8));
#4870=CARTESIAN_POINT('',(-8.645844,25.1,-7.85));
#4871=CARTESIAN_POINT('',(-8.645844,25.1,-7.825));
#4872=CARTESIAN_POINT('',(-8.045844,25.1,-7.85));
#4873=CARTESIAN_POINT('',(-10.695844,25.1,-7.85));
#4874=CARTESIAN_POINT('',(-8.045844,25.1,-7.6));
#4875=CARTESIAN_POINT('',(-8.045844,25.1,-7.85));
#4876=CARTESIAN_POINT('',(-10.695844,25.1,-7.6));
#4877=CARTESIAN_POINT('',(-10.695844,25.1,-7.6));
#4878=CARTESIAN_POINT('',(-10.695844,25.1,-7.85));
#4879=CARTESIAN_POINT('Origin',(-8.045844,30.85,-7.85));
#4880=CARTESIAN_POINT('',(-10.695844,30.85,-7.8));
#4881=CARTESIAN_POINT('',(-8.645844,30.85,-7.8));
#4882=CARTESIAN_POINT('',(-9.370844,30.85,-7.8));
#4883=CARTESIAN_POINT('',(-10.695844,30.85,-7.6));
#4884=CARTESIAN_POINT('',(-10.695844,30.85,-7.85));
#4885=CARTESIAN_POINT('',(-8.045844,30.85,-7.6));
#4886=CARTESIAN_POINT('',(-8.045844,30.85,-7.6));
#4887=CARTESIAN_POINT('',(-8.045844,30.85,-7.85));
#4888=CARTESIAN_POINT('',(-8.045844,30.85,-7.85));
#4889=CARTESIAN_POINT('',(-8.645844,30.85,-7.85));
#4890=CARTESIAN_POINT('',(-8.045844,30.85,-7.85));
#4891=CARTESIAN_POINT('',(-8.645844,30.85,-7.825));
#4892=CARTESIAN_POINT('Origin',(-8.045844,25.1,-7.85));
#4893=CARTESIAN_POINT('',(-8.045844,25.1,-7.85));
#4894=CARTESIAN_POINT('',(-8.045844,25.1,-7.6));
#4895=CARTESIAN_POINT('Origin',(-9.370844,27.975,-7.6));
#4896=CARTESIAN_POINT('',(-10.695844,30.85,-7.6));
#4897=CARTESIAN_POINT('Origin',(-9.370844,27.975,-7.85));
#4898=CARTESIAN_POINT('',(-8.645844,26.2375,-7.85));
#4899=CARTESIAN_POINT('Origin',(-8.645844,24.5,-7.8));
#4900=CARTESIAN_POINT('',(-8.645844,24.5,-7.8));
#4901=CARTESIAN_POINT('',(-8.645844,24.5,-7.8));
#4902=CARTESIAN_POINT('',(-8.645844,24.5,-8.1));
#4903=CARTESIAN_POINT('',(-8.645844,24.5,-7.8));
#4904=CARTESIAN_POINT('',(-8.645844,31.3,-8.1));
#4905=CARTESIAN_POINT('',(-8.645844,24.5,-8.1));
#4906=CARTESIAN_POINT('',(-8.645844,31.3,-7.8));
#4907=CARTESIAN_POINT('',(-8.645844,31.3,-7.8));
#4908=CARTESIAN_POINT('',(-8.645844,24.5,-7.8));
#4909=CARTESIAN_POINT('Origin',(-10.695844,24.5,-7.8));
#4910=CARTESIAN_POINT('',(-10.695844,24.5,-7.8));
#4911=CARTESIAN_POINT('',(-10.695844,24.5,-7.8));
#4912=CARTESIAN_POINT('',(-10.695844,24.5,-7.8));
#4913=CARTESIAN_POINT('Origin',(-10.695844,24.5,-7.8));
#4914=CARTESIAN_POINT('',(-10.695844,31.3,-7.8));
#4915=CARTESIAN_POINT('',(-10.695844,31.3,-7.8));
#4916=CARTESIAN_POINT('',(-10.695844,24.5,-7.8));
#4917=CARTESIAN_POINT('Origin',(-8.645844,24.5,-8.1));
#4918=CARTESIAN_POINT('',(-9.645844,24.5,-9.5));
#4919=CARTESIAN_POINT('',(-8.645844,24.5,-8.1));
#4920=CARTESIAN_POINT('',(-9.645844,31.3,-9.5));
#4921=CARTESIAN_POINT('',(-9.645844,26.4525,-9.5));
#4922=CARTESIAN_POINT('',(-8.645844,31.3,-8.1));
#4923=CARTESIAN_POINT('Origin',(-9.670844,31.3,-8.65));
#4924=CARTESIAN_POINT('',(-10.695844,31.3,-9.5));
#4925=CARTESIAN_POINT('',(-9.445844,31.3,-9.5));
#4926=CARTESIAN_POINT('',(-10.695844,31.3,-9.5));
#4927=CARTESIAN_POINT('Origin',(-7.745844,32.31,-10.51));
#4928=CARTESIAN_POINT('',(-9.545844,32.31,-9.85));
#4929=CARTESIAN_POINT('',(-7.745844,32.31,-9.85));
#4930=CARTESIAN_POINT('',(-7.120844,32.31,-9.85));
#4931=CARTESIAN_POINT('',(-9.545844,32.31,-9.5));
#4932=CARTESIAN_POINT('',(-9.545844,32.31,-10.18));
#4933=CARTESIAN_POINT('',(-7.745844,32.31,-9.5));
#4934=CARTESIAN_POINT('',(-7.745844,32.31,-9.5));
#4935=CARTESIAN_POINT('',(-7.745844,32.31,-10.51));
#4936=CARTESIAN_POINT('Origin',(-9.220844,28.405,-9.5));
#4937=CARTESIAN_POINT('',(-7.745844,24.5,-9.5));
#4938=CARTESIAN_POINT('',(-10.695844,24.5,-9.5));
#4939=CARTESIAN_POINT('',(-7.745844,24.5,-9.5));
#4940=CARTESIAN_POINT('',(-9.545844,31.4025,-9.5));
#4941=CARTESIAN_POINT('',(-10.695844,32.31,-9.5));
#4942=CARTESIAN_POINT('Origin',(-7.745844,24.5,-10.51));
#4943=CARTESIAN_POINT('',(-7.745844,28.825,-9.85));
#4944=CARTESIAN_POINT('',(-7.745844,24.5,-10.51));
#4945=CARTESIAN_POINT('Origin',(-10.695844,24.5,-10.51));
#4946=CARTESIAN_POINT('',(-10.695844,24.5,-10.51));
#4947=CARTESIAN_POINT('Origin',(-10.695844,32.31,-10.51));
#4948=CARTESIAN_POINT('Origin',(-6.495844,33.15,-9.85));
#4949=CARTESIAN_POINT('',(-3.445844,34.4,-9.85));
#4950=CARTESIAN_POINT('',(-3.445844,31.9,-9.85));
#4951=CARTESIAN_POINT('',(-9.545844,34.4,-9.85));
#4952=CARTESIAN_POINT('',(-3.445844,34.4,-9.85));
#4953=CARTESIAN_POINT('',(-9.545844,34.4,-9.85));
#4954=CARTESIAN_POINT('Origin',(-9.545844,34.4,-9.85));
#4955=CARTESIAN_POINT('',(-9.545844,34.4,-7.9));
#4956=CARTESIAN_POINT('',(-9.545844,34.4,-9.85));
#4957=CARTESIAN_POINT('',(-9.545844,34.675,-7.9));
#4958=CARTESIAN_POINT('Origin',(-3.445844,34.4,-9.85));
#4959=CARTESIAN_POINT('',(-3.445844,34.4,-7.9));
#4960=CARTESIAN_POINT('',(-4.970844,34.4,-7.9));
#4961=CARTESIAN_POINT('',(-3.445844,34.4,-9.85));
#4962=CARTESIAN_POINT('Origin',(-3.445844,31.9,-9.85));
#4963=CARTESIAN_POINT('',(-3.445844,33.425,-7.9));
#4964=CARTESIAN_POINT('Origin',(-6.495844,34.95,-7.9));
#4965=CARTESIAN_POINT('',(24.702078,34.7,-7.9));
#4966=CARTESIAN_POINT('Origin',(-6.495844,34.95,-2.6));
#4967=CARTESIAN_POINT('',(24.702078,34.7,-2.6));
#4968=CARTESIAN_POINT('Origin',(-20.7,31.7,-9.7));
#4969=CARTESIAN_POINT('',(-20.7,34.7,-1.3));
#4970=CARTESIAN_POINT('',(-20.7,31.7,-1.3));
#4971=CARTESIAN_POINT('',(-20.7,34.7,-9.7));
#4972=CARTESIAN_POINT('',(-20.7,34.7,-12.55));
#4973=CARTESIAN_POINT('',(-20.7,31.7,-9.7));
#4974=CARTESIAN_POINT('Origin',(-29.75,34.85,-9.7));
#4975=CARTESIAN_POINT('',(-38.8,34.7,-9.7));
#4976=CARTESIAN_POINT('',(13.075,34.7,-9.7));
#4977=CARTESIAN_POINT('',(-38.8,38.,-9.7));
#4978=CARTESIAN_POINT('Origin',(-38.8,38.,-9.7));
#4979=CARTESIAN_POINT('',(-38.8,34.7,-1.3));
#4980=CARTESIAN_POINT('',(-38.8,34.7,-12.55));
#4981=CARTESIAN_POINT('',(-38.8,38.,-1.3));
#4982=CARTESIAN_POINT('Origin',(-29.75,34.85,-1.3));
#4983=CARTESIAN_POINT('',(13.075,34.7,-1.3));
#4984=CARTESIAN_POINT('Origin',(-36.8,31.7,-13.1));
#4985=CARTESIAN_POINT('',(-22.7,31.7,-3.85));
#4986=CARTESIAN_POINT('',(-22.7,31.7,-13.1));
#4987=CARTESIAN_POINT('',(-36.8,31.7,-3.85));
#4988=CARTESIAN_POINT('',(-36.8,31.7,-13.1));
#4989=CARTESIAN_POINT('',(-35.8,31.7,-3.85));
#4990=CARTESIAN_POINT('',(-35.8,31.7,-3.85));
#4991=CARTESIAN_POINT('',(-35.8,31.7,-6.7));
#4992=CARTESIAN_POINT('',(-35.8,31.7,-6.8));
#4993=CARTESIAN_POINT('',(-23.7,31.7,-6.7));
#4994=CARTESIAN_POINT('',(-36.8,31.7,-6.7));
#4995=CARTESIAN_POINT('',(-23.7,31.7,-3.85));
#4996=CARTESIAN_POINT('',(-23.7,31.7,-6.8));
#4997=CARTESIAN_POINT('',(-22.7,31.7,-3.85));
#4998=CARTESIAN_POINT('Origin',(-43.2,19.74,-12.1));
#4999=CARTESIAN_POINT('',(-43.2,19.74,-12.1));
#5000=CARTESIAN_POINT('',(-43.2,-13.06,-12.1));
#5001=CARTESIAN_POINT('',(-43.2,19.74,-12.1));
#5002=CARTESIAN_POINT('',(-43.2,-13.06,-12.15));
#5003=CARTESIAN_POINT('',(-43.2,19.74,-12.15));
#5004=CARTESIAN_POINT('Origin',(-53.05,-13.06,-12.2));
#5005=CARTESIAN_POINT('',(-53.05,-13.06,-12.1));
#5006=CARTESIAN_POINT('',(-26.525,-13.06,-12.1));
#5007=CARTESIAN_POINT('',(-53.05,-13.06,-12.2));
#5008=CARTESIAN_POINT('Origin',(-53.05,19.74,-12.2));
#5009=CARTESIAN_POINT('',(-53.05,19.74,-12.1));
#5010=CARTESIAN_POINT('',(-53.05,8.62,-12.1));
#5011=CARTESIAN_POINT('',(-53.05,19.74,-12.2));
#5012=CARTESIAN_POINT('Origin',(-40.2,19.74,-12.2));
#5013=CARTESIAN_POINT('',(-20.1,19.74,-12.1));
#5014=CARTESIAN_POINT('Origin',(49.05,-32.47,-7.7));
#5015=CARTESIAN_POINT('',(44.85,-32.47,-7.7));
#5016=CARTESIAN_POINT('Origin',(49.05,-32.47,-7.7));
#5017=CARTESIAN_POINT('',(47.6,-32.47,-7.7));
#5018=CARTESIAN_POINT('Origin',(49.05,-32.47,-7.7));
#5019=CARTESIAN_POINT('Origin',(49.05,-32.47,-13.1));
#5020=CARTESIAN_POINT('',(44.85,-32.47,-13.1));
#5021=CARTESIAN_POINT('Origin',(49.05,-32.47,-16.));
#5022=CARTESIAN_POINT('',(47.6,-32.47,-9.7));
#5023=CARTESIAN_POINT('Origin',(49.05,-32.47,-9.7));
#5024=CARTESIAN_POINT('',(47.6,-32.47,-16.));
#5025=CARTESIAN_POINT('Origin',(49.05,-32.47,-9.7));
#5026=CARTESIAN_POINT('',(46.05,-32.47,-9.7));
#5027=CARTESIAN_POINT('Origin',(49.05,-32.47,-9.7));
#5028=CARTESIAN_POINT('Origin',(49.05,-32.47,-15.5));
#5029=CARTESIAN_POINT('',(46.05,-32.47,-12.1));
#5030=CARTESIAN_POINT('Origin',(49.05,-32.47,-12.1));
#5031=CARTESIAN_POINT('',(46.05,-32.47,-15.5));
#5032=CARTESIAN_POINT('Origin',(49.05,27.53,-7.7));
#5033=CARTESIAN_POINT('',(44.85,27.53,-7.7));
#5034=CARTESIAN_POINT('Origin',(49.05,27.53,-7.7));
#5035=CARTESIAN_POINT('',(47.6,27.53,-7.7));
#5036=CARTESIAN_POINT('Origin',(49.05,27.53,-7.7));
#5037=CARTESIAN_POINT('Origin',(49.05,27.53,-13.1));
#5038=CARTESIAN_POINT('',(44.85,27.53,-13.1));
#5039=CARTESIAN_POINT('Origin',(49.05,27.53,-16.));
#5040=CARTESIAN_POINT('',(47.6,27.53,-9.7));
#5041=CARTESIAN_POINT('Origin',(49.05,27.53,-9.7));
#5042=CARTESIAN_POINT('',(47.6,27.53,-16.));
#5043=CARTESIAN_POINT('Origin',(49.05,27.53,-9.7));
#5044=CARTESIAN_POINT('',(46.05,27.53,-9.7));
#5045=CARTESIAN_POINT('Origin',(49.05,27.53,-9.7));
#5046=CARTESIAN_POINT('Origin',(49.05,27.53,-15.5));
#5047=CARTESIAN_POINT('',(46.05,27.53,-12.1));
#5048=CARTESIAN_POINT('Origin',(49.05,27.53,-12.1));
#5049=CARTESIAN_POINT('',(46.05,27.53,-15.5));
#5050=CARTESIAN_POINT('Origin',(-36.8,30.475,-9.475));
#5051=CARTESIAN_POINT('',(-36.8,29.25,-3.85));
#5052=CARTESIAN_POINT('',(-36.8,29.25,-5.85));
#5053=CARTESIAN_POINT('',(-36.8,31.7,-3.85));
#5054=CARTESIAN_POINT('Origin',(-36.8,29.25,-5.85));
#5055=CARTESIAN_POINT('',(-22.7,29.25,-3.85));
#5056=CARTESIAN_POINT('',(-22.7,29.25,-5.85));
#5057=CARTESIAN_POINT('',(-23.7,29.25,-3.85));
#5058=CARTESIAN_POINT('',(-23.7,29.25,-3.85));
#5059=CARTESIAN_POINT('',(-23.7,29.25,-5.85));
#5060=CARTESIAN_POINT('',(-23.7,29.25,-6.8));
#5061=CARTESIAN_POINT('',(-35.8,29.25,-5.85));
#5062=CARTESIAN_POINT('',(-36.8,29.25,-5.85));
#5063=CARTESIAN_POINT('',(-35.8,29.25,-3.85));
#5064=CARTESIAN_POINT('',(-35.8,29.25,-6.8));
#5065=CARTESIAN_POINT('',(-36.8,29.25,-3.85));
#5066=CARTESIAN_POINT('Origin',(-22.7,30.475,-9.475));
#5067=CARTESIAN_POINT('',(-22.7,29.25,-3.85));
#5068=CARTESIAN_POINT('Origin',(-36.3,30.475,-3.85));
#5069=CARTESIAN_POINT('',(-35.8,29.25,-3.85));
#5070=CARTESIAN_POINT('Origin',(-35.8,29.25,-6.8));
#5071=CARTESIAN_POINT('',(-35.8,30.6220910780669,-6.32603159851301));
#5072=CARTESIAN_POINT('Origin',(-36.8,31.7,-6.7));
#5073=CARTESIAN_POINT('',(-23.7,31.7154832713755,-6.7053717472119));
#5074=CARTESIAN_POINT('Origin',(-23.2,30.475,-3.85));
#5075=CARTESIAN_POINT('',(-23.7,31.7,-3.85));
#5076=CARTESIAN_POINT('Origin',(-23.7,31.7,-6.8));
#5077=CARTESIAN_POINT('Origin',(-53.4,-36.9,-13.));
#5078=CARTESIAN_POINT('',(-53.4,-36.9,3.3));
#5079=CARTESIAN_POINT('',(-53.4,-36.9,-13.));
#5080=CARTESIAN_POINT('',(53.5,-36.9,3.3));
#5081=CARTESIAN_POINT('',(-26.675,-36.9,3.3));
#5082=CARTESIAN_POINT('',(53.5,-36.9,-13.));
#5083=CARTESIAN_POINT('Origin',(-53.4,32.3,-13.));
#5084=CARTESIAN_POINT('',(-53.4,15.,3.3));
#5085=CARTESIAN_POINT('Origin',(53.5,-36.9,-13.));
#5086=CARTESIAN_POINT('',(53.5,-19.6,3.3));
#5087=CARTESIAN_POINT('',(53.5,-8.40566,-0.799999999999998));
#5088=CARTESIAN_POINT('',(53.5,-8.40566,-9.2));
#5089=CARTESIAN_POINT('',(53.5,-8.40566,-11.1));
#5090=CARTESIAN_POINT('',(53.5,5.59434,-9.2));
#5091=CARTESIAN_POINT('',(53.5,-19.15283,-9.2));
#5092=CARTESIAN_POINT('',(53.5,5.59434,-0.799999999999998));
#5093=CARTESIAN_POINT('',(53.5,5.59434,-11.1));
#5094=CARTESIAN_POINT('',(53.5,-19.15283,-0.799999999999998));
#5095=CARTESIAN_POINT('',(53.5,11.56377,-0.799999999999998));
#5096=CARTESIAN_POINT('',(53.5,11.56377,-9.2));
#5097=CARTESIAN_POINT('',(53.5,11.56377,-11.1));
#5098=CARTESIAN_POINT('',(53.5,25.56377,-9.2));
#5099=CARTESIAN_POINT('',(53.5,-9.168115,-9.2));
#5100=CARTESIAN_POINT('',(53.5,25.56377,-0.799999999999998));
#5101=CARTESIAN_POINT('',(53.5,25.56377,-11.1));
#5102=CARTESIAN_POINT('',(53.5,-9.168115,-0.799999999999998));
#5103=CARTESIAN_POINT('Origin',(-53.8,32.7,-15.4));
#5104=CARTESIAN_POINT('',(-53.8,34.7,-12.1));
#5105=CARTESIAN_POINT('',(-55.8,32.7,-12.1));
#5106=CARTESIAN_POINT('Origin',(-53.8,32.7,-12.1));
#5107=CARTESIAN_POINT('',(-55.8,32.7,5.));
#5108=CARTESIAN_POINT('',(-55.8,32.7,-15.4));
#5109=CARTESIAN_POINT('',(-53.8,34.7,5.));
#5110=CARTESIAN_POINT('Origin',(-53.8,32.7,5.));
#5111=CARTESIAN_POINT('',(-53.8,34.7,-15.4));
#5112=CARTESIAN_POINT('Origin',(-55.8,34.7,-15.4));
#5113=CARTESIAN_POINT('',(-55.8,-37.3,-12.1));
#5114=CARTESIAN_POINT('',(-55.8,16.1,-12.1));
#5115=CARTESIAN_POINT('',(-55.8,-37.3,5.));
#5116=CARTESIAN_POINT('',(-55.8,-37.3,-15.4));
#5117=CARTESIAN_POINT('',(-55.8,34.7,5.));
#5118=CARTESIAN_POINT('Origin',(-53.8,-37.3,-15.4));
#5119=CARTESIAN_POINT('',(-53.8,-39.3,-12.1));
#5120=CARTESIAN_POINT('Origin',(-53.8,-37.3,-12.1));
#5121=CARTESIAN_POINT('',(-53.8,-39.3,5.));
#5122=CARTESIAN_POINT('',(-53.8,-39.3,-15.4));
#5123=CARTESIAN_POINT('Origin',(-53.8,-37.3,5.));
#5124=CARTESIAN_POINT('Origin',(-55.8,-39.3,-15.4));
#5125=CARTESIAN_POINT('',(53.9,-39.3,-12.1));
#5126=CARTESIAN_POINT('',(-27.9,-39.3,-12.1));
#5127=CARTESIAN_POINT('',(53.9,-39.3,5.));
#5128=CARTESIAN_POINT('',(53.9,-39.3,-15.4));
#5129=CARTESIAN_POINT('',(-55.8,-39.3,5.));
#5130=CARTESIAN_POINT('Origin',(0.0499999999999989,-2.3,5.));
#5131=CARTESIAN_POINT('',(55.9,-37.3,5.));
#5132=CARTESIAN_POINT('Origin',(53.9,-37.3,5.));
#5133=CARTESIAN_POINT('',(55.9,32.7,5.));
#5134=CARTESIAN_POINT('',(55.9,-39.3,5.));
#5135=CARTESIAN_POINT('',(53.9,34.7,5.));
#5136=CARTESIAN_POINT('Origin',(53.9,32.7,5.));
#5137=CARTESIAN_POINT('',(55.9,34.7,5.));
#5138=CARTESIAN_POINT('',(53.25,31.68,5.));
#5139=CARTESIAN_POINT('',(53.25,-36.37,5.));
#5140=CARTESIAN_POINT('',(53.25,32.3,5.));
#5141=CARTESIAN_POINT('',(-53.15,-36.37,5.));
#5142=CARTESIAN_POINT('',(53.5,-36.37,5.));
#5143=CARTESIAN_POINT('',(-53.15,31.68,5.));
#5144=CARTESIAN_POINT('',(-53.15,-36.9,5.));
#5145=CARTESIAN_POINT('',(-53.4,31.68,5.));
#5146=CARTESIAN_POINT('Origin',(-53.4,31.68,3.3));
#5147=CARTESIAN_POINT('',(53.25,31.68,3.3));
#5148=CARTESIAN_POINT('',(53.25,31.68,3.3));
#5149=CARTESIAN_POINT('',(-53.15,31.68,3.3));
#5150=CARTESIAN_POINT('',(-53.15,31.68,3.3));
#5151=CARTESIAN_POINT('',(-53.4,31.68,3.3));
#5152=CARTESIAN_POINT('Origin',(-53.15,-36.9,3.3));
#5153=CARTESIAN_POINT('',(-53.15,-36.37,3.3));
#5154=CARTESIAN_POINT('',(-53.15,-36.37,3.3));
#5155=CARTESIAN_POINT('',(-53.15,-36.9,3.3));
#5156=CARTESIAN_POINT('Origin',(53.5,-36.37,3.3));
#5157=CARTESIAN_POINT('',(53.25,-36.37,3.3));
#5158=CARTESIAN_POINT('',(53.25,-36.37,3.3));
#5159=CARTESIAN_POINT('',(53.5,-36.37,3.3));
#5160=CARTESIAN_POINT('Origin',(53.38,-2.3,3.3));
#5161=CARTESIAN_POINT('',(53.25,32.3,3.3));
#5162=CARTESIAN_POINT('Origin',(53.25,32.3,3.3));
#5163=CARTESIAN_POINT('Origin',(57.,25.56377,-9.2));
#5164=CARTESIAN_POINT('',(55.9,25.56377,-9.2));
#5165=CARTESIAN_POINT('',(57.,25.56377,-9.2));
#5166=CARTESIAN_POINT('',(55.9,25.56377,-0.799999999999998));
#5167=CARTESIAN_POINT('',(55.9,25.56377,-12.3));
#5168=CARTESIAN_POINT('',(57.,25.56377,-0.799999999999998));
#5169=CARTESIAN_POINT('Origin',(54.95,18.56377,-0.799999999999998));
#5170=CARTESIAN_POINT('',(55.9,11.56377,-0.799999999999998));
#5171=CARTESIAN_POINT('',(55.9,-10.368115,-0.799999999999998));
#5172=CARTESIAN_POINT('',(52.9,11.56377,-0.799999999999998));
#5173=CARTESIAN_POINT('Origin',(52.9,11.56377,-9.2));
#5174=CARTESIAN_POINT('',(55.9,11.56377,-9.2));
#5175=CARTESIAN_POINT('',(55.9,11.56377,-12.3));
#5176=CARTESIAN_POINT('',(52.9,11.56377,-9.2));
#5177=CARTESIAN_POINT('Origin',(54.95,18.56377,-9.2));
#5178=CARTESIAN_POINT('',(55.9,-10.368115,-9.2));
#5179=CARTESIAN_POINT('Origin',(57.,5.59434,-9.2));
#5180=CARTESIAN_POINT('',(55.9,5.59434,-9.2));
#5181=CARTESIAN_POINT('',(57.,5.59434,-9.2));
#5182=CARTESIAN_POINT('',(55.9,5.59434,-0.799999999999998));
#5183=CARTESIAN_POINT('',(55.9,5.59434,-12.3));
#5184=CARTESIAN_POINT('',(57.,5.59434,-0.799999999999998));
#5185=CARTESIAN_POINT('Origin',(54.95,-1.40566,-0.799999999999998));
#5186=CARTESIAN_POINT('',(55.9,-8.40566,-0.799999999999998));
#5187=CARTESIAN_POINT('',(55.9,-20.35283,-0.799999999999998));
#5188=CARTESIAN_POINT('',(52.9,-8.40566,-0.799999999999998));
#5189=CARTESIAN_POINT('Origin',(52.9,-8.40566,-9.2));
#5190=CARTESIAN_POINT('',(55.9,-8.40566,-9.2));
#5191=CARTESIAN_POINT('',(55.9,-8.40566,-12.3));
#5192=CARTESIAN_POINT('',(52.9,-8.40566,-9.2));
#5193=CARTESIAN_POINT('Origin',(54.95,-1.40566,-9.2));
#5194=CARTESIAN_POINT('',(55.9,-20.35283,-9.2));
#5195=CARTESIAN_POINT('Origin',(53.9,-37.3,-15.4));
#5196=CARTESIAN_POINT('',(55.9,-37.3,-12.1));
#5197=CARTESIAN_POINT('Origin',(53.9,-37.3,-12.1));
#5198=CARTESIAN_POINT('',(55.9,-37.3,-15.4));
#5199=CARTESIAN_POINT('Origin',(55.9,-39.3,-15.4));
#5200=CARTESIAN_POINT('',(55.9,32.7,-12.1));
#5201=CARTESIAN_POINT('',(55.9,-20.9,-12.1));
#5202=CARTESIAN_POINT('',(55.9,32.7,-15.4));
#5203=CARTESIAN_POINT('Origin',(53.9,32.7,-15.4));
#5204=CARTESIAN_POINT('',(53.9,34.7,-12.1));
#5205=CARTESIAN_POINT('Origin',(53.9,32.7,-12.1));
#5206=CARTESIAN_POINT('',(53.9,34.7,-15.4));
#5207=CARTESIAN_POINT('Origin',(55.9,34.7,-15.4));
#5208=CARTESIAN_POINT('',(27.95,34.7,-12.1));
#5209=CARTESIAN_POINT('Origin',(-48.95,27.53,-15.5));
#5210=CARTESIAN_POINT('',(-51.95,27.53,-12.1));
#5211=CARTESIAN_POINT('Origin',(-48.95,27.53,-12.1));
#5212=CARTESIAN_POINT('',(-51.95,27.53,-9.7));
#5213=CARTESIAN_POINT('',(-51.95,27.53,-15.5));
#5214=CARTESIAN_POINT('Origin',(-48.95,27.53,-9.7));
#5215=CARTESIAN_POINT('Origin',(-48.95,27.53,-9.7));
#5216=CARTESIAN_POINT('',(-50.4,27.53,-9.7));
#5217=CARTESIAN_POINT('Origin',(-48.95,27.53,-9.7));
#5218=CARTESIAN_POINT('Origin',(-48.95,27.53,-16.));
#5219=CARTESIAN_POINT('',(-50.4,27.53,-7.7));
#5220=CARTESIAN_POINT('',(-50.4,27.53,-16.));
#5221=CARTESIAN_POINT('Origin',(-48.95,27.53,-7.7));
#5222=CARTESIAN_POINT('Origin',(-48.95,27.53,-13.1));
#5223=CARTESIAN_POINT('',(-53.15,27.53,-7.7));
#5224=CARTESIAN_POINT('Origin',(-48.95,27.53,-7.7));
#5225=CARTESIAN_POINT('',(-53.15,27.53,-13.1));
#5226=CARTESIAN_POINT('Origin',(-48.95,27.53,-7.7));
#5227=CARTESIAN_POINT('Origin',(0.,-2.5,-12.1));
#5228=CARTESIAN_POINT('',(-51.95,-32.47,-12.1));
#5229=CARTESIAN_POINT('Origin',(-48.95,-32.47,-12.1));
#5230=CARTESIAN_POINT('Origin',(-48.95,-32.47,-15.5));
#5231=CARTESIAN_POINT('',(-51.95,-32.47,-9.7));
#5232=CARTESIAN_POINT('',(-51.95,-32.47,-15.5));
#5233=CARTESIAN_POINT('Origin',(-48.95,-32.47,-9.7));
#5234=CARTESIAN_POINT('Origin',(-48.95,-32.47,-9.7));
#5235=CARTESIAN_POINT('',(-50.4,-32.47,-9.7));
#5236=CARTESIAN_POINT('Origin',(-48.95,-32.47,-9.7));
#5237=CARTESIAN_POINT('Origin',(-48.95,-32.47,-16.));
#5238=CARTESIAN_POINT('',(-50.4,-32.47,-7.7));
#5239=CARTESIAN_POINT('',(-50.4,-32.47,-16.));
#5240=CARTESIAN_POINT('Origin',(-48.95,-32.47,-7.7));
#5241=CARTESIAN_POINT('Origin',(-48.95,-32.47,-13.1));
#5242=CARTESIAN_POINT('',(-53.15,-32.47,-7.7));
#5243=CARTESIAN_POINT('Origin',(-48.95,-32.47,-7.7));
#5244=CARTESIAN_POINT('',(-53.15,-32.47,-13.1));
#5245=CARTESIAN_POINT('Origin',(-48.95,-32.47,-7.7));
#5246=UNCERTAINTY_MEASURE_WITH_UNIT(LENGTH_MEASURE(0.01),#5250,
'DISTANCE_ACCURACY_VALUE',
'Maximum model space distance between geometric entities at asserted c
onnectivities');
#5247=UNCERTAINTY_MEASURE_WITH_UNIT(LENGTH_MEASURE(0.01),#5250,
'DISTANCE_ACCURACY_VALUE',
'Maximum model space distance between geometric entities at asserted c
onnectivities');
#5248=(
GEOMETRIC_REPRESENTATION_CONTEXT(3)
GLOBAL_UNCERTAINTY_ASSIGNED_CONTEXT((#5246))
GLOBAL_UNIT_ASSIGNED_CONTEXT((#5250,#5252,#5253))
REPRESENTATION_CONTEXT('','3D')
);
#5249=(
GEOMETRIC_REPRESENTATION_CONTEXT(3)
GLOBAL_UNCERTAINTY_ASSIGNED_CONTEXT((#5247))
GLOBAL_UNIT_ASSIGNED_CONTEXT((#5250,#5252,#5253))
REPRESENTATION_CONTEXT('','3D')
);
#5250=(
LENGTH_UNIT()
NAMED_UNIT(*)
SI_UNIT(.MILLI.,.METRE.)
);
#5251=(
LENGTH_UNIT()
NAMED_UNIT(*)
SI_UNIT($,.METRE.)
);
#5252=(
NAMED_UNIT(*)
PLANE_ANGLE_UNIT()
SI_UNIT($,.RADIAN.)
);
#5253=(
NAMED_UNIT(*)
SI_UNIT($,.STERADIAN.)
SOLID_ANGLE_UNIT()
);
#5254=SHAPE_DEFINITION_REPRESENTATION(#5255,#5256);
#5255=PRODUCT_DEFINITION_SHAPE('',$,#5258);
#5256=SHAPE_REPRESENTATION('',(#3302),#5248);
#5257=PRODUCT_DEFINITION_CONTEXT('part definition',#5262,'design');
#5258=PRODUCT_DEFINITION('2026-10-04-07-57-08-892',
'PRINT R6 main shell',#5259,#5257);
#5259=PRODUCT_DEFINITION_FORMATION('',$,#5264);
#5260=PRODUCT_RELATED_PRODUCT_CATEGORY('PRINT R6 main shell',
'PRINT R6 main shell',(#5264));
#5261=APPLICATION_PROTOCOL_DEFINITION('international standard',
'automotive_design',2009,#5262);
#5262=APPLICATION_CONTEXT(
'Core Data for Automotive Mechanical Design Process');
#5263=PRODUCT_CONTEXT('part definition',#5262,'mechanical');
#5264=PRODUCT('2026-10-04-07-57-08-892','PRINT R6 main shell',$,(#5263));
#5265=PRESENTATION_STYLE_ASSIGNMENT((#5266));
#5266=SURFACE_STYLE_USAGE(.BOTH.,#5267);
#5267=SURFACE_SIDE_STYLE('',(#5268));
#5268=SURFACE_STYLE_FILL_AREA(#5269);
#5269=FILL_AREA_STYLE('\X2\94A2\X0\ - \X2\7F0E5149\X0\',(#5270));
#5270=FILL_AREA_STYLE_COLOUR('\X2\94A2\X0\ - \X2\7F0E5149\X0\',#5271);
#5271=COLOUR_RGB('\X2\94A2\X0\ - \X2\7F0E5149\X0\',0.627450980392157,0.627450980392157,
0.627450980392157);
ENDSEC;
END-ISO-10303-21;
